<?xml version="1.0" encoding="UTF-8"?>
<gpx version="1.1" creator="pull-strava.mjs"
  xmlns="http://www.topografix.com/GPX/1/1"
  xmlns:gpxtpx="http://www.garmin.com/xmlschemas/TrackPointExtension/v1">
  <metadata><name>Evening Run</name><time>2026-06-25T22:03:14.000Z</time></metadata>
  <trk><name>Evening Run</name><type>running</type>
    <trkseg>
      <trkpt lat="40.757043" lon="-73.987371"><ele>16.4</ele><time>2026-06-25T22:03:14.000Z</time><extensions><gpxtpx:TrackPointExtension><gpxtpx:hr>132</gpxtpx:hr></gpxtpx:TrackPointExtension></extensions></trkpt>
      <trkpt lat="40.757051" lon="-73.987381"><ele>16.4</ele><time>2026-06-25T22:03:15.000Z</time><extensions><gpxtpx:TrackPointExtension><gpxtpx:hr>132</gpxtpx:hr></gpxtpx:TrackPointExtension></extensions></trkpt>
      <trkpt lat="40.757059" lon="-73.98739"><ele>16.4</ele><time>2026-06-25T22:03:16.000Z</time><extensions><gpxtpx:TrackPointExtension><gpxtpx:hr>132</gpxtpx:hr></gpxtpx:TrackPointExtension></extensions></trkpt>
      <trkpt lat="40.757067" lon="-73.9874"><ele>16.4</ele><time>2026-06-25T22:03:17.000Z</time><extensions><gpxtpx:TrackPointExtension><gpxtpx:hr>132</gpxtpx:hr></gpxtpx:TrackPointExtension></extensions></trkpt>
      <trkpt lat="40.757084" lon="-73.987421"><ele>16.4</ele><time>2026-06-25T22:03:18.000Z</time><extensions><gpxtpx:TrackPointExtension><gpxtpx:hr>132</gpxtpx:hr></gpxtpx:TrackPointExtension></extensions></trkpt>
      <trkpt lat="40.757101" lon="-73.987441"><ele>16.4</ele><time>2026-06-25T22:03:19.000Z</time><extensions><gpxtpx:TrackPointExtension><gpxtpx:hr>132</gpxtpx:hr></gpxtpx:TrackPointExtension></extensions></trkpt>
      <trkpt lat="40.75711" lon="-73.987453"><ele>16.4</ele><time>2026-06-25T22:03:20.000Z</time><extensions><gpxtpx:TrackPointExtension><gpxtpx:hr>132</gpxtpx:hr></gpxtpx:TrackPointExtension></extensions></trkpt>
      <trkpt lat="40.75712" lon="-73.987464"><ele>16.6</ele><time>2026-06-25T22:03:21.000Z</time><extensions><gpxtpx:TrackPointExtension><gpxtpx:hr>132</gpxtpx:hr></gpxtpx:TrackPointExtension></extensions></trkpt>
      <trkpt lat="40.757129" lon="-73.987476"><ele>16.6</ele><time>2026-06-25T22:03:22.000Z</time><extensions><gpxtpx:TrackPointExtension><gpxtpx:hr>132</gpxtpx:hr></gpxtpx:TrackPointExtension></extensions></trkpt>
      <trkpt lat="40.757139" lon="-73.987488"><ele>16.6</ele><time>2026-06-25T22:03:23.000Z</time><extensions><gpxtpx:TrackPointExtension><gpxtpx:hr>132</gpxtpx:hr></gpxtpx:TrackPointExtension></extensions></trkpt>
      <trkpt lat="40.757148" lon="-73.987499"><ele>16.6</ele><time>2026-06-25T22:03:24.000Z</time><extensions><gpxtpx:TrackPointExtension><gpxtpx:hr>132</gpxtpx:hr></gpxtpx:TrackPointExtension></extensions></trkpt>
      <trkpt lat="40.757158" lon="-73.987511"><ele>16.6</ele><time>2026-06-25T22:03:25.000Z</time><extensions><gpxtpx:TrackPointExtension><gpxtpx:hr>132</gpxtpx:hr></gpxtpx:TrackPointExtension></extensions></trkpt>
      <trkpt lat="40.757158" lon="-73.987511"><ele>16.6</ele><time>2026-06-25T22:03:26.000Z</time><extensions><gpxtpx:TrackPointExtension><gpxtpx:hr>132</gpxtpx:hr></gpxtpx:TrackPointExtension></extensions></trkpt>
      <trkpt lat="40.757172" lon="-73.987528"><ele>16.6</ele><time>2026-06-25T22:03:27.000Z</time><extensions><gpxtpx:TrackPointExtension><gpxtpx:hr>132</gpxtpx:hr></gpxtpx:TrackPointExtension></extensions></trkpt>
      <trkpt lat="40.757172" lon="-73.987528"><ele>16.6</ele><time>2026-06-25T22:03:28.000Z</time><extensions><gpxtpx:TrackPointExtension><gpxtpx:hr>132</gpxtpx:hr></gpxtpx:TrackPointExtension></extensions></trkpt>
      <trkpt lat="40.757172" lon="-73.987528"><ele>16.6</ele><time>2026-06-25T22:03:29.000Z</time><extensions><gpxtpx:TrackPointExtension><gpxtpx:hr>132</gpxtpx:hr></gpxtpx:TrackPointExtension></extensions></trkpt>
      <trkpt lat="40.757181" lon="-73.987539"><ele>16.6</ele><time>2026-06-25T22:03:30.000Z</time><extensions><gpxtpx:TrackPointExtension><gpxtpx:hr>132</gpxtpx:hr></gpxtpx:TrackPointExtension></extensions></trkpt>
      <trkpt lat="40.757193" lon="-73.987554"><ele>16.6</ele><time>2026-06-25T22:03:31.000Z</time><extensions><gpxtpx:TrackPointExtension><gpxtpx:hr>132</gpxtpx:hr></gpxtpx:TrackPointExtension></extensions></trkpt>
      <trkpt lat="40.757205" lon="-73.987568"><ele>16.6</ele><time>2026-06-25T22:03:32.000Z</time><extensions><gpxtpx:TrackPointExtension><gpxtpx:hr>132</gpxtpx:hr></gpxtpx:TrackPointExtension></extensions></trkpt>
      <trkpt lat="40.757211" lon="-73.987576"><ele>16.6</ele><time>2026-06-25T22:03:33.000Z</time><extensions><gpxtpx:TrackPointExtension><gpxtpx:hr>132</gpxtpx:hr></gpxtpx:TrackPointExtension></extensions></trkpt>
      <trkpt lat="40.757217" lon="-73.987583"><ele>16.6</ele><time>2026-06-25T22:03:34.000Z</time><extensions><gpxtpx:TrackPointExtension><gpxtpx:hr>132</gpxtpx:hr></gpxtpx:TrackPointExtension></extensions></trkpt>
      <trkpt lat="40.757223" lon="-73.98759"><ele>16.6</ele><time>2026-06-25T22:03:35.000Z</time><extensions><gpxtpx:TrackPointExtension><gpxtpx:hr>132</gpxtpx:hr></gpxtpx:TrackPointExtension></extensions></trkpt>
      <trkpt lat="40.757229" lon="-73.987597"><ele>16.6</ele><time>2026-06-25T22:03:36.000Z</time><extensions><gpxtpx:TrackPointExtension><gpxtpx:hr>132</gpxtpx:hr></gpxtpx:TrackPointExtension></extensions></trkpt>
      <trkpt lat="40.757234" lon="-73.987604"><ele>16.6</ele><time>2026-06-25T22:03:37.000Z</time><extensions><gpxtpx:TrackPointExtension><gpxtpx:hr>132</gpxtpx:hr></gpxtpx:TrackPointExtension></extensions></trkpt>
      <trkpt lat="40.757242" lon="-73.987614"><ele>16.6</ele><time>2026-06-25T22:03:38.000Z</time><extensions><gpxtpx:TrackPointExtension><gpxtpx:hr>132</gpxtpx:hr></gpxtpx:TrackPointExtension></extensions></trkpt>
      <trkpt lat="40.757251" lon="-73.987623"><ele>16.6</ele><time>2026-06-25T22:03:39.000Z</time><extensions><gpxtpx:TrackPointExtension><gpxtpx:hr>132</gpxtpx:hr></gpxtpx:TrackPointExtension></extensions></trkpt>
      <trkpt lat="40.757259" lon="-73.987633"><ele>16.4</ele><time>2026-06-25T22:03:40.000Z</time><extensions><gpxtpx:TrackPointExtension><gpxtpx:hr>132</gpxtpx:hr></gpxtpx:TrackPointExtension></extensions></trkpt>
      <trkpt lat="40.757271" lon="-73.987648"><ele>16.4</ele><time>2026-06-25T22:03:41.000Z</time><extensions><gpxtpx:TrackPointExtension><gpxtpx:hr>132</gpxtpx:hr></gpxtpx:TrackPointExtension></extensions></trkpt>
      <trkpt lat="40.757283" lon="-73.987663"><ele>16.4</ele><time>2026-06-25T22:03:42.000Z</time><extensions><gpxtpx:TrackPointExtension><gpxtpx:hr>132</gpxtpx:hr></gpxtpx:TrackPointExtension></extensions></trkpt>
      <trkpt lat="40.757292" lon="-73.987674"><ele>16.4</ele><time>2026-06-25T22:03:43.000Z</time><extensions><gpxtpx:TrackPointExtension><gpxtpx:hr>132</gpxtpx:hr></gpxtpx:TrackPointExtension></extensions></trkpt>
      <trkpt lat="40.7573" lon="-73.987684"><ele>16.2</ele><time>2026-06-25T22:03:44.000Z</time><extensions><gpxtpx:TrackPointExtension><gpxtpx:hr>132</gpxtpx:hr></gpxtpx:TrackPointExtension></extensions></trkpt>
      <trkpt lat="40.757308" lon="-73.987694"><ele>16.2</ele><time>2026-06-25T22:03:45.000Z</time><extensions><gpxtpx:TrackPointExtension><gpxtpx:hr>132</gpxtpx:hr></gpxtpx:TrackPointExtension></extensions></trkpt>
      <trkpt lat="40.75761" lon="-73.98806"><ele>16.2</ele><time>2026-06-25T22:03:48.000Z</time><extensions><gpxtpx:TrackPointExtension><gpxtpx:hr>132</gpxtpx:hr></gpxtpx:TrackPointExtension></extensions></trkpt>
      <trkpt lat="40.757639" lon="-73.988096"><ele>16.2</ele><time>2026-06-25T22:03:50.000Z</time><extensions><gpxtpx:TrackPointExtension><gpxtpx:hr>132</gpxtpx:hr></gpxtpx:TrackPointExtension></extensions></trkpt>
      <trkpt lat="40.757669" lon="-73.988132"><ele>16.2</ele><time>2026-06-25T22:03:53.000Z</time><extensions><gpxtpx:TrackPointExtension><gpxtpx:hr>132</gpxtpx:hr></gpxtpx:TrackPointExtension></extensions></trkpt>
      <trkpt lat="40.757699" lon="-73.988168"><ele>16.2</ele><time>2026-06-25T22:03:55.000Z</time><extensions><gpxtpx:TrackPointExtension><gpxtpx:hr>132</gpxtpx:hr></gpxtpx:TrackPointExtension></extensions></trkpt>
      <trkpt lat="40.757726" lon="-73.988201"><ele>16.2</ele><time>2026-06-25T22:03:58.000Z</time><extensions><gpxtpx:TrackPointExtension><gpxtpx:hr>132</gpxtpx:hr></gpxtpx:TrackPointExtension></extensions></trkpt>
      <trkpt lat="40.757746" lon="-73.988226"><ele>16.2</ele><time>2026-06-25T22:04:00.000Z</time><extensions><gpxtpx:TrackPointExtension><gpxtpx:hr>132</gpxtpx:hr></gpxtpx:TrackPointExtension></extensions></trkpt>
      <trkpt lat="40.757778" lon="-73.988265"><ele>16.2</ele><time>2026-06-25T22:04:05.000Z</time><extensions><gpxtpx:TrackPointExtension><gpxtpx:hr>132</gpxtpx:hr></gpxtpx:TrackPointExtension></extensions></trkpt>
      <trkpt lat="40.757805" lon="-73.988297"><ele>16.2</ele><time>2026-06-25T22:04:08.000Z</time><extensions><gpxtpx:TrackPointExtension><gpxtpx:hr>132</gpxtpx:hr></gpxtpx:TrackPointExtension></extensions></trkpt>
      <trkpt lat="40.757835" lon="-73.988334"><ele>16.2</ele><time>2026-06-25T22:04:10.000Z</time><extensions><gpxtpx:TrackPointExtension><gpxtpx:hr>132</gpxtpx:hr></gpxtpx:TrackPointExtension></extensions></trkpt>
      <trkpt lat="40.757863" lon="-73.988368"><ele>16.2</ele><time>2026-06-25T22:04:13.000Z</time><extensions><gpxtpx:TrackPointExtension><gpxtpx:hr>132</gpxtpx:hr></gpxtpx:TrackPointExtension></extensions></trkpt>
      <trkpt lat="40.757892" lon="-73.988404"><ele>16.2</ele><time>2026-06-25T22:04:16.000Z</time><extensions><gpxtpx:TrackPointExtension><gpxtpx:hr>132</gpxtpx:hr></gpxtpx:TrackPointExtension></extensions></trkpt>
      <trkpt lat="40.757921" lon="-73.988439"><ele>17</ele><time>2026-06-25T22:04:18.000Z</time><extensions><gpxtpx:TrackPointExtension><gpxtpx:hr>132</gpxtpx:hr></gpxtpx:TrackPointExtension></extensions></trkpt>
      <trkpt lat="40.757917" lon="-73.98846"><ele>16.4</ele><time>2026-06-25T22:04:19.000Z</time><extensions><gpxtpx:TrackPointExtension><gpxtpx:hr>132</gpxtpx:hr></gpxtpx:TrackPointExtension></extensions></trkpt>
      <trkpt lat="40.757913" lon="-73.988482"><ele>15.8</ele><time>2026-06-25T22:04:20.000Z</time><extensions><gpxtpx:TrackPointExtension><gpxtpx:hr>132</gpxtpx:hr></gpxtpx:TrackPointExtension></extensions></trkpt>
      <trkpt lat="40.757909" lon="-73.988503"><ele>15.2</ele><time>2026-06-25T22:04:21.000Z</time><extensions><gpxtpx:TrackPointExtension><gpxtpx:hr>132</gpxtpx:hr></gpxtpx:TrackPointExtension></extensions></trkpt>
      <trkpt lat="40.757904" lon="-73.988525"><ele>14.8</ele><time>2026-06-25T22:04:22.000Z</time><extensions><gpxtpx:TrackPointExtension><gpxtpx:hr>132</gpxtpx:hr></gpxtpx:TrackPointExtension></extensions></trkpt>
      <trkpt lat="40.7579" lon="-73.988548"><ele>14.6</ele><time>2026-06-25T22:04:23.000Z</time><extensions><gpxtpx:TrackPointExtension><gpxtpx:hr>132</gpxtpx:hr></gpxtpx:TrackPointExtension></extensions></trkpt>
      <trkpt lat="40.757896" lon="-73.988571"><ele>14.4</ele><time>2026-06-25T22:04:24.000Z</time><extensions><gpxtpx:TrackPointExtension><gpxtpx:hr>132</gpxtpx:hr></gpxtpx:TrackPointExtension></extensions></trkpt>
      <trkpt lat="40.757891" lon="-73.988596"><ele>14.2</ele><time>2026-06-25T22:04:25.000Z</time><extensions><gpxtpx:TrackPointExtension><gpxtpx:hr>132</gpxtpx:hr></gpxtpx:TrackPointExtension></extensions></trkpt>
      <trkpt lat="40.757887" lon="-73.988621"><ele>14</ele><time>2026-06-25T22:04:26.000Z</time><extensions><gpxtpx:TrackPointExtension><gpxtpx:hr>132</gpxtpx:hr></gpxtpx:TrackPointExtension></extensions></trkpt>
      <trkpt lat="40.757882" lon="-73.988648"><ele>14</ele><time>2026-06-25T22:04:27.000Z</time><extensions><gpxtpx:TrackPointExtension><gpxtpx:hr>132</gpxtpx:hr></gpxtpx:TrackPointExtension></extensions></trkpt>
      <trkpt lat="40.757877" lon="-73.988675"><ele>13.8</ele><time>2026-06-25T22:04:28.000Z</time><extensions><gpxtpx:TrackPointExtension><gpxtpx:hr>132</gpxtpx:hr></gpxtpx:TrackPointExtension></extensions></trkpt>
      <trkpt lat="40.757872" lon="-73.988702"><ele>13.8</ele><time>2026-06-25T22:04:29.000Z</time><extensions><gpxtpx:TrackPointExtension><gpxtpx:hr>132</gpxtpx:hr></gpxtpx:TrackPointExtension></extensions></trkpt>
      <trkpt lat="40.757867" lon="-73.98873"><ele>13.8</ele><time>2026-06-25T22:04:30.000Z</time><extensions><gpxtpx:TrackPointExtension><gpxtpx:hr>132</gpxtpx:hr></gpxtpx:TrackPointExtension></extensions></trkpt>
      <trkpt lat="40.757861" lon="-73.988759"><ele>13.8</ele><time>2026-06-25T22:04:31.000Z</time><extensions><gpxtpx:TrackPointExtension><gpxtpx:hr>132</gpxtpx:hr></gpxtpx:TrackPointExtension></extensions></trkpt>
      <trkpt lat="40.757856" lon="-73.988787"><ele>13.6</ele><time>2026-06-25T22:04:32.000Z</time><extensions><gpxtpx:TrackPointExtension><gpxtpx:hr>132</gpxtpx:hr></gpxtpx:TrackPointExtension></extensions></trkpt>
      <trkpt lat="40.757851" lon="-73.988816"><ele>13.6</ele><time>2026-06-25T22:04:33.000Z</time><extensions><gpxtpx:TrackPointExtension><gpxtpx:hr>132</gpxtpx:hr></gpxtpx:TrackPointExtension></extensions></trkpt>
      <trkpt lat="40.757845" lon="-73.988844"><ele>13.6</ele><time>2026-06-25T22:04:34.000Z</time><extensions><gpxtpx:TrackPointExtension><gpxtpx:hr>132</gpxtpx:hr></gpxtpx:TrackPointExtension></extensions></trkpt>
      <trkpt lat="40.75784" lon="-73.988872"><ele>13.6</ele><time>2026-06-25T22:04:35.000Z</time><extensions><gpxtpx:TrackPointExtension><gpxtpx:hr>132</gpxtpx:hr></gpxtpx:TrackPointExtension></extensions></trkpt>
      <trkpt lat="40.757835" lon="-73.988899"><ele>13.6</ele><time>2026-06-25T22:04:36.000Z</time><extensions><gpxtpx:TrackPointExtension><gpxtpx:hr>132</gpxtpx:hr></gpxtpx:TrackPointExtension></extensions></trkpt>
      <trkpt lat="40.75783" lon="-73.988925"><ele>13.4</ele><time>2026-06-25T22:04:37.000Z</time><extensions><gpxtpx:TrackPointExtension><gpxtpx:hr>132</gpxtpx:hr></gpxtpx:TrackPointExtension></extensions></trkpt>
      <trkpt lat="40.757825" lon="-73.98895"><ele>13.4</ele><time>2026-06-25T22:04:38.000Z</time><extensions><gpxtpx:TrackPointExtension><gpxtpx:hr>132</gpxtpx:hr></gpxtpx:TrackPointExtension></extensions></trkpt>
      <trkpt lat="40.75782" lon="-73.988973"><ele>13.4</ele><time>2026-06-25T22:04:39.000Z</time><extensions><gpxtpx:TrackPointExtension><gpxtpx:hr>132</gpxtpx:hr></gpxtpx:TrackPointExtension></extensions></trkpt>
      <trkpt lat="40.757816" lon="-73.988994"><ele>13.4</ele><time>2026-06-25T22:04:40.000Z</time><extensions><gpxtpx:TrackPointExtension><gpxtpx:hr>132</gpxtpx:hr></gpxtpx:TrackPointExtension></extensions></trkpt>
      <trkpt lat="40.757812" lon="-73.989014"><ele>13.2</ele><time>2026-06-25T22:04:41.000Z</time><extensions><gpxtpx:TrackPointExtension><gpxtpx:hr>132</gpxtpx:hr></gpxtpx:TrackPointExtension></extensions></trkpt>
      <trkpt lat="40.757808" lon="-73.989032"><ele>13.2</ele><time>2026-06-25T22:04:42.000Z</time><extensions><gpxtpx:TrackPointExtension><gpxtpx:hr>132</gpxtpx:hr></gpxtpx:TrackPointExtension></extensions></trkpt>
      <trkpt lat="40.757805" lon="-73.989049"><ele>13.2</ele><time>2026-06-25T22:04:43.000Z</time><extensions><gpxtpx:TrackPointExtension><gpxtpx:hr>132</gpxtpx:hr></gpxtpx:TrackPointExtension></extensions></trkpt>
      <trkpt lat="40.757801" lon="-73.989067"><ele>13.2</ele><time>2026-06-25T22:04:44.000Z</time><extensions><gpxtpx:TrackPointExtension><gpxtpx:hr>132</gpxtpx:hr></gpxtpx:TrackPointExtension></extensions></trkpt>
      <trkpt lat="40.757793" lon="-73.989127"><ele>13.4</ele><time>2026-06-25T22:04:47.000Z</time><extensions><gpxtpx:TrackPointExtension><gpxtpx:hr>132</gpxtpx:hr></gpxtpx:TrackPointExtension></extensions></trkpt>
      <trkpt lat="40.757792" lon="-73.989143"><ele>13.4</ele><time>2026-06-25T22:04:48.000Z</time><extensions><gpxtpx:TrackPointExtension><gpxtpx:hr>132</gpxtpx:hr></gpxtpx:TrackPointExtension></extensions></trkpt>
      <trkpt lat="40.757791" lon="-73.989156"><ele>13.4</ele><time>2026-06-25T22:04:49.000Z</time><extensions><gpxtpx:TrackPointExtension><gpxtpx:hr>132</gpxtpx:hr></gpxtpx:TrackPointExtension></extensions></trkpt>
      <trkpt lat="40.757814" lon="-73.989195"><ele>13.4</ele><time>2026-06-25T22:04:55.000Z</time><extensions><gpxtpx:TrackPointExtension><gpxtpx:hr>132</gpxtpx:hr></gpxtpx:TrackPointExtension></extensions></trkpt>
      <trkpt lat="40.757821" lon="-73.989198"><ele>13.6</ele><time>2026-06-25T22:04:56.000Z</time><extensions><gpxtpx:TrackPointExtension><gpxtpx:hr>132</gpxtpx:hr></gpxtpx:TrackPointExtension></extensions></trkpt>
      <trkpt lat="40.757829" lon="-73.989199"><ele>13.6</ele><time>2026-06-25T22:04:57.000Z</time><extensions><gpxtpx:TrackPointExtension><gpxtpx:hr>132</gpxtpx:hr></gpxtpx:TrackPointExtension></extensions></trkpt>
      <trkpt lat="40.757837" lon="-73.989198"><ele>13.6</ele><time>2026-06-25T22:04:58.000Z</time><extensions><gpxtpx:TrackPointExtension><gpxtpx:hr>132</gpxtpx:hr></gpxtpx:TrackPointExtension></extensions></trkpt>
      <trkpt lat="40.757847" lon="-73.989196"><ele>13.6</ele><time>2026-06-25T22:04:59.000Z</time><extensions><gpxtpx:TrackPointExtension><gpxtpx:hr>132</gpxtpx:hr></gpxtpx:TrackPointExtension></extensions></trkpt>
      <trkpt lat="40.757857" lon="-73.989191"><ele>13.6</ele><time>2026-06-25T22:05:00.000Z</time><extensions><gpxtpx:TrackPointExtension><gpxtpx:hr>132</gpxtpx:hr></gpxtpx:TrackPointExtension></extensions></trkpt>
      <trkpt lat="40.757868" lon="-73.989184"><ele>13.6</ele><time>2026-06-25T22:05:01.000Z</time><extensions><gpxtpx:TrackPointExtension><gpxtpx:hr>132</gpxtpx:hr></gpxtpx:TrackPointExtension></extensions></trkpt>
      <trkpt lat="40.75788" lon="-73.989176"><ele>13.6</ele><time>2026-06-25T22:05:02.000Z</time><extensions><gpxtpx:TrackPointExtension><gpxtpx:hr>132</gpxtpx:hr></gpxtpx:TrackPointExtension></extensions></trkpt>
      <trkpt lat="40.757894" lon="-73.989167"><ele>13.6</ele><time>2026-06-25T22:05:03.000Z</time><extensions><gpxtpx:TrackPointExtension><gpxtpx:hr>131</gpxtpx:hr></gpxtpx:TrackPointExtension></extensions></trkpt>
      <trkpt lat="40.757908" lon="-73.989158"><ele>13.6</ele><time>2026-06-25T22:05:04.000Z</time><extensions><gpxtpx:TrackPointExtension><gpxtpx:hr>131</gpxtpx:hr></gpxtpx:TrackPointExtension></extensions></trkpt>
      <trkpt lat="40.757924" lon="-73.989148"><ele>13.6</ele><time>2026-06-25T22:05:05.000Z</time><extensions><gpxtpx:TrackPointExtension><gpxtpx:hr>131</gpxtpx:hr></gpxtpx:TrackPointExtension></extensions></trkpt>
      <trkpt lat="40.757941" lon="-73.98914"><ele>13.6</ele><time>2026-06-25T22:05:06.000Z</time><extensions><gpxtpx:TrackPointExtension><gpxtpx:hr>131</gpxtpx:hr></gpxtpx:TrackPointExtension></extensions></trkpt>
      <trkpt lat="40.757959" lon="-73.989132"><ele>13.6</ele><time>2026-06-25T22:05:07.000Z</time><extensions><gpxtpx:TrackPointExtension><gpxtpx:hr>131</gpxtpx:hr></gpxtpx:TrackPointExtension></extensions></trkpt>
      <trkpt lat="40.757979" lon="-73.989127"><ele>13.6</ele><time>2026-06-25T22:05:08.000Z</time><extensions><gpxtpx:TrackPointExtension><gpxtpx:hr>130</gpxtpx:hr></gpxtpx:TrackPointExtension></extensions></trkpt>
      <trkpt lat="40.758" lon="-73.989124"><ele>13.4</ele><time>2026-06-25T22:05:09.000Z</time><extensions><gpxtpx:TrackPointExtension><gpxtpx:hr>130</gpxtpx:hr></gpxtpx:TrackPointExtension></extensions></trkpt>
      <trkpt lat="40.758021" lon="-73.989125"><ele>13.4</ele><time>2026-06-25T22:05:10.000Z</time><extensions><gpxtpx:TrackPointExtension><gpxtpx:hr>130</gpxtpx:hr></gpxtpx:TrackPointExtension></extensions></trkpt>
      <trkpt lat="40.758043" lon="-73.989129"><ele>13.4</ele><time>2026-06-25T22:05:11.000Z</time><extensions><gpxtpx:TrackPointExtension><gpxtpx:hr>130</gpxtpx:hr></gpxtpx:TrackPointExtension></extensions></trkpt>
      <trkpt lat="40.758065" lon="-73.989138"><ele>13.4</ele><time>2026-06-25T22:05:12.000Z</time><extensions><gpxtpx:TrackPointExtension><gpxtpx:hr>130</gpxtpx:hr></gpxtpx:TrackPointExtension></extensions></trkpt>
      <trkpt lat="40.758087" lon="-73.989152"><ele>13.4</ele><time>2026-06-25T22:05:13.000Z</time><extensions><gpxtpx:TrackPointExtension><gpxtpx:hr>129</gpxtpx:hr></gpxtpx:TrackPointExtension></extensions></trkpt>
      <trkpt lat="40.758108" lon="-73.989171"><ele>13.4</ele><time>2026-06-25T22:05:14.000Z</time><extensions><gpxtpx:TrackPointExtension><gpxtpx:hr>129</gpxtpx:hr></gpxtpx:TrackPointExtension></extensions></trkpt>
      <trkpt lat="40.758128" lon="-73.989193"><ele>13.4</ele><time>2026-06-25T22:05:15.000Z</time><extensions><gpxtpx:TrackPointExtension><gpxtpx:hr>129</gpxtpx:hr></gpxtpx:TrackPointExtension></extensions></trkpt>
      <trkpt lat="40.758148" lon="-73.989218"><ele>13.4</ele><time>2026-06-25T22:05:16.000Z</time><extensions><gpxtpx:TrackPointExtension><gpxtpx:hr>129</gpxtpx:hr></gpxtpx:TrackPointExtension></extensions></trkpt>
      <trkpt lat="40.758168" lon="-73.989245"><ele>13.4</ele><time>2026-06-25T22:05:17.000Z</time><extensions><gpxtpx:TrackPointExtension><gpxtpx:hr>129</gpxtpx:hr></gpxtpx:TrackPointExtension></extensions></trkpt>
      <trkpt lat="40.758188" lon="-73.989273"><ele>13.4</ele><time>2026-06-25T22:05:18.000Z</time><extensions><gpxtpx:TrackPointExtension><gpxtpx:hr>129</gpxtpx:hr></gpxtpx:TrackPointExtension></extensions></trkpt>
      <trkpt lat="40.758208" lon="-73.989302"><ele>13.4</ele><time>2026-06-25T22:05:19.000Z</time><extensions><gpxtpx:TrackPointExtension><gpxtpx:hr>129</gpxtpx:hr></gpxtpx:TrackPointExtension></extensions></trkpt>
      <trkpt lat="40.758229" lon="-73.989332"><ele>13.4</ele><time>2026-06-25T22:05:20.000Z</time><extensions><gpxtpx:TrackPointExtension><gpxtpx:hr>129</gpxtpx:hr></gpxtpx:TrackPointExtension></extensions></trkpt>
      <trkpt lat="40.75825" lon="-73.989362"><ele>13.4</ele><time>2026-06-25T22:05:21.000Z</time><extensions><gpxtpx:TrackPointExtension><gpxtpx:hr>133</gpxtpx:hr></gpxtpx:TrackPointExtension></extensions></trkpt>
      <trkpt lat="40.758271" lon="-73.989394"><ele>13.4</ele><time>2026-06-25T22:05:22.000Z</time><extensions><gpxtpx:TrackPointExtension><gpxtpx:hr>133</gpxtpx:hr></gpxtpx:TrackPointExtension></extensions></trkpt>
      <trkpt lat="40.758293" lon="-73.989426"><ele>13.4</ele><time>2026-06-25T22:05:23.000Z</time><extensions><gpxtpx:TrackPointExtension><gpxtpx:hr>133</gpxtpx:hr></gpxtpx:TrackPointExtension></extensions></trkpt>
      <trkpt lat="40.758315" lon="-73.989458"><ele>13.2</ele><time>2026-06-25T22:05:24.000Z</time><extensions><gpxtpx:TrackPointExtension><gpxtpx:hr>133</gpxtpx:hr></gpxtpx:TrackPointExtension></extensions></trkpt>
      <trkpt lat="40.758336" lon="-73.989491"><ele>13.2</ele><time>2026-06-25T22:05:25.000Z</time><extensions><gpxtpx:TrackPointExtension><gpxtpx:hr>133</gpxtpx:hr></gpxtpx:TrackPointExtension></extensions></trkpt>
      <trkpt lat="40.758358" lon="-73.989527"><ele>13.2</ele><time>2026-06-25T22:05:26.000Z</time><extensions><gpxtpx:TrackPointExtension><gpxtpx:hr>133</gpxtpx:hr></gpxtpx:TrackPointExtension></extensions></trkpt>
      <trkpt lat="40.75838" lon="-73.989569"><ele>13.2</ele><time>2026-06-25T22:05:27.000Z</time><extensions><gpxtpx:TrackPointExtension><gpxtpx:hr>134</gpxtpx:hr></gpxtpx:TrackPointExtension></extensions></trkpt>
      <trkpt lat="40.758397" lon="-73.989607"><ele>13.2</ele><time>2026-06-25T22:05:28.000Z</time><extensions><gpxtpx:TrackPointExtension><gpxtpx:hr>134</gpxtpx:hr></gpxtpx:TrackPointExtension></extensions></trkpt>
      <trkpt lat="40.758413" lon="-73.989647"><ele>13.2</ele><time>2026-06-25T22:05:29.000Z</time><extensions><gpxtpx:TrackPointExtension><gpxtpx:hr>135</gpxtpx:hr></gpxtpx:TrackPointExtension></extensions></trkpt>
      <trkpt lat="40.758427" lon="-73.989687"><ele>13.2</ele><time>2026-06-25T22:05:30.000Z</time><extensions><gpxtpx:TrackPointExtension><gpxtpx:hr>135</gpxtpx:hr></gpxtpx:TrackPointExtension></extensions></trkpt>
      <trkpt lat="40.75844" lon="-73.989727"><ele>13.2</ele><time>2026-06-25T22:05:31.000Z</time><extensions><gpxtpx:TrackPointExtension><gpxtpx:hr>135</gpxtpx:hr></gpxtpx:TrackPointExtension></extensions></trkpt>
      <trkpt lat="40.758452" lon="-73.989766"><ele>13.2</ele><time>2026-06-25T22:05:32.000Z</time><extensions><gpxtpx:TrackPointExtension><gpxtpx:hr>135</gpxtpx:hr></gpxtpx:TrackPointExtension></extensions></trkpt>
      <trkpt lat="40.758462" lon="-73.989805"><ele>13.2</ele><time>2026-06-25T22:05:33.000Z</time><extensions><gpxtpx:TrackPointExtension><gpxtpx:hr>136</gpxtpx:hr></gpxtpx:TrackPointExtension></extensions></trkpt>
      <trkpt lat="40.75847" lon="-73.989845"><ele>13</ele><time>2026-06-25T22:05:34.000Z</time><extensions><gpxtpx:TrackPointExtension><gpxtpx:hr>136</gpxtpx:hr></gpxtpx:TrackPointExtension></extensions></trkpt>
      <trkpt lat="40.758478" lon="-73.989885"><ele>13</ele><time>2026-06-25T22:05:35.000Z</time><extensions><gpxtpx:TrackPointExtension><gpxtpx:hr>136</gpxtpx:hr></gpxtpx:TrackPointExtension></extensions></trkpt>
      <trkpt lat="40.758484" lon="-73.989926"><ele>13</ele><time>2026-06-25T22:05:36.000Z</time><extensions><gpxtpx:TrackPointExtension><gpxtpx:hr>136</gpxtpx:hr></gpxtpx:TrackPointExtension></extensions></trkpt>
      <trkpt lat="40.758489" lon="-73.989967"><ele>13</ele><time>2026-06-25T22:05:37.000Z</time><extensions><gpxtpx:TrackPointExtension><gpxtpx:hr>136</gpxtpx:hr></gpxtpx:TrackPointExtension></extensions></trkpt>
      <trkpt lat="40.758492" lon="-73.990009"><ele>13</ele><time>2026-06-25T22:05:38.000Z</time><extensions><gpxtpx:TrackPointExtension><gpxtpx:hr>139</gpxtpx:hr></gpxtpx:TrackPointExtension></extensions></trkpt>
      <trkpt lat="40.758493" lon="-73.99005"><ele>13</ele><time>2026-06-25T22:05:39.000Z</time><extensions><gpxtpx:TrackPointExtension><gpxtpx:hr>139</gpxtpx:hr></gpxtpx:TrackPointExtension></extensions></trkpt>
      <trkpt lat="40.758493" lon="-73.990093"><ele>13</ele><time>2026-06-25T22:05:40.000Z</time><extensions><gpxtpx:TrackPointExtension><gpxtpx:hr>139</gpxtpx:hr></gpxtpx:TrackPointExtension></extensions></trkpt>
      <trkpt lat="40.758491" lon="-73.990136"><ele>13</ele><time>2026-06-25T22:05:41.000Z</time><extensions><gpxtpx:TrackPointExtension><gpxtpx:hr>139</gpxtpx:hr></gpxtpx:TrackPointExtension></extensions></trkpt>
      <trkpt lat="40.758488" lon="-73.99018"><ele>13</ele><time>2026-06-25T22:05:42.000Z</time><extensions><gpxtpx:TrackPointExtension><gpxtpx:hr>139</gpxtpx:hr></gpxtpx:TrackPointExtension></extensions></trkpt>
      <trkpt lat="40.758484" lon="-73.990225"><ele>13</ele><time>2026-06-25T22:05:43.000Z</time><extensions><gpxtpx:TrackPointExtension><gpxtpx:hr>139</gpxtpx:hr></gpxtpx:TrackPointExtension></extensions></trkpt>
      <trkpt lat="40.758479" lon="-73.990271"><ele>12.8</ele><time>2026-06-25T22:05:44.000Z</time><extensions><gpxtpx:TrackPointExtension><gpxtpx:hr>139</gpxtpx:hr></gpxtpx:TrackPointExtension></extensions></trkpt>
      <trkpt lat="40.758474" lon="-73.990318"><ele>12.8</ele><time>2026-06-25T22:05:45.000Z</time><extensions><gpxtpx:TrackPointExtension><gpxtpx:hr>139</gpxtpx:hr></gpxtpx:TrackPointExtension></extensions></trkpt>
      <trkpt lat="40.75847" lon="-73.990365"><ele>12.8</ele><time>2026-06-25T22:05:46.000Z</time><extensions><gpxtpx:TrackPointExtension><gpxtpx:hr>139</gpxtpx:hr></gpxtpx:TrackPointExtension></extensions></trkpt>
      <trkpt lat="40.758465" lon="-73.990412"><ele>12.8</ele><time>2026-06-25T22:05:47.000Z</time><extensions><gpxtpx:TrackPointExtension><gpxtpx:hr>139</gpxtpx:hr></gpxtpx:TrackPointExtension></extensions></trkpt>
      <trkpt lat="40.758462" lon="-73.990461"><ele>12.8</ele><time>2026-06-25T22:05:48.000Z</time><extensions><gpxtpx:TrackPointExtension><gpxtpx:hr>139</gpxtpx:hr></gpxtpx:TrackPointExtension></extensions></trkpt>
      <trkpt lat="40.758459" lon="-73.99051"><ele>12.8</ele><time>2026-06-25T22:05:49.000Z</time><extensions><gpxtpx:TrackPointExtension><gpxtpx:hr>139</gpxtpx:hr></gpxtpx:TrackPointExtension></extensions></trkpt>
      <trkpt lat="40.758458" lon="-73.990559"><ele>12.8</ele><time>2026-06-25T22:05:50.000Z</time><extensions><gpxtpx:TrackPointExtension><gpxtpx:hr>139</gpxtpx:hr></gpxtpx:TrackPointExtension></extensions></trkpt>
      <trkpt lat="40.758458" lon="-73.990607"><ele>12.8</ele><time>2026-06-25T22:05:51.000Z</time><extensions><gpxtpx:TrackPointExtension><gpxtpx:hr>139</gpxtpx:hr></gpxtpx:TrackPointExtension></extensions></trkpt>
      <trkpt lat="40.758459" lon="-73.990652"><ele>12.8</ele><time>2026-06-25T22:05:52.000Z</time><extensions><gpxtpx:TrackPointExtension><gpxtpx:hr>139</gpxtpx:hr></gpxtpx:TrackPointExtension></extensions></trkpt>
      <trkpt lat="40.758461" lon="-73.990694"><ele>12.8</ele><time>2026-06-25T22:05:53.000Z</time><extensions><gpxtpx:TrackPointExtension><gpxtpx:hr>141</gpxtpx:hr></gpxtpx:TrackPointExtension></extensions></trkpt>
      <trkpt lat="40.758464" lon="-73.990732"><ele>12.8</ele><time>2026-06-25T22:05:54.000Z</time><extensions><gpxtpx:TrackPointExtension><gpxtpx:hr>141</gpxtpx:hr></gpxtpx:TrackPointExtension></extensions></trkpt>
      <trkpt lat="40.758468" lon="-73.990769"><ele>12.8</ele><time>2026-06-25T22:05:55.000Z</time><extensions><gpxtpx:TrackPointExtension><gpxtpx:hr>141</gpxtpx:hr></gpxtpx:TrackPointExtension></extensions></trkpt>
      <trkpt lat="40.758473" lon="-73.990805"><ele>12.8</ele><time>2026-06-25T22:05:56.000Z</time><extensions><gpxtpx:TrackPointExtension><gpxtpx:hr>141</gpxtpx:hr></gpxtpx:TrackPointExtension></extensions></trkpt>
      <trkpt lat="40.758478" lon="-73.99084"><ele>12.8</ele><time>2026-06-25T22:05:57.000Z</time><extensions><gpxtpx:TrackPointExtension><gpxtpx:hr>141</gpxtpx:hr></gpxtpx:TrackPointExtension></extensions></trkpt>
      <trkpt lat="40.758485" lon="-73.990875"><ele>12.8</ele><time>2026-06-25T22:05:58.000Z</time><extensions><gpxtpx:TrackPointExtension><gpxtpx:hr>142</gpxtpx:hr></gpxtpx:TrackPointExtension></extensions></trkpt>
      <trkpt lat="40.758492" lon="-73.990907"><ele>12.8</ele><time>2026-06-25T22:05:59.000Z</time><extensions><gpxtpx:TrackPointExtension><gpxtpx:hr>142</gpxtpx:hr></gpxtpx:TrackPointExtension></extensions></trkpt>
      <trkpt lat="40.7585" lon="-73.990939"><ele>12.8</ele><time>2026-06-25T22:06:00.000Z</time><extensions><gpxtpx:TrackPointExtension><gpxtpx:hr>142</gpxtpx:hr></gpxtpx:TrackPointExtension></extensions></trkpt>
      <trkpt lat="40.758507" lon="-73.99097"><ele>12.8</ele><time>2026-06-25T22:06:01.000Z</time><extensions><gpxtpx:TrackPointExtension><gpxtpx:hr>142</gpxtpx:hr></gpxtpx:TrackPointExtension></extensions></trkpt>
      <trkpt lat="40.758515" lon="-73.990999"><ele>12.8</ele><time>2026-06-25T22:06:02.000Z</time><extensions><gpxtpx:TrackPointExtension><gpxtpx:hr>142</gpxtpx:hr></gpxtpx:TrackPointExtension></extensions></trkpt>
      <trkpt lat="40.758523" lon="-73.991027"><ele>12.6</ele><time>2026-06-25T22:06:03.000Z</time><extensions><gpxtpx:TrackPointExtension><gpxtpx:hr>144</gpxtpx:hr></gpxtpx:TrackPointExtension></extensions></trkpt>
      <trkpt lat="40.75853" lon="-73.991053"><ele>12.6</ele><time>2026-06-25T22:06:04.000Z</time><extensions><gpxtpx:TrackPointExtension><gpxtpx:hr>144</gpxtpx:hr></gpxtpx:TrackPointExtension></extensions></trkpt>
      <trkpt lat="40.758537" lon="-73.991077"><ele>12.6</ele><time>2026-06-25T22:06:05.000Z</time><extensions><gpxtpx:TrackPointExtension><gpxtpx:hr>144</gpxtpx:hr></gpxtpx:TrackPointExtension></extensions></trkpt>
      <trkpt lat="40.758544" lon="-73.991101"><ele>12.6</ele><time>2026-06-25T22:06:06.000Z</time><extensions><gpxtpx:TrackPointExtension><gpxtpx:hr>144</gpxtpx:hr></gpxtpx:TrackPointExtension></extensions></trkpt>
      <trkpt lat="40.758551" lon="-73.991126"><ele>12.6</ele><time>2026-06-25T22:06:07.000Z</time><extensions><gpxtpx:TrackPointExtension><gpxtpx:hr>144</gpxtpx:hr></gpxtpx:TrackPointExtension></extensions></trkpt>
      <trkpt lat="40.758558" lon="-73.991155"><ele>12.6</ele><time>2026-06-25T22:06:08.000Z</time><extensions><gpxtpx:TrackPointExtension><gpxtpx:hr>144</gpxtpx:hr></gpxtpx:TrackPointExtension></extensions></trkpt>
      <trkpt lat="40.758565" lon="-73.991185"><ele>12.4</ele><time>2026-06-25T22:06:09.000Z</time><extensions><gpxtpx:TrackPointExtension><gpxtpx:hr>144</gpxtpx:hr></gpxtpx:TrackPointExtension></extensions></trkpt>
      <trkpt lat="40.758573" lon="-73.991216"><ele>12.4</ele><time>2026-06-25T22:06:10.000Z</time><extensions><gpxtpx:TrackPointExtension><gpxtpx:hr>144</gpxtpx:hr></gpxtpx:TrackPointExtension></extensions></trkpt>
      <trkpt lat="40.758581" lon="-73.991246"><ele>12.4</ele><time>2026-06-25T22:06:11.000Z</time><extensions><gpxtpx:TrackPointExtension><gpxtpx:hr>144</gpxtpx:hr></gpxtpx:TrackPointExtension></extensions></trkpt>
      <trkpt lat="40.75859" lon="-73.991276"><ele>12.4</ele><time>2026-06-25T22:06:12.000Z</time><extensions><gpxtpx:TrackPointExtension><gpxtpx:hr>144</gpxtpx:hr></gpxtpx:TrackPointExtension></extensions></trkpt>
      <trkpt lat="40.75859" lon="-73.991276"><ele>12.4</ele><time>2026-06-25T22:06:13.000Z</time><extensions><gpxtpx:TrackPointExtension><gpxtpx:hr>144</gpxtpx:hr></gpxtpx:TrackPointExtension></extensions></trkpt>
      <trkpt lat="40.758599" lon="-73.991307"><ele>12.2</ele><time>2026-06-25T22:06:14.000Z</time><extensions><gpxtpx:TrackPointExtension><gpxtpx:hr>144</gpxtpx:hr></gpxtpx:TrackPointExtension></extensions></trkpt>
      <trkpt lat="40.75861" lon="-73.991338"><ele>12.2</ele><time>2026-06-25T22:06:15.000Z</time><extensions><gpxtpx:TrackPointExtension><gpxtpx:hr>144</gpxtpx:hr></gpxtpx:TrackPointExtension></extensions></trkpt>
      <trkpt lat="40.758622" lon="-73.99137"><ele>12.2</ele><time>2026-06-25T22:06:16.000Z</time><extensions><gpxtpx:TrackPointExtension><gpxtpx:hr>144</gpxtpx:hr></gpxtpx:TrackPointExtension></extensions></trkpt>
      <trkpt lat="40.758635" lon="-73.991401"><ele>12</ele><time>2026-06-25T22:06:17.000Z</time><extensions><gpxtpx:TrackPointExtension><gpxtpx:hr>144</gpxtpx:hr></gpxtpx:TrackPointExtension></extensions></trkpt>
      <trkpt lat="40.758649" lon="-73.991432"><ele>12</ele><time>2026-06-25T22:06:18.000Z</time><extensions><gpxtpx:TrackPointExtension><gpxtpx:hr>144</gpxtpx:hr></gpxtpx:TrackPointExtension></extensions></trkpt>
      <trkpt lat="40.758662" lon="-73.991463"><ele>12</ele><time>2026-06-25T22:06:19.000Z</time><extensions><gpxtpx:TrackPointExtension><gpxtpx:hr>144</gpxtpx:hr></gpxtpx:TrackPointExtension></extensions></trkpt>
      <trkpt lat="40.758674" lon="-73.991493"><ele>11.8</ele><time>2026-06-25T22:06:20.000Z</time><extensions><gpxtpx:TrackPointExtension><gpxtpx:hr>144</gpxtpx:hr></gpxtpx:TrackPointExtension></extensions></trkpt>
      <trkpt lat="40.758685" lon="-73.991524"><ele>11.8</ele><time>2026-06-25T22:06:21.000Z</time><extensions><gpxtpx:TrackPointExtension><gpxtpx:hr>144</gpxtpx:hr></gpxtpx:TrackPointExtension></extensions></trkpt>
      <trkpt lat="40.758696" lon="-73.991555"><ele>11.8</ele><time>2026-06-25T22:06:22.000Z</time><extensions><gpxtpx:TrackPointExtension><gpxtpx:hr>144</gpxtpx:hr></gpxtpx:TrackPointExtension></extensions></trkpt>
      <trkpt lat="40.758708" lon="-73.991588"><ele>11.6</ele><time>2026-06-25T22:06:23.000Z</time><extensions><gpxtpx:TrackPointExtension><gpxtpx:hr>144</gpxtpx:hr></gpxtpx:TrackPointExtension></extensions></trkpt>
      <trkpt lat="40.758722" lon="-73.991622"><ele>11.6</ele><time>2026-06-25T22:06:24.000Z</time><extensions><gpxtpx:TrackPointExtension><gpxtpx:hr>144</gpxtpx:hr></gpxtpx:TrackPointExtension></extensions></trkpt>
      <trkpt lat="40.758738" lon="-73.991657"><ele>11.4</ele><time>2026-06-25T22:06:25.000Z</time><extensions><gpxtpx:TrackPointExtension><gpxtpx:hr>144</gpxtpx:hr></gpxtpx:TrackPointExtension></extensions></trkpt>
      <trkpt lat="40.758756" lon="-73.991693"><ele>11.4</ele><time>2026-06-25T22:06:26.000Z</time><extensions><gpxtpx:TrackPointExtension><gpxtpx:hr>144</gpxtpx:hr></gpxtpx:TrackPointExtension></extensions></trkpt>
      <trkpt lat="40.758773" lon="-73.991726"><ele>11.2</ele><time>2026-06-25T22:06:27.000Z</time><extensions><gpxtpx:TrackPointExtension><gpxtpx:hr>144</gpxtpx:hr></gpxtpx:TrackPointExtension></extensions></trkpt>
      <trkpt lat="40.75879" lon="-73.991756"><ele>11.2</ele><time>2026-06-25T22:06:28.000Z</time><extensions><gpxtpx:TrackPointExtension><gpxtpx:hr>144</gpxtpx:hr></gpxtpx:TrackPointExtension></extensions></trkpt>
      <trkpt lat="40.758806" lon="-73.991783"><ele>11.2</ele><time>2026-06-25T22:06:29.000Z</time><extensions><gpxtpx:TrackPointExtension><gpxtpx:hr>144</gpxtpx:hr></gpxtpx:TrackPointExtension></extensions></trkpt>
      <trkpt lat="40.758821" lon="-73.991807"><ele>11</ele><time>2026-06-25T22:06:30.000Z</time><extensions><gpxtpx:TrackPointExtension><gpxtpx:hr>144</gpxtpx:hr></gpxtpx:TrackPointExtension></extensions></trkpt>
      <trkpt lat="40.758836" lon="-73.991831"><ele>11</ele><time>2026-06-25T22:06:31.000Z</time><extensions><gpxtpx:TrackPointExtension><gpxtpx:hr>144</gpxtpx:hr></gpxtpx:TrackPointExtension></extensions></trkpt>
      <trkpt lat="40.758851" lon="-73.991857"><ele>10.8</ele><time>2026-06-25T22:06:32.000Z</time><extensions><gpxtpx:TrackPointExtension><gpxtpx:hr>144</gpxtpx:hr></gpxtpx:TrackPointExtension></extensions></trkpt>
      <trkpt lat="40.758865" lon="-73.991884"><ele>10.8</ele><time>2026-06-25T22:06:33.000Z</time><extensions><gpxtpx:TrackPointExtension><gpxtpx:hr>144</gpxtpx:hr></gpxtpx:TrackPointExtension></extensions></trkpt>
      <trkpt lat="40.758877" lon="-73.991911"><ele>10.6</ele><time>2026-06-25T22:06:34.000Z</time><extensions><gpxtpx:TrackPointExtension><gpxtpx:hr>144</gpxtpx:hr></gpxtpx:TrackPointExtension></extensions></trkpt>
      <trkpt lat="40.758889" lon="-73.991939"><ele>10.6</ele><time>2026-06-25T22:06:35.000Z</time><extensions><gpxtpx:TrackPointExtension><gpxtpx:hr>144</gpxtpx:hr></gpxtpx:TrackPointExtension></extensions></trkpt>
      <trkpt lat="40.7589" lon="-73.991966"><ele>10.6</ele><time>2026-06-25T22:06:36.000Z</time><extensions><gpxtpx:TrackPointExtension><gpxtpx:hr>144</gpxtpx:hr></gpxtpx:TrackPointExtension></extensions></trkpt>
      <trkpt lat="40.758913" lon="-73.991992"><ele>10.4</ele><time>2026-06-25T22:06:37.000Z</time><extensions><gpxtpx:TrackPointExtension><gpxtpx:hr>144</gpxtpx:hr></gpxtpx:TrackPointExtension></extensions></trkpt>
      <trkpt lat="40.758928" lon="-73.992017"><ele>10.4</ele><time>2026-06-25T22:06:38.000Z</time><extensions><gpxtpx:TrackPointExtension><gpxtpx:hr>144</gpxtpx:hr></gpxtpx:TrackPointExtension></extensions></trkpt>
      <trkpt lat="40.758944" lon="-73.992041"><ele>10.2</ele><time>2026-06-25T22:06:39.000Z</time><extensions><gpxtpx:TrackPointExtension><gpxtpx:hr>144</gpxtpx:hr></gpxtpx:TrackPointExtension></extensions></trkpt>
      <trkpt lat="40.758962" lon="-73.992061"><ele>10.2</ele><time>2026-06-25T22:06:40.000Z</time><extensions><gpxtpx:TrackPointExtension><gpxtpx:hr>143</gpxtpx:hr></gpxtpx:TrackPointExtension></extensions></trkpt>
      <trkpt lat="40.758978" lon="-73.992079"><ele>10.2</ele><time>2026-06-25T22:06:41.000Z</time><extensions><gpxtpx:TrackPointExtension><gpxtpx:hr>143</gpxtpx:hr></gpxtpx:TrackPointExtension></extensions></trkpt>
      <trkpt lat="40.758992" lon="-73.992094"><ele>10.2</ele><time>2026-06-25T22:06:42.000Z</time><extensions><gpxtpx:TrackPointExtension><gpxtpx:hr>143</gpxtpx:hr></gpxtpx:TrackPointExtension></extensions></trkpt>
      <trkpt lat="40.759003" lon="-73.992106"><ele>10.2</ele><time>2026-06-25T22:06:43.000Z</time><extensions><gpxtpx:TrackPointExtension><gpxtpx:hr>143</gpxtpx:hr></gpxtpx:TrackPointExtension></extensions></trkpt>
      <trkpt lat="40.75901" lon="-73.992115"><ele>10.2</ele><time>2026-06-25T22:06:44.000Z</time><extensions><gpxtpx:TrackPointExtension><gpxtpx:hr>143</gpxtpx:hr></gpxtpx:TrackPointExtension></extensions></trkpt>
      <trkpt lat="40.759016" lon="-73.992121"><ele>10.2</ele><time>2026-06-25T22:06:45.000Z</time><extensions><gpxtpx:TrackPointExtension><gpxtpx:hr>143</gpxtpx:hr></gpxtpx:TrackPointExtension></extensions></trkpt>
      <trkpt lat="40.759019" lon="-73.992124"><ele>10.2</ele><time>2026-06-25T22:06:46.000Z</time><extensions><gpxtpx:TrackPointExtension><gpxtpx:hr>143</gpxtpx:hr></gpxtpx:TrackPointExtension></extensions></trkpt>
      <trkpt lat="40.759052" lon="-73.992163"><ele>10.2</ele><time>2026-06-25T22:07:04.000Z</time><extensions><gpxtpx:TrackPointExtension><gpxtpx:hr>143</gpxtpx:hr></gpxtpx:TrackPointExtension></extensions></trkpt>
      <trkpt lat="40.759059" lon="-73.992176"><ele>10.2</ele><time>2026-06-25T22:07:05.000Z</time><extensions><gpxtpx:TrackPointExtension><gpxtpx:hr>143</gpxtpx:hr></gpxtpx:TrackPointExtension></extensions></trkpt>
      <trkpt lat="40.759066" lon="-73.992189"><ele>10.2</ele><time>2026-06-25T22:07:06.000Z</time><extensions><gpxtpx:TrackPointExtension><gpxtpx:hr>143</gpxtpx:hr></gpxtpx:TrackPointExtension></extensions></trkpt>
      <trkpt lat="40.759074" lon="-73.992203"><ele>10.2</ele><time>2026-06-25T22:07:07.000Z</time><extensions><gpxtpx:TrackPointExtension><gpxtpx:hr>143</gpxtpx:hr></gpxtpx:TrackPointExtension></extensions></trkpt>
      <trkpt lat="40.759082" lon="-73.992218"><ele>10.2</ele><time>2026-06-25T22:07:08.000Z</time><extensions><gpxtpx:TrackPointExtension><gpxtpx:hr>128</gpxtpx:hr></gpxtpx:TrackPointExtension></extensions></trkpt>
      <trkpt lat="40.759091" lon="-73.992233"><ele>10.2</ele><time>2026-06-25T22:07:09.000Z</time><extensions><gpxtpx:TrackPointExtension><gpxtpx:hr>128</gpxtpx:hr></gpxtpx:TrackPointExtension></extensions></trkpt>
      <trkpt lat="40.759101" lon="-73.992249"><ele>10</ele><time>2026-06-25T22:07:10.000Z</time><extensions><gpxtpx:TrackPointExtension><gpxtpx:hr>128</gpxtpx:hr></gpxtpx:TrackPointExtension></extensions></trkpt>
      <trkpt lat="40.759114" lon="-73.99227"><ele>10</ele><time>2026-06-25T22:07:11.000Z</time><extensions><gpxtpx:TrackPointExtension><gpxtpx:hr>128</gpxtpx:hr></gpxtpx:TrackPointExtension></extensions></trkpt>
      <trkpt lat="40.759128" lon="-73.992294"><ele>10</ele><time>2026-06-25T22:07:12.000Z</time><extensions><gpxtpx:TrackPointExtension><gpxtpx:hr>128</gpxtpx:hr></gpxtpx:TrackPointExtension></extensions></trkpt>
      <trkpt lat="40.759143" lon="-73.992324"><ele>9.8</ele><time>2026-06-25T22:07:13.000Z</time><extensions><gpxtpx:TrackPointExtension><gpxtpx:hr>124</gpxtpx:hr></gpxtpx:TrackPointExtension></extensions></trkpt>
      <trkpt lat="40.759158" lon="-73.992358"><ele>9.8</ele><time>2026-06-25T22:07:14.000Z</time><extensions><gpxtpx:TrackPointExtension><gpxtpx:hr>124</gpxtpx:hr></gpxtpx:TrackPointExtension></extensions></trkpt>
      <trkpt lat="40.759173" lon="-73.992394"><ele>9.8</ele><time>2026-06-25T22:07:15.000Z</time><extensions><gpxtpx:TrackPointExtension><gpxtpx:hr>124</gpxtpx:hr></gpxtpx:TrackPointExtension></extensions></trkpt>
      <trkpt lat="40.759188" lon="-73.992431"><ele>9.8</ele><time>2026-06-25T22:07:16.000Z</time><extensions><gpxtpx:TrackPointExtension><gpxtpx:hr>124</gpxtpx:hr></gpxtpx:TrackPointExtension></extensions></trkpt>
      <trkpt lat="40.759201" lon="-73.992466"><ele>9.6</ele><time>2026-06-25T22:07:17.000Z</time><extensions><gpxtpx:TrackPointExtension><gpxtpx:hr>124</gpxtpx:hr></gpxtpx:TrackPointExtension></extensions></trkpt>
      <trkpt lat="40.759213" lon="-73.9925"><ele>9.6</ele><time>2026-06-25T22:07:18.000Z</time><extensions><gpxtpx:TrackPointExtension><gpxtpx:hr>124</gpxtpx:hr></gpxtpx:TrackPointExtension></extensions></trkpt>
      <trkpt lat="40.759225" lon="-73.992535"><ele>9.6</ele><time>2026-06-25T22:07:19.000Z</time><extensions><gpxtpx:TrackPointExtension><gpxtpx:hr>124</gpxtpx:hr></gpxtpx:TrackPointExtension></extensions></trkpt>
      <trkpt lat="40.759238" lon="-73.992571"><ele>9.6</ele><time>2026-06-25T22:07:20.000Z</time><extensions><gpxtpx:TrackPointExtension><gpxtpx:hr>124</gpxtpx:hr></gpxtpx:TrackPointExtension></extensions></trkpt>
      <trkpt lat="40.75925" lon="-73.992606"><ele>9.6</ele><time>2026-06-25T22:07:21.000Z</time><extensions><gpxtpx:TrackPointExtension><gpxtpx:hr>124</gpxtpx:hr></gpxtpx:TrackPointExtension></extensions></trkpt>
      <trkpt lat="40.759261" lon="-73.99264"><ele>9.4</ele><time>2026-06-25T22:07:22.000Z</time><extensions><gpxtpx:TrackPointExtension><gpxtpx:hr>124</gpxtpx:hr></gpxtpx:TrackPointExtension></extensions></trkpt>
      <trkpt lat="40.759271" lon="-73.992674"><ele>9.4</ele><time>2026-06-25T22:07:23.000Z</time><extensions><gpxtpx:TrackPointExtension><gpxtpx:hr>124</gpxtpx:hr></gpxtpx:TrackPointExtension></extensions></trkpt>
      <trkpt lat="40.759281" lon="-73.992708"><ele>9.4</ele><time>2026-06-25T22:07:24.000Z</time><extensions><gpxtpx:TrackPointExtension><gpxtpx:hr>129</gpxtpx:hr></gpxtpx:TrackPointExtension></extensions></trkpt>
      <trkpt lat="40.759289" lon="-73.992741"><ele>9.4</ele><time>2026-06-25T22:07:25.000Z</time><extensions><gpxtpx:TrackPointExtension><gpxtpx:hr>129</gpxtpx:hr></gpxtpx:TrackPointExtension></extensions></trkpt>
      <trkpt lat="40.759296" lon="-73.992773"><ele>9.4</ele><time>2026-06-25T22:07:26.000Z</time><extensions><gpxtpx:TrackPointExtension><gpxtpx:hr>129</gpxtpx:hr></gpxtpx:TrackPointExtension></extensions></trkpt>
      <trkpt lat="40.759303" lon="-73.992805"><ele>9.4</ele><time>2026-06-25T22:07:27.000Z</time><extensions><gpxtpx:TrackPointExtension><gpxtpx:hr>129</gpxtpx:hr></gpxtpx:TrackPointExtension></extensions></trkpt>
      <trkpt lat="40.759309" lon="-73.992836"><ele>9.4</ele><time>2026-06-25T22:07:28.000Z</time><extensions><gpxtpx:TrackPointExtension><gpxtpx:hr>132</gpxtpx:hr></gpxtpx:TrackPointExtension></extensions></trkpt>
      <trkpt lat="40.759316" lon="-73.992866"><ele>9.4</ele><time>2026-06-25T22:07:29.000Z</time><extensions><gpxtpx:TrackPointExtension><gpxtpx:hr>132</gpxtpx:hr></gpxtpx:TrackPointExtension></extensions></trkpt>
      <trkpt lat="40.759321" lon="-73.992897"><ele>9.4</ele><time>2026-06-25T22:07:30.000Z</time><extensions><gpxtpx:TrackPointExtension><gpxtpx:hr>132</gpxtpx:hr></gpxtpx:TrackPointExtension></extensions></trkpt>
      <trkpt lat="40.759327" lon="-73.992927"><ele>9.2</ele><time>2026-06-25T22:07:31.000Z</time><extensions><gpxtpx:TrackPointExtension><gpxtpx:hr>132</gpxtpx:hr></gpxtpx:TrackPointExtension></extensions></trkpt>
      <trkpt lat="40.759333" lon="-73.992958"><ele>9.2</ele><time>2026-06-25T22:07:32.000Z</time><extensions><gpxtpx:TrackPointExtension><gpxtpx:hr>132</gpxtpx:hr></gpxtpx:TrackPointExtension></extensions></trkpt>
      <trkpt lat="40.759339" lon="-73.992988"><ele>9.2</ele><time>2026-06-25T22:07:33.000Z</time><extensions><gpxtpx:TrackPointExtension><gpxtpx:hr>135</gpxtpx:hr></gpxtpx:TrackPointExtension></extensions></trkpt>
      <trkpt lat="40.759346" lon="-73.993018"><ele>9.2</ele><time>2026-06-25T22:07:34.000Z</time><extensions><gpxtpx:TrackPointExtension><gpxtpx:hr>135</gpxtpx:hr></gpxtpx:TrackPointExtension></extensions></trkpt>
      <trkpt lat="40.759354" lon="-73.993049"><ele>9.2</ele><time>2026-06-25T22:07:35.000Z</time><extensions><gpxtpx:TrackPointExtension><gpxtpx:hr>135</gpxtpx:hr></gpxtpx:TrackPointExtension></extensions></trkpt>
      <trkpt lat="40.759364" lon="-73.993078"><ele>9.2</ele><time>2026-06-25T22:07:36.000Z</time><extensions><gpxtpx:TrackPointExtension><gpxtpx:hr>135</gpxtpx:hr></gpxtpx:TrackPointExtension></extensions></trkpt>
      <trkpt lat="40.759375" lon="-73.993108"><ele>9.2</ele><time>2026-06-25T22:07:37.000Z</time><extensions><gpxtpx:TrackPointExtension><gpxtpx:hr>135</gpxtpx:hr></gpxtpx:TrackPointExtension></extensions></trkpt>
      <trkpt lat="40.759386" lon="-73.993137"><ele>9</ele><time>2026-06-25T22:07:38.000Z</time><extensions><gpxtpx:TrackPointExtension><gpxtpx:hr>135</gpxtpx:hr></gpxtpx:TrackPointExtension></extensions></trkpt>
      <trkpt lat="40.759398" lon="-73.993166"><ele>9</ele><time>2026-06-25T22:07:39.000Z</time><extensions><gpxtpx:TrackPointExtension><gpxtpx:hr>135</gpxtpx:hr></gpxtpx:TrackPointExtension></extensions></trkpt>
      <trkpt lat="40.759411" lon="-73.993194"><ele>9</ele><time>2026-06-25T22:07:40.000Z</time><extensions><gpxtpx:TrackPointExtension><gpxtpx:hr>135</gpxtpx:hr></gpxtpx:TrackPointExtension></extensions></trkpt>
      <trkpt lat="40.759424" lon="-73.993221"><ele>9</ele><time>2026-06-25T22:07:41.000Z</time><extensions><gpxtpx:TrackPointExtension><gpxtpx:hr>135</gpxtpx:hr></gpxtpx:TrackPointExtension></extensions></trkpt>
      <trkpt lat="40.759438" lon="-73.993249"><ele>9</ele><time>2026-06-25T22:07:42.000Z</time><extensions><gpxtpx:TrackPointExtension><gpxtpx:hr>135</gpxtpx:hr></gpxtpx:TrackPointExtension></extensions></trkpt>
      <trkpt lat="40.759452" lon="-73.993276"><ele>9</ele><time>2026-06-25T22:07:43.000Z</time><extensions><gpxtpx:TrackPointExtension><gpxtpx:hr>136</gpxtpx:hr></gpxtpx:TrackPointExtension></extensions></trkpt>
      <trkpt lat="40.759466" lon="-73.993304"><ele>9</ele><time>2026-06-25T22:07:44.000Z</time><extensions><gpxtpx:TrackPointExtension><gpxtpx:hr>136</gpxtpx:hr></gpxtpx:TrackPointExtension></extensions></trkpt>
      <trkpt lat="40.75948" lon="-73.993331"><ele>9</ele><time>2026-06-25T22:07:45.000Z</time><extensions><gpxtpx:TrackPointExtension><gpxtpx:hr>136</gpxtpx:hr></gpxtpx:TrackPointExtension></extensions></trkpt>
      <trkpt lat="40.759509" lon="-73.993384"><ele>8.8</ele><time>2026-06-25T22:07:46.000Z</time><extensions><gpxtpx:TrackPointExtension><gpxtpx:hr>136</gpxtpx:hr></gpxtpx:TrackPointExtension></extensions></trkpt>
      <trkpt lat="40.759523" lon="-73.993411"><ele>8.8</ele><time>2026-06-25T22:07:47.000Z</time><extensions><gpxtpx:TrackPointExtension><gpxtpx:hr>136</gpxtpx:hr></gpxtpx:TrackPointExtension></extensions></trkpt>
      <trkpt lat="40.759537" lon="-73.993437"><ele>8.8</ele><time>2026-06-25T22:07:48.000Z</time><extensions><gpxtpx:TrackPointExtension><gpxtpx:hr>136</gpxtpx:hr></gpxtpx:TrackPointExtension></extensions></trkpt>
      <trkpt lat="40.75955" lon="-73.993464"><ele>8.8</ele><time>2026-06-25T22:07:49.000Z</time><extensions><gpxtpx:TrackPointExtension><gpxtpx:hr>136</gpxtpx:hr></gpxtpx:TrackPointExtension></extensions></trkpt>
      <trkpt lat="40.759564" lon="-73.99349"><ele>8.8</ele><time>2026-06-25T22:07:50.000Z</time><extensions><gpxtpx:TrackPointExtension><gpxtpx:hr>136</gpxtpx:hr></gpxtpx:TrackPointExtension></extensions></trkpt>
      <trkpt lat="40.759577" lon="-73.993516"><ele>8.8</ele><time>2026-06-25T22:07:51.000Z</time><extensions><gpxtpx:TrackPointExtension><gpxtpx:hr>136</gpxtpx:hr></gpxtpx:TrackPointExtension></extensions></trkpt>
      <trkpt lat="40.75959" lon="-73.993543"><ele>8.6</ele><time>2026-06-25T22:07:52.000Z</time><extensions><gpxtpx:TrackPointExtension><gpxtpx:hr>135</gpxtpx:hr></gpxtpx:TrackPointExtension></extensions></trkpt>
      <trkpt lat="40.759602" lon="-73.993569"><ele>8.6</ele><time>2026-06-25T22:07:53.000Z</time><extensions><gpxtpx:TrackPointExtension><gpxtpx:hr>135</gpxtpx:hr></gpxtpx:TrackPointExtension></extensions></trkpt>
      <trkpt lat="40.759614" lon="-73.993596"><ele>8.6</ele><time>2026-06-25T22:07:54.000Z</time><extensions><gpxtpx:TrackPointExtension><gpxtpx:hr>135</gpxtpx:hr></gpxtpx:TrackPointExtension></extensions></trkpt>
      <trkpt lat="40.759626" lon="-73.993624"><ele>8.6</ele><time>2026-06-25T22:07:55.000Z</time><extensions><gpxtpx:TrackPointExtension><gpxtpx:hr>135</gpxtpx:hr></gpxtpx:TrackPointExtension></extensions></trkpt>
      <trkpt lat="40.759637" lon="-73.993652"><ele>8.6</ele><time>2026-06-25T22:07:56.000Z</time><extensions><gpxtpx:TrackPointExtension><gpxtpx:hr>135</gpxtpx:hr></gpxtpx:TrackPointExtension></extensions></trkpt>
      <trkpt lat="40.759647" lon="-73.993681"><ele>8.6</ele><time>2026-06-25T22:07:57.000Z</time><extensions><gpxtpx:TrackPointExtension><gpxtpx:hr>135</gpxtpx:hr></gpxtpx:TrackPointExtension></extensions></trkpt>
      <trkpt lat="40.759656" lon="-73.993711"><ele>8.6</ele><time>2026-06-25T22:07:58.000Z</time><extensions><gpxtpx:TrackPointExtension><gpxtpx:hr>135</gpxtpx:hr></gpxtpx:TrackPointExtension></extensions></trkpt>
      <trkpt lat="40.759665" lon="-73.993742"><ele>8.6</ele><time>2026-06-25T22:07:59.000Z</time><extensions><gpxtpx:TrackPointExtension><gpxtpx:hr>135</gpxtpx:hr></gpxtpx:TrackPointExtension></extensions></trkpt>
      <trkpt lat="40.759672" lon="-73.993773"><ele>8.6</ele><time>2026-06-25T22:08:00.000Z</time><extensions><gpxtpx:TrackPointExtension><gpxtpx:hr>136</gpxtpx:hr></gpxtpx:TrackPointExtension></extensions></trkpt>
      <trkpt lat="40.75968" lon="-73.993803"><ele>8.4</ele><time>2026-06-25T22:08:01.000Z</time><extensions><gpxtpx:TrackPointExtension><gpxtpx:hr>136</gpxtpx:hr></gpxtpx:TrackPointExtension></extensions></trkpt>
      <trkpt lat="40.759687" lon="-73.993834"><ele>8.4</ele><time>2026-06-25T22:08:02.000Z</time><extensions><gpxtpx:TrackPointExtension><gpxtpx:hr>136</gpxtpx:hr></gpxtpx:TrackPointExtension></extensions></trkpt>
      <trkpt lat="40.759694" lon="-73.993865"><ele>8.4</ele><time>2026-06-25T22:08:03.000Z</time><extensions><gpxtpx:TrackPointExtension><gpxtpx:hr>137</gpxtpx:hr></gpxtpx:TrackPointExtension></extensions></trkpt>
      <trkpt lat="40.759702" lon="-73.993896"><ele>8.4</ele><time>2026-06-25T22:08:04.000Z</time><extensions><gpxtpx:TrackPointExtension><gpxtpx:hr>137</gpxtpx:hr></gpxtpx:TrackPointExtension></extensions></trkpt>
      <trkpt lat="40.75971" lon="-73.993927"><ele>8.4</ele><time>2026-06-25T22:08:05.000Z</time><extensions><gpxtpx:TrackPointExtension><gpxtpx:hr>137</gpxtpx:hr></gpxtpx:TrackPointExtension></extensions></trkpt>
      <trkpt lat="40.75972" lon="-73.993958"><ele>8.4</ele><time>2026-06-25T22:08:06.000Z</time><extensions><gpxtpx:TrackPointExtension><gpxtpx:hr>137</gpxtpx:hr></gpxtpx:TrackPointExtension></extensions></trkpt>
      <trkpt lat="40.759729" lon="-73.993989"><ele>8.4</ele><time>2026-06-25T22:08:07.000Z</time><extensions><gpxtpx:TrackPointExtension><gpxtpx:hr>137</gpxtpx:hr></gpxtpx:TrackPointExtension></extensions></trkpt>
      <trkpt lat="40.75974" lon="-73.994019"><ele>8.4</ele><time>2026-06-25T22:08:08.000Z</time><extensions><gpxtpx:TrackPointExtension><gpxtpx:hr>136</gpxtpx:hr></gpxtpx:TrackPointExtension></extensions></trkpt>
      <trkpt lat="40.759751" lon="-73.994048"><ele>8.4</ele><time>2026-06-25T22:08:09.000Z</time><extensions><gpxtpx:TrackPointExtension><gpxtpx:hr>136</gpxtpx:hr></gpxtpx:TrackPointExtension></extensions></trkpt>
      <trkpt lat="40.759763" lon="-73.994078"><ele>8.4</ele><time>2026-06-25T22:08:10.000Z</time><extensions><gpxtpx:TrackPointExtension><gpxtpx:hr>136</gpxtpx:hr></gpxtpx:TrackPointExtension></extensions></trkpt>
      <trkpt lat="40.759776" lon="-73.994108"><ele>8.4</ele><time>2026-06-25T22:08:11.000Z</time><extensions><gpxtpx:TrackPointExtension><gpxtpx:hr>136</gpxtpx:hr></gpxtpx:TrackPointExtension></extensions></trkpt>
      <trkpt lat="40.759789" lon="-73.994138"><ele>8.4</ele><time>2026-06-25T22:08:12.000Z</time><extensions><gpxtpx:TrackPointExtension><gpxtpx:hr>136</gpxtpx:hr></gpxtpx:TrackPointExtension></extensions></trkpt>
      <trkpt lat="40.759802" lon="-73.994168"><ele>8.4</ele><time>2026-06-25T22:08:13.000Z</time><extensions><gpxtpx:TrackPointExtension><gpxtpx:hr>136</gpxtpx:hr></gpxtpx:TrackPointExtension></extensions></trkpt>
      <trkpt lat="40.759816" lon="-73.994198"><ele>8.2</ele><time>2026-06-25T22:08:14.000Z</time><extensions><gpxtpx:TrackPointExtension><gpxtpx:hr>136</gpxtpx:hr></gpxtpx:TrackPointExtension></extensions></trkpt>
      <trkpt lat="40.759829" lon="-73.994228"><ele>8.2</ele><time>2026-06-25T22:08:15.000Z</time><extensions><gpxtpx:TrackPointExtension><gpxtpx:hr>136</gpxtpx:hr></gpxtpx:TrackPointExtension></extensions></trkpt>
      <trkpt lat="40.759843" lon="-73.994257"><ele>8.2</ele><time>2026-06-25T22:08:16.000Z</time><extensions><gpxtpx:TrackPointExtension><gpxtpx:hr>136</gpxtpx:hr></gpxtpx:TrackPointExtension></extensions></trkpt>
      <trkpt lat="40.759857" lon="-73.994287"><ele>8.2</ele><time>2026-06-25T22:08:17.000Z</time><extensions><gpxtpx:TrackPointExtension><gpxtpx:hr>137</gpxtpx:hr></gpxtpx:TrackPointExtension></extensions></trkpt>
      <trkpt lat="40.75987" lon="-73.994317"><ele>8.2</ele><time>2026-06-25T22:08:18.000Z</time><extensions><gpxtpx:TrackPointExtension><gpxtpx:hr>137</gpxtpx:hr></gpxtpx:TrackPointExtension></extensions></trkpt>
      <trkpt lat="40.759884" lon="-73.994346"><ele>8.2</ele><time>2026-06-25T22:08:19.000Z</time><extensions><gpxtpx:TrackPointExtension><gpxtpx:hr>137</gpxtpx:hr></gpxtpx:TrackPointExtension></extensions></trkpt>
      <trkpt lat="40.759897" lon="-73.994376"><ele>8.2</ele><time>2026-06-25T22:08:20.000Z</time><extensions><gpxtpx:TrackPointExtension><gpxtpx:hr>137</gpxtpx:hr></gpxtpx:TrackPointExtension></extensions></trkpt>
      <trkpt lat="40.75991" lon="-73.994407"><ele>8.2</ele><time>2026-06-25T22:08:21.000Z</time><extensions><gpxtpx:TrackPointExtension><gpxtpx:hr>137</gpxtpx:hr></gpxtpx:TrackPointExtension></extensions></trkpt>
      <trkpt lat="40.759924" lon="-73.994437"><ele>8.2</ele><time>2026-06-25T22:08:22.000Z</time><extensions><gpxtpx:TrackPointExtension><gpxtpx:hr>137</gpxtpx:hr></gpxtpx:TrackPointExtension></extensions></trkpt>
      <trkpt lat="40.759936" lon="-73.994467"><ele>8</ele><time>2026-06-25T22:08:23.000Z</time><extensions><gpxtpx:TrackPointExtension><gpxtpx:hr>137</gpxtpx:hr></gpxtpx:TrackPointExtension></extensions></trkpt>
      <trkpt lat="40.759949" lon="-73.994498"><ele>8</ele><time>2026-06-25T22:08:24.000Z</time><extensions><gpxtpx:TrackPointExtension><gpxtpx:hr>137</gpxtpx:hr></gpxtpx:TrackPointExtension></extensions></trkpt>
      <trkpt lat="40.759961" lon="-73.994528"><ele>8</ele><time>2026-06-25T22:08:25.000Z</time><extensions><gpxtpx:TrackPointExtension><gpxtpx:hr>137</gpxtpx:hr></gpxtpx:TrackPointExtension></extensions></trkpt>
      <trkpt lat="40.759973" lon="-73.994558"><ele>8</ele><time>2026-06-25T22:08:26.000Z</time><extensions><gpxtpx:TrackPointExtension><gpxtpx:hr>137</gpxtpx:hr></gpxtpx:TrackPointExtension></extensions></trkpt>
      <trkpt lat="40.759984" lon="-73.994587"><ele>8</ele><time>2026-06-25T22:08:27.000Z</time><extensions><gpxtpx:TrackPointExtension><gpxtpx:hr>137</gpxtpx:hr></gpxtpx:TrackPointExtension></extensions></trkpt>
      <trkpt lat="40.759994" lon="-73.994615"><ele>8</ele><time>2026-06-25T22:08:28.000Z</time><extensions><gpxtpx:TrackPointExtension><gpxtpx:hr>137</gpxtpx:hr></gpxtpx:TrackPointExtension></extensions></trkpt>
      <trkpt lat="40.760004" lon="-73.994644"><ele>8</ele><time>2026-06-25T22:08:29.000Z</time><extensions><gpxtpx:TrackPointExtension><gpxtpx:hr>137</gpxtpx:hr></gpxtpx:TrackPointExtension></extensions></trkpt>
      <trkpt lat="40.760014" lon="-73.994673"><ele>8</ele><time>2026-06-25T22:08:30.000Z</time><extensions><gpxtpx:TrackPointExtension><gpxtpx:hr>137</gpxtpx:hr></gpxtpx:TrackPointExtension></extensions></trkpt>
      <trkpt lat="40.760024" lon="-73.994701"><ele>7.8</ele><time>2026-06-25T22:08:31.000Z</time><extensions><gpxtpx:TrackPointExtension><gpxtpx:hr>137</gpxtpx:hr></gpxtpx:TrackPointExtension></extensions></trkpt>
      <trkpt lat="40.760034" lon="-73.99473"><ele>7.8</ele><time>2026-06-25T22:08:32.000Z</time><extensions><gpxtpx:TrackPointExtension><gpxtpx:hr>136</gpxtpx:hr></gpxtpx:TrackPointExtension></extensions></trkpt>
      <trkpt lat="40.760045" lon="-73.994758"><ele>7.8</ele><time>2026-06-25T22:08:33.000Z</time><extensions><gpxtpx:TrackPointExtension><gpxtpx:hr>136</gpxtpx:hr></gpxtpx:TrackPointExtension></extensions></trkpt>
      <trkpt lat="40.760056" lon="-73.994785"><ele>7.8</ele><time>2026-06-25T22:08:34.000Z</time><extensions><gpxtpx:TrackPointExtension><gpxtpx:hr>136</gpxtpx:hr></gpxtpx:TrackPointExtension></extensions></trkpt>
      <trkpt lat="40.760067" lon="-73.994812"><ele>7.8</ele><time>2026-06-25T22:08:35.000Z</time><extensions><gpxtpx:TrackPointExtension><gpxtpx:hr>136</gpxtpx:hr></gpxtpx:TrackPointExtension></extensions></trkpt>
      <trkpt lat="40.76008" lon="-73.994837"><ele>7.8</ele><time>2026-06-25T22:08:36.000Z</time><extensions><gpxtpx:TrackPointExtension><gpxtpx:hr>136</gpxtpx:hr></gpxtpx:TrackPointExtension></extensions></trkpt>
      <trkpt lat="40.760093" lon="-73.994863"><ele>7.8</ele><time>2026-06-25T22:08:37.000Z</time><extensions><gpxtpx:TrackPointExtension><gpxtpx:hr>136</gpxtpx:hr></gpxtpx:TrackPointExtension></extensions></trkpt>
      <trkpt lat="40.760108" lon="-73.994888"><ele>7.6</ele><time>2026-06-25T22:08:38.000Z</time><extensions><gpxtpx:TrackPointExtension><gpxtpx:hr>138</gpxtpx:hr></gpxtpx:TrackPointExtension></extensions></trkpt>
      <trkpt lat="40.760124" lon="-73.994913"><ele>7.6</ele><time>2026-06-25T22:08:39.000Z</time><extensions><gpxtpx:TrackPointExtension><gpxtpx:hr>138</gpxtpx:hr></gpxtpx:TrackPointExtension></extensions></trkpt>
      <trkpt lat="40.760142" lon="-73.994939"><ele>7.6</ele><time>2026-06-25T22:08:40.000Z</time><extensions><gpxtpx:TrackPointExtension><gpxtpx:hr>138</gpxtpx:hr></gpxtpx:TrackPointExtension></extensions></trkpt>
      <trkpt lat="40.76016" lon="-73.994965"><ele>7.6</ele><time>2026-06-25T22:08:41.000Z</time><extensions><gpxtpx:TrackPointExtension><gpxtpx:hr>138</gpxtpx:hr></gpxtpx:TrackPointExtension></extensions></trkpt>
      <trkpt lat="40.76018" lon="-73.994991"><ele>7.6</ele><time>2026-06-25T22:08:42.000Z</time><extensions><gpxtpx:TrackPointExtension><gpxtpx:hr>138</gpxtpx:hr></gpxtpx:TrackPointExtension></extensions></trkpt>
      <trkpt lat="40.7602" lon="-73.995016"><ele>7.8</ele><time>2026-06-25T22:08:43.000Z</time><extensions><gpxtpx:TrackPointExtension><gpxtpx:hr>140</gpxtpx:hr></gpxtpx:TrackPointExtension></extensions></trkpt>
      <trkpt lat="40.76022" lon="-73.99504"><ele>7.8</ele><time>2026-06-25T22:08:44.000Z</time><extensions><gpxtpx:TrackPointExtension><gpxtpx:hr>140</gpxtpx:hr></gpxtpx:TrackPointExtension></extensions></trkpt>
      <trkpt lat="40.760241" lon="-73.995065"><ele>7.8</ele><time>2026-06-25T22:08:45.000Z</time><extensions><gpxtpx:TrackPointExtension><gpxtpx:hr>140</gpxtpx:hr></gpxtpx:TrackPointExtension></extensions></trkpt>
      <trkpt lat="40.760262" lon="-73.995088"><ele>7.8</ele><time>2026-06-25T22:08:46.000Z</time><extensions><gpxtpx:TrackPointExtension><gpxtpx:hr>140</gpxtpx:hr></gpxtpx:TrackPointExtension></extensions></trkpt>
      <trkpt lat="40.760283" lon="-73.995112"><ele>7.8</ele><time>2026-06-25T22:08:47.000Z</time><extensions><gpxtpx:TrackPointExtension><gpxtpx:hr>140</gpxtpx:hr></gpxtpx:TrackPointExtension></extensions></trkpt>
      <trkpt lat="40.760304" lon="-73.995135"><ele>7.8</ele><time>2026-06-25T22:08:48.000Z</time><extensions><gpxtpx:TrackPointExtension><gpxtpx:hr>142</gpxtpx:hr></gpxtpx:TrackPointExtension></extensions></trkpt>
      <trkpt lat="40.760325" lon="-73.995158"><ele>7.8</ele><time>2026-06-25T22:08:49.000Z</time><extensions><gpxtpx:TrackPointExtension><gpxtpx:hr>142</gpxtpx:hr></gpxtpx:TrackPointExtension></extensions></trkpt>
      <trkpt lat="40.760346" lon="-73.995181"><ele>7.6</ele><time>2026-06-25T22:08:50.000Z</time><extensions><gpxtpx:TrackPointExtension><gpxtpx:hr>142</gpxtpx:hr></gpxtpx:TrackPointExtension></extensions></trkpt>
      <trkpt lat="40.760368" lon="-73.995205"><ele>7.6</ele><time>2026-06-25T22:08:51.000Z</time><extensions><gpxtpx:TrackPointExtension><gpxtpx:hr>142</gpxtpx:hr></gpxtpx:TrackPointExtension></extensions></trkpt>
      <trkpt lat="40.760391" lon="-73.995229"><ele>7.6</ele><time>2026-06-25T22:08:52.000Z</time><extensions><gpxtpx:TrackPointExtension><gpxtpx:hr>142</gpxtpx:hr></gpxtpx:TrackPointExtension></extensions></trkpt>
      <trkpt lat="40.760414" lon="-73.995253"><ele>7.4</ele><time>2026-06-25T22:08:53.000Z</time><extensions><gpxtpx:TrackPointExtension><gpxtpx:hr>144</gpxtpx:hr></gpxtpx:TrackPointExtension></extensions></trkpt>
      <trkpt lat="40.760438" lon="-73.995277"><ele>7.4</ele><time>2026-06-25T22:08:54.000Z</time><extensions><gpxtpx:TrackPointExtension><gpxtpx:hr>144</gpxtpx:hr></gpxtpx:TrackPointExtension></extensions></trkpt>
      <trkpt lat="40.760462" lon="-73.995301"><ele>7.4</ele><time>2026-06-25T22:08:55.000Z</time><extensions><gpxtpx:TrackPointExtension><gpxtpx:hr>144</gpxtpx:hr></gpxtpx:TrackPointExtension></extensions></trkpt>
      <trkpt lat="40.760488" lon="-73.995325"><ele>7.2</ele><time>2026-06-25T22:08:56.000Z</time><extensions><gpxtpx:TrackPointExtension><gpxtpx:hr>144</gpxtpx:hr></gpxtpx:TrackPointExtension></extensions></trkpt>
      <trkpt lat="40.760514" lon="-73.99535"><ele>7.2</ele><time>2026-06-25T22:08:57.000Z</time><extensions><gpxtpx:TrackPointExtension><gpxtpx:hr>144</gpxtpx:hr></gpxtpx:TrackPointExtension></extensions></trkpt>
      <trkpt lat="40.760539" lon="-73.995375"><ele>7.2</ele><time>2026-06-25T22:08:58.000Z</time><extensions><gpxtpx:TrackPointExtension><gpxtpx:hr>144</gpxtpx:hr></gpxtpx:TrackPointExtension></extensions></trkpt>
      <trkpt lat="40.760563" lon="-73.995401"><ele>7</ele><time>2026-06-25T22:08:59.000Z</time><extensions><gpxtpx:TrackPointExtension><gpxtpx:hr>144</gpxtpx:hr></gpxtpx:TrackPointExtension></extensions></trkpt>
      <trkpt lat="40.760586" lon="-73.995428"><ele>7</ele><time>2026-06-25T22:09:00.000Z</time><extensions><gpxtpx:TrackPointExtension><gpxtpx:hr>144</gpxtpx:hr></gpxtpx:TrackPointExtension></extensions></trkpt>
      <trkpt lat="40.760607" lon="-73.995457"><ele>7</ele><time>2026-06-25T22:09:01.000Z</time><extensions><gpxtpx:TrackPointExtension><gpxtpx:hr>144</gpxtpx:hr></gpxtpx:TrackPointExtension></extensions></trkpt>
      <trkpt lat="40.760627" lon="-73.995487"><ele>6.8</ele><time>2026-06-25T22:09:02.000Z</time><extensions><gpxtpx:TrackPointExtension><gpxtpx:hr>144</gpxtpx:hr></gpxtpx:TrackPointExtension></extensions></trkpt>
      <trkpt lat="40.760645" lon="-73.995518"><ele>6.8</ele><time>2026-06-25T22:09:03.000Z</time><extensions><gpxtpx:TrackPointExtension><gpxtpx:hr>144</gpxtpx:hr></gpxtpx:TrackPointExtension></extensions></trkpt>
      <trkpt lat="40.760661" lon="-73.99555"><ele>6.8</ele><time>2026-06-25T22:09:04.000Z</time><extensions><gpxtpx:TrackPointExtension><gpxtpx:hr>144</gpxtpx:hr></gpxtpx:TrackPointExtension></extensions></trkpt>
      <trkpt lat="40.760676" lon="-73.995584"><ele>6.6</ele><time>2026-06-25T22:09:05.000Z</time><extensions><gpxtpx:TrackPointExtension><gpxtpx:hr>144</gpxtpx:hr></gpxtpx:TrackPointExtension></extensions></trkpt>
      <trkpt lat="40.760691" lon="-73.995617"><ele>6.6</ele><time>2026-06-25T22:09:06.000Z</time><extensions><gpxtpx:TrackPointExtension><gpxtpx:hr>144</gpxtpx:hr></gpxtpx:TrackPointExtension></extensions></trkpt>
      <trkpt lat="40.760704" lon="-73.99565"><ele>6.6</ele><time>2026-06-25T22:09:07.000Z</time><extensions><gpxtpx:TrackPointExtension><gpxtpx:hr>144</gpxtpx:hr></gpxtpx:TrackPointExtension></extensions></trkpt>
      <trkpt lat="40.760718" lon="-73.995684"><ele>6.6</ele><time>2026-06-25T22:09:08.000Z</time><extensions><gpxtpx:TrackPointExtension><gpxtpx:hr>144</gpxtpx:hr></gpxtpx:TrackPointExtension></extensions></trkpt>
      <trkpt lat="40.76073" lon="-73.995717"><ele>6.6</ele><time>2026-06-25T22:09:09.000Z</time><extensions><gpxtpx:TrackPointExtension><gpxtpx:hr>144</gpxtpx:hr></gpxtpx:TrackPointExtension></extensions></trkpt>
      <trkpt lat="40.760742" lon="-73.99575"><ele>6.4</ele><time>2026-06-25T22:09:10.000Z</time><extensions><gpxtpx:TrackPointExtension><gpxtpx:hr>144</gpxtpx:hr></gpxtpx:TrackPointExtension></extensions></trkpt>
      <trkpt lat="40.760753" lon="-73.995784"><ele>6.4</ele><time>2026-06-25T22:09:11.000Z</time><extensions><gpxtpx:TrackPointExtension><gpxtpx:hr>144</gpxtpx:hr></gpxtpx:TrackPointExtension></extensions></trkpt>
      <trkpt lat="40.760764" lon="-73.995818"><ele>6.4</ele><time>2026-06-25T22:09:12.000Z</time><extensions><gpxtpx:TrackPointExtension><gpxtpx:hr>144</gpxtpx:hr></gpxtpx:TrackPointExtension></extensions></trkpt>
      <trkpt lat="40.760773" lon="-73.995851"><ele>6.4</ele><time>2026-06-25T22:09:13.000Z</time><extensions><gpxtpx:TrackPointExtension><gpxtpx:hr>144</gpxtpx:hr></gpxtpx:TrackPointExtension></extensions></trkpt>
      <trkpt lat="40.760782" lon="-73.995884"><ele>6.4</ele><time>2026-06-25T22:09:14.000Z</time><extensions><gpxtpx:TrackPointExtension><gpxtpx:hr>144</gpxtpx:hr></gpxtpx:TrackPointExtension></extensions></trkpt>
      <trkpt lat="40.76079" lon="-73.995917"><ele>6.2</ele><time>2026-06-25T22:09:15.000Z</time><extensions><gpxtpx:TrackPointExtension><gpxtpx:hr>144</gpxtpx:hr></gpxtpx:TrackPointExtension></extensions></trkpt>
      <trkpt lat="40.760797" lon="-73.995949"><ele>6.2</ele><time>2026-06-25T22:09:16.000Z</time><extensions><gpxtpx:TrackPointExtension><gpxtpx:hr>144</gpxtpx:hr></gpxtpx:TrackPointExtension></extensions></trkpt>
      <trkpt lat="40.760805" lon="-73.995981"><ele>6.2</ele><time>2026-06-25T22:09:17.000Z</time><extensions><gpxtpx:TrackPointExtension><gpxtpx:hr>144</gpxtpx:hr></gpxtpx:TrackPointExtension></extensions></trkpt>
      <trkpt lat="40.760813" lon="-73.996012"><ele>6.2</ele><time>2026-06-25T22:09:18.000Z</time><extensions><gpxtpx:TrackPointExtension><gpxtpx:hr>144</gpxtpx:hr></gpxtpx:TrackPointExtension></extensions></trkpt>
      <trkpt lat="40.760821" lon="-73.996043"><ele>6.2</ele><time>2026-06-25T22:09:19.000Z</time><extensions><gpxtpx:TrackPointExtension><gpxtpx:hr>144</gpxtpx:hr></gpxtpx:TrackPointExtension></extensions></trkpt>
      <trkpt lat="40.760829" lon="-73.996074"><ele>6.2</ele><time>2026-06-25T22:09:20.000Z</time><extensions><gpxtpx:TrackPointExtension><gpxtpx:hr>144</gpxtpx:hr></gpxtpx:TrackPointExtension></extensions></trkpt>
      <trkpt lat="40.760837" lon="-73.996105"><ele>6</ele><time>2026-06-25T22:09:21.000Z</time><extensions><gpxtpx:TrackPointExtension><gpxtpx:hr>144</gpxtpx:hr></gpxtpx:TrackPointExtension></extensions></trkpt>
      <trkpt lat="40.760846" lon="-73.996135"><ele>6</ele><time>2026-06-25T22:09:22.000Z</time><extensions><gpxtpx:TrackPointExtension><gpxtpx:hr>144</gpxtpx:hr></gpxtpx:TrackPointExtension></extensions></trkpt>
      <trkpt lat="40.760854" lon="-73.996165"><ele>6</ele><time>2026-06-25T22:09:23.000Z</time><extensions><gpxtpx:TrackPointExtension><gpxtpx:hr>144</gpxtpx:hr></gpxtpx:TrackPointExtension></extensions></trkpt>
      <trkpt lat="40.760864" lon="-73.996194"><ele>6</ele><time>2026-06-25T22:09:24.000Z</time><extensions><gpxtpx:TrackPointExtension><gpxtpx:hr>144</gpxtpx:hr></gpxtpx:TrackPointExtension></extensions></trkpt>
      <trkpt lat="40.760873" lon="-73.996224"><ele>6</ele><time>2026-06-25T22:09:25.000Z</time><extensions><gpxtpx:TrackPointExtension><gpxtpx:hr>144</gpxtpx:hr></gpxtpx:TrackPointExtension></extensions></trkpt>
      <trkpt lat="40.760883" lon="-73.996253"><ele>6</ele><time>2026-06-25T22:09:26.000Z</time><extensions><gpxtpx:TrackPointExtension><gpxtpx:hr>144</gpxtpx:hr></gpxtpx:TrackPointExtension></extensions></trkpt>
      <trkpt lat="40.760893" lon="-73.996282"><ele>6</ele><time>2026-06-25T22:09:27.000Z</time><extensions><gpxtpx:TrackPointExtension><gpxtpx:hr>144</gpxtpx:hr></gpxtpx:TrackPointExtension></extensions></trkpt>
      <trkpt lat="40.760903" lon="-73.996311"><ele>6</ele><time>2026-06-25T22:09:28.000Z</time><extensions><gpxtpx:TrackPointExtension><gpxtpx:hr>145</gpxtpx:hr></gpxtpx:TrackPointExtension></extensions></trkpt>
      <trkpt lat="40.760913" lon="-73.996339"><ele>6</ele><time>2026-06-25T22:09:29.000Z</time><extensions><gpxtpx:TrackPointExtension><gpxtpx:hr>145</gpxtpx:hr></gpxtpx:TrackPointExtension></extensions></trkpt>
      <trkpt lat="40.760924" lon="-73.996367"><ele>5.8</ele><time>2026-06-25T22:09:30.000Z</time><extensions><gpxtpx:TrackPointExtension><gpxtpx:hr>145</gpxtpx:hr></gpxtpx:TrackPointExtension></extensions></trkpt>
      <trkpt lat="40.760934" lon="-73.996394"><ele>5.8</ele><time>2026-06-25T22:09:31.000Z</time><extensions><gpxtpx:TrackPointExtension><gpxtpx:hr>145</gpxtpx:hr></gpxtpx:TrackPointExtension></extensions></trkpt>
      <trkpt lat="40.760945" lon="-73.996422"><ele>5.8</ele><time>2026-06-25T22:09:32.000Z</time><extensions><gpxtpx:TrackPointExtension><gpxtpx:hr>145</gpxtpx:hr></gpxtpx:TrackPointExtension></extensions></trkpt>
      <trkpt lat="40.760955" lon="-73.996449"><ele>5.8</ele><time>2026-06-25T22:09:33.000Z</time><extensions><gpxtpx:TrackPointExtension><gpxtpx:hr>145</gpxtpx:hr></gpxtpx:TrackPointExtension></extensions></trkpt>
      <trkpt lat="40.760966" lon="-73.996476"><ele>5.8</ele><time>2026-06-25T22:09:34.000Z</time><extensions><gpxtpx:TrackPointExtension><gpxtpx:hr>145</gpxtpx:hr></gpxtpx:TrackPointExtension></extensions></trkpt>
      <trkpt lat="40.760977" lon="-73.996502"><ele>5.6</ele><time>2026-06-25T22:09:35.000Z</time><extensions><gpxtpx:TrackPointExtension><gpxtpx:hr>145</gpxtpx:hr></gpxtpx:TrackPointExtension></extensions></trkpt>
      <trkpt lat="40.760988" lon="-73.996529"><ele>5.6</ele><time>2026-06-25T22:09:36.000Z</time><extensions><gpxtpx:TrackPointExtension><gpxtpx:hr>145</gpxtpx:hr></gpxtpx:TrackPointExtension></extensions></trkpt>
      <trkpt lat="40.760998" lon="-73.996555"><ele>5.6</ele><time>2026-06-25T22:09:37.000Z</time><extensions><gpxtpx:TrackPointExtension><gpxtpx:hr>145</gpxtpx:hr></gpxtpx:TrackPointExtension></extensions></trkpt>
      <trkpt lat="40.761009" lon="-73.996582"><ele>5.6</ele><time>2026-06-25T22:09:38.000Z</time><extensions><gpxtpx:TrackPointExtension><gpxtpx:hr>145</gpxtpx:hr></gpxtpx:TrackPointExtension></extensions></trkpt>
      <trkpt lat="40.76102" lon="-73.996609"><ele>5.6</ele><time>2026-06-25T22:09:39.000Z</time><extensions><gpxtpx:TrackPointExtension><gpxtpx:hr>145</gpxtpx:hr></gpxtpx:TrackPointExtension></extensions></trkpt>
      <trkpt lat="40.761031" lon="-73.996637"><ele>5.4</ele><time>2026-06-25T22:09:40.000Z</time><extensions><gpxtpx:TrackPointExtension><gpxtpx:hr>143</gpxtpx:hr></gpxtpx:TrackPointExtension></extensions></trkpt>
      <trkpt lat="40.761042" lon="-73.996664"><ele>5.4</ele><time>2026-06-25T22:09:41.000Z</time><extensions><gpxtpx:TrackPointExtension><gpxtpx:hr>143</gpxtpx:hr></gpxtpx:TrackPointExtension></extensions></trkpt>
      <trkpt lat="40.761053" lon="-73.996692"><ele>5.4</ele><time>2026-06-25T22:09:42.000Z</time><extensions><gpxtpx:TrackPointExtension><gpxtpx:hr>143</gpxtpx:hr></gpxtpx:TrackPointExtension></extensions></trkpt>
      <trkpt lat="40.761064" lon="-73.996721"><ele>5.4</ele><time>2026-06-25T22:09:43.000Z</time><extensions><gpxtpx:TrackPointExtension><gpxtpx:hr>143</gpxtpx:hr></gpxtpx:TrackPointExtension></extensions></trkpt>
      <trkpt lat="40.761064" lon="-73.996721"><ele>5.4</ele><time>2026-06-25T22:09:44.000Z</time><extensions><gpxtpx:TrackPointExtension><gpxtpx:hr>143</gpxtpx:hr></gpxtpx:TrackPointExtension></extensions></trkpt>
      <trkpt lat="40.761075" lon="-73.99675"><ele>5.4</ele><time>2026-06-25T22:09:45.000Z</time><extensions><gpxtpx:TrackPointExtension><gpxtpx:hr>143</gpxtpx:hr></gpxtpx:TrackPointExtension></extensions></trkpt>
      <trkpt lat="40.761085" lon="-73.996781"><ele>5.4</ele><time>2026-06-25T22:09:46.000Z</time><extensions><gpxtpx:TrackPointExtension><gpxtpx:hr>142</gpxtpx:hr></gpxtpx:TrackPointExtension></extensions></trkpt>
      <trkpt lat="40.761094" lon="-73.996812"><ele>5.2</ele><time>2026-06-25T22:09:47.000Z</time><extensions><gpxtpx:TrackPointExtension><gpxtpx:hr>142</gpxtpx:hr></gpxtpx:TrackPointExtension></extensions></trkpt>
      <trkpt lat="40.761104" lon="-73.996843"><ele>5.2</ele><time>2026-06-25T22:09:48.000Z</time><extensions><gpxtpx:TrackPointExtension><gpxtpx:hr>142</gpxtpx:hr></gpxtpx:TrackPointExtension></extensions></trkpt>
      <trkpt lat="40.761113" lon="-73.996875"><ele>5.2</ele><time>2026-06-25T22:09:49.000Z</time><extensions><gpxtpx:TrackPointExtension><gpxtpx:hr>142</gpxtpx:hr></gpxtpx:TrackPointExtension></extensions></trkpt>
      <trkpt lat="40.761122" lon="-73.996906"><ele>5.2</ele><time>2026-06-25T22:09:50.000Z</time><extensions><gpxtpx:TrackPointExtension><gpxtpx:hr>142</gpxtpx:hr></gpxtpx:TrackPointExtension></extensions></trkpt>
      <trkpt lat="40.761132" lon="-73.996938"><ele>5.2</ele><time>2026-06-25T22:09:51.000Z</time><extensions><gpxtpx:TrackPointExtension><gpxtpx:hr>142</gpxtpx:hr></gpxtpx:TrackPointExtension></extensions></trkpt>
      <trkpt lat="40.761141" lon="-73.99697"><ele>5.2</ele><time>2026-06-25T22:09:52.000Z</time><extensions><gpxtpx:TrackPointExtension><gpxtpx:hr>142</gpxtpx:hr></gpxtpx:TrackPointExtension></extensions></trkpt>
      <trkpt lat="40.76115" lon="-73.997002"><ele>5</ele><time>2026-06-25T22:09:53.000Z</time><extensions><gpxtpx:TrackPointExtension><gpxtpx:hr>142</gpxtpx:hr></gpxtpx:TrackPointExtension></extensions></trkpt>
      <trkpt lat="40.761159" lon="-73.997035"><ele>5</ele><time>2026-06-25T22:09:54.000Z</time><extensions><gpxtpx:TrackPointExtension><gpxtpx:hr>142</gpxtpx:hr></gpxtpx:TrackPointExtension></extensions></trkpt>
      <trkpt lat="40.761168" lon="-73.997067"><ele>5</ele><time>2026-06-25T22:09:55.000Z</time><extensions><gpxtpx:TrackPointExtension><gpxtpx:hr>142</gpxtpx:hr></gpxtpx:TrackPointExtension></extensions></trkpt>
      <trkpt lat="40.761178" lon="-73.997099"><ele>5</ele><time>2026-06-25T22:09:56.000Z</time><extensions><gpxtpx:TrackPointExtension><gpxtpx:hr>142</gpxtpx:hr></gpxtpx:TrackPointExtension></extensions></trkpt>
      <trkpt lat="40.761187" lon="-73.997131"><ele>5</ele><time>2026-06-25T22:09:57.000Z</time><extensions><gpxtpx:TrackPointExtension><gpxtpx:hr>141</gpxtpx:hr></gpxtpx:TrackPointExtension></extensions></trkpt>
      <trkpt lat="40.761197" lon="-73.997163"><ele>5</ele><time>2026-06-25T22:09:58.000Z</time><extensions><gpxtpx:TrackPointExtension><gpxtpx:hr>141</gpxtpx:hr></gpxtpx:TrackPointExtension></extensions></trkpt>
      <trkpt lat="40.761207" lon="-73.997194"><ele>5.2</ele><time>2026-06-25T22:09:59.000Z</time><extensions><gpxtpx:TrackPointExtension><gpxtpx:hr>141</gpxtpx:hr></gpxtpx:TrackPointExtension></extensions></trkpt>
      <trkpt lat="40.761217" lon="-73.997227"><ele>5.2</ele><time>2026-06-25T22:10:00.000Z</time><extensions><gpxtpx:TrackPointExtension><gpxtpx:hr>141</gpxtpx:hr></gpxtpx:TrackPointExtension></extensions></trkpt>
      <trkpt lat="40.761228" lon="-73.997259"><ele>5.2</ele><time>2026-06-25T22:10:01.000Z</time><extensions><gpxtpx:TrackPointExtension><gpxtpx:hr>141</gpxtpx:hr></gpxtpx:TrackPointExtension></extensions></trkpt>
      <trkpt lat="40.761239" lon="-73.997292"><ele>5.2</ele><time>2026-06-25T22:10:02.000Z</time><extensions><gpxtpx:TrackPointExtension><gpxtpx:hr>141</gpxtpx:hr></gpxtpx:TrackPointExtension></extensions></trkpt>
      <trkpt lat="40.761251" lon="-73.997325"><ele>5.2</ele><time>2026-06-25T22:10:03.000Z</time><extensions><gpxtpx:TrackPointExtension><gpxtpx:hr>141</gpxtpx:hr></gpxtpx:TrackPointExtension></extensions></trkpt>
      <trkpt lat="40.761262" lon="-73.997357"><ele>5.2</ele><time>2026-06-25T22:10:04.000Z</time><extensions><gpxtpx:TrackPointExtension><gpxtpx:hr>141</gpxtpx:hr></gpxtpx:TrackPointExtension></extensions></trkpt>
      <trkpt lat="40.761273" lon="-73.997388"><ele>5.2</ele><time>2026-06-25T22:10:05.000Z</time><extensions><gpxtpx:TrackPointExtension><gpxtpx:hr>141</gpxtpx:hr></gpxtpx:TrackPointExtension></extensions></trkpt>
      <trkpt lat="40.761284" lon="-73.997419"><ele>5.2</ele><time>2026-06-25T22:10:06.000Z</time><extensions><gpxtpx:TrackPointExtension><gpxtpx:hr>141</gpxtpx:hr></gpxtpx:TrackPointExtension></extensions></trkpt>
      <trkpt lat="40.761295" lon="-73.997449"><ele>5.2</ele><time>2026-06-25T22:10:07.000Z</time><extensions><gpxtpx:TrackPointExtension><gpxtpx:hr>142</gpxtpx:hr></gpxtpx:TrackPointExtension></extensions></trkpt>
      <trkpt lat="40.761306" lon="-73.997478"><ele>5.2</ele><time>2026-06-25T22:10:08.000Z</time><extensions><gpxtpx:TrackPointExtension><gpxtpx:hr>142</gpxtpx:hr></gpxtpx:TrackPointExtension></extensions></trkpt>
      <trkpt lat="40.761317" lon="-73.997507"><ele>5.2</ele><time>2026-06-25T22:10:09.000Z</time><extensions><gpxtpx:TrackPointExtension><gpxtpx:hr>142</gpxtpx:hr></gpxtpx:TrackPointExtension></extensions></trkpt>
      <trkpt lat="40.761329" lon="-73.997537"><ele>5</ele><time>2026-06-25T22:10:10.000Z</time><extensions><gpxtpx:TrackPointExtension><gpxtpx:hr>142</gpxtpx:hr></gpxtpx:TrackPointExtension></extensions></trkpt>
      <trkpt lat="40.76134" lon="-73.997566"><ele>5</ele><time>2026-06-25T22:10:11.000Z</time><extensions><gpxtpx:TrackPointExtension><gpxtpx:hr>142</gpxtpx:hr></gpxtpx:TrackPointExtension></extensions></trkpt>
      <trkpt lat="40.761352" lon="-73.997595"><ele>5</ele><time>2026-06-25T22:10:12.000Z</time><extensions><gpxtpx:TrackPointExtension><gpxtpx:hr>141</gpxtpx:hr></gpxtpx:TrackPointExtension></extensions></trkpt>
      <trkpt lat="40.761363" lon="-73.997623"><ele>5</ele><time>2026-06-25T22:10:13.000Z</time><extensions><gpxtpx:TrackPointExtension><gpxtpx:hr>141</gpxtpx:hr></gpxtpx:TrackPointExtension></extensions></trkpt>
      <trkpt lat="40.761374" lon="-73.997652"><ele>5</ele><time>2026-06-25T22:10:14.000Z</time><extensions><gpxtpx:TrackPointExtension><gpxtpx:hr>141</gpxtpx:hr></gpxtpx:TrackPointExtension></extensions></trkpt>
      <trkpt lat="40.761386" lon="-73.99768"><ele>4.8</ele><time>2026-06-25T22:10:15.000Z</time><extensions><gpxtpx:TrackPointExtension><gpxtpx:hr>141</gpxtpx:hr></gpxtpx:TrackPointExtension></extensions></trkpt>
      <trkpt lat="40.761397" lon="-73.997707"><ele>4.8</ele><time>2026-06-25T22:10:16.000Z</time><extensions><gpxtpx:TrackPointExtension><gpxtpx:hr>141</gpxtpx:hr></gpxtpx:TrackPointExtension></extensions></trkpt>
      <trkpt lat="40.761408" lon="-73.997734"><ele>4.8</ele><time>2026-06-25T22:10:17.000Z</time><extensions><gpxtpx:TrackPointExtension><gpxtpx:hr>141</gpxtpx:hr></gpxtpx:TrackPointExtension></extensions></trkpt>
      <trkpt lat="40.761419" lon="-73.99776"><ele>4.8</ele><time>2026-06-25T22:10:18.000Z</time><extensions><gpxtpx:TrackPointExtension><gpxtpx:hr>141</gpxtpx:hr></gpxtpx:TrackPointExtension></extensions></trkpt>
      <trkpt lat="40.76143" lon="-73.997788"><ele>4.8</ele><time>2026-06-25T22:10:19.000Z</time><extensions><gpxtpx:TrackPointExtension><gpxtpx:hr>141</gpxtpx:hr></gpxtpx:TrackPointExtension></extensions></trkpt>
      <trkpt lat="40.761442" lon="-73.997816"><ele>4.8</ele><time>2026-06-25T22:10:20.000Z</time><extensions><gpxtpx:TrackPointExtension><gpxtpx:hr>141</gpxtpx:hr></gpxtpx:TrackPointExtension></extensions></trkpt>
      <trkpt lat="40.761455" lon="-73.997845"><ele>4.8</ele><time>2026-06-25T22:10:21.000Z</time><extensions><gpxtpx:TrackPointExtension><gpxtpx:hr>141</gpxtpx:hr></gpxtpx:TrackPointExtension></extensions></trkpt>
      <trkpt lat="40.761467" lon="-73.997876"><ele>4.8</ele><time>2026-06-25T22:10:22.000Z</time><extensions><gpxtpx:TrackPointExtension><gpxtpx:hr>140</gpxtpx:hr></gpxtpx:TrackPointExtension></extensions></trkpt>
      <trkpt lat="40.761481" lon="-73.997908"><ele>4.8</ele><time>2026-06-25T22:10:23.000Z</time><extensions><gpxtpx:TrackPointExtension><gpxtpx:hr>140</gpxtpx:hr></gpxtpx:TrackPointExtension></extensions></trkpt>
      <trkpt lat="40.761494" lon="-73.99794"><ele>4.8</ele><time>2026-06-25T22:10:24.000Z</time><extensions><gpxtpx:TrackPointExtension><gpxtpx:hr>140</gpxtpx:hr></gpxtpx:TrackPointExtension></extensions></trkpt>
      <trkpt lat="40.761507" lon="-73.997971"><ele>4.8</ele><time>2026-06-25T22:10:25.000Z</time><extensions><gpxtpx:TrackPointExtension><gpxtpx:hr>140</gpxtpx:hr></gpxtpx:TrackPointExtension></extensions></trkpt>
      <trkpt lat="40.76152" lon="-73.998001"><ele>4.8</ele><time>2026-06-25T22:10:26.000Z</time><extensions><gpxtpx:TrackPointExtension><gpxtpx:hr>140</gpxtpx:hr></gpxtpx:TrackPointExtension></extensions></trkpt>
      <trkpt lat="40.761533" lon="-73.998031"><ele>4.8</ele><time>2026-06-25T22:10:27.000Z</time><extensions><gpxtpx:TrackPointExtension><gpxtpx:hr>140</gpxtpx:hr></gpxtpx:TrackPointExtension></extensions></trkpt>
      <trkpt lat="40.761545" lon="-73.99806"><ele>4.8</ele><time>2026-06-25T22:10:28.000Z</time><extensions><gpxtpx:TrackPointExtension><gpxtpx:hr>140</gpxtpx:hr></gpxtpx:TrackPointExtension></extensions></trkpt>
      <trkpt lat="40.761558" lon="-73.998088"><ele>4.8</ele><time>2026-06-25T22:10:29.000Z</time><extensions><gpxtpx:TrackPointExtension><gpxtpx:hr>140</gpxtpx:hr></gpxtpx:TrackPointExtension></extensions></trkpt>
      <trkpt lat="40.761571" lon="-73.998117"><ele>4.8</ele><time>2026-06-25T22:10:30.000Z</time><extensions><gpxtpx:TrackPointExtension><gpxtpx:hr>140</gpxtpx:hr></gpxtpx:TrackPointExtension></extensions></trkpt>
      <trkpt lat="40.761583" lon="-73.998147"><ele>4.8</ele><time>2026-06-25T22:10:31.000Z</time><extensions><gpxtpx:TrackPointExtension><gpxtpx:hr>140</gpxtpx:hr></gpxtpx:TrackPointExtension></extensions></trkpt>
      <trkpt lat="40.761597" lon="-73.998177"><ele>4.6</ele><time>2026-06-25T22:10:32.000Z</time><extensions><gpxtpx:TrackPointExtension><gpxtpx:hr>140</gpxtpx:hr></gpxtpx:TrackPointExtension></extensions></trkpt>
      <trkpt lat="40.76161" lon="-73.998207"><ele>4.6</ele><time>2026-06-25T22:10:33.000Z</time><extensions><gpxtpx:TrackPointExtension><gpxtpx:hr>140</gpxtpx:hr></gpxtpx:TrackPointExtension></extensions></trkpt>
      <trkpt lat="40.761623" lon="-73.998238"><ele>4.6</ele><time>2026-06-25T22:10:34.000Z</time><extensions><gpxtpx:TrackPointExtension><gpxtpx:hr>140</gpxtpx:hr></gpxtpx:TrackPointExtension></extensions></trkpt>
      <trkpt lat="40.761637" lon="-73.998268"><ele>4.4</ele><time>2026-06-25T22:10:35.000Z</time><extensions><gpxtpx:TrackPointExtension><gpxtpx:hr>140</gpxtpx:hr></gpxtpx:TrackPointExtension></extensions></trkpt>
      <trkpt lat="40.76165" lon="-73.998299"><ele>4.4</ele><time>2026-06-25T22:10:36.000Z</time><extensions><gpxtpx:TrackPointExtension><gpxtpx:hr>140</gpxtpx:hr></gpxtpx:TrackPointExtension></extensions></trkpt>
      <trkpt lat="40.761664" lon="-73.998329"><ele>4.4</ele><time>2026-06-25T22:10:37.000Z</time><extensions><gpxtpx:TrackPointExtension><gpxtpx:hr>140</gpxtpx:hr></gpxtpx:TrackPointExtension></extensions></trkpt>
      <trkpt lat="40.761677" lon="-73.998359"><ele>4.2</ele><time>2026-06-25T22:10:38.000Z</time><extensions><gpxtpx:TrackPointExtension><gpxtpx:hr>140</gpxtpx:hr></gpxtpx:TrackPointExtension></extensions></trkpt>
      <trkpt lat="40.761691" lon="-73.998389"><ele>4.2</ele><time>2026-06-25T22:10:39.000Z</time><extensions><gpxtpx:TrackPointExtension><gpxtpx:hr>140</gpxtpx:hr></gpxtpx:TrackPointExtension></extensions></trkpt>
      <trkpt lat="40.761704" lon="-73.998419"><ele>4.2</ele><time>2026-06-25T22:10:40.000Z</time><extensions><gpxtpx:TrackPointExtension><gpxtpx:hr>140</gpxtpx:hr></gpxtpx:TrackPointExtension></extensions></trkpt>
      <trkpt lat="40.761717" lon="-73.998448"><ele>4.2</ele><time>2026-06-25T22:10:41.000Z</time><extensions><gpxtpx:TrackPointExtension><gpxtpx:hr>140</gpxtpx:hr></gpxtpx:TrackPointExtension></extensions></trkpt>
      <trkpt lat="40.761731" lon="-73.998477"><ele>4.2</ele><time>2026-06-25T22:10:42.000Z</time><extensions><gpxtpx:TrackPointExtension><gpxtpx:hr>142</gpxtpx:hr></gpxtpx:TrackPointExtension></extensions></trkpt>
      <trkpt lat="40.761744" lon="-73.998506"><ele>4.2</ele><time>2026-06-25T22:10:43.000Z</time><extensions><gpxtpx:TrackPointExtension><gpxtpx:hr>142</gpxtpx:hr></gpxtpx:TrackPointExtension></extensions></trkpt>
      <trkpt lat="40.761757" lon="-73.998534"><ele>4</ele><time>2026-06-25T22:10:44.000Z</time><extensions><gpxtpx:TrackPointExtension><gpxtpx:hr>142</gpxtpx:hr></gpxtpx:TrackPointExtension></extensions></trkpt>
      <trkpt lat="40.76177" lon="-73.998563"><ele>4</ele><time>2026-06-25T22:10:45.000Z</time><extensions><gpxtpx:TrackPointExtension><gpxtpx:hr>142</gpxtpx:hr></gpxtpx:TrackPointExtension></extensions></trkpt>
      <trkpt lat="40.761783" lon="-73.998592"><ele>4</ele><time>2026-06-25T22:10:46.000Z</time><extensions><gpxtpx:TrackPointExtension><gpxtpx:hr>142</gpxtpx:hr></gpxtpx:TrackPointExtension></extensions></trkpt>
      <trkpt lat="40.761796" lon="-73.998621"><ele>4</ele><time>2026-06-25T22:10:47.000Z</time><extensions><gpxtpx:TrackPointExtension><gpxtpx:hr>144</gpxtpx:hr></gpxtpx:TrackPointExtension></extensions></trkpt>
      <trkpt lat="40.76181" lon="-73.99865"><ele>4</ele><time>2026-06-25T22:10:48.000Z</time><extensions><gpxtpx:TrackPointExtension><gpxtpx:hr>144</gpxtpx:hr></gpxtpx:TrackPointExtension></extensions></trkpt>
      <trkpt lat="40.761823" lon="-73.99868"><ele>4</ele><time>2026-06-25T22:10:49.000Z</time><extensions><gpxtpx:TrackPointExtension><gpxtpx:hr>143</gpxtpx:hr></gpxtpx:TrackPointExtension></extensions></trkpt>
      <trkpt lat="40.761836" lon="-73.998709"><ele>4</ele><time>2026-06-25T22:10:50.000Z</time><extensions><gpxtpx:TrackPointExtension><gpxtpx:hr>143</gpxtpx:hr></gpxtpx:TrackPointExtension></extensions></trkpt>
      <trkpt lat="40.761849" lon="-73.998739"><ele>4</ele><time>2026-06-25T22:10:51.000Z</time><extensions><gpxtpx:TrackPointExtension><gpxtpx:hr>143</gpxtpx:hr></gpxtpx:TrackPointExtension></extensions></trkpt>
      <trkpt lat="40.761863" lon="-73.998768"><ele>3.8</ele><time>2026-06-25T22:10:52.000Z</time><extensions><gpxtpx:TrackPointExtension><gpxtpx:hr>143</gpxtpx:hr></gpxtpx:TrackPointExtension></extensions></trkpt>
      <trkpt lat="40.761876" lon="-73.998797"><ele>3.8</ele><time>2026-06-25T22:10:53.000Z</time><extensions><gpxtpx:TrackPointExtension><gpxtpx:hr>143</gpxtpx:hr></gpxtpx:TrackPointExtension></extensions></trkpt>
      <trkpt lat="40.761888" lon="-73.998825"><ele>3.8</ele><time>2026-06-25T22:10:54.000Z</time><extensions><gpxtpx:TrackPointExtension><gpxtpx:hr>143</gpxtpx:hr></gpxtpx:TrackPointExtension></extensions></trkpt>
      <trkpt lat="40.761901" lon="-73.998854"><ele>3.8</ele><time>2026-06-25T22:10:55.000Z</time><extensions><gpxtpx:TrackPointExtension><gpxtpx:hr>142</gpxtpx:hr></gpxtpx:TrackPointExtension></extensions></trkpt>
      <trkpt lat="40.761914" lon="-73.998882"><ele>3.8</ele><time>2026-06-25T22:10:56.000Z</time><extensions><gpxtpx:TrackPointExtension><gpxtpx:hr>142</gpxtpx:hr></gpxtpx:TrackPointExtension></extensions></trkpt>
      <trkpt lat="40.761927" lon="-73.99891"><ele>3.8</ele><time>2026-06-25T22:10:57.000Z</time><extensions><gpxtpx:TrackPointExtension><gpxtpx:hr>142</gpxtpx:hr></gpxtpx:TrackPointExtension></extensions></trkpt>
      <trkpt lat="40.761939" lon="-73.998939"><ele>3.6</ele><time>2026-06-25T22:10:58.000Z</time><extensions><gpxtpx:TrackPointExtension><gpxtpx:hr>142</gpxtpx:hr></gpxtpx:TrackPointExtension></extensions></trkpt>
      <trkpt lat="40.761952" lon="-73.998967"><ele>3.6</ele><time>2026-06-25T22:10:59.000Z</time><extensions><gpxtpx:TrackPointExtension><gpxtpx:hr>142</gpxtpx:hr></gpxtpx:TrackPointExtension></extensions></trkpt>
      <trkpt lat="40.761964" lon="-73.998995"><ele>3.6</ele><time>2026-06-25T22:11:00.000Z</time><extensions><gpxtpx:TrackPointExtension><gpxtpx:hr>142</gpxtpx:hr></gpxtpx:TrackPointExtension></extensions></trkpt>
      <trkpt lat="40.761977" lon="-73.999024"><ele>3.6</ele><time>2026-06-25T22:11:01.000Z</time><extensions><gpxtpx:TrackPointExtension><gpxtpx:hr>142</gpxtpx:hr></gpxtpx:TrackPointExtension></extensions></trkpt>
      <trkpt lat="40.76199" lon="-73.999052"><ele>3.6</ele><time>2026-06-25T22:11:02.000Z</time><extensions><gpxtpx:TrackPointExtension><gpxtpx:hr>142</gpxtpx:hr></gpxtpx:TrackPointExtension></extensions></trkpt>
      <trkpt lat="40.762003" lon="-73.999081"><ele>3.6</ele><time>2026-06-25T22:11:03.000Z</time><extensions><gpxtpx:TrackPointExtension><gpxtpx:hr>142</gpxtpx:hr></gpxtpx:TrackPointExtension></extensions></trkpt>
      <trkpt lat="40.762015" lon="-73.99911"><ele>3.6</ele><time>2026-06-25T22:11:04.000Z</time><extensions><gpxtpx:TrackPointExtension><gpxtpx:hr>142</gpxtpx:hr></gpxtpx:TrackPointExtension></extensions></trkpt>
      <trkpt lat="40.762028" lon="-73.999138"><ele>3.6</ele><time>2026-06-25T22:11:05.000Z</time><extensions><gpxtpx:TrackPointExtension><gpxtpx:hr>142</gpxtpx:hr></gpxtpx:TrackPointExtension></extensions></trkpt>
      <trkpt lat="40.76204" lon="-73.999167"><ele>3.6</ele><time>2026-06-25T22:11:06.000Z</time><extensions><gpxtpx:TrackPointExtension><gpxtpx:hr>142</gpxtpx:hr></gpxtpx:TrackPointExtension></extensions></trkpt>
      <trkpt lat="40.762053" lon="-73.999195"><ele>3.6</ele><time>2026-06-25T22:11:07.000Z</time><extensions><gpxtpx:TrackPointExtension><gpxtpx:hr>142</gpxtpx:hr></gpxtpx:TrackPointExtension></extensions></trkpt>
      <trkpt lat="40.762065" lon="-73.999224"><ele>3.6</ele><time>2026-06-25T22:11:08.000Z</time><extensions><gpxtpx:TrackPointExtension><gpxtpx:hr>142</gpxtpx:hr></gpxtpx:TrackPointExtension></extensions></trkpt>
      <trkpt lat="40.762078" lon="-73.999253"><ele>3.6</ele><time>2026-06-25T22:11:09.000Z</time><extensions><gpxtpx:TrackPointExtension><gpxtpx:hr>142</gpxtpx:hr></gpxtpx:TrackPointExtension></extensions></trkpt>
      <trkpt lat="40.76209" lon="-73.999282"><ele>3.6</ele><time>2026-06-25T22:11:10.000Z</time><extensions><gpxtpx:TrackPointExtension><gpxtpx:hr>142</gpxtpx:hr></gpxtpx:TrackPointExtension></extensions></trkpt>
      <trkpt lat="40.762102" lon="-73.999311"><ele>3.6</ele><time>2026-06-25T22:11:11.000Z</time><extensions><gpxtpx:TrackPointExtension><gpxtpx:hr>142</gpxtpx:hr></gpxtpx:TrackPointExtension></extensions></trkpt>
      <trkpt lat="40.762115" lon="-73.999339"><ele>3.6</ele><time>2026-06-25T22:11:12.000Z</time><extensions><gpxtpx:TrackPointExtension><gpxtpx:hr>142</gpxtpx:hr></gpxtpx:TrackPointExtension></extensions></trkpt>
      <trkpt lat="40.762127" lon="-73.999368"><ele>3.6</ele><time>2026-06-25T22:11:13.000Z</time><extensions><gpxtpx:TrackPointExtension><gpxtpx:hr>142</gpxtpx:hr></gpxtpx:TrackPointExtension></extensions></trkpt>
      <trkpt lat="40.762139" lon="-73.999396"><ele>3.4</ele><time>2026-06-25T22:11:14.000Z</time><extensions><gpxtpx:TrackPointExtension><gpxtpx:hr>142</gpxtpx:hr></gpxtpx:TrackPointExtension></extensions></trkpt>
      <trkpt lat="40.76215" lon="-73.999425"><ele>3.4</ele><time>2026-06-25T22:11:15.000Z</time><extensions><gpxtpx:TrackPointExtension><gpxtpx:hr>142</gpxtpx:hr></gpxtpx:TrackPointExtension></extensions></trkpt>
      <trkpt lat="40.762162" lon="-73.999454"><ele>3.4</ele><time>2026-06-25T22:11:16.000Z</time><extensions><gpxtpx:TrackPointExtension><gpxtpx:hr>143</gpxtpx:hr></gpxtpx:TrackPointExtension></extensions></trkpt>
      <trkpt lat="40.762174" lon="-73.999483"><ele>3.4</ele><time>2026-06-25T22:11:17.000Z</time><extensions><gpxtpx:TrackPointExtension><gpxtpx:hr>143</gpxtpx:hr></gpxtpx:TrackPointExtension></extensions></trkpt>
      <trkpt lat="40.762186" lon="-73.999512"><ele>3.4</ele><time>2026-06-25T22:11:18.000Z</time><extensions><gpxtpx:TrackPointExtension><gpxtpx:hr>143</gpxtpx:hr></gpxtpx:TrackPointExtension></extensions></trkpt>
      <trkpt lat="40.762198" lon="-73.99954"><ele>3.4</ele><time>2026-06-25T22:11:19.000Z</time><extensions><gpxtpx:TrackPointExtension><gpxtpx:hr>143</gpxtpx:hr></gpxtpx:TrackPointExtension></extensions></trkpt>
      <trkpt lat="40.762209" lon="-73.999569"><ele>3.4</ele><time>2026-06-25T22:11:20.000Z</time><extensions><gpxtpx:TrackPointExtension><gpxtpx:hr>143</gpxtpx:hr></gpxtpx:TrackPointExtension></extensions></trkpt>
      <trkpt lat="40.762221" lon="-73.999599"><ele>3.4</ele><time>2026-06-25T22:11:21.000Z</time><extensions><gpxtpx:TrackPointExtension><gpxtpx:hr>143</gpxtpx:hr></gpxtpx:TrackPointExtension></extensions></trkpt>
      <trkpt lat="40.762234" lon="-73.999629"><ele>3.4</ele><time>2026-06-25T22:11:22.000Z</time><extensions><gpxtpx:TrackPointExtension><gpxtpx:hr>143</gpxtpx:hr></gpxtpx:TrackPointExtension></extensions></trkpt>
      <trkpt lat="40.762246" lon="-73.999659"><ele>3.4</ele><time>2026-06-25T22:11:23.000Z</time><extensions><gpxtpx:TrackPointExtension><gpxtpx:hr>143</gpxtpx:hr></gpxtpx:TrackPointExtension></extensions></trkpt>
      <trkpt lat="40.762259" lon="-73.999689"><ele>3.2</ele><time>2026-06-25T22:11:24.000Z</time><extensions><gpxtpx:TrackPointExtension><gpxtpx:hr>143</gpxtpx:hr></gpxtpx:TrackPointExtension></extensions></trkpt>
      <trkpt lat="40.762271" lon="-73.999719"><ele>3.2</ele><time>2026-06-25T22:11:25.000Z</time><extensions><gpxtpx:TrackPointExtension><gpxtpx:hr>143</gpxtpx:hr></gpxtpx:TrackPointExtension></extensions></trkpt>
      <trkpt lat="40.762283" lon="-73.999748"><ele>3.2</ele><time>2026-06-25T22:11:26.000Z</time><extensions><gpxtpx:TrackPointExtension><gpxtpx:hr>143</gpxtpx:hr></gpxtpx:TrackPointExtension></extensions></trkpt>
      <trkpt lat="40.762295" lon="-73.999778"><ele>3.2</ele><time>2026-06-25T22:11:27.000Z</time><extensions><gpxtpx:TrackPointExtension><gpxtpx:hr>144</gpxtpx:hr></gpxtpx:TrackPointExtension></extensions></trkpt>
      <trkpt lat="40.762307" lon="-73.999806"><ele>3.2</ele><time>2026-06-25T22:11:28.000Z</time><extensions><gpxtpx:TrackPointExtension><gpxtpx:hr>144</gpxtpx:hr></gpxtpx:TrackPointExtension></extensions></trkpt>
      <trkpt lat="40.762318" lon="-73.999834"><ele>3.2</ele><time>2026-06-25T22:11:29.000Z</time><extensions><gpxtpx:TrackPointExtension><gpxtpx:hr>144</gpxtpx:hr></gpxtpx:TrackPointExtension></extensions></trkpt>
      <trkpt lat="40.762329" lon="-73.999862"><ele>3.2</ele><time>2026-06-25T22:11:30.000Z</time><extensions><gpxtpx:TrackPointExtension><gpxtpx:hr>144</gpxtpx:hr></gpxtpx:TrackPointExtension></extensions></trkpt>
      <trkpt lat="40.76234" lon="-73.999889"><ele>3.2</ele><time>2026-06-25T22:11:31.000Z</time><extensions><gpxtpx:TrackPointExtension><gpxtpx:hr>144</gpxtpx:hr></gpxtpx:TrackPointExtension></extensions></trkpt>
      <trkpt lat="40.76235" lon="-73.999916"><ele>3.2</ele><time>2026-06-25T22:11:32.000Z</time><extensions><gpxtpx:TrackPointExtension><gpxtpx:hr>143</gpxtpx:hr></gpxtpx:TrackPointExtension></extensions></trkpt>
      <trkpt lat="40.762361" lon="-73.999943"><ele>3.2</ele><time>2026-06-25T22:11:33.000Z</time><extensions><gpxtpx:TrackPointExtension><gpxtpx:hr>143</gpxtpx:hr></gpxtpx:TrackPointExtension></extensions></trkpt>
      <trkpt lat="40.762371" lon="-73.999971"><ele>3.2</ele><time>2026-06-25T22:11:34.000Z</time><extensions><gpxtpx:TrackPointExtension><gpxtpx:hr>143</gpxtpx:hr></gpxtpx:TrackPointExtension></extensions></trkpt>
      <trkpt lat="40.762382" lon="-73.999999"><ele>3.2</ele><time>2026-06-25T22:11:35.000Z</time><extensions><gpxtpx:TrackPointExtension><gpxtpx:hr>143</gpxtpx:hr></gpxtpx:TrackPointExtension></extensions></trkpt>
      <trkpt lat="40.762393" lon="-74.000029"><ele>3.2</ele><time>2026-06-25T22:11:36.000Z</time><extensions><gpxtpx:TrackPointExtension><gpxtpx:hr>143</gpxtpx:hr></gpxtpx:TrackPointExtension></extensions></trkpt>
      <trkpt lat="40.762404" lon="-74.00006"><ele>3.2</ele><time>2026-06-25T22:11:37.000Z</time><extensions><gpxtpx:TrackPointExtension><gpxtpx:hr>143</gpxtpx:hr></gpxtpx:TrackPointExtension></extensions></trkpt>
      <trkpt lat="40.762415" lon="-74.00009"><ele>3.2</ele><time>2026-06-25T22:11:38.000Z</time><extensions><gpxtpx:TrackPointExtension><gpxtpx:hr>143</gpxtpx:hr></gpxtpx:TrackPointExtension></extensions></trkpt>
      <trkpt lat="40.762425" lon="-74.00012"><ele>3.2</ele><time>2026-06-25T22:11:39.000Z</time><extensions><gpxtpx:TrackPointExtension><gpxtpx:hr>143</gpxtpx:hr></gpxtpx:TrackPointExtension></extensions></trkpt>
      <trkpt lat="40.762435" lon="-74.000149"><ele>3.2</ele><time>2026-06-25T22:11:40.000Z</time><extensions><gpxtpx:TrackPointExtension><gpxtpx:hr>143</gpxtpx:hr></gpxtpx:TrackPointExtension></extensions></trkpt>
      <trkpt lat="40.762444" lon="-74.000178"><ele>3.2</ele><time>2026-06-25T22:11:41.000Z</time><extensions><gpxtpx:TrackPointExtension><gpxtpx:hr>143</gpxtpx:hr></gpxtpx:TrackPointExtension></extensions></trkpt>
      <trkpt lat="40.762454" lon="-74.000205"><ele>3</ele><time>2026-06-25T22:11:42.000Z</time><extensions><gpxtpx:TrackPointExtension><gpxtpx:hr>143</gpxtpx:hr></gpxtpx:TrackPointExtension></extensions></trkpt>
      <trkpt lat="40.762465" lon="-74.000227"><ele>3</ele><time>2026-06-25T22:11:43.000Z</time><extensions><gpxtpx:TrackPointExtension><gpxtpx:hr>145</gpxtpx:hr></gpxtpx:TrackPointExtension></extensions></trkpt>
      <trkpt lat="40.762479" lon="-74.000242"><ele>3</ele><time>2026-06-25T22:11:44.000Z</time><extensions><gpxtpx:TrackPointExtension><gpxtpx:hr>145</gpxtpx:hr></gpxtpx:TrackPointExtension></extensions></trkpt>
      <trkpt lat="40.762495" lon="-74.000247"><ele>3</ele><time>2026-06-25T22:11:45.000Z</time><extensions><gpxtpx:TrackPointExtension><gpxtpx:hr>145</gpxtpx:hr></gpxtpx:TrackPointExtension></extensions></trkpt>
      <trkpt lat="40.762514" lon="-74.000244"><ele>3</ele><time>2026-06-25T22:11:46.000Z</time><extensions><gpxtpx:TrackPointExtension><gpxtpx:hr>145</gpxtpx:hr></gpxtpx:TrackPointExtension></extensions></trkpt>
      <trkpt lat="40.762535" lon="-74.000235"><ele>3</ele><time>2026-06-25T22:11:47.000Z</time><extensions><gpxtpx:TrackPointExtension><gpxtpx:hr>145</gpxtpx:hr></gpxtpx:TrackPointExtension></extensions></trkpt>
      <trkpt lat="40.762555" lon="-74.00022"><ele>3</ele><time>2026-06-25T22:11:48.000Z</time><extensions><gpxtpx:TrackPointExtension><gpxtpx:hr>145</gpxtpx:hr></gpxtpx:TrackPointExtension></extensions></trkpt>
      <trkpt lat="40.762571" lon="-74.000201"><ele>3</ele><time>2026-06-25T22:11:49.000Z</time><extensions><gpxtpx:TrackPointExtension><gpxtpx:hr>145</gpxtpx:hr></gpxtpx:TrackPointExtension></extensions></trkpt>
      <trkpt lat="40.762582" lon="-74.000185"><ele>3</ele><time>2026-06-25T22:11:50.000Z</time><extensions><gpxtpx:TrackPointExtension><gpxtpx:hr>145</gpxtpx:hr></gpxtpx:TrackPointExtension></extensions></trkpt>
      <trkpt lat="40.762588" lon="-74.000174"><ele>3</ele><time>2026-06-25T22:11:51.000Z</time><extensions><gpxtpx:TrackPointExtension><gpxtpx:hr>145</gpxtpx:hr></gpxtpx:TrackPointExtension></extensions></trkpt>
      <trkpt lat="40.762589" lon="-74.000169"><ele>3</ele><time>2026-06-25T22:11:52.000Z</time><extensions><gpxtpx:TrackPointExtension><gpxtpx:hr>146</gpxtpx:hr></gpxtpx:TrackPointExtension></extensions></trkpt>
      <trkpt lat="40.762588" lon="-74.000166"><ele>3</ele><time>2026-06-25T22:11:53.000Z</time><extensions><gpxtpx:TrackPointExtension><gpxtpx:hr>146</gpxtpx:hr></gpxtpx:TrackPointExtension></extensions></trkpt>
      <trkpt lat="40.762588" lon="-74.000163"><ele>3</ele><time>2026-06-25T22:11:54.000Z</time><extensions><gpxtpx:TrackPointExtension><gpxtpx:hr>145</gpxtpx:hr></gpxtpx:TrackPointExtension></extensions></trkpt>
      <trkpt lat="40.76259" lon="-74.00016"><ele>3</ele><time>2026-06-25T22:11:55.000Z</time><extensions><gpxtpx:TrackPointExtension><gpxtpx:hr>145</gpxtpx:hr></gpxtpx:TrackPointExtension></extensions></trkpt>
      <trkpt lat="40.762595" lon="-74.000161"><ele>3</ele><time>2026-06-25T22:11:56.000Z</time><extensions><gpxtpx:TrackPointExtension><gpxtpx:hr>145</gpxtpx:hr></gpxtpx:TrackPointExtension></extensions></trkpt>
      <trkpt lat="40.762603" lon="-74.000171"><ele>3</ele><time>2026-06-25T22:11:57.000Z</time><extensions><gpxtpx:TrackPointExtension><gpxtpx:hr>145</gpxtpx:hr></gpxtpx:TrackPointExtension></extensions></trkpt>
      <trkpt lat="40.762613" lon="-74.000189"><ele>3</ele><time>2026-06-25T22:11:58.000Z</time><extensions><gpxtpx:TrackPointExtension><gpxtpx:hr>143</gpxtpx:hr></gpxtpx:TrackPointExtension></extensions></trkpt>
      <trkpt lat="40.762622" lon="-74.00021"><ele>3</ele><time>2026-06-25T22:11:59.000Z</time><extensions><gpxtpx:TrackPointExtension><gpxtpx:hr>143</gpxtpx:hr></gpxtpx:TrackPointExtension></extensions></trkpt>
      <trkpt lat="40.76263" lon="-74.000233"><ele>3</ele><time>2026-06-25T22:12:00.000Z</time><extensions><gpxtpx:TrackPointExtension><gpxtpx:hr>143</gpxtpx:hr></gpxtpx:TrackPointExtension></extensions></trkpt>
      <trkpt lat="40.762637" lon="-74.000256"><ele>3.2</ele><time>2026-06-25T22:12:01.000Z</time><extensions><gpxtpx:TrackPointExtension><gpxtpx:hr>143</gpxtpx:hr></gpxtpx:TrackPointExtension></extensions></trkpt>
      <trkpt lat="40.762644" lon="-74.00028"><ele>3.2</ele><time>2026-06-25T22:12:02.000Z</time><extensions><gpxtpx:TrackPointExtension><gpxtpx:hr>143</gpxtpx:hr></gpxtpx:TrackPointExtension></extensions></trkpt>
      <trkpt lat="40.762653" lon="-74.000303"><ele>3.2</ele><time>2026-06-25T22:12:03.000Z</time><extensions><gpxtpx:TrackPointExtension><gpxtpx:hr>143</gpxtpx:hr></gpxtpx:TrackPointExtension></extensions></trkpt>
      <trkpt lat="40.762663" lon="-74.000323"><ele>3.2</ele><time>2026-06-25T22:12:04.000Z</time><extensions><gpxtpx:TrackPointExtension><gpxtpx:hr>143</gpxtpx:hr></gpxtpx:TrackPointExtension></extensions></trkpt>
      <trkpt lat="40.762677" lon="-74.000342"><ele>3.2</ele><time>2026-06-25T22:12:05.000Z</time><extensions><gpxtpx:TrackPointExtension><gpxtpx:hr>143</gpxtpx:hr></gpxtpx:TrackPointExtension></extensions></trkpt>
      <trkpt lat="40.762692" lon="-74.00036"><ele>3.2</ele><time>2026-06-25T22:12:06.000Z</time><extensions><gpxtpx:TrackPointExtension><gpxtpx:hr>143</gpxtpx:hr></gpxtpx:TrackPointExtension></extensions></trkpt>
      <trkpt lat="40.762706" lon="-74.000377"><ele>3.2</ele><time>2026-06-25T22:12:07.000Z</time><extensions><gpxtpx:TrackPointExtension><gpxtpx:hr>140</gpxtpx:hr></gpxtpx:TrackPointExtension></extensions></trkpt>
      <trkpt lat="40.76272" lon="-74.000395"><ele>3.4</ele><time>2026-06-25T22:12:08.000Z</time><extensions><gpxtpx:TrackPointExtension><gpxtpx:hr>140</gpxtpx:hr></gpxtpx:TrackPointExtension></extensions></trkpt>
      <trkpt lat="40.762732" lon="-74.000417"><ele>3.4</ele><time>2026-06-25T22:12:09.000Z</time><extensions><gpxtpx:TrackPointExtension><gpxtpx:hr>140</gpxtpx:hr></gpxtpx:TrackPointExtension></extensions></trkpt>
      <trkpt lat="40.762743" lon="-74.00044"><ele>3.4</ele><time>2026-06-25T22:12:10.000Z</time><extensions><gpxtpx:TrackPointExtension><gpxtpx:hr>140</gpxtpx:hr></gpxtpx:TrackPointExtension></extensions></trkpt>
      <trkpt lat="40.762753" lon="-74.000465"><ele>3.4</ele><time>2026-06-25T22:12:11.000Z</time><extensions><gpxtpx:TrackPointExtension><gpxtpx:hr>139</gpxtpx:hr></gpxtpx:TrackPointExtension></extensions></trkpt>
      <trkpt lat="40.762762" lon="-74.00049"><ele>3.4</ele><time>2026-06-25T22:12:12.000Z</time><extensions><gpxtpx:TrackPointExtension><gpxtpx:hr>139</gpxtpx:hr></gpxtpx:TrackPointExtension></extensions></trkpt>
      <trkpt lat="40.76277" lon="-74.000513"><ele>3.4</ele><time>2026-06-25T22:12:13.000Z</time><extensions><gpxtpx:TrackPointExtension><gpxtpx:hr>139</gpxtpx:hr></gpxtpx:TrackPointExtension></extensions></trkpt>
      <trkpt lat="40.762775" lon="-74.00053"><ele>3.4</ele><time>2026-06-25T22:12:14.000Z</time><extensions><gpxtpx:TrackPointExtension><gpxtpx:hr>139</gpxtpx:hr></gpxtpx:TrackPointExtension></extensions></trkpt>
      <trkpt lat="40.762779" lon="-74.00054"><ele>3.4</ele><time>2026-06-25T22:12:15.000Z</time><extensions><gpxtpx:TrackPointExtension><gpxtpx:hr>139</gpxtpx:hr></gpxtpx:TrackPointExtension></extensions></trkpt>
      <trkpt lat="40.762782" lon="-74.000547"><ele>3.4</ele><time>2026-06-25T22:12:16.000Z</time><extensions><gpxtpx:TrackPointExtension><gpxtpx:hr>139</gpxtpx:hr></gpxtpx:TrackPointExtension></extensions></trkpt>
      <trkpt lat="40.762787" lon="-74.000554"><ele>3.4</ele><time>2026-06-25T22:12:17.000Z</time><extensions><gpxtpx:TrackPointExtension><gpxtpx:hr>139</gpxtpx:hr></gpxtpx:TrackPointExtension></extensions></trkpt>
      <trkpt lat="40.762792" lon="-74.000561"><ele>3.4</ele><time>2026-06-25T22:12:18.000Z</time><extensions><gpxtpx:TrackPointExtension><gpxtpx:hr>139</gpxtpx:hr></gpxtpx:TrackPointExtension></extensions></trkpt>
      <trkpt lat="40.762797" lon="-74.000566"><ele>3.4</ele><time>2026-06-25T22:12:19.000Z</time><extensions><gpxtpx:TrackPointExtension><gpxtpx:hr>139</gpxtpx:hr></gpxtpx:TrackPointExtension></extensions></trkpt>
      <trkpt lat="40.7628" lon="-74.000569"><ele>3.4</ele><time>2026-06-25T22:12:20.000Z</time><extensions><gpxtpx:TrackPointExtension><gpxtpx:hr>138</gpxtpx:hr></gpxtpx:TrackPointExtension></extensions></trkpt>
      <trkpt lat="40.762802" lon="-74.000571"><ele>3.4</ele><time>2026-06-25T22:12:21.000Z</time><extensions><gpxtpx:TrackPointExtension><gpxtpx:hr>138</gpxtpx:hr></gpxtpx:TrackPointExtension></extensions></trkpt>
      <trkpt lat="40.762804" lon="-74.000574"><ele>3.4</ele><time>2026-06-25T22:12:22.000Z</time><extensions><gpxtpx:TrackPointExtension><gpxtpx:hr>138</gpxtpx:hr></gpxtpx:TrackPointExtension></extensions></trkpt>
      <trkpt lat="40.762806" lon="-74.000577"><ele>3.4</ele><time>2026-06-25T22:12:23.000Z</time><extensions><gpxtpx:TrackPointExtension><gpxtpx:hr>138</gpxtpx:hr></gpxtpx:TrackPointExtension></extensions></trkpt>
      <trkpt lat="40.762807" lon="-74.00058"><ele>3.4</ele><time>2026-06-25T22:12:24.000Z</time><extensions><gpxtpx:TrackPointExtension><gpxtpx:hr>138</gpxtpx:hr></gpxtpx:TrackPointExtension></extensions></trkpt>
      <trkpt lat="40.762809" lon="-74.000584"><ele>3.4</ele><time>2026-06-25T22:12:25.000Z</time><extensions><gpxtpx:TrackPointExtension><gpxtpx:hr>138</gpxtpx:hr></gpxtpx:TrackPointExtension></extensions></trkpt>
      <trkpt lat="40.762811" lon="-74.000588"><ele>3.4</ele><time>2026-06-25T22:12:26.000Z</time><extensions><gpxtpx:TrackPointExtension><gpxtpx:hr>138</gpxtpx:hr></gpxtpx:TrackPointExtension></extensions></trkpt>
      <trkpt lat="40.762813" lon="-74.000594"><ele>3.4</ele><time>2026-06-25T22:12:27.000Z</time><extensions><gpxtpx:TrackPointExtension><gpxtpx:hr>138</gpxtpx:hr></gpxtpx:TrackPointExtension></extensions></trkpt>
      <trkpt lat="40.762817" lon="-74.000603"><ele>3.4</ele><time>2026-06-25T22:12:28.000Z</time><extensions><gpxtpx:TrackPointExtension><gpxtpx:hr>137</gpxtpx:hr></gpxtpx:TrackPointExtension></extensions></trkpt>
      <trkpt lat="40.762822" lon="-74.000616"><ele>3.4</ele><time>2026-06-25T22:12:29.000Z</time><extensions><gpxtpx:TrackPointExtension><gpxtpx:hr>137</gpxtpx:hr></gpxtpx:TrackPointExtension></extensions></trkpt>
      <trkpt lat="40.762828" lon="-74.000634"><ele>3.4</ele><time>2026-06-25T22:12:30.000Z</time><extensions><gpxtpx:TrackPointExtension><gpxtpx:hr>137</gpxtpx:hr></gpxtpx:TrackPointExtension></extensions></trkpt>
      <trkpt lat="40.762835" lon="-74.00066"><ele>3.4</ele><time>2026-06-25T22:12:31.000Z</time><extensions><gpxtpx:TrackPointExtension><gpxtpx:hr>137</gpxtpx:hr></gpxtpx:TrackPointExtension></extensions></trkpt>
      <trkpt lat="40.762842" lon="-74.000694"><ele>3.4</ele><time>2026-06-25T22:12:32.000Z</time><extensions><gpxtpx:TrackPointExtension><gpxtpx:hr>137</gpxtpx:hr></gpxtpx:TrackPointExtension></extensions></trkpt>
      <trkpt lat="40.762851" lon="-74.000734"><ele>3.4</ele><time>2026-06-25T22:12:33.000Z</time><extensions><gpxtpx:TrackPointExtension><gpxtpx:hr>137</gpxtpx:hr></gpxtpx:TrackPointExtension></extensions></trkpt>
      <trkpt lat="40.76286" lon="-74.000776"><ele>3.4</ele><time>2026-06-25T22:12:34.000Z</time><extensions><gpxtpx:TrackPointExtension><gpxtpx:hr>137</gpxtpx:hr></gpxtpx:TrackPointExtension></extensions></trkpt>
      <trkpt lat="40.762869" lon="-74.000817"><ele>3.4</ele><time>2026-06-25T22:12:35.000Z</time><extensions><gpxtpx:TrackPointExtension><gpxtpx:hr>137</gpxtpx:hr></gpxtpx:TrackPointExtension></extensions></trkpt>
      <trkpt lat="40.762875" lon="-74.000854"><ele>3.4</ele><time>2026-06-25T22:12:36.000Z</time><extensions><gpxtpx:TrackPointExtension><gpxtpx:hr>137</gpxtpx:hr></gpxtpx:TrackPointExtension></extensions></trkpt>
      <trkpt lat="40.76288" lon="-74.000892"><ele>3.4</ele><time>2026-06-25T22:12:37.000Z</time><extensions><gpxtpx:TrackPointExtension><gpxtpx:hr>137</gpxtpx:hr></gpxtpx:TrackPointExtension></extensions></trkpt>
      <trkpt lat="40.762883" lon="-74.000932"><ele>3.4</ele><time>2026-06-25T22:12:38.000Z</time><extensions><gpxtpx:TrackPointExtension><gpxtpx:hr>137</gpxtpx:hr></gpxtpx:TrackPointExtension></extensions></trkpt>
      <trkpt lat="40.762887" lon="-74.000973"><ele>3.2</ele><time>2026-06-25T22:12:39.000Z</time><extensions><gpxtpx:TrackPointExtension><gpxtpx:hr>137</gpxtpx:hr></gpxtpx:TrackPointExtension></extensions></trkpt>
      <trkpt lat="40.76289" lon="-74.001014"><ele>3.2</ele><time>2026-06-25T22:12:40.000Z</time><extensions><gpxtpx:TrackPointExtension><gpxtpx:hr>137</gpxtpx:hr></gpxtpx:TrackPointExtension></extensions></trkpt>
      <trkpt lat="40.762894" lon="-74.001055"><ele>3</ele><time>2026-06-25T22:12:41.000Z</time><extensions><gpxtpx:TrackPointExtension><gpxtpx:hr>137</gpxtpx:hr></gpxtpx:TrackPointExtension></extensions></trkpt>
      <trkpt lat="40.762897" lon="-74.001097"><ele>3</ele><time>2026-06-25T22:12:42.000Z</time><extensions><gpxtpx:TrackPointExtension><gpxtpx:hr>138</gpxtpx:hr></gpxtpx:TrackPointExtension></extensions></trkpt>
      <trkpt lat="40.762897" lon="-74.001138"><ele>2.8</ele><time>2026-06-25T22:12:43.000Z</time><extensions><gpxtpx:TrackPointExtension><gpxtpx:hr>139</gpxtpx:hr></gpxtpx:TrackPointExtension></extensions></trkpt>
      <trkpt lat="40.762891" lon="-74.001176"><ele>2.8</ele><time>2026-06-25T22:12:44.000Z</time><extensions><gpxtpx:TrackPointExtension><gpxtpx:hr>139</gpxtpx:hr></gpxtpx:TrackPointExtension></extensions></trkpt>
      <trkpt lat="40.762878" lon="-74.001211"><ele>2.8</ele><time>2026-06-25T22:12:45.000Z</time><extensions><gpxtpx:TrackPointExtension><gpxtpx:hr>139</gpxtpx:hr></gpxtpx:TrackPointExtension></extensions></trkpt>
      <trkpt lat="40.762857" lon="-74.001244"><ele>2.8</ele><time>2026-06-25T22:12:46.000Z</time><extensions><gpxtpx:TrackPointExtension><gpxtpx:hr>139</gpxtpx:hr></gpxtpx:TrackPointExtension></extensions></trkpt>
      <trkpt lat="40.76283" lon="-74.001273"><ele>2.8</ele><time>2026-06-25T22:12:47.000Z</time><extensions><gpxtpx:TrackPointExtension><gpxtpx:hr>139</gpxtpx:hr></gpxtpx:TrackPointExtension></extensions></trkpt>
      <trkpt lat="40.762798" lon="-74.001298"><ele>2.8</ele><time>2026-06-25T22:12:48.000Z</time><extensions><gpxtpx:TrackPointExtension><gpxtpx:hr>139</gpxtpx:hr></gpxtpx:TrackPointExtension></extensions></trkpt>
      <trkpt lat="40.762765" lon="-74.001317"><ele>2.8</ele><time>2026-06-25T22:12:49.000Z</time><extensions><gpxtpx:TrackPointExtension><gpxtpx:hr>139</gpxtpx:hr></gpxtpx:TrackPointExtension></extensions></trkpt>
      <trkpt lat="40.762731" lon="-74.001331"><ele>2.8</ele><time>2026-06-25T22:12:50.000Z</time><extensions><gpxtpx:TrackPointExtension><gpxtpx:hr>139</gpxtpx:hr></gpxtpx:TrackPointExtension></extensions></trkpt>
      <trkpt lat="40.762697" lon="-74.001341"><ele>2.8</ele><time>2026-06-25T22:12:51.000Z</time><extensions><gpxtpx:TrackPointExtension><gpxtpx:hr>139</gpxtpx:hr></gpxtpx:TrackPointExtension></extensions></trkpt>
      <trkpt lat="40.762664" lon="-74.001351"><ele>3</ele><time>2026-06-25T22:12:52.000Z</time><extensions><gpxtpx:TrackPointExtension><gpxtpx:hr>145</gpxtpx:hr></gpxtpx:TrackPointExtension></extensions></trkpt>
      <trkpt lat="40.762634" lon="-74.001363"><ele>3</ele><time>2026-06-25T22:12:53.000Z</time><extensions><gpxtpx:TrackPointExtension><gpxtpx:hr>145</gpxtpx:hr></gpxtpx:TrackPointExtension></extensions></trkpt>
      <trkpt lat="40.762606" lon="-74.00138"><ele>3</ele><time>2026-06-25T22:12:54.000Z</time><extensions><gpxtpx:TrackPointExtension><gpxtpx:hr>145</gpxtpx:hr></gpxtpx:TrackPointExtension></extensions></trkpt>
      <trkpt lat="40.762577" lon="-74.0014"><ele>3</ele><time>2026-06-25T22:12:55.000Z</time><extensions><gpxtpx:TrackPointExtension><gpxtpx:hr>145</gpxtpx:hr></gpxtpx:TrackPointExtension></extensions></trkpt>
      <trkpt lat="40.762548" lon="-74.001422"><ele>3</ele><time>2026-06-25T22:12:56.000Z</time><extensions><gpxtpx:TrackPointExtension><gpxtpx:hr>145</gpxtpx:hr></gpxtpx:TrackPointExtension></extensions></trkpt>
      <trkpt lat="40.762521" lon="-74.001443"><ele>3</ele><time>2026-06-25T22:12:57.000Z</time><extensions><gpxtpx:TrackPointExtension><gpxtpx:hr>145</gpxtpx:hr></gpxtpx:TrackPointExtension></extensions></trkpt>
      <trkpt lat="40.762494" lon="-74.001461"><ele>3.2</ele><time>2026-06-25T22:12:58.000Z</time><extensions><gpxtpx:TrackPointExtension><gpxtpx:hr>148</gpxtpx:hr></gpxtpx:TrackPointExtension></extensions></trkpt>
      <trkpt lat="40.762469" lon="-74.001479"><ele>3.2</ele><time>2026-06-25T22:12:59.000Z</time><extensions><gpxtpx:TrackPointExtension><gpxtpx:hr>148</gpxtpx:hr></gpxtpx:TrackPointExtension></extensions></trkpt>
      <trkpt lat="40.762445" lon="-74.001495"><ele>3.2</ele><time>2026-06-25T22:13:00.000Z</time><extensions><gpxtpx:TrackPointExtension><gpxtpx:hr>148</gpxtpx:hr></gpxtpx:TrackPointExtension></extensions></trkpt>
      <trkpt lat="40.762421" lon="-74.00151"><ele>3.2</ele><time>2026-06-25T22:13:01.000Z</time><extensions><gpxtpx:TrackPointExtension><gpxtpx:hr>148</gpxtpx:hr></gpxtpx:TrackPointExtension></extensions></trkpt>
      <trkpt lat="40.762397" lon="-74.001524"><ele>3.2</ele><time>2026-06-25T22:13:02.000Z</time><extensions><gpxtpx:TrackPointExtension><gpxtpx:hr>148</gpxtpx:hr></gpxtpx:TrackPointExtension></extensions></trkpt>
      <trkpt lat="40.762373" lon="-74.00154"><ele>3.2</ele><time>2026-06-25T22:13:03.000Z</time><extensions><gpxtpx:TrackPointExtension><gpxtpx:hr>152</gpxtpx:hr></gpxtpx:TrackPointExtension></extensions></trkpt>
      <trkpt lat="40.762348" lon="-74.001557"><ele>3.2</ele><time>2026-06-25T22:13:04.000Z</time><extensions><gpxtpx:TrackPointExtension><gpxtpx:hr>152</gpxtpx:hr></gpxtpx:TrackPointExtension></extensions></trkpt>
      <trkpt lat="40.762323" lon="-74.001575"><ele>3.2</ele><time>2026-06-25T22:13:05.000Z</time><extensions><gpxtpx:TrackPointExtension><gpxtpx:hr>152</gpxtpx:hr></gpxtpx:TrackPointExtension></extensions></trkpt>
      <trkpt lat="40.762299" lon="-74.001591"><ele>3.2</ele><time>2026-06-25T22:13:06.000Z</time><extensions><gpxtpx:TrackPointExtension><gpxtpx:hr>152</gpxtpx:hr></gpxtpx:TrackPointExtension></extensions></trkpt>
      <trkpt lat="40.762276" lon="-74.001605"><ele>3.2</ele><time>2026-06-25T22:13:07.000Z</time><extensions><gpxtpx:TrackPointExtension><gpxtpx:hr>152</gpxtpx:hr></gpxtpx:TrackPointExtension></extensions></trkpt>
      <trkpt lat="40.762255" lon="-74.001618"><ele>3.2</ele><time>2026-06-25T22:13:08.000Z</time><extensions><gpxtpx:TrackPointExtension><gpxtpx:hr>152</gpxtpx:hr></gpxtpx:TrackPointExtension></extensions></trkpt>
      <trkpt lat="40.762236" lon="-74.001631"><ele>3.2</ele><time>2026-06-25T22:13:09.000Z</time><extensions><gpxtpx:TrackPointExtension><gpxtpx:hr>152</gpxtpx:hr></gpxtpx:TrackPointExtension></extensions></trkpt>
      <trkpt lat="40.762216" lon="-74.001645"><ele>3.2</ele><time>2026-06-25T22:13:10.000Z</time><extensions><gpxtpx:TrackPointExtension><gpxtpx:hr>152</gpxtpx:hr></gpxtpx:TrackPointExtension></extensions></trkpt>
      <trkpt lat="40.762197" lon="-74.001659"><ele>3.2</ele><time>2026-06-25T22:13:11.000Z</time><extensions><gpxtpx:TrackPointExtension><gpxtpx:hr>152</gpxtpx:hr></gpxtpx:TrackPointExtension></extensions></trkpt>
      <trkpt lat="40.762176" lon="-74.001672"><ele>3.2</ele><time>2026-06-25T22:13:12.000Z</time><extensions><gpxtpx:TrackPointExtension><gpxtpx:hr>154</gpxtpx:hr></gpxtpx:TrackPointExtension></extensions></trkpt>
      <trkpt lat="40.762155" lon="-74.001684"><ele>3.2</ele><time>2026-06-25T22:13:13.000Z</time><extensions><gpxtpx:TrackPointExtension><gpxtpx:hr>154</gpxtpx:hr></gpxtpx:TrackPointExtension></extensions></trkpt>
      <trkpt lat="40.762134" lon="-74.001695"><ele>3.2</ele><time>2026-06-25T22:13:14.000Z</time><extensions><gpxtpx:TrackPointExtension><gpxtpx:hr>154</gpxtpx:hr></gpxtpx:TrackPointExtension></extensions></trkpt>
      <trkpt lat="40.762113" lon="-74.001708"><ele>3.2</ele><time>2026-06-25T22:13:15.000Z</time><extensions><gpxtpx:TrackPointExtension><gpxtpx:hr>154</gpxtpx:hr></gpxtpx:TrackPointExtension></extensions></trkpt>
      <trkpt lat="40.762093" lon="-74.001721"><ele>3</ele><time>2026-06-25T22:13:16.000Z</time><extensions><gpxtpx:TrackPointExtension><gpxtpx:hr>154</gpxtpx:hr></gpxtpx:TrackPointExtension></extensions></trkpt>
      <trkpt lat="40.762072" lon="-74.001734"><ele>3</ele><time>2026-06-25T22:13:17.000Z</time><extensions><gpxtpx:TrackPointExtension><gpxtpx:hr>153</gpxtpx:hr></gpxtpx:TrackPointExtension></extensions></trkpt>
      <trkpt lat="40.762051" lon="-74.001747"><ele>3</ele><time>2026-06-25T22:13:18.000Z</time><extensions><gpxtpx:TrackPointExtension><gpxtpx:hr>153</gpxtpx:hr></gpxtpx:TrackPointExtension></extensions></trkpt>
      <trkpt lat="40.762029" lon="-74.00176"><ele>3</ele><time>2026-06-25T22:13:19.000Z</time><extensions><gpxtpx:TrackPointExtension><gpxtpx:hr>153</gpxtpx:hr></gpxtpx:TrackPointExtension></extensions></trkpt>
      <trkpt lat="40.762009" lon="-74.001773"><ele>3</ele><time>2026-06-25T22:13:20.000Z</time><extensions><gpxtpx:TrackPointExtension><gpxtpx:hr>153</gpxtpx:hr></gpxtpx:TrackPointExtension></extensions></trkpt>
      <trkpt lat="40.761989" lon="-74.001788"><ele>3</ele><time>2026-06-25T22:13:21.000Z</time><extensions><gpxtpx:TrackPointExtension><gpxtpx:hr>153</gpxtpx:hr></gpxtpx:TrackPointExtension></extensions></trkpt>
      <trkpt lat="40.761971" lon="-74.001804"><ele>3</ele><time>2026-06-25T22:13:22.000Z</time><extensions><gpxtpx:TrackPointExtension><gpxtpx:hr>151</gpxtpx:hr></gpxtpx:TrackPointExtension></extensions></trkpt>
      <trkpt lat="40.761953" lon="-74.001821"><ele>3</ele><time>2026-06-25T22:13:23.000Z</time><extensions><gpxtpx:TrackPointExtension><gpxtpx:hr>151</gpxtpx:hr></gpxtpx:TrackPointExtension></extensions></trkpt>
      <trkpt lat="40.761935" lon="-74.001837"><ele>3</ele><time>2026-06-25T22:13:24.000Z</time><extensions><gpxtpx:TrackPointExtension><gpxtpx:hr>151</gpxtpx:hr></gpxtpx:TrackPointExtension></extensions></trkpt>
      <trkpt lat="40.761916" lon="-74.001854"><ele>3</ele><time>2026-06-25T22:13:25.000Z</time><extensions><gpxtpx:TrackPointExtension><gpxtpx:hr>151</gpxtpx:hr></gpxtpx:TrackPointExtension></extensions></trkpt>
      <trkpt lat="40.761897" lon="-74.001872"><ele>3</ele><time>2026-06-25T22:13:26.000Z</time><extensions><gpxtpx:TrackPointExtension><gpxtpx:hr>150</gpxtpx:hr></gpxtpx:TrackPointExtension></extensions></trkpt>
      <trkpt lat="40.761878" lon="-74.00189"><ele>3</ele><time>2026-06-25T22:13:27.000Z</time><extensions><gpxtpx:TrackPointExtension><gpxtpx:hr>150</gpxtpx:hr></gpxtpx:TrackPointExtension></extensions></trkpt>
      <trkpt lat="40.761859" lon="-74.001907"><ele>3</ele><time>2026-06-25T22:13:28.000Z</time><extensions><gpxtpx:TrackPointExtension><gpxtpx:hr>150</gpxtpx:hr></gpxtpx:TrackPointExtension></extensions></trkpt>
      <trkpt lat="40.761841" lon="-74.001923"><ele>3</ele><time>2026-06-25T22:13:29.000Z</time><extensions><gpxtpx:TrackPointExtension><gpxtpx:hr>150</gpxtpx:hr></gpxtpx:TrackPointExtension></extensions></trkpt>
      <trkpt lat="40.761823" lon="-74.001937"><ele>3</ele><time>2026-06-25T22:13:30.000Z</time><extensions><gpxtpx:TrackPointExtension><gpxtpx:hr>150</gpxtpx:hr></gpxtpx:TrackPointExtension></extensions></trkpt>
      <trkpt lat="40.761805" lon="-74.001951"><ele>3</ele><time>2026-06-25T22:13:31.000Z</time><extensions><gpxtpx:TrackPointExtension><gpxtpx:hr>150</gpxtpx:hr></gpxtpx:TrackPointExtension></extensions></trkpt>
      <trkpt lat="40.761787" lon="-74.001964"><ele>3</ele><time>2026-06-25T22:13:32.000Z</time><extensions><gpxtpx:TrackPointExtension><gpxtpx:hr>150</gpxtpx:hr></gpxtpx:TrackPointExtension></extensions></trkpt>
      <trkpt lat="40.761767" lon="-74.001979"><ele>3.2</ele><time>2026-06-25T22:13:33.000Z</time><extensions><gpxtpx:TrackPointExtension><gpxtpx:hr>150</gpxtpx:hr></gpxtpx:TrackPointExtension></extensions></trkpt>
      <trkpt lat="40.761747" lon="-74.001994"><ele>3.2</ele><time>2026-06-25T22:13:34.000Z</time><extensions><gpxtpx:TrackPointExtension><gpxtpx:hr>148</gpxtpx:hr></gpxtpx:TrackPointExtension></extensions></trkpt>
      <trkpt lat="40.761726" lon="-74.00201"><ele>3</ele><time>2026-06-25T22:13:35.000Z</time><extensions><gpxtpx:TrackPointExtension><gpxtpx:hr>148</gpxtpx:hr></gpxtpx:TrackPointExtension></extensions></trkpt>
      <trkpt lat="40.761705" lon="-74.002026"><ele>3</ele><time>2026-06-25T22:13:36.000Z</time><extensions><gpxtpx:TrackPointExtension><gpxtpx:hr>148</gpxtpx:hr></gpxtpx:TrackPointExtension></extensions></trkpt>
      <trkpt lat="40.761684" lon="-74.002042"><ele>3</ele><time>2026-06-25T22:13:37.000Z</time><extensions><gpxtpx:TrackPointExtension><gpxtpx:hr>148</gpxtpx:hr></gpxtpx:TrackPointExtension></extensions></trkpt>
      <trkpt lat="40.761664" lon="-74.002057"><ele>3</ele><time>2026-06-25T22:13:38.000Z</time><extensions><gpxtpx:TrackPointExtension><gpxtpx:hr>148</gpxtpx:hr></gpxtpx:TrackPointExtension></extensions></trkpt>
      <trkpt lat="40.761645" lon="-74.002072"><ele>3</ele><time>2026-06-25T22:13:39.000Z</time><extensions><gpxtpx:TrackPointExtension><gpxtpx:hr>148</gpxtpx:hr></gpxtpx:TrackPointExtension></extensions></trkpt>
      <trkpt lat="40.761625" lon="-74.002087"><ele>3</ele><time>2026-06-25T22:13:40.000Z</time><extensions><gpxtpx:TrackPointExtension><gpxtpx:hr>148</gpxtpx:hr></gpxtpx:TrackPointExtension></extensions></trkpt>
      <trkpt lat="40.761605" lon="-74.002102"><ele>3</ele><time>2026-06-25T22:13:41.000Z</time><extensions><gpxtpx:TrackPointExtension><gpxtpx:hr>147</gpxtpx:hr></gpxtpx:TrackPointExtension></extensions></trkpt>
      <trkpt lat="40.761584" lon="-74.002119"><ele>3</ele><time>2026-06-25T22:13:42.000Z</time><extensions><gpxtpx:TrackPointExtension><gpxtpx:hr>147</gpxtpx:hr></gpxtpx:TrackPointExtension></extensions></trkpt>
      <trkpt lat="40.761563" lon="-74.002135"><ele>3</ele><time>2026-06-25T22:13:43.000Z</time><extensions><gpxtpx:TrackPointExtension><gpxtpx:hr>147</gpxtpx:hr></gpxtpx:TrackPointExtension></extensions></trkpt>
      <trkpt lat="40.761543" lon="-74.00215"><ele>3</ele><time>2026-06-25T22:13:44.000Z</time><extensions><gpxtpx:TrackPointExtension><gpxtpx:hr>147</gpxtpx:hr></gpxtpx:TrackPointExtension></extensions></trkpt>
      <trkpt lat="40.761522" lon="-74.002165"><ele>3</ele><time>2026-06-25T22:13:45.000Z</time><extensions><gpxtpx:TrackPointExtension><gpxtpx:hr>147</gpxtpx:hr></gpxtpx:TrackPointExtension></extensions></trkpt>
      <trkpt lat="40.761502" lon="-74.002181"><ele>3</ele><time>2026-06-25T22:13:46.000Z</time><extensions><gpxtpx:TrackPointExtension><gpxtpx:hr>147</gpxtpx:hr></gpxtpx:TrackPointExtension></extensions></trkpt>
      <trkpt lat="40.761482" lon="-74.002196"><ele>3</ele><time>2026-06-25T22:13:47.000Z</time><extensions><gpxtpx:TrackPointExtension><gpxtpx:hr>147</gpxtpx:hr></gpxtpx:TrackPointExtension></extensions></trkpt>
      <trkpt lat="40.761461" lon="-74.002212"><ele>3</ele><time>2026-06-25T22:13:48.000Z</time><extensions><gpxtpx:TrackPointExtension><gpxtpx:hr>147</gpxtpx:hr></gpxtpx:TrackPointExtension></extensions></trkpt>
      <trkpt lat="40.761438" lon="-74.002228"><ele>3</ele><time>2026-06-25T22:13:49.000Z</time><extensions><gpxtpx:TrackPointExtension><gpxtpx:hr>147</gpxtpx:hr></gpxtpx:TrackPointExtension></extensions></trkpt>
      <trkpt lat="40.761416" lon="-74.002243"><ele>2.8</ele><time>2026-06-25T22:13:50.000Z</time><extensions><gpxtpx:TrackPointExtension><gpxtpx:hr>147</gpxtpx:hr></gpxtpx:TrackPointExtension></extensions></trkpt>
      <trkpt lat="40.761395" lon="-74.00226"><ele>2.8</ele><time>2026-06-25T22:13:51.000Z</time><extensions><gpxtpx:TrackPointExtension><gpxtpx:hr>148</gpxtpx:hr></gpxtpx:TrackPointExtension></extensions></trkpt>
      <trkpt lat="40.761374" lon="-74.002279"><ele>2.8</ele><time>2026-06-25T22:13:52.000Z</time><extensions><gpxtpx:TrackPointExtension><gpxtpx:hr>148</gpxtpx:hr></gpxtpx:TrackPointExtension></extensions></trkpt>
      <trkpt lat="40.761354" lon="-74.002298"><ele>2.8</ele><time>2026-06-25T22:13:53.000Z</time><extensions><gpxtpx:TrackPointExtension><gpxtpx:hr>148</gpxtpx:hr></gpxtpx:TrackPointExtension></extensions></trkpt>
      <trkpt lat="40.761334" lon="-74.002317"><ele>2.8</ele><time>2026-06-25T22:13:54.000Z</time><extensions><gpxtpx:TrackPointExtension><gpxtpx:hr>148</gpxtpx:hr></gpxtpx:TrackPointExtension></extensions></trkpt>
      <trkpt lat="40.761313" lon="-74.002335"><ele>2.8</ele><time>2026-06-25T22:13:55.000Z</time><extensions><gpxtpx:TrackPointExtension><gpxtpx:hr>148</gpxtpx:hr></gpxtpx:TrackPointExtension></extensions></trkpt>
      <trkpt lat="40.761292" lon="-74.002352"><ele>2.8</ele><time>2026-06-25T22:13:56.000Z</time><extensions><gpxtpx:TrackPointExtension><gpxtpx:hr>146</gpxtpx:hr></gpxtpx:TrackPointExtension></extensions></trkpt>
      <trkpt lat="40.761271" lon="-74.00237"><ele>2.8</ele><time>2026-06-25T22:13:57.000Z</time><extensions><gpxtpx:TrackPointExtension><gpxtpx:hr>146</gpxtpx:hr></gpxtpx:TrackPointExtension></extensions></trkpt>
      <trkpt lat="40.761249" lon="-74.002387"><ele>2.8</ele><time>2026-06-25T22:13:58.000Z</time><extensions><gpxtpx:TrackPointExtension><gpxtpx:hr>146</gpxtpx:hr></gpxtpx:TrackPointExtension></extensions></trkpt>
      <trkpt lat="40.761228" lon="-74.002404"><ele>2.8</ele><time>2026-06-25T22:13:59.000Z</time><extensions><gpxtpx:TrackPointExtension><gpxtpx:hr>146</gpxtpx:hr></gpxtpx:TrackPointExtension></extensions></trkpt>
      <trkpt lat="40.761207" lon="-74.002422"><ele>2.8</ele><time>2026-06-25T22:14:00.000Z</time><extensions><gpxtpx:TrackPointExtension><gpxtpx:hr>146</gpxtpx:hr></gpxtpx:TrackPointExtension></extensions></trkpt>
      <trkpt lat="40.761186" lon="-74.002439"><ele>2.8</ele><time>2026-06-25T22:14:01.000Z</time><extensions><gpxtpx:TrackPointExtension><gpxtpx:hr>146</gpxtpx:hr></gpxtpx:TrackPointExtension></extensions></trkpt>
      <trkpt lat="40.761164" lon="-74.002456"><ele>3</ele><time>2026-06-25T22:14:02.000Z</time><extensions><gpxtpx:TrackPointExtension><gpxtpx:hr>146</gpxtpx:hr></gpxtpx:TrackPointExtension></extensions></trkpt>
      <trkpt lat="40.761142" lon="-74.002471"><ele>3</ele><time>2026-06-25T22:14:03.000Z</time><extensions><gpxtpx:TrackPointExtension><gpxtpx:hr>146</gpxtpx:hr></gpxtpx:TrackPointExtension></extensions></trkpt>
      <trkpt lat="40.761121" lon="-74.002487"><ele>3</ele><time>2026-06-25T22:14:04.000Z</time><extensions><gpxtpx:TrackPointExtension><gpxtpx:hr>146</gpxtpx:hr></gpxtpx:TrackPointExtension></extensions></trkpt>
      <trkpt lat="40.761101" lon="-74.002502"><ele>3</ele><time>2026-06-25T22:14:05.000Z</time><extensions><gpxtpx:TrackPointExtension><gpxtpx:hr>146</gpxtpx:hr></gpxtpx:TrackPointExtension></extensions></trkpt>
      <trkpt lat="40.76108" lon="-74.002516"><ele>3</ele><time>2026-06-25T22:14:06.000Z</time><extensions><gpxtpx:TrackPointExtension><gpxtpx:hr>146</gpxtpx:hr></gpxtpx:TrackPointExtension></extensions></trkpt>
      <trkpt lat="40.761059" lon="-74.00253"><ele>3</ele><time>2026-06-25T22:14:07.000Z</time><extensions><gpxtpx:TrackPointExtension><gpxtpx:hr>146</gpxtpx:hr></gpxtpx:TrackPointExtension></extensions></trkpt>
      <trkpt lat="40.761038" lon="-74.002541"><ele>3</ele><time>2026-06-25T22:14:08.000Z</time><extensions><gpxtpx:TrackPointExtension><gpxtpx:hr>146</gpxtpx:hr></gpxtpx:TrackPointExtension></extensions></trkpt>
      <trkpt lat="40.761017" lon="-74.00255"><ele>3</ele><time>2026-06-25T22:14:09.000Z</time><extensions><gpxtpx:TrackPointExtension><gpxtpx:hr>146</gpxtpx:hr></gpxtpx:TrackPointExtension></extensions></trkpt>
      <trkpt lat="40.760997" lon="-74.002556"><ele>3</ele><time>2026-06-25T22:14:10.000Z</time><extensions><gpxtpx:TrackPointExtension><gpxtpx:hr>146</gpxtpx:hr></gpxtpx:TrackPointExtension></extensions></trkpt>
      <trkpt lat="40.760976" lon="-74.002564"><ele>3</ele><time>2026-06-25T22:14:11.000Z</time><extensions><gpxtpx:TrackPointExtension><gpxtpx:hr>146</gpxtpx:hr></gpxtpx:TrackPointExtension></extensions></trkpt>
      <trkpt lat="40.760953" lon="-74.002572"><ele>3</ele><time>2026-06-25T22:14:12.000Z</time><extensions><gpxtpx:TrackPointExtension><gpxtpx:hr>149</gpxtpx:hr></gpxtpx:TrackPointExtension></extensions></trkpt>
      <trkpt lat="40.760929" lon="-74.002578"><ele>3</ele><time>2026-06-25T22:14:13.000Z</time><extensions><gpxtpx:TrackPointExtension><gpxtpx:hr>149</gpxtpx:hr></gpxtpx:TrackPointExtension></extensions></trkpt>
      <trkpt lat="40.760905" lon="-74.002582"><ele>3</ele><time>2026-06-25T22:14:14.000Z</time><extensions><gpxtpx:TrackPointExtension><gpxtpx:hr>149</gpxtpx:hr></gpxtpx:TrackPointExtension></extensions></trkpt>
      <trkpt lat="40.760882" lon="-74.002584"><ele>3</ele><time>2026-06-25T22:14:15.000Z</time><extensions><gpxtpx:TrackPointExtension><gpxtpx:hr>149</gpxtpx:hr></gpxtpx:TrackPointExtension></extensions></trkpt>
      <trkpt lat="40.760861" lon="-74.002585"><ele>3</ele><time>2026-06-25T22:14:16.000Z</time><extensions><gpxtpx:TrackPointExtension><gpxtpx:hr>149</gpxtpx:hr></gpxtpx:TrackPointExtension></extensions></trkpt>
      <trkpt lat="40.76084" lon="-74.002587"><ele>3</ele><time>2026-06-25T22:14:17.000Z</time><extensions><gpxtpx:TrackPointExtension><gpxtpx:hr>149</gpxtpx:hr></gpxtpx:TrackPointExtension></extensions></trkpt>
      <trkpt lat="40.76082" lon="-74.002594"><ele>3</ele><time>2026-06-25T22:14:18.000Z</time><extensions><gpxtpx:TrackPointExtension><gpxtpx:hr>149</gpxtpx:hr></gpxtpx:TrackPointExtension></extensions></trkpt>
      <trkpt lat="40.760798" lon="-74.002606"><ele>3</ele><time>2026-06-25T22:14:19.000Z</time><extensions><gpxtpx:TrackPointExtension><gpxtpx:hr>149</gpxtpx:hr></gpxtpx:TrackPointExtension></extensions></trkpt>
      <trkpt lat="40.760775" lon="-74.00262"><ele>3</ele><time>2026-06-25T22:14:20.000Z</time><extensions><gpxtpx:TrackPointExtension><gpxtpx:hr>149</gpxtpx:hr></gpxtpx:TrackPointExtension></extensions></trkpt>
      <trkpt lat="40.76075" lon="-74.002635"><ele>3.2</ele><time>2026-06-25T22:14:21.000Z</time><extensions><gpxtpx:TrackPointExtension><gpxtpx:hr>149</gpxtpx:hr></gpxtpx:TrackPointExtension></extensions></trkpt>
      <trkpt lat="40.760726" lon="-74.002651"><ele>3.2</ele><time>2026-06-25T22:14:22.000Z</time><extensions><gpxtpx:TrackPointExtension><gpxtpx:hr>149</gpxtpx:hr></gpxtpx:TrackPointExtension></extensions></trkpt>
      <trkpt lat="40.760702" lon="-74.002666"><ele>3.2</ele><time>2026-06-25T22:14:23.000Z</time><extensions><gpxtpx:TrackPointExtension><gpxtpx:hr>149</gpxtpx:hr></gpxtpx:TrackPointExtension></extensions></trkpt>
      <trkpt lat="40.760679" lon="-74.002683"><ele>3.2</ele><time>2026-06-25T22:14:24.000Z</time><extensions><gpxtpx:TrackPointExtension><gpxtpx:hr>150</gpxtpx:hr></gpxtpx:TrackPointExtension></extensions></trkpt>
      <trkpt lat="40.760657" lon="-74.0027"><ele>3.2</ele><time>2026-06-25T22:14:25.000Z</time><extensions><gpxtpx:TrackPointExtension><gpxtpx:hr>150</gpxtpx:hr></gpxtpx:TrackPointExtension></extensions></trkpt>
      <trkpt lat="40.760636" lon="-74.002717"><ele>3.2</ele><time>2026-06-25T22:14:26.000Z</time><extensions><gpxtpx:TrackPointExtension><gpxtpx:hr>150</gpxtpx:hr></gpxtpx:TrackPointExtension></extensions></trkpt>
      <trkpt lat="40.760615" lon="-74.002734"><ele>3.2</ele><time>2026-06-25T22:14:27.000Z</time><extensions><gpxtpx:TrackPointExtension><gpxtpx:hr>150</gpxtpx:hr></gpxtpx:TrackPointExtension></extensions></trkpt>
      <trkpt lat="40.760596" lon="-74.002752"><ele>3.2</ele><time>2026-06-25T22:14:28.000Z</time><extensions><gpxtpx:TrackPointExtension><gpxtpx:hr>150</gpxtpx:hr></gpxtpx:TrackPointExtension></extensions></trkpt>
      <trkpt lat="40.760576" lon="-74.002768"><ele>3.4</ele><time>2026-06-25T22:14:29.000Z</time><extensions><gpxtpx:TrackPointExtension><gpxtpx:hr>150</gpxtpx:hr></gpxtpx:TrackPointExtension></extensions></trkpt>
      <trkpt lat="40.760557" lon="-74.002784"><ele>3.4</ele><time>2026-06-25T22:14:30.000Z</time><extensions><gpxtpx:TrackPointExtension><gpxtpx:hr>150</gpxtpx:hr></gpxtpx:TrackPointExtension></extensions></trkpt>
      <trkpt lat="40.760536" lon="-74.0028"><ele>3.4</ele><time>2026-06-25T22:14:31.000Z</time><extensions><gpxtpx:TrackPointExtension><gpxtpx:hr>150</gpxtpx:hr></gpxtpx:TrackPointExtension></extensions></trkpt>
      <trkpt lat="40.760515" lon="-74.002817"><ele>3.4</ele><time>2026-06-25T22:14:32.000Z</time><extensions><gpxtpx:TrackPointExtension><gpxtpx:hr>150</gpxtpx:hr></gpxtpx:TrackPointExtension></extensions></trkpt>
      <trkpt lat="40.760495" lon="-74.002833"><ele>3.4</ele><time>2026-06-25T22:14:33.000Z</time><extensions><gpxtpx:TrackPointExtension><gpxtpx:hr>150</gpxtpx:hr></gpxtpx:TrackPointExtension></extensions></trkpt>
      <trkpt lat="40.760473" lon="-74.002848"><ele>3.4</ele><time>2026-06-25T22:14:34.000Z</time><extensions><gpxtpx:TrackPointExtension><gpxtpx:hr>151</gpxtpx:hr></gpxtpx:TrackPointExtension></extensions></trkpt>
      <trkpt lat="40.760449" lon="-74.002859"><ele>3.4</ele><time>2026-06-25T22:14:35.000Z</time><extensions><gpxtpx:TrackPointExtension><gpxtpx:hr>151</gpxtpx:hr></gpxtpx:TrackPointExtension></extensions></trkpt>
      <trkpt lat="40.760425" lon="-74.002871"><ele>3.4</ele><time>2026-06-25T22:14:36.000Z</time><extensions><gpxtpx:TrackPointExtension><gpxtpx:hr>151</gpxtpx:hr></gpxtpx:TrackPointExtension></extensions></trkpt>
      <trkpt lat="40.760402" lon="-74.002883"><ele>3.6</ele><time>2026-06-25T22:14:37.000Z</time><extensions><gpxtpx:TrackPointExtension><gpxtpx:hr>151</gpxtpx:hr></gpxtpx:TrackPointExtension></extensions></trkpt>
      <trkpt lat="40.76038" lon="-74.002898"><ele>3.6</ele><time>2026-06-25T22:14:38.000Z</time><extensions><gpxtpx:TrackPointExtension><gpxtpx:hr>151</gpxtpx:hr></gpxtpx:TrackPointExtension></extensions></trkpt>
      <trkpt lat="40.76036" lon="-74.002915"><ele>3.6</ele><time>2026-06-25T22:14:39.000Z</time><extensions><gpxtpx:TrackPointExtension><gpxtpx:hr>151</gpxtpx:hr></gpxtpx:TrackPointExtension></extensions></trkpt>
      <trkpt lat="40.760342" lon="-74.002935"><ele>3.6</ele><time>2026-06-25T22:14:40.000Z</time><extensions><gpxtpx:TrackPointExtension><gpxtpx:hr>151</gpxtpx:hr></gpxtpx:TrackPointExtension></extensions></trkpt>
      <trkpt lat="40.760325" lon="-74.002958"><ele>3.6</ele><time>2026-06-25T22:14:41.000Z</time><extensions><gpxtpx:TrackPointExtension><gpxtpx:hr>151</gpxtpx:hr></gpxtpx:TrackPointExtension></extensions></trkpt>
      <trkpt lat="40.76031" lon="-74.002984"><ele>3.6</ele><time>2026-06-25T22:14:42.000Z</time><extensions><gpxtpx:TrackPointExtension><gpxtpx:hr>151</gpxtpx:hr></gpxtpx:TrackPointExtension></extensions></trkpt>
      <trkpt lat="40.760297" lon="-74.00301"><ele>3.6</ele><time>2026-06-25T22:14:43.000Z</time><extensions><gpxtpx:TrackPointExtension><gpxtpx:hr>151</gpxtpx:hr></gpxtpx:TrackPointExtension></extensions></trkpt>
      <trkpt lat="40.760278" lon="-74.003032"><ele>3.6</ele><time>2026-06-25T22:14:44.000Z</time><extensions><gpxtpx:TrackPointExtension><gpxtpx:hr>151</gpxtpx:hr></gpxtpx:TrackPointExtension></extensions></trkpt>
      <trkpt lat="40.760252" lon="-74.003048"><ele>3.6</ele><time>2026-06-25T22:14:45.000Z</time><extensions><gpxtpx:TrackPointExtension><gpxtpx:hr>151</gpxtpx:hr></gpxtpx:TrackPointExtension></extensions></trkpt>
      <trkpt lat="40.760221" lon="-74.00306"><ele>3.6</ele><time>2026-06-25T22:14:46.000Z</time><extensions><gpxtpx:TrackPointExtension><gpxtpx:hr>151</gpxtpx:hr></gpxtpx:TrackPointExtension></extensions></trkpt>
      <trkpt lat="40.760188" lon="-74.003073"><ele>3.6</ele><time>2026-06-25T22:14:47.000Z</time><extensions><gpxtpx:TrackPointExtension><gpxtpx:hr>151</gpxtpx:hr></gpxtpx:TrackPointExtension></extensions></trkpt>
      <trkpt lat="40.760159" lon="-74.003088"><ele>3.6</ele><time>2026-06-25T22:14:48.000Z</time><extensions><gpxtpx:TrackPointExtension><gpxtpx:hr>151</gpxtpx:hr></gpxtpx:TrackPointExtension></extensions></trkpt>
      <trkpt lat="40.760134" lon="-74.003104"><ele>3.6</ele><time>2026-06-25T22:14:49.000Z</time><extensions><gpxtpx:TrackPointExtension><gpxtpx:hr>151</gpxtpx:hr></gpxtpx:TrackPointExtension></extensions></trkpt>
      <trkpt lat="40.760111" lon="-74.00312"><ele>3.6</ele><time>2026-06-25T22:14:50.000Z</time><extensions><gpxtpx:TrackPointExtension><gpxtpx:hr>151</gpxtpx:hr></gpxtpx:TrackPointExtension></extensions></trkpt>
      <trkpt lat="40.760088" lon="-74.003137"><ele>3.6</ele><time>2026-06-25T22:14:51.000Z</time><extensions><gpxtpx:TrackPointExtension><gpxtpx:hr>151</gpxtpx:hr></gpxtpx:TrackPointExtension></extensions></trkpt>
      <trkpt lat="40.760063" lon="-74.003154"><ele>3.6</ele><time>2026-06-25T22:14:52.000Z</time><extensions><gpxtpx:TrackPointExtension><gpxtpx:hr>151</gpxtpx:hr></gpxtpx:TrackPointExtension></extensions></trkpt>
      <trkpt lat="40.760037" lon="-74.003171"><ele>3.6</ele><time>2026-06-25T22:14:53.000Z</time><extensions><gpxtpx:TrackPointExtension><gpxtpx:hr>151</gpxtpx:hr></gpxtpx:TrackPointExtension></extensions></trkpt>
      <trkpt lat="40.760009" lon="-74.003187"><ele>3.6</ele><time>2026-06-25T22:14:54.000Z</time><extensions><gpxtpx:TrackPointExtension><gpxtpx:hr>151</gpxtpx:hr></gpxtpx:TrackPointExtension></extensions></trkpt>
      <trkpt lat="40.759983" lon="-74.003202"><ele>3.6</ele><time>2026-06-25T22:14:55.000Z</time><extensions><gpxtpx:TrackPointExtension><gpxtpx:hr>151</gpxtpx:hr></gpxtpx:TrackPointExtension></extensions></trkpt>
      <trkpt lat="40.759957" lon="-74.003218"><ele>3.6</ele><time>2026-06-25T22:14:56.000Z</time><extensions><gpxtpx:TrackPointExtension><gpxtpx:hr>151</gpxtpx:hr></gpxtpx:TrackPointExtension></extensions></trkpt>
      <trkpt lat="40.759932" lon="-74.003234"><ele>3.6</ele><time>2026-06-25T22:14:57.000Z</time><extensions><gpxtpx:TrackPointExtension><gpxtpx:hr>150</gpxtpx:hr></gpxtpx:TrackPointExtension></extensions></trkpt>
      <trkpt lat="40.759907" lon="-74.00325"><ele>3.6</ele><time>2026-06-25T22:14:58.000Z</time><extensions><gpxtpx:TrackPointExtension><gpxtpx:hr>150</gpxtpx:hr></gpxtpx:TrackPointExtension></extensions></trkpt>
      <trkpt lat="40.759883" lon="-74.003268"><ele>3.6</ele><time>2026-06-25T22:14:59.000Z</time><extensions><gpxtpx:TrackPointExtension><gpxtpx:hr>150</gpxtpx:hr></gpxtpx:TrackPointExtension></extensions></trkpt>
      <trkpt lat="40.759857" lon="-74.003286"><ele>3.8</ele><time>2026-06-25T22:15:00.000Z</time><extensions><gpxtpx:TrackPointExtension><gpxtpx:hr>150</gpxtpx:hr></gpxtpx:TrackPointExtension></extensions></trkpt>
      <trkpt lat="40.759832" lon="-74.003303"><ele>3.8</ele><time>2026-06-25T22:15:01.000Z</time><extensions><gpxtpx:TrackPointExtension><gpxtpx:hr>150</gpxtpx:hr></gpxtpx:TrackPointExtension></extensions></trkpt>
      <trkpt lat="40.759807" lon="-74.00332"><ele>3.8</ele><time>2026-06-25T22:15:02.000Z</time><extensions><gpxtpx:TrackPointExtension><gpxtpx:hr>149</gpxtpx:hr></gpxtpx:TrackPointExtension></extensions></trkpt>
      <trkpt lat="40.759783" lon="-74.003335"><ele>3.8</ele><time>2026-06-25T22:15:03.000Z</time><extensions><gpxtpx:TrackPointExtension><gpxtpx:hr>149</gpxtpx:hr></gpxtpx:TrackPointExtension></extensions></trkpt>
      <trkpt lat="40.759758" lon="-74.003349"><ele>3.8</ele><time>2026-06-25T22:15:04.000Z</time><extensions><gpxtpx:TrackPointExtension><gpxtpx:hr>149</gpxtpx:hr></gpxtpx:TrackPointExtension></extensions></trkpt>
      <trkpt lat="40.759733" lon="-74.003363"><ele>3.8</ele><time>2026-06-25T22:15:05.000Z</time><extensions><gpxtpx:TrackPointExtension><gpxtpx:hr>149</gpxtpx:hr></gpxtpx:TrackPointExtension></extensions></trkpt>
      <trkpt lat="40.759707" lon="-74.003378"><ele>3.8</ele><time>2026-06-25T22:15:06.000Z</time><extensions><gpxtpx:TrackPointExtension><gpxtpx:hr>149</gpxtpx:hr></gpxtpx:TrackPointExtension></extensions></trkpt>
      <trkpt lat="40.759683" lon="-74.003393"><ele>3.8</ele><time>2026-06-25T22:15:07.000Z</time><extensions><gpxtpx:TrackPointExtension><gpxtpx:hr>149</gpxtpx:hr></gpxtpx:TrackPointExtension></extensions></trkpt>
      <trkpt lat="40.75966" lon="-74.003409"><ele>3.8</ele><time>2026-06-25T22:15:08.000Z</time><extensions><gpxtpx:TrackPointExtension><gpxtpx:hr>149</gpxtpx:hr></gpxtpx:TrackPointExtension></extensions></trkpt>
      <trkpt lat="40.759637" lon="-74.003424"><ele>3.8</ele><time>2026-06-25T22:15:09.000Z</time><extensions><gpxtpx:TrackPointExtension><gpxtpx:hr>149</gpxtpx:hr></gpxtpx:TrackPointExtension></extensions></trkpt>
      <trkpt lat="40.759615" lon="-74.003438"><ele>3.8</ele><time>2026-06-25T22:15:10.000Z</time><extensions><gpxtpx:TrackPointExtension><gpxtpx:hr>149</gpxtpx:hr></gpxtpx:TrackPointExtension></extensions></trkpt>
      <trkpt lat="40.759592" lon="-74.00345"><ele>3.8</ele><time>2026-06-25T22:15:11.000Z</time><extensions><gpxtpx:TrackPointExtension><gpxtpx:hr>149</gpxtpx:hr></gpxtpx:TrackPointExtension></extensions></trkpt>
      <trkpt lat="40.759568" lon="-74.003465"><ele>3.8</ele><time>2026-06-25T22:15:12.000Z</time><extensions><gpxtpx:TrackPointExtension><gpxtpx:hr>149</gpxtpx:hr></gpxtpx:TrackPointExtension></extensions></trkpt>
      <trkpt lat="40.759544" lon="-74.00348"><ele>4</ele><time>2026-06-25T22:15:13.000Z</time><extensions><gpxtpx:TrackPointExtension><gpxtpx:hr>149</gpxtpx:hr></gpxtpx:TrackPointExtension></extensions></trkpt>
      <trkpt lat="40.759521" lon="-74.003496"><ele>4</ele><time>2026-06-25T22:15:14.000Z</time><extensions><gpxtpx:TrackPointExtension><gpxtpx:hr>150</gpxtpx:hr></gpxtpx:TrackPointExtension></extensions></trkpt>
      <trkpt lat="40.759497" lon="-74.003512"><ele>4</ele><time>2026-06-25T22:15:15.000Z</time><extensions><gpxtpx:TrackPointExtension><gpxtpx:hr>150</gpxtpx:hr></gpxtpx:TrackPointExtension></extensions></trkpt>
      <trkpt lat="40.759474" lon="-74.003527"><ele>4</ele><time>2026-06-25T22:15:16.000Z</time><extensions><gpxtpx:TrackPointExtension><gpxtpx:hr>150</gpxtpx:hr></gpxtpx:TrackPointExtension></extensions></trkpt>
      <trkpt lat="40.75945" lon="-74.003539"><ele>4</ele><time>2026-06-25T22:15:17.000Z</time><extensions><gpxtpx:TrackPointExtension><gpxtpx:hr>150</gpxtpx:hr></gpxtpx:TrackPointExtension></extensions></trkpt>
      <trkpt lat="40.759425" lon="-74.003547"><ele>4</ele><time>2026-06-25T22:15:18.000Z</time><extensions><gpxtpx:TrackPointExtension><gpxtpx:hr>150</gpxtpx:hr></gpxtpx:TrackPointExtension></extensions></trkpt>
      <trkpt lat="40.759398" lon="-74.003548"><ele>4</ele><time>2026-06-25T22:15:19.000Z</time><extensions><gpxtpx:TrackPointExtension><gpxtpx:hr>150</gpxtpx:hr></gpxtpx:TrackPointExtension></extensions></trkpt>
      <trkpt lat="40.75937" lon="-74.003543"><ele>4</ele><time>2026-06-25T22:15:20.000Z</time><extensions><gpxtpx:TrackPointExtension><gpxtpx:hr>150</gpxtpx:hr></gpxtpx:TrackPointExtension></extensions></trkpt>
      <trkpt lat="40.759342" lon="-74.003537"><ele>4</ele><time>2026-06-25T22:15:21.000Z</time><extensions><gpxtpx:TrackPointExtension><gpxtpx:hr>150</gpxtpx:hr></gpxtpx:TrackPointExtension></extensions></trkpt>
      <trkpt lat="40.759315" lon="-74.003542"><ele>3.8</ele><time>2026-06-25T22:15:22.000Z</time><extensions><gpxtpx:TrackPointExtension><gpxtpx:hr>150</gpxtpx:hr></gpxtpx:TrackPointExtension></extensions></trkpt>
      <trkpt lat="40.75929" lon="-74.00356"><ele>3.8</ele><time>2026-06-25T22:15:23.000Z</time><extensions><gpxtpx:TrackPointExtension><gpxtpx:hr>150</gpxtpx:hr></gpxtpx:TrackPointExtension></extensions></trkpt>
      <trkpt lat="40.759268" lon="-74.003584"><ele>3.8</ele><time>2026-06-25T22:15:24.000Z</time><extensions><gpxtpx:TrackPointExtension><gpxtpx:hr>150</gpxtpx:hr></gpxtpx:TrackPointExtension></extensions></trkpt>
      <trkpt lat="40.759247" lon="-74.003608"><ele>3.8</ele><time>2026-06-25T22:15:25.000Z</time><extensions><gpxtpx:TrackPointExtension><gpxtpx:hr>151</gpxtpx:hr></gpxtpx:TrackPointExtension></extensions></trkpt>
      <trkpt lat="40.759227" lon="-74.003631"><ele>3.8</ele><time>2026-06-25T22:15:26.000Z</time><extensions><gpxtpx:TrackPointExtension><gpxtpx:hr>151</gpxtpx:hr></gpxtpx:TrackPointExtension></extensions></trkpt>
      <trkpt lat="40.759207" lon="-74.003652"><ele>3.8</ele><time>2026-06-25T22:15:27.000Z</time><extensions><gpxtpx:TrackPointExtension><gpxtpx:hr>151</gpxtpx:hr></gpxtpx:TrackPointExtension></extensions></trkpt>
      <trkpt lat="40.759188" lon="-74.003672"><ele>4</ele><time>2026-06-25T22:15:28.000Z</time><extensions><gpxtpx:TrackPointExtension><gpxtpx:hr>151</gpxtpx:hr></gpxtpx:TrackPointExtension></extensions></trkpt>
      <trkpt lat="40.759168" lon="-74.003691"><ele>4</ele><time>2026-06-25T22:15:29.000Z</time><extensions><gpxtpx:TrackPointExtension><gpxtpx:hr>151</gpxtpx:hr></gpxtpx:TrackPointExtension></extensions></trkpt>
      <trkpt lat="40.759148" lon="-74.00371"><ele>4</ele><time>2026-06-25T22:15:30.000Z</time><extensions><gpxtpx:TrackPointExtension><gpxtpx:hr>151</gpxtpx:hr></gpxtpx:TrackPointExtension></extensions></trkpt>
      <trkpt lat="40.759127" lon="-74.003729"><ele>4</ele><time>2026-06-25T22:15:31.000Z</time><extensions><gpxtpx:TrackPointExtension><gpxtpx:hr>151</gpxtpx:hr></gpxtpx:TrackPointExtension></extensions></trkpt>
      <trkpt lat="40.759106" lon="-74.003749"><ele>4</ele><time>2026-06-25T22:15:32.000Z</time><extensions><gpxtpx:TrackPointExtension><gpxtpx:hr>153</gpxtpx:hr></gpxtpx:TrackPointExtension></extensions></trkpt>
      <trkpt lat="40.759085" lon="-74.00377"><ele>4</ele><time>2026-06-25T22:15:33.000Z</time><extensions><gpxtpx:TrackPointExtension><gpxtpx:hr>153</gpxtpx:hr></gpxtpx:TrackPointExtension></extensions></trkpt>
      <trkpt lat="40.759064" lon="-74.00379"><ele>4</ele><time>2026-06-25T22:15:34.000Z</time><extensions><gpxtpx:TrackPointExtension><gpxtpx:hr>153</gpxtpx:hr></gpxtpx:TrackPointExtension></extensions></trkpt>
      <trkpt lat="40.759042" lon="-74.00381"><ele>3.8</ele><time>2026-06-25T22:15:35.000Z</time><extensions><gpxtpx:TrackPointExtension><gpxtpx:hr>154</gpxtpx:hr></gpxtpx:TrackPointExtension></extensions></trkpt>
      <trkpt lat="40.759021" lon="-74.003828"><ele>3.8</ele><time>2026-06-25T22:15:36.000Z</time><extensions><gpxtpx:TrackPointExtension><gpxtpx:hr>154</gpxtpx:hr></gpxtpx:TrackPointExtension></extensions></trkpt>
      <trkpt lat="40.758999" lon="-74.003845"><ele>4</ele><time>2026-06-25T22:15:37.000Z</time><extensions><gpxtpx:TrackPointExtension><gpxtpx:hr>154</gpxtpx:hr></gpxtpx:TrackPointExtension></extensions></trkpt>
      <trkpt lat="40.758977" lon="-74.003861"><ele>4</ele><time>2026-06-25T22:15:38.000Z</time><extensions><gpxtpx:TrackPointExtension><gpxtpx:hr>152</gpxtpx:hr></gpxtpx:TrackPointExtension></extensions></trkpt>
      <trkpt lat="40.758955" lon="-74.003876"><ele>4</ele><time>2026-06-25T22:15:39.000Z</time><extensions><gpxtpx:TrackPointExtension><gpxtpx:hr>152</gpxtpx:hr></gpxtpx:TrackPointExtension></extensions></trkpt>
      <trkpt lat="40.758933" lon="-74.003893"><ele>4</ele><time>2026-06-25T22:15:40.000Z</time><extensions><gpxtpx:TrackPointExtension><gpxtpx:hr>152</gpxtpx:hr></gpxtpx:TrackPointExtension></extensions></trkpt>
      <trkpt lat="40.75891" lon="-74.003909"><ele>4</ele><time>2026-06-25T22:15:41.000Z</time><extensions><gpxtpx:TrackPointExtension><gpxtpx:hr>152</gpxtpx:hr></gpxtpx:TrackPointExtension></extensions></trkpt>
      <trkpt lat="40.758888" lon="-74.003925"><ele>4</ele><time>2026-06-25T22:15:42.000Z</time><extensions><gpxtpx:TrackPointExtension><gpxtpx:hr>152</gpxtpx:hr></gpxtpx:TrackPointExtension></extensions></trkpt>
      <trkpt lat="40.758865" lon="-74.003941"><ele>4</ele><time>2026-06-25T22:15:43.000Z</time><extensions><gpxtpx:TrackPointExtension><gpxtpx:hr>152</gpxtpx:hr></gpxtpx:TrackPointExtension></extensions></trkpt>
      <trkpt lat="40.758843" lon="-74.003957"><ele>4</ele><time>2026-06-25T22:15:44.000Z</time><extensions><gpxtpx:TrackPointExtension><gpxtpx:hr>152</gpxtpx:hr></gpxtpx:TrackPointExtension></extensions></trkpt>
      <trkpt lat="40.75882" lon="-74.003972"><ele>4</ele><time>2026-06-25T22:15:45.000Z</time><extensions><gpxtpx:TrackPointExtension><gpxtpx:hr>152</gpxtpx:hr></gpxtpx:TrackPointExtension></extensions></trkpt>
      <trkpt lat="40.758798" lon="-74.003987"><ele>4</ele><time>2026-06-25T22:15:46.000Z</time><extensions><gpxtpx:TrackPointExtension><gpxtpx:hr>152</gpxtpx:hr></gpxtpx:TrackPointExtension></extensions></trkpt>
      <trkpt lat="40.758777" lon="-74.004003"><ele>4</ele><time>2026-06-25T22:15:47.000Z</time><extensions><gpxtpx:TrackPointExtension><gpxtpx:hr>151</gpxtpx:hr></gpxtpx:TrackPointExtension></extensions></trkpt>
      <trkpt lat="40.758755" lon="-74.004019"><ele>4</ele><time>2026-06-25T22:15:48.000Z</time><extensions><gpxtpx:TrackPointExtension><gpxtpx:hr>151</gpxtpx:hr></gpxtpx:TrackPointExtension></extensions></trkpt>
      <trkpt lat="40.758735" lon="-74.004034"><ele>4</ele><time>2026-06-25T22:15:49.000Z</time><extensions><gpxtpx:TrackPointExtension><gpxtpx:hr>151</gpxtpx:hr></gpxtpx:TrackPointExtension></extensions></trkpt>
      <trkpt lat="40.758714" lon="-74.004047"><ele>4</ele><time>2026-06-25T22:15:50.000Z</time><extensions><gpxtpx:TrackPointExtension><gpxtpx:hr>151</gpxtpx:hr></gpxtpx:TrackPointExtension></extensions></trkpt>
      <trkpt lat="40.758694" lon="-74.00406"><ele>4</ele><time>2026-06-25T22:15:51.000Z</time><extensions><gpxtpx:TrackPointExtension><gpxtpx:hr>151</gpxtpx:hr></gpxtpx:TrackPointExtension></extensions></trkpt>
      <trkpt lat="40.758674" lon="-74.004073"><ele>4</ele><time>2026-06-25T22:15:52.000Z</time><extensions><gpxtpx:TrackPointExtension><gpxtpx:hr>150</gpxtpx:hr></gpxtpx:TrackPointExtension></extensions></trkpt>
      <trkpt lat="40.758655" lon="-74.004086"><ele>4.2</ele><time>2026-06-25T22:15:53.000Z</time><extensions><gpxtpx:TrackPointExtension><gpxtpx:hr>150</gpxtpx:hr></gpxtpx:TrackPointExtension></extensions></trkpt>
      <trkpt lat="40.758635" lon="-74.0041"><ele>4.2</ele><time>2026-06-25T22:15:54.000Z</time><extensions><gpxtpx:TrackPointExtension><gpxtpx:hr>150</gpxtpx:hr></gpxtpx:TrackPointExtension></extensions></trkpt>
      <trkpt lat="40.758614" lon="-74.004115"><ele>4.2</ele><time>2026-06-25T22:15:55.000Z</time><extensions><gpxtpx:TrackPointExtension><gpxtpx:hr>150</gpxtpx:hr></gpxtpx:TrackPointExtension></extensions></trkpt>
      <trkpt lat="40.758592" lon="-74.00413"><ele>4.2</ele><time>2026-06-25T22:15:56.000Z</time><extensions><gpxtpx:TrackPointExtension><gpxtpx:hr>150</gpxtpx:hr></gpxtpx:TrackPointExtension></extensions></trkpt>
      <trkpt lat="40.75857" lon="-74.004146"><ele>4.2</ele><time>2026-06-25T22:15:57.000Z</time><extensions><gpxtpx:TrackPointExtension><gpxtpx:hr>151</gpxtpx:hr></gpxtpx:TrackPointExtension></extensions></trkpt>
      <trkpt lat="40.758547" lon="-74.004161"><ele>4.2</ele><time>2026-06-25T22:15:58.000Z</time><extensions><gpxtpx:TrackPointExtension><gpxtpx:hr>151</gpxtpx:hr></gpxtpx:TrackPointExtension></extensions></trkpt>
      <trkpt lat="40.758525" lon="-74.004177"><ele>4.2</ele><time>2026-06-25T22:15:59.000Z</time><extensions><gpxtpx:TrackPointExtension><gpxtpx:hr>151</gpxtpx:hr></gpxtpx:TrackPointExtension></extensions></trkpt>
      <trkpt lat="40.758503" lon="-74.004192"><ele>4.4</ele><time>2026-06-25T22:16:00.000Z</time><extensions><gpxtpx:TrackPointExtension><gpxtpx:hr>151</gpxtpx:hr></gpxtpx:TrackPointExtension></extensions></trkpt>
      <trkpt lat="40.758482" lon="-74.004207"><ele>4.4</ele><time>2026-06-25T22:16:01.000Z</time><extensions><gpxtpx:TrackPointExtension><gpxtpx:hr>151</gpxtpx:hr></gpxtpx:TrackPointExtension></extensions></trkpt>
      <trkpt lat="40.75846" lon="-74.004222"><ele>4.4</ele><time>2026-06-25T22:16:02.000Z</time><extensions><gpxtpx:TrackPointExtension><gpxtpx:hr>151</gpxtpx:hr></gpxtpx:TrackPointExtension></extensions></trkpt>
      <trkpt lat="40.758439" lon="-74.004235"><ele>4.4</ele><time>2026-06-25T22:16:03.000Z</time><extensions><gpxtpx:TrackPointExtension><gpxtpx:hr>151</gpxtpx:hr></gpxtpx:TrackPointExtension></extensions></trkpt>
      <trkpt lat="40.758417" lon="-74.004248"><ele>4.4</ele><time>2026-06-25T22:16:04.000Z</time><extensions><gpxtpx:TrackPointExtension><gpxtpx:hr>151</gpxtpx:hr></gpxtpx:TrackPointExtension></extensions></trkpt>
      <trkpt lat="40.758396" lon="-74.004258"><ele>4.4</ele><time>2026-06-25T22:16:05.000Z</time><extensions><gpxtpx:TrackPointExtension><gpxtpx:hr>150</gpxtpx:hr></gpxtpx:TrackPointExtension></extensions></trkpt>
      <trkpt lat="40.758377" lon="-74.004268"><ele>4.4</ele><time>2026-06-25T22:16:06.000Z</time><extensions><gpxtpx:TrackPointExtension><gpxtpx:hr>150</gpxtpx:hr></gpxtpx:TrackPointExtension></extensions></trkpt>
      <trkpt lat="40.758357" lon="-74.004278"><ele>4.4</ele><time>2026-06-25T22:16:07.000Z</time><extensions><gpxtpx:TrackPointExtension><gpxtpx:hr>150</gpxtpx:hr></gpxtpx:TrackPointExtension></extensions></trkpt>
      <trkpt lat="40.758338" lon="-74.004289"><ele>4.4</ele><time>2026-06-25T22:16:08.000Z</time><extensions><gpxtpx:TrackPointExtension><gpxtpx:hr>150</gpxtpx:hr></gpxtpx:TrackPointExtension></extensions></trkpt>
      <trkpt lat="40.758318" lon="-74.004301"><ele>4.4</ele><time>2026-06-25T22:16:09.000Z</time><extensions><gpxtpx:TrackPointExtension><gpxtpx:hr>150</gpxtpx:hr></gpxtpx:TrackPointExtension></extensions></trkpt>
      <trkpt lat="40.758296" lon="-74.004316"><ele>4.4</ele><time>2026-06-25T22:16:10.000Z</time><extensions><gpxtpx:TrackPointExtension><gpxtpx:hr>150</gpxtpx:hr></gpxtpx:TrackPointExtension></extensions></trkpt>
      <trkpt lat="40.758274" lon="-74.00433"><ele>4.4</ele><time>2026-06-25T22:16:11.000Z</time><extensions><gpxtpx:TrackPointExtension><gpxtpx:hr>150</gpxtpx:hr></gpxtpx:TrackPointExtension></extensions></trkpt>
      <trkpt lat="40.75825" lon="-74.004344"><ele>4.4</ele><time>2026-06-25T22:16:12.000Z</time><extensions><gpxtpx:TrackPointExtension><gpxtpx:hr>150</gpxtpx:hr></gpxtpx:TrackPointExtension></extensions></trkpt>
      <trkpt lat="40.758228" lon="-74.004357"><ele>4.4</ele><time>2026-06-25T22:16:13.000Z</time><extensions><gpxtpx:TrackPointExtension><gpxtpx:hr>149</gpxtpx:hr></gpxtpx:TrackPointExtension></extensions></trkpt>
      <trkpt lat="40.758206" lon="-74.004369"><ele>4.4</ele><time>2026-06-25T22:16:14.000Z</time><extensions><gpxtpx:TrackPointExtension><gpxtpx:hr>149</gpxtpx:hr></gpxtpx:TrackPointExtension></extensions></trkpt>
      <trkpt lat="40.758184" lon="-74.004383"><ele>4.4</ele><time>2026-06-25T22:16:15.000Z</time><extensions><gpxtpx:TrackPointExtension><gpxtpx:hr>149</gpxtpx:hr></gpxtpx:TrackPointExtension></extensions></trkpt>
      <trkpt lat="40.758161" lon="-74.004399"><ele>4.4</ele><time>2026-06-25T22:16:16.000Z</time><extensions><gpxtpx:TrackPointExtension><gpxtpx:hr>149</gpxtpx:hr></gpxtpx:TrackPointExtension></extensions></trkpt>
      <trkpt lat="40.758139" lon="-74.004415"><ele>4.4</ele><time>2026-06-25T22:16:17.000Z</time><extensions><gpxtpx:TrackPointExtension><gpxtpx:hr>149</gpxtpx:hr></gpxtpx:TrackPointExtension></extensions></trkpt>
      <trkpt lat="40.758116" lon="-74.00443"><ele>4.4</ele><time>2026-06-25T22:16:18.000Z</time><extensions><gpxtpx:TrackPointExtension><gpxtpx:hr>149</gpxtpx:hr></gpxtpx:TrackPointExtension></extensions></trkpt>
      <trkpt lat="40.758094" lon="-74.004443"><ele>4.4</ele><time>2026-06-25T22:16:19.000Z</time><extensions><gpxtpx:TrackPointExtension><gpxtpx:hr>149</gpxtpx:hr></gpxtpx:TrackPointExtension></extensions></trkpt>
      <trkpt lat="40.758072" lon="-74.004456"><ele>4.4</ele><time>2026-06-25T22:16:20.000Z</time><extensions><gpxtpx:TrackPointExtension><gpxtpx:hr>149</gpxtpx:hr></gpxtpx:TrackPointExtension></extensions></trkpt>
      <trkpt lat="40.758052" lon="-74.004469"><ele>4.4</ele><time>2026-06-25T22:16:21.000Z</time><extensions><gpxtpx:TrackPointExtension><gpxtpx:hr>149</gpxtpx:hr></gpxtpx:TrackPointExtension></extensions></trkpt>
      <trkpt lat="40.75803" lon="-74.004485"><ele>4.4</ele><time>2026-06-25T22:16:22.000Z</time><extensions><gpxtpx:TrackPointExtension><gpxtpx:hr>149</gpxtpx:hr></gpxtpx:TrackPointExtension></extensions></trkpt>
      <trkpt lat="40.758008" lon="-74.004502"><ele>4.4</ele><time>2026-06-25T22:16:23.000Z</time><extensions><gpxtpx:TrackPointExtension><gpxtpx:hr>149</gpxtpx:hr></gpxtpx:TrackPointExtension></extensions></trkpt>
      <trkpt lat="40.757985" lon="-74.004519"><ele>4.4</ele><time>2026-06-25T22:16:24.000Z</time><extensions><gpxtpx:TrackPointExtension><gpxtpx:hr>149</gpxtpx:hr></gpxtpx:TrackPointExtension></extensions></trkpt>
      <trkpt lat="40.757963" lon="-74.004535"><ele>4.4</ele><time>2026-06-25T22:16:25.000Z</time><extensions><gpxtpx:TrackPointExtension><gpxtpx:hr>149</gpxtpx:hr></gpxtpx:TrackPointExtension></extensions></trkpt>
      <trkpt lat="40.757941" lon="-74.004549"><ele>4.4</ele><time>2026-06-25T22:16:26.000Z</time><extensions><gpxtpx:TrackPointExtension><gpxtpx:hr>149</gpxtpx:hr></gpxtpx:TrackPointExtension></extensions></trkpt>
      <trkpt lat="40.757917" lon="-74.004562"><ele>4.2</ele><time>2026-06-25T22:16:27.000Z</time><extensions><gpxtpx:TrackPointExtension><gpxtpx:hr>149</gpxtpx:hr></gpxtpx:TrackPointExtension></extensions></trkpt>
      <trkpt lat="40.757894" lon="-74.004574"><ele>4.2</ele><time>2026-06-25T22:16:28.000Z</time><extensions><gpxtpx:TrackPointExtension><gpxtpx:hr>149</gpxtpx:hr></gpxtpx:TrackPointExtension></extensions></trkpt>
      <trkpt lat="40.757872" lon="-74.004588"><ele>4.2</ele><time>2026-06-25T22:16:29.000Z</time><extensions><gpxtpx:TrackPointExtension><gpxtpx:hr>149</gpxtpx:hr></gpxtpx:TrackPointExtension></extensions></trkpt>
      <trkpt lat="40.757851" lon="-74.004602"><ele>4.2</ele><time>2026-06-25T22:16:30.000Z</time><extensions><gpxtpx:TrackPointExtension><gpxtpx:hr>149</gpxtpx:hr></gpxtpx:TrackPointExtension></extensions></trkpt>
      <trkpt lat="40.75783" lon="-74.004617"><ele>4.2</ele><time>2026-06-25T22:16:31.000Z</time><extensions><gpxtpx:TrackPointExtension><gpxtpx:hr>148</gpxtpx:hr></gpxtpx:TrackPointExtension></extensions></trkpt>
      <trkpt lat="40.757809" lon="-74.004634"><ele>4.2</ele><time>2026-06-25T22:16:32.000Z</time><extensions><gpxtpx:TrackPointExtension><gpxtpx:hr>148</gpxtpx:hr></gpxtpx:TrackPointExtension></extensions></trkpt>
      <trkpt lat="40.757788" lon="-74.004653"><ele>4.2</ele><time>2026-06-25T22:16:33.000Z</time><extensions><gpxtpx:TrackPointExtension><gpxtpx:hr>148</gpxtpx:hr></gpxtpx:TrackPointExtension></extensions></trkpt>
      <trkpt lat="40.757767" lon="-74.004674"><ele>4</ele><time>2026-06-25T22:16:34.000Z</time><extensions><gpxtpx:TrackPointExtension><gpxtpx:hr>148</gpxtpx:hr></gpxtpx:TrackPointExtension></extensions></trkpt>
      <trkpt lat="40.757746" lon="-74.004695"><ele>4</ele><time>2026-06-25T22:16:35.000Z</time><extensions><gpxtpx:TrackPointExtension><gpxtpx:hr>148</gpxtpx:hr></gpxtpx:TrackPointExtension></extensions></trkpt>
      <trkpt lat="40.757726" lon="-74.004716"><ele>4</ele><time>2026-06-25T22:16:36.000Z</time><extensions><gpxtpx:TrackPointExtension><gpxtpx:hr>148</gpxtpx:hr></gpxtpx:TrackPointExtension></extensions></trkpt>
      <trkpt lat="40.757708" lon="-74.004736"><ele>4</ele><time>2026-06-25T22:16:37.000Z</time><extensions><gpxtpx:TrackPointExtension><gpxtpx:hr>148</gpxtpx:hr></gpxtpx:TrackPointExtension></extensions></trkpt>
      <trkpt lat="40.75769" lon="-74.004756"><ele>4</ele><time>2026-06-25T22:16:38.000Z</time><extensions><gpxtpx:TrackPointExtension><gpxtpx:hr>148</gpxtpx:hr></gpxtpx:TrackPointExtension></extensions></trkpt>
      <trkpt lat="40.757671" lon="-74.004776"><ele>4</ele><time>2026-06-25T22:16:39.000Z</time><extensions><gpxtpx:TrackPointExtension><gpxtpx:hr>148</gpxtpx:hr></gpxtpx:TrackPointExtension></extensions></trkpt>
      <trkpt lat="40.757652" lon="-74.004795"><ele>4</ele><time>2026-06-25T22:16:40.000Z</time><extensions><gpxtpx:TrackPointExtension><gpxtpx:hr>148</gpxtpx:hr></gpxtpx:TrackPointExtension></extensions></trkpt>
      <trkpt lat="40.757633" lon="-74.004813"><ele>4</ele><time>2026-06-25T22:16:41.000Z</time><extensions><gpxtpx:TrackPointExtension><gpxtpx:hr>148</gpxtpx:hr></gpxtpx:TrackPointExtension></extensions></trkpt>
      <trkpt lat="40.757613" lon="-74.00483"><ele>4</ele><time>2026-06-25T22:16:42.000Z</time><extensions><gpxtpx:TrackPointExtension><gpxtpx:hr>148</gpxtpx:hr></gpxtpx:TrackPointExtension></extensions></trkpt>
      <trkpt lat="40.757593" lon="-74.004847"><ele>4</ele><time>2026-06-25T22:16:43.000Z</time><extensions><gpxtpx:TrackPointExtension><gpxtpx:hr>149</gpxtpx:hr></gpxtpx:TrackPointExtension></extensions></trkpt>
      <trkpt lat="40.757572" lon="-74.004864"><ele>4</ele><time>2026-06-25T22:16:44.000Z</time><extensions><gpxtpx:TrackPointExtension><gpxtpx:hr>149</gpxtpx:hr></gpxtpx:TrackPointExtension></extensions></trkpt>
      <trkpt lat="40.75755" lon="-74.004882"><ele>4</ele><time>2026-06-25T22:16:45.000Z</time><extensions><gpxtpx:TrackPointExtension><gpxtpx:hr>149</gpxtpx:hr></gpxtpx:TrackPointExtension></extensions></trkpt>
      <trkpt lat="40.757528" lon="-74.004899"><ele>4</ele><time>2026-06-25T22:16:46.000Z</time><extensions><gpxtpx:TrackPointExtension><gpxtpx:hr>149</gpxtpx:hr></gpxtpx:TrackPointExtension></extensions></trkpt>
      <trkpt lat="40.757506" lon="-74.004914"><ele>4</ele><time>2026-06-25T22:16:47.000Z</time><extensions><gpxtpx:TrackPointExtension><gpxtpx:hr>149</gpxtpx:hr></gpxtpx:TrackPointExtension></extensions></trkpt>
      <trkpt lat="40.757483" lon="-74.004929"><ele>4</ele><time>2026-06-25T22:16:48.000Z</time><extensions><gpxtpx:TrackPointExtension><gpxtpx:hr>149</gpxtpx:hr></gpxtpx:TrackPointExtension></extensions></trkpt>
      <trkpt lat="40.75746" lon="-74.004944"><ele>4</ele><time>2026-06-25T22:16:49.000Z</time><extensions><gpxtpx:TrackPointExtension><gpxtpx:hr>149</gpxtpx:hr></gpxtpx:TrackPointExtension></extensions></trkpt>
      <trkpt lat="40.757436" lon="-74.004958"><ele>4</ele><time>2026-06-25T22:16:50.000Z</time><extensions><gpxtpx:TrackPointExtension><gpxtpx:hr>149</gpxtpx:hr></gpxtpx:TrackPointExtension></extensions></trkpt>
      <trkpt lat="40.757413" lon="-74.004973"><ele>4</ele><time>2026-06-25T22:16:51.000Z</time><extensions><gpxtpx:TrackPointExtension><gpxtpx:hr>149</gpxtpx:hr></gpxtpx:TrackPointExtension></extensions></trkpt>
      <trkpt lat="40.757391" lon="-74.00499"><ele>4</ele><time>2026-06-25T22:16:52.000Z</time><extensions><gpxtpx:TrackPointExtension><gpxtpx:hr>149</gpxtpx:hr></gpxtpx:TrackPointExtension></extensions></trkpt>
      <trkpt lat="40.75737" lon="-74.005009"><ele>3.8</ele><time>2026-06-25T22:16:53.000Z</time><extensions><gpxtpx:TrackPointExtension><gpxtpx:hr>148</gpxtpx:hr></gpxtpx:TrackPointExtension></extensions></trkpt>
      <trkpt lat="40.757348" lon="-74.005027"><ele>3.8</ele><time>2026-06-25T22:16:54.000Z</time><extensions><gpxtpx:TrackPointExtension><gpxtpx:hr>148</gpxtpx:hr></gpxtpx:TrackPointExtension></extensions></trkpt>
      <trkpt lat="40.757326" lon="-74.005044"><ele>3.8</ele><time>2026-06-25T22:16:55.000Z</time><extensions><gpxtpx:TrackPointExtension><gpxtpx:hr>148</gpxtpx:hr></gpxtpx:TrackPointExtension></extensions></trkpt>
      <trkpt lat="40.757302" lon="-74.005061"><ele>3.8</ele><time>2026-06-25T22:16:56.000Z</time><extensions><gpxtpx:TrackPointExtension><gpxtpx:hr>148</gpxtpx:hr></gpxtpx:TrackPointExtension></extensions></trkpt>
      <trkpt lat="40.757279" lon="-74.005078"><ele>3.8</ele><time>2026-06-25T22:16:57.000Z</time><extensions><gpxtpx:TrackPointExtension><gpxtpx:hr>148</gpxtpx:hr></gpxtpx:TrackPointExtension></extensions></trkpt>
      <trkpt lat="40.757257" lon="-74.005094"><ele>3.8</ele><time>2026-06-25T22:16:58.000Z</time><extensions><gpxtpx:TrackPointExtension><gpxtpx:hr>148</gpxtpx:hr></gpxtpx:TrackPointExtension></extensions></trkpt>
      <trkpt lat="40.757236" lon="-74.005113"><ele>3.8</ele><time>2026-06-25T22:16:59.000Z</time><extensions><gpxtpx:TrackPointExtension><gpxtpx:hr>148</gpxtpx:hr></gpxtpx:TrackPointExtension></extensions></trkpt>
      <trkpt lat="40.757215" lon="-74.005132"><ele>3.8</ele><time>2026-06-25T22:17:00.000Z</time><extensions><gpxtpx:TrackPointExtension><gpxtpx:hr>148</gpxtpx:hr></gpxtpx:TrackPointExtension></extensions></trkpt>
      <trkpt lat="40.757193" lon="-74.00515"><ele>3.8</ele><time>2026-06-25T22:17:01.000Z</time><extensions><gpxtpx:TrackPointExtension><gpxtpx:hr>148</gpxtpx:hr></gpxtpx:TrackPointExtension></extensions></trkpt>
      <trkpt lat="40.75717" lon="-74.005167"><ele>3.8</ele><time>2026-06-25T22:17:02.000Z</time><extensions><gpxtpx:TrackPointExtension><gpxtpx:hr>146</gpxtpx:hr></gpxtpx:TrackPointExtension></extensions></trkpt>
      <trkpt lat="40.757147" lon="-74.00518"><ele>3.8</ele><time>2026-06-25T22:17:03.000Z</time><extensions><gpxtpx:TrackPointExtension><gpxtpx:hr>146</gpxtpx:hr></gpxtpx:TrackPointExtension></extensions></trkpt>
      <trkpt lat="40.757124" lon="-74.005192"><ele>3.6</ele><time>2026-06-25T22:17:04.000Z</time><extensions><gpxtpx:TrackPointExtension><gpxtpx:hr>147</gpxtpx:hr></gpxtpx:TrackPointExtension></extensions></trkpt>
      <trkpt lat="40.757103" lon="-74.005205"><ele>3.6</ele><time>2026-06-25T22:17:05.000Z</time><extensions><gpxtpx:TrackPointExtension><gpxtpx:hr>147</gpxtpx:hr></gpxtpx:TrackPointExtension></extensions></trkpt>
      <trkpt lat="40.757083" lon="-74.00522"><ele>3.6</ele><time>2026-06-25T22:17:06.000Z</time><extensions><gpxtpx:TrackPointExtension><gpxtpx:hr>147</gpxtpx:hr></gpxtpx:TrackPointExtension></extensions></trkpt>
      <trkpt lat="40.757063" lon="-74.005238"><ele>3.6</ele><time>2026-06-25T22:17:07.000Z</time><extensions><gpxtpx:TrackPointExtension><gpxtpx:hr>147</gpxtpx:hr></gpxtpx:TrackPointExtension></extensions></trkpt>
      <trkpt lat="40.757044" lon="-74.005258"><ele>3.6</ele><time>2026-06-25T22:17:08.000Z</time><extensions><gpxtpx:TrackPointExtension><gpxtpx:hr>147</gpxtpx:hr></gpxtpx:TrackPointExtension></extensions></trkpt>
      <trkpt lat="40.757025" lon="-74.005279"><ele>3.6</ele><time>2026-06-25T22:17:09.000Z</time><extensions><gpxtpx:TrackPointExtension><gpxtpx:hr>147</gpxtpx:hr></gpxtpx:TrackPointExtension></extensions></trkpt>
      <trkpt lat="40.757005" lon="-74.005299"><ele>3.6</ele><time>2026-06-25T22:17:10.000Z</time><extensions><gpxtpx:TrackPointExtension><gpxtpx:hr>147</gpxtpx:hr></gpxtpx:TrackPointExtension></extensions></trkpt>
      <trkpt lat="40.756985" lon="-74.005317"><ele>3.6</ele><time>2026-06-25T22:17:11.000Z</time><extensions><gpxtpx:TrackPointExtension><gpxtpx:hr>147</gpxtpx:hr></gpxtpx:TrackPointExtension></extensions></trkpt>
      <trkpt lat="40.756964" lon="-74.005333"><ele>3.6</ele><time>2026-06-25T22:17:12.000Z</time><extensions><gpxtpx:TrackPointExtension><gpxtpx:hr>147</gpxtpx:hr></gpxtpx:TrackPointExtension></extensions></trkpt>
      <trkpt lat="40.756942" lon="-74.00535"><ele>3.6</ele><time>2026-06-25T22:17:13.000Z</time><extensions><gpxtpx:TrackPointExtension><gpxtpx:hr>147</gpxtpx:hr></gpxtpx:TrackPointExtension></extensions></trkpt>
      <trkpt lat="40.75692" lon="-74.005365"><ele>3.6</ele><time>2026-06-25T22:17:14.000Z</time><extensions><gpxtpx:TrackPointExtension><gpxtpx:hr>147</gpxtpx:hr></gpxtpx:TrackPointExtension></extensions></trkpt>
      <trkpt lat="40.756898" lon="-74.005378"><ele>3.6</ele><time>2026-06-25T22:17:15.000Z</time><extensions><gpxtpx:TrackPointExtension><gpxtpx:hr>147</gpxtpx:hr></gpxtpx:TrackPointExtension></extensions></trkpt>
      <trkpt lat="40.756876" lon="-74.005389"><ele>3.6</ele><time>2026-06-25T22:17:16.000Z</time><extensions><gpxtpx:TrackPointExtension><gpxtpx:hr>147</gpxtpx:hr></gpxtpx:TrackPointExtension></extensions></trkpt>
      <trkpt lat="40.756855" lon="-74.005398"><ele>3.6</ele><time>2026-06-25T22:17:17.000Z</time><extensions><gpxtpx:TrackPointExtension><gpxtpx:hr>150</gpxtpx:hr></gpxtpx:TrackPointExtension></extensions></trkpt>
      <trkpt lat="40.756834" lon="-74.005408"><ele>3.6</ele><time>2026-06-25T22:17:18.000Z</time><extensions><gpxtpx:TrackPointExtension><gpxtpx:hr>150</gpxtpx:hr></gpxtpx:TrackPointExtension></extensions></trkpt>
      <trkpt lat="40.756812" lon="-74.005421"><ele>3.6</ele><time>2026-06-25T22:17:19.000Z</time><extensions><gpxtpx:TrackPointExtension><gpxtpx:hr>150</gpxtpx:hr></gpxtpx:TrackPointExtension></extensions></trkpt>
      <trkpt lat="40.756791" lon="-74.005438"><ele>3.6</ele><time>2026-06-25T22:17:20.000Z</time><extensions><gpxtpx:TrackPointExtension><gpxtpx:hr>150</gpxtpx:hr></gpxtpx:TrackPointExtension></extensions></trkpt>
      <trkpt lat="40.75677" lon="-74.005458"><ele>3.6</ele><time>2026-06-25T22:17:21.000Z</time><extensions><gpxtpx:TrackPointExtension><gpxtpx:hr>150</gpxtpx:hr></gpxtpx:TrackPointExtension></extensions></trkpt>
      <trkpt lat="40.756749" lon="-74.005478"><ele>3.6</ele><time>2026-06-25T22:17:22.000Z</time><extensions><gpxtpx:TrackPointExtension><gpxtpx:hr>150</gpxtpx:hr></gpxtpx:TrackPointExtension></extensions></trkpt>
      <trkpt lat="40.756729" lon="-74.005496"><ele>3.6</ele><time>2026-06-25T22:17:23.000Z</time><extensions><gpxtpx:TrackPointExtension><gpxtpx:hr>150</gpxtpx:hr></gpxtpx:TrackPointExtension></extensions></trkpt>
      <trkpt lat="40.756709" lon="-74.005513"><ele>3.6</ele><time>2026-06-25T22:17:24.000Z</time><extensions><gpxtpx:TrackPointExtension><gpxtpx:hr>150</gpxtpx:hr></gpxtpx:TrackPointExtension></extensions></trkpt>
      <trkpt lat="40.756689" lon="-74.00553"><ele>3.6</ele><time>2026-06-25T22:17:25.000Z</time><extensions><gpxtpx:TrackPointExtension><gpxtpx:hr>150</gpxtpx:hr></gpxtpx:TrackPointExtension></extensions></trkpt>
      <trkpt lat="40.756669" lon="-74.005546"><ele>3.6</ele><time>2026-06-25T22:17:26.000Z</time><extensions><gpxtpx:TrackPointExtension><gpxtpx:hr>150</gpxtpx:hr></gpxtpx:TrackPointExtension></extensions></trkpt>
      <trkpt lat="40.75665" lon="-74.005563"><ele>3.6</ele><time>2026-06-25T22:17:27.000Z</time><extensions><gpxtpx:TrackPointExtension><gpxtpx:hr>149</gpxtpx:hr></gpxtpx:TrackPointExtension></extensions></trkpt>
      <trkpt lat="40.75663" lon="-74.00558"><ele>3.6</ele><time>2026-06-25T22:17:28.000Z</time><extensions><gpxtpx:TrackPointExtension><gpxtpx:hr>149</gpxtpx:hr></gpxtpx:TrackPointExtension></extensions></trkpt>
      <trkpt lat="40.75661" lon="-74.005596"><ele>3.6</ele><time>2026-06-25T22:17:29.000Z</time><extensions><gpxtpx:TrackPointExtension><gpxtpx:hr>149</gpxtpx:hr></gpxtpx:TrackPointExtension></extensions></trkpt>
      <trkpt lat="40.75659" lon="-74.00561"><ele>3.6</ele><time>2026-06-25T22:17:30.000Z</time><extensions><gpxtpx:TrackPointExtension><gpxtpx:hr>149</gpxtpx:hr></gpxtpx:TrackPointExtension></extensions></trkpt>
      <trkpt lat="40.75657" lon="-74.005623"><ele>3.8</ele><time>2026-06-25T22:17:31.000Z</time><extensions><gpxtpx:TrackPointExtension><gpxtpx:hr>149</gpxtpx:hr></gpxtpx:TrackPointExtension></extensions></trkpt>
      <trkpt lat="40.75655" lon="-74.005637"><ele>3.8</ele><time>2026-06-25T22:17:32.000Z</time><extensions><gpxtpx:TrackPointExtension><gpxtpx:hr>149</gpxtpx:hr></gpxtpx:TrackPointExtension></extensions></trkpt>
      <trkpt lat="40.75653" lon="-74.005652"><ele>3.8</ele><time>2026-06-25T22:17:33.000Z</time><extensions><gpxtpx:TrackPointExtension><gpxtpx:hr>149</gpxtpx:hr></gpxtpx:TrackPointExtension></extensions></trkpt>
      <trkpt lat="40.756508" lon="-74.005667"><ele>3.8</ele><time>2026-06-25T22:17:34.000Z</time><extensions><gpxtpx:TrackPointExtension><gpxtpx:hr>149</gpxtpx:hr></gpxtpx:TrackPointExtension></extensions></trkpt>
      <trkpt lat="40.756486" lon="-74.005682"><ele>3.8</ele><time>2026-06-25T22:17:35.000Z</time><extensions><gpxtpx:TrackPointExtension><gpxtpx:hr>149</gpxtpx:hr></gpxtpx:TrackPointExtension></extensions></trkpt>
      <trkpt lat="40.756462" lon="-74.005695"><ele>3.6</ele><time>2026-06-25T22:17:36.000Z</time><extensions><gpxtpx:TrackPointExtension><gpxtpx:hr>149</gpxtpx:hr></gpxtpx:TrackPointExtension></extensions></trkpt>
      <trkpt lat="40.756438" lon="-74.005708"><ele>3.6</ele><time>2026-06-25T22:17:37.000Z</time><extensions><gpxtpx:TrackPointExtension><gpxtpx:hr>151</gpxtpx:hr></gpxtpx:TrackPointExtension></extensions></trkpt>
      <trkpt lat="40.756416" lon="-74.005721"><ele>3.6</ele><time>2026-06-25T22:17:38.000Z</time><extensions><gpxtpx:TrackPointExtension><gpxtpx:hr>150</gpxtpx:hr></gpxtpx:TrackPointExtension></extensions></trkpt>
      <trkpt lat="40.756394" lon="-74.005736"><ele>3.6</ele><time>2026-06-25T22:17:39.000Z</time><extensions><gpxtpx:TrackPointExtension><gpxtpx:hr>150</gpxtpx:hr></gpxtpx:TrackPointExtension></extensions></trkpt>
      <trkpt lat="40.756372" lon="-74.005754"><ele>3.6</ele><time>2026-06-25T22:17:40.000Z</time><extensions><gpxtpx:TrackPointExtension><gpxtpx:hr>150</gpxtpx:hr></gpxtpx:TrackPointExtension></extensions></trkpt>
      <trkpt lat="40.75635" lon="-74.005772"><ele>3.6</ele><time>2026-06-25T22:17:41.000Z</time><extensions><gpxtpx:TrackPointExtension><gpxtpx:hr>150</gpxtpx:hr></gpxtpx:TrackPointExtension></extensions></trkpt>
      <trkpt lat="40.75633" lon="-74.005789"><ele>3.6</ele><time>2026-06-25T22:17:42.000Z</time><extensions><gpxtpx:TrackPointExtension><gpxtpx:hr>150</gpxtpx:hr></gpxtpx:TrackPointExtension></extensions></trkpt>
      <trkpt lat="40.756311" lon="-74.005804"><ele>3.6</ele><time>2026-06-25T22:17:43.000Z</time><extensions><gpxtpx:TrackPointExtension><gpxtpx:hr>150</gpxtpx:hr></gpxtpx:TrackPointExtension></extensions></trkpt>
      <trkpt lat="40.756291" lon="-74.005818"><ele>3.4</ele><time>2026-06-25T22:17:44.000Z</time><extensions><gpxtpx:TrackPointExtension><gpxtpx:hr>150</gpxtpx:hr></gpxtpx:TrackPointExtension></extensions></trkpt>
      <trkpt lat="40.756271" lon="-74.005831"><ele>3.4</ele><time>2026-06-25T22:17:45.000Z</time><extensions><gpxtpx:TrackPointExtension><gpxtpx:hr>149</gpxtpx:hr></gpxtpx:TrackPointExtension></extensions></trkpt>
      <trkpt lat="40.75625" lon="-74.005845"><ele>3.4</ele><time>2026-06-25T22:17:46.000Z</time><extensions><gpxtpx:TrackPointExtension><gpxtpx:hr>149</gpxtpx:hr></gpxtpx:TrackPointExtension></extensions></trkpt>
      <trkpt lat="40.756228" lon="-74.005859"><ele>3.4</ele><time>2026-06-25T22:17:47.000Z</time><extensions><gpxtpx:TrackPointExtension><gpxtpx:hr>149</gpxtpx:hr></gpxtpx:TrackPointExtension></extensions></trkpt>
      <trkpt lat="40.756206" lon="-74.005873"><ele>3.4</ele><time>2026-06-25T22:17:48.000Z</time><extensions><gpxtpx:TrackPointExtension><gpxtpx:hr>149</gpxtpx:hr></gpxtpx:TrackPointExtension></extensions></trkpt>
      <trkpt lat="40.756184" lon="-74.005887"><ele>3.4</ele><time>2026-06-25T22:17:49.000Z</time><extensions><gpxtpx:TrackPointExtension><gpxtpx:hr>149</gpxtpx:hr></gpxtpx:TrackPointExtension></extensions></trkpt>
      <trkpt lat="40.756162" lon="-74.005902"><ele>3.4</ele><time>2026-06-25T22:17:50.000Z</time><extensions><gpxtpx:TrackPointExtension><gpxtpx:hr>149</gpxtpx:hr></gpxtpx:TrackPointExtension></extensions></trkpt>
      <trkpt lat="40.756139" lon="-74.005917"><ele>3.4</ele><time>2026-06-25T22:17:51.000Z</time><extensions><gpxtpx:TrackPointExtension><gpxtpx:hr>149</gpxtpx:hr></gpxtpx:TrackPointExtension></extensions></trkpt>
      <trkpt lat="40.756115" lon="-74.005932"><ele>3.4</ele><time>2026-06-25T22:17:52.000Z</time><extensions><gpxtpx:TrackPointExtension><gpxtpx:hr>149</gpxtpx:hr></gpxtpx:TrackPointExtension></extensions></trkpt>
      <trkpt lat="40.756091" lon="-74.005946"><ele>3.4</ele><time>2026-06-25T22:17:53.000Z</time><extensions><gpxtpx:TrackPointExtension><gpxtpx:hr>149</gpxtpx:hr></gpxtpx:TrackPointExtension></extensions></trkpt>
      <trkpt lat="40.756065" lon="-74.005959"><ele>3.4</ele><time>2026-06-25T22:17:54.000Z</time><extensions><gpxtpx:TrackPointExtension><gpxtpx:hr>149</gpxtpx:hr></gpxtpx:TrackPointExtension></extensions></trkpt>
      <trkpt lat="40.75604" lon="-74.00597"><ele>3.4</ele><time>2026-06-25T22:17:55.000Z</time><extensions><gpxtpx:TrackPointExtension><gpxtpx:hr>149</gpxtpx:hr></gpxtpx:TrackPointExtension></extensions></trkpt>
      <trkpt lat="40.756015" lon="-74.005981"><ele>3.4</ele><time>2026-06-25T22:17:56.000Z</time><extensions><gpxtpx:TrackPointExtension><gpxtpx:hr>149</gpxtpx:hr></gpxtpx:TrackPointExtension></extensions></trkpt>
      <trkpt lat="40.755991" lon="-74.00599"><ele>3.4</ele><time>2026-06-25T22:17:57.000Z</time><extensions><gpxtpx:TrackPointExtension><gpxtpx:hr>149</gpxtpx:hr></gpxtpx:TrackPointExtension></extensions></trkpt>
      <trkpt lat="40.755967" lon="-74.006002"><ele>3.4</ele><time>2026-06-25T22:17:58.000Z</time><extensions><gpxtpx:TrackPointExtension><gpxtpx:hr>149</gpxtpx:hr></gpxtpx:TrackPointExtension></extensions></trkpt>
      <trkpt lat="40.755944" lon="-74.006016"><ele>3.4</ele><time>2026-06-25T22:17:59.000Z</time><extensions><gpxtpx:TrackPointExtension><gpxtpx:hr>149</gpxtpx:hr></gpxtpx:TrackPointExtension></extensions></trkpt>
      <trkpt lat="40.75592" lon="-74.006033"><ele>3.4</ele><time>2026-06-25T22:18:00.000Z</time><extensions><gpxtpx:TrackPointExtension><gpxtpx:hr>148</gpxtpx:hr></gpxtpx:TrackPointExtension></extensions></trkpt>
      <trkpt lat="40.755897" lon="-74.006049"><ele>3.4</ele><time>2026-06-25T22:18:01.000Z</time><extensions><gpxtpx:TrackPointExtension><gpxtpx:hr>148</gpxtpx:hr></gpxtpx:TrackPointExtension></extensions></trkpt>
      <trkpt lat="40.755872" lon="-74.006066"><ele>3.4</ele><time>2026-06-25T22:18:02.000Z</time><extensions><gpxtpx:TrackPointExtension><gpxtpx:hr>148</gpxtpx:hr></gpxtpx:TrackPointExtension></extensions></trkpt>
      <trkpt lat="40.755847" lon="-74.006084"><ele>3.4</ele><time>2026-06-25T22:18:03.000Z</time><extensions><gpxtpx:TrackPointExtension><gpxtpx:hr>148</gpxtpx:hr></gpxtpx:TrackPointExtension></extensions></trkpt>
      <trkpt lat="40.755824" lon="-74.0061"><ele>3.4</ele><time>2026-06-25T22:18:04.000Z</time><extensions><gpxtpx:TrackPointExtension><gpxtpx:hr>148</gpxtpx:hr></gpxtpx:TrackPointExtension></extensions></trkpt>
      <trkpt lat="40.755802" lon="-74.006116"><ele>3.4</ele><time>2026-06-25T22:18:05.000Z</time><extensions><gpxtpx:TrackPointExtension><gpxtpx:hr>148</gpxtpx:hr></gpxtpx:TrackPointExtension></extensions></trkpt>
      <trkpt lat="40.755783" lon="-74.00613"><ele>3.4</ele><time>2026-06-25T22:18:06.000Z</time><extensions><gpxtpx:TrackPointExtension><gpxtpx:hr>148</gpxtpx:hr></gpxtpx:TrackPointExtension></extensions></trkpt>
      <trkpt lat="40.755762" lon="-74.006144"><ele>3.6</ele><time>2026-06-25T22:18:07.000Z</time><extensions><gpxtpx:TrackPointExtension><gpxtpx:hr>148</gpxtpx:hr></gpxtpx:TrackPointExtension></extensions></trkpt>
      <trkpt lat="40.755742" lon="-74.006158"><ele>3.6</ele><time>2026-06-25T22:18:08.000Z</time><extensions><gpxtpx:TrackPointExtension><gpxtpx:hr>148</gpxtpx:hr></gpxtpx:TrackPointExtension></extensions></trkpt>
      <trkpt lat="40.755721" lon="-74.006172"><ele>3.6</ele><time>2026-06-25T22:18:09.000Z</time><extensions><gpxtpx:TrackPointExtension><gpxtpx:hr>148</gpxtpx:hr></gpxtpx:TrackPointExtension></extensions></trkpt>
      <trkpt lat="40.7557" lon="-74.006188"><ele>3.6</ele><time>2026-06-25T22:18:10.000Z</time><extensions><gpxtpx:TrackPointExtension><gpxtpx:hr>148</gpxtpx:hr></gpxtpx:TrackPointExtension></extensions></trkpt>
      <trkpt lat="40.755679" lon="-74.006204"><ele>3.6</ele><time>2026-06-25T22:18:11.000Z</time><extensions><gpxtpx:TrackPointExtension><gpxtpx:hr>148</gpxtpx:hr></gpxtpx:TrackPointExtension></extensions></trkpt>
      <trkpt lat="40.755659" lon="-74.00622"><ele>3.6</ele><time>2026-06-25T22:18:12.000Z</time><extensions><gpxtpx:TrackPointExtension><gpxtpx:hr>150</gpxtpx:hr></gpxtpx:TrackPointExtension></extensions></trkpt>
      <trkpt lat="40.755638" lon="-74.006236"><ele>3.6</ele><time>2026-06-25T22:18:13.000Z</time><extensions><gpxtpx:TrackPointExtension><gpxtpx:hr>150</gpxtpx:hr></gpxtpx:TrackPointExtension></extensions></trkpt>
      <trkpt lat="40.755598" lon="-74.006267"><ele>3.8</ele><time>2026-06-25T22:18:14.000Z</time><extensions><gpxtpx:TrackPointExtension><gpxtpx:hr>150</gpxtpx:hr></gpxtpx:TrackPointExtension></extensions></trkpt>
      <trkpt lat="40.755577" lon="-74.006282"><ele>3.8</ele><time>2026-06-25T22:18:15.000Z</time><extensions><gpxtpx:TrackPointExtension><gpxtpx:hr>150</gpxtpx:hr></gpxtpx:TrackPointExtension></extensions></trkpt>
      <trkpt lat="40.755555" lon="-74.006297"><ele>3.8</ele><time>2026-06-25T22:18:16.000Z</time><extensions><gpxtpx:TrackPointExtension><gpxtpx:hr>150</gpxtpx:hr></gpxtpx:TrackPointExtension></extensions></trkpt>
      <trkpt lat="40.755533" lon="-74.00631"><ele>3.8</ele><time>2026-06-25T22:18:17.000Z</time><extensions><gpxtpx:TrackPointExtension><gpxtpx:hr>150</gpxtpx:hr></gpxtpx:TrackPointExtension></extensions></trkpt>
      <trkpt lat="40.755511" lon="-74.006321"><ele>3.8</ele><time>2026-06-25T22:18:18.000Z</time><extensions><gpxtpx:TrackPointExtension><gpxtpx:hr>151</gpxtpx:hr></gpxtpx:TrackPointExtension></extensions></trkpt>
      <trkpt lat="40.755489" lon="-74.006333"><ele>3.8</ele><time>2026-06-25T22:18:19.000Z</time><extensions><gpxtpx:TrackPointExtension><gpxtpx:hr>151</gpxtpx:hr></gpxtpx:TrackPointExtension></extensions></trkpt>
      <trkpt lat="40.755468" lon="-74.006345"><ele>3.6</ele><time>2026-06-25T22:18:20.000Z</time><extensions><gpxtpx:TrackPointExtension><gpxtpx:hr>151</gpxtpx:hr></gpxtpx:TrackPointExtension></extensions></trkpt>
      <trkpt lat="40.755445" lon="-74.006359"><ele>3.6</ele><time>2026-06-25T22:18:21.000Z</time><extensions><gpxtpx:TrackPointExtension><gpxtpx:hr>151</gpxtpx:hr></gpxtpx:TrackPointExtension></extensions></trkpt>
      <trkpt lat="40.755421" lon="-74.006373"><ele>3.6</ele><time>2026-06-25T22:18:22.000Z</time><extensions><gpxtpx:TrackPointExtension><gpxtpx:hr>151</gpxtpx:hr></gpxtpx:TrackPointExtension></extensions></trkpt>
      <trkpt lat="40.755397" lon="-74.006387"><ele>3.6</ele><time>2026-06-25T22:18:23.000Z</time><extensions><gpxtpx:TrackPointExtension><gpxtpx:hr>151</gpxtpx:hr></gpxtpx:TrackPointExtension></extensions></trkpt>
      <trkpt lat="40.755373" lon="-74.006401"><ele>3.6</ele><time>2026-06-25T22:18:24.000Z</time><extensions><gpxtpx:TrackPointExtension><gpxtpx:hr>151</gpxtpx:hr></gpxtpx:TrackPointExtension></extensions></trkpt>
      <trkpt lat="40.75535" lon="-74.006418"><ele>3.6</ele><time>2026-06-25T22:18:25.000Z</time><extensions><gpxtpx:TrackPointExtension><gpxtpx:hr>151</gpxtpx:hr></gpxtpx:TrackPointExtension></extensions></trkpt>
      <trkpt lat="40.755328" lon="-74.006436"><ele>3.4</ele><time>2026-06-25T22:18:26.000Z</time><extensions><gpxtpx:TrackPointExtension><gpxtpx:hr>151</gpxtpx:hr></gpxtpx:TrackPointExtension></extensions></trkpt>
      <trkpt lat="40.755307" lon="-74.006454"><ele>3.4</ele><time>2026-06-25T22:18:27.000Z</time><extensions><gpxtpx:TrackPointExtension><gpxtpx:hr>151</gpxtpx:hr></gpxtpx:TrackPointExtension></extensions></trkpt>
      <trkpt lat="40.755285" lon="-74.006473"><ele>3.4</ele><time>2026-06-25T22:18:28.000Z</time><extensions><gpxtpx:TrackPointExtension><gpxtpx:hr>151</gpxtpx:hr></gpxtpx:TrackPointExtension></extensions></trkpt>
      <trkpt lat="40.755262" lon="-74.006489"><ele>3.4</ele><time>2026-06-25T22:18:29.000Z</time><extensions><gpxtpx:TrackPointExtension><gpxtpx:hr>150</gpxtpx:hr></gpxtpx:TrackPointExtension></extensions></trkpt>
      <trkpt lat="40.755239" lon="-74.006504"><ele>3.4</ele><time>2026-06-25T22:18:30.000Z</time><extensions><gpxtpx:TrackPointExtension><gpxtpx:hr>150</gpxtpx:hr></gpxtpx:TrackPointExtension></extensions></trkpt>
      <trkpt lat="40.755217" lon="-74.006519"><ele>3.4</ele><time>2026-06-25T22:18:31.000Z</time><extensions><gpxtpx:TrackPointExtension><gpxtpx:hr>150</gpxtpx:hr></gpxtpx:TrackPointExtension></extensions></trkpt>
      <trkpt lat="40.755196" lon="-74.006536"><ele>3.4</ele><time>2026-06-25T22:18:32.000Z</time><extensions><gpxtpx:TrackPointExtension><gpxtpx:hr>150</gpxtpx:hr></gpxtpx:TrackPointExtension></extensions></trkpt>
      <trkpt lat="40.755175" lon="-74.006552"><ele>3.4</ele><time>2026-06-25T22:18:33.000Z</time><extensions><gpxtpx:TrackPointExtension><gpxtpx:hr>150</gpxtpx:hr></gpxtpx:TrackPointExtension></extensions></trkpt>
      <trkpt lat="40.755155" lon="-74.006569"><ele>3.4</ele><time>2026-06-25T22:18:34.000Z</time><extensions><gpxtpx:TrackPointExtension><gpxtpx:hr>150</gpxtpx:hr></gpxtpx:TrackPointExtension></extensions></trkpt>
      <trkpt lat="40.755134" lon="-74.006587"><ele>3.4</ele><time>2026-06-25T22:18:35.000Z</time><extensions><gpxtpx:TrackPointExtension><gpxtpx:hr>150</gpxtpx:hr></gpxtpx:TrackPointExtension></extensions></trkpt>
      <trkpt lat="40.755113" lon="-74.006605"><ele>3.4</ele><time>2026-06-25T22:18:36.000Z</time><extensions><gpxtpx:TrackPointExtension><gpxtpx:hr>150</gpxtpx:hr></gpxtpx:TrackPointExtension></extensions></trkpt>
      <trkpt lat="40.755091" lon="-74.006621"><ele>3.4</ele><time>2026-06-25T22:18:37.000Z</time><extensions><gpxtpx:TrackPointExtension><gpxtpx:hr>153</gpxtpx:hr></gpxtpx:TrackPointExtension></extensions></trkpt>
      <trkpt lat="40.755068" lon="-74.006634"><ele>3.4</ele><time>2026-06-25T22:18:38.000Z</time><extensions><gpxtpx:TrackPointExtension><gpxtpx:hr>153</gpxtpx:hr></gpxtpx:TrackPointExtension></extensions></trkpt>
      <trkpt lat="40.755044" lon="-74.006645"><ele>3.4</ele><time>2026-06-25T22:18:39.000Z</time><extensions><gpxtpx:TrackPointExtension><gpxtpx:hr>153</gpxtpx:hr></gpxtpx:TrackPointExtension></extensions></trkpt>
      <trkpt lat="40.755019" lon="-74.006656"><ele>3.4</ele><time>2026-06-25T22:18:40.000Z</time><extensions><gpxtpx:TrackPointExtension><gpxtpx:hr>153</gpxtpx:hr></gpxtpx:TrackPointExtension></extensions></trkpt>
      <trkpt lat="40.754996" lon="-74.006669"><ele>3.4</ele><time>2026-06-25T22:18:41.000Z</time><extensions><gpxtpx:TrackPointExtension><gpxtpx:hr>153</gpxtpx:hr></gpxtpx:TrackPointExtension></extensions></trkpt>
      <trkpt lat="40.754975" lon="-74.006684"><ele>3.4</ele><time>2026-06-25T22:18:42.000Z</time><extensions><gpxtpx:TrackPointExtension><gpxtpx:hr>152</gpxtpx:hr></gpxtpx:TrackPointExtension></extensions></trkpt>
      <trkpt lat="40.754955" lon="-74.006699"><ele>3.4</ele><time>2026-06-25T22:18:43.000Z</time><extensions><gpxtpx:TrackPointExtension><gpxtpx:hr>152</gpxtpx:hr></gpxtpx:TrackPointExtension></extensions></trkpt>
      <trkpt lat="40.754935" lon="-74.006715"><ele>3.4</ele><time>2026-06-25T22:18:44.000Z</time><extensions><gpxtpx:TrackPointExtension><gpxtpx:hr>152</gpxtpx:hr></gpxtpx:TrackPointExtension></extensions></trkpt>
      <trkpt lat="40.754914" lon="-74.006732"><ele>3.4</ele><time>2026-06-25T22:18:45.000Z</time><extensions><gpxtpx:TrackPointExtension><gpxtpx:hr>151</gpxtpx:hr></gpxtpx:TrackPointExtension></extensions></trkpt>
      <trkpt lat="40.754892" lon="-74.006749"><ele>3.4</ele><time>2026-06-25T22:18:46.000Z</time><extensions><gpxtpx:TrackPointExtension><gpxtpx:hr>151</gpxtpx:hr></gpxtpx:TrackPointExtension></extensions></trkpt>
      <trkpt lat="40.75487" lon="-74.006765"><ele>3.4</ele><time>2026-06-25T22:18:47.000Z</time><extensions><gpxtpx:TrackPointExtension><gpxtpx:hr>151</gpxtpx:hr></gpxtpx:TrackPointExtension></extensions></trkpt>
      <trkpt lat="40.754847" lon="-74.006779"><ele>3.4</ele><time>2026-06-25T22:18:48.000Z</time><extensions><gpxtpx:TrackPointExtension><gpxtpx:hr>150</gpxtpx:hr></gpxtpx:TrackPointExtension></extensions></trkpt>
      <trkpt lat="40.754824" lon="-74.006794"><ele>3.4</ele><time>2026-06-25T22:18:49.000Z</time><extensions><gpxtpx:TrackPointExtension><gpxtpx:hr>150</gpxtpx:hr></gpxtpx:TrackPointExtension></extensions></trkpt>
      <trkpt lat="40.754803" lon="-74.006812"><ele>3.2</ele><time>2026-06-25T22:18:50.000Z</time><extensions><gpxtpx:TrackPointExtension><gpxtpx:hr>150</gpxtpx:hr></gpxtpx:TrackPointExtension></extensions></trkpt>
      <trkpt lat="40.754784" lon="-74.006831"><ele>3.2</ele><time>2026-06-25T22:18:51.000Z</time><extensions><gpxtpx:TrackPointExtension><gpxtpx:hr>150</gpxtpx:hr></gpxtpx:TrackPointExtension></extensions></trkpt>
      <trkpt lat="40.754764" lon="-74.006853"><ele>3.2</ele><time>2026-06-25T22:18:52.000Z</time><extensions><gpxtpx:TrackPointExtension><gpxtpx:hr>150</gpxtpx:hr></gpxtpx:TrackPointExtension></extensions></trkpt>
      <trkpt lat="40.754743" lon="-74.006879"><ele>3.2</ele><time>2026-06-25T22:18:53.000Z</time><extensions><gpxtpx:TrackPointExtension><gpxtpx:hr>150</gpxtpx:hr></gpxtpx:TrackPointExtension></extensions></trkpt>
      <trkpt lat="40.754722" lon="-74.006905"><ele>3.2</ele><time>2026-06-25T22:18:54.000Z</time><extensions><gpxtpx:TrackPointExtension><gpxtpx:hr>150</gpxtpx:hr></gpxtpx:TrackPointExtension></extensions></trkpt>
      <trkpt lat="40.754702" lon="-74.006932"><ele>3.2</ele><time>2026-06-25T22:18:55.000Z</time><extensions><gpxtpx:TrackPointExtension><gpxtpx:hr>150</gpxtpx:hr></gpxtpx:TrackPointExtension></extensions></trkpt>
      <trkpt lat="40.754684" lon="-74.006957"><ele>3.2</ele><time>2026-06-25T22:18:56.000Z</time><extensions><gpxtpx:TrackPointExtension><gpxtpx:hr>150</gpxtpx:hr></gpxtpx:TrackPointExtension></extensions></trkpt>
      <trkpt lat="40.754667" lon="-74.006981"><ele>3.2</ele><time>2026-06-25T22:18:57.000Z</time><extensions><gpxtpx:TrackPointExtension><gpxtpx:hr>150</gpxtpx:hr></gpxtpx:TrackPointExtension></extensions></trkpt>
      <trkpt lat="40.75465" lon="-74.007005"><ele>3.2</ele><time>2026-06-25T22:18:58.000Z</time><extensions><gpxtpx:TrackPointExtension><gpxtpx:hr>150</gpxtpx:hr></gpxtpx:TrackPointExtension></extensions></trkpt>
      <trkpt lat="40.754633" lon="-74.00703"><ele>3.2</ele><time>2026-06-25T22:18:59.000Z</time><extensions><gpxtpx:TrackPointExtension><gpxtpx:hr>150</gpxtpx:hr></gpxtpx:TrackPointExtension></extensions></trkpt>
      <trkpt lat="40.754617" lon="-74.007055"><ele>3.2</ele><time>2026-06-25T22:19:00.000Z</time><extensions><gpxtpx:TrackPointExtension><gpxtpx:hr>150</gpxtpx:hr></gpxtpx:TrackPointExtension></extensions></trkpt>
      <trkpt lat="40.754602" lon="-74.007081"><ele>3.2</ele><time>2026-06-25T22:19:01.000Z</time><extensions><gpxtpx:TrackPointExtension><gpxtpx:hr>150</gpxtpx:hr></gpxtpx:TrackPointExtension></extensions></trkpt>
      <trkpt lat="40.75459" lon="-74.007109"><ele>3.2</ele><time>2026-06-25T22:19:02.000Z</time><extensions><gpxtpx:TrackPointExtension><gpxtpx:hr>150</gpxtpx:hr></gpxtpx:TrackPointExtension></extensions></trkpt>
      <trkpt lat="40.754578" lon="-74.007138"><ele>3</ele><time>2026-06-25T22:19:03.000Z</time><extensions><gpxtpx:TrackPointExtension><gpxtpx:hr>150</gpxtpx:hr></gpxtpx:TrackPointExtension></extensions></trkpt>
      <trkpt lat="40.754565" lon="-74.007164"><ele>3</ele><time>2026-06-25T22:19:04.000Z</time><extensions><gpxtpx:TrackPointExtension><gpxtpx:hr>150</gpxtpx:hr></gpxtpx:TrackPointExtension></extensions></trkpt>
      <trkpt lat="40.75455" lon="-74.007186"><ele>3</ele><time>2026-06-25T22:19:05.000Z</time><extensions><gpxtpx:TrackPointExtension><gpxtpx:hr>150</gpxtpx:hr></gpxtpx:TrackPointExtension></extensions></trkpt>
      <trkpt lat="40.754533" lon="-74.007204"><ele>3</ele><time>2026-06-25T22:19:06.000Z</time><extensions><gpxtpx:TrackPointExtension><gpxtpx:hr>150</gpxtpx:hr></gpxtpx:TrackPointExtension></extensions></trkpt>
      <trkpt lat="40.754515" lon="-74.007223"><ele>3</ele><time>2026-06-25T22:19:07.000Z</time><extensions><gpxtpx:TrackPointExtension><gpxtpx:hr>150</gpxtpx:hr></gpxtpx:TrackPointExtension></extensions></trkpt>
      <trkpt lat="40.754495" lon="-74.007243"><ele>3</ele><time>2026-06-25T22:19:08.000Z</time><extensions><gpxtpx:TrackPointExtension><gpxtpx:hr>150</gpxtpx:hr></gpxtpx:TrackPointExtension></extensions></trkpt>
      <trkpt lat="40.754473" lon="-74.007263"><ele>3</ele><time>2026-06-25T22:19:09.000Z</time><extensions><gpxtpx:TrackPointExtension><gpxtpx:hr>150</gpxtpx:hr></gpxtpx:TrackPointExtension></extensions></trkpt>
      <trkpt lat="40.754452" lon="-74.007283"><ele>3</ele><time>2026-06-25T22:19:10.000Z</time><extensions><gpxtpx:TrackPointExtension><gpxtpx:hr>150</gpxtpx:hr></gpxtpx:TrackPointExtension></extensions></trkpt>
      <trkpt lat="40.754429" lon="-74.007302"><ele>3</ele><time>2026-06-25T22:19:11.000Z</time><extensions><gpxtpx:TrackPointExtension><gpxtpx:hr>150</gpxtpx:hr></gpxtpx:TrackPointExtension></extensions></trkpt>
      <trkpt lat="40.754406" lon="-74.00732"><ele>3</ele><time>2026-06-25T22:19:12.000Z</time><extensions><gpxtpx:TrackPointExtension><gpxtpx:hr>150</gpxtpx:hr></gpxtpx:TrackPointExtension></extensions></trkpt>
      <trkpt lat="40.754381" lon="-74.007337"><ele>3</ele><time>2026-06-25T22:19:13.000Z</time><extensions><gpxtpx:TrackPointExtension><gpxtpx:hr>153</gpxtpx:hr></gpxtpx:TrackPointExtension></extensions></trkpt>
      <trkpt lat="40.754356" lon="-74.007354"><ele>3</ele><time>2026-06-25T22:19:14.000Z</time><extensions><gpxtpx:TrackPointExtension><gpxtpx:hr>153</gpxtpx:hr></gpxtpx:TrackPointExtension></extensions></trkpt>
      <trkpt lat="40.754332" lon="-74.00737"><ele>2.8</ele><time>2026-06-25T22:19:15.000Z</time><extensions><gpxtpx:TrackPointExtension><gpxtpx:hr>153</gpxtpx:hr></gpxtpx:TrackPointExtension></extensions></trkpt>
      <trkpt lat="40.754308" lon="-74.007385"><ele>2.8</ele><time>2026-06-25T22:19:16.000Z</time><extensions><gpxtpx:TrackPointExtension><gpxtpx:hr>153</gpxtpx:hr></gpxtpx:TrackPointExtension></extensions></trkpt>
      <trkpt lat="40.754286" lon="-74.007399"><ele>2.8</ele><time>2026-06-25T22:19:17.000Z</time><extensions><gpxtpx:TrackPointExtension><gpxtpx:hr>153</gpxtpx:hr></gpxtpx:TrackPointExtension></extensions></trkpt>
      <trkpt lat="40.754263" lon="-74.007412"><ele>2.8</ele><time>2026-06-25T22:19:18.000Z</time><extensions><gpxtpx:TrackPointExtension><gpxtpx:hr>152</gpxtpx:hr></gpxtpx:TrackPointExtension></extensions></trkpt>
      <trkpt lat="40.754239" lon="-74.007425"><ele>2.8</ele><time>2026-06-25T22:19:19.000Z</time><extensions><gpxtpx:TrackPointExtension><gpxtpx:hr>152</gpxtpx:hr></gpxtpx:TrackPointExtension></extensions></trkpt>
      <trkpt lat="40.754215" lon="-74.007438"><ele>2.8</ele><time>2026-06-25T22:19:20.000Z</time><extensions><gpxtpx:TrackPointExtension><gpxtpx:hr>152</gpxtpx:hr></gpxtpx:TrackPointExtension></extensions></trkpt>
      <trkpt lat="40.754192" lon="-74.007451"><ele>2.8</ele><time>2026-06-25T22:19:21.000Z</time><extensions><gpxtpx:TrackPointExtension><gpxtpx:hr>152</gpxtpx:hr></gpxtpx:TrackPointExtension></extensions></trkpt>
      <trkpt lat="40.754169" lon="-74.007462"><ele>2.8</ele><time>2026-06-25T22:19:22.000Z</time><extensions><gpxtpx:TrackPointExtension><gpxtpx:hr>152</gpxtpx:hr></gpxtpx:TrackPointExtension></extensions></trkpt>
      <trkpt lat="40.754148" lon="-74.007473"><ele>2.8</ele><time>2026-06-25T22:19:23.000Z</time><extensions><gpxtpx:TrackPointExtension><gpxtpx:hr>152</gpxtpx:hr></gpxtpx:TrackPointExtension></extensions></trkpt>
      <trkpt lat="40.754127" lon="-74.007484"><ele>2.8</ele><time>2026-06-25T22:19:24.000Z</time><extensions><gpxtpx:TrackPointExtension><gpxtpx:hr>152</gpxtpx:hr></gpxtpx:TrackPointExtension></extensions></trkpt>
      <trkpt lat="40.754107" lon="-74.007494"><ele>2.8</ele><time>2026-06-25T22:19:25.000Z</time><extensions><gpxtpx:TrackPointExtension><gpxtpx:hr>152</gpxtpx:hr></gpxtpx:TrackPointExtension></extensions></trkpt>
      <trkpt lat="40.754086" lon="-74.007504"><ele>2.8</ele><time>2026-06-25T22:19:26.000Z</time><extensions><gpxtpx:TrackPointExtension><gpxtpx:hr>152</gpxtpx:hr></gpxtpx:TrackPointExtension></extensions></trkpt>
      <trkpt lat="40.754063" lon="-74.007513"><ele>2.8</ele><time>2026-06-25T22:19:27.000Z</time><extensions><gpxtpx:TrackPointExtension><gpxtpx:hr>156</gpxtpx:hr></gpxtpx:TrackPointExtension></extensions></trkpt>
      <trkpt lat="40.75404" lon="-74.00752"><ele>2.8</ele><time>2026-06-25T22:19:28.000Z</time><extensions><gpxtpx:TrackPointExtension><gpxtpx:hr>156</gpxtpx:hr></gpxtpx:TrackPointExtension></extensions></trkpt>
      <trkpt lat="40.754017" lon="-74.007523"><ele>2.8</ele><time>2026-06-25T22:19:29.000Z</time><extensions><gpxtpx:TrackPointExtension><gpxtpx:hr>156</gpxtpx:hr></gpxtpx:TrackPointExtension></extensions></trkpt>
      <trkpt lat="40.753995" lon="-74.007521"><ele>2.6</ele><time>2026-06-25T22:19:30.000Z</time><extensions><gpxtpx:TrackPointExtension><gpxtpx:hr>156</gpxtpx:hr></gpxtpx:TrackPointExtension></extensions></trkpt>
      <trkpt lat="40.753973" lon="-74.007513"><ele>2.6</ele><time>2026-06-25T22:19:31.000Z</time><extensions><gpxtpx:TrackPointExtension><gpxtpx:hr>156</gpxtpx:hr></gpxtpx:TrackPointExtension></extensions></trkpt>
      <trkpt lat="40.753954" lon="-74.007501"><ele>2.6</ele><time>2026-06-25T22:19:32.000Z</time><extensions><gpxtpx:TrackPointExtension><gpxtpx:hr>156</gpxtpx:hr></gpxtpx:TrackPointExtension></extensions></trkpt>
      <trkpt lat="40.753935" lon="-74.007486"><ele>2.6</ele><time>2026-06-25T22:19:33.000Z</time><extensions><gpxtpx:TrackPointExtension><gpxtpx:hr>156</gpxtpx:hr></gpxtpx:TrackPointExtension></extensions></trkpt>
      <trkpt lat="40.753918" lon="-74.00747"><ele>2.6</ele><time>2026-06-25T22:19:34.000Z</time><extensions><gpxtpx:TrackPointExtension><gpxtpx:hr>156</gpxtpx:hr></gpxtpx:TrackPointExtension></extensions></trkpt>
      <trkpt lat="40.753901" lon="-74.007454"><ele>2.6</ele><time>2026-06-25T22:19:35.000Z</time><extensions><gpxtpx:TrackPointExtension><gpxtpx:hr>156</gpxtpx:hr></gpxtpx:TrackPointExtension></extensions></trkpt>
      <trkpt lat="40.753883" lon="-74.00744"><ele>2.6</ele><time>2026-06-25T22:19:36.000Z</time><extensions><gpxtpx:TrackPointExtension><gpxtpx:hr>156</gpxtpx:hr></gpxtpx:TrackPointExtension></extensions></trkpt>
      <trkpt lat="40.753864" lon="-74.007429"><ele>2.8</ele><time>2026-06-25T22:19:37.000Z</time><extensions><gpxtpx:TrackPointExtension><gpxtpx:hr>156</gpxtpx:hr></gpxtpx:TrackPointExtension></extensions></trkpt>
      <trkpt lat="40.753843" lon="-74.007423"><ele>2.8</ele><time>2026-06-25T22:19:38.000Z</time><extensions><gpxtpx:TrackPointExtension><gpxtpx:hr>156</gpxtpx:hr></gpxtpx:TrackPointExtension></extensions></trkpt>
      <trkpt lat="40.75382" lon="-74.007424"><ele>2.8</ele><time>2026-06-25T22:19:39.000Z</time><extensions><gpxtpx:TrackPointExtension><gpxtpx:hr>156</gpxtpx:hr></gpxtpx:TrackPointExtension></extensions></trkpt>
      <trkpt lat="40.753798" lon="-74.007433"><ele>2.8</ele><time>2026-06-25T22:19:40.000Z</time><extensions><gpxtpx:TrackPointExtension><gpxtpx:hr>156</gpxtpx:hr></gpxtpx:TrackPointExtension></extensions></trkpt>
      <trkpt lat="40.753778" lon="-74.007452"><ele>2.8</ele><time>2026-06-25T22:19:41.000Z</time><extensions><gpxtpx:TrackPointExtension><gpxtpx:hr>157</gpxtpx:hr></gpxtpx:TrackPointExtension></extensions></trkpt>
      <trkpt lat="40.75376" lon="-74.007477"><ele>2.8</ele><time>2026-06-25T22:19:42.000Z</time><extensions><gpxtpx:TrackPointExtension><gpxtpx:hr>157</gpxtpx:hr></gpxtpx:TrackPointExtension></extensions></trkpt>
      <trkpt lat="40.753745" lon="-74.007506"><ele>2.8</ele><time>2026-06-25T22:19:43.000Z</time><extensions><gpxtpx:TrackPointExtension><gpxtpx:hr>157</gpxtpx:hr></gpxtpx:TrackPointExtension></extensions></trkpt>
      <trkpt lat="40.753732" lon="-74.007535"><ele>2.8</ele><time>2026-06-25T22:19:44.000Z</time><extensions><gpxtpx:TrackPointExtension><gpxtpx:hr>157</gpxtpx:hr></gpxtpx:TrackPointExtension></extensions></trkpt>
      <trkpt lat="40.753723" lon="-74.007563"><ele>2.8</ele><time>2026-06-25T22:19:45.000Z</time><extensions><gpxtpx:TrackPointExtension><gpxtpx:hr>157</gpxtpx:hr></gpxtpx:TrackPointExtension></extensions></trkpt>
      <trkpt lat="40.753716" lon="-74.007591"><ele>2.8</ele><time>2026-06-25T22:19:46.000Z</time><extensions><gpxtpx:TrackPointExtension><gpxtpx:hr>157</gpxtpx:hr></gpxtpx:TrackPointExtension></extensions></trkpt>
      <trkpt lat="40.753712" lon="-74.007621"><ele>2.8</ele><time>2026-06-25T22:19:47.000Z</time><extensions><gpxtpx:TrackPointExtension><gpxtpx:hr>157</gpxtpx:hr></gpxtpx:TrackPointExtension></extensions></trkpt>
      <trkpt lat="40.75371" lon="-74.007654"><ele>2.8</ele><time>2026-06-25T22:19:48.000Z</time><extensions><gpxtpx:TrackPointExtension><gpxtpx:hr>157</gpxtpx:hr></gpxtpx:TrackPointExtension></extensions></trkpt>
      <trkpt lat="40.753708" lon="-74.007687"><ele>2.8</ele><time>2026-06-25T22:19:49.000Z</time><extensions><gpxtpx:TrackPointExtension><gpxtpx:hr>157</gpxtpx:hr></gpxtpx:TrackPointExtension></extensions></trkpt>
      <trkpt lat="40.753702" lon="-74.007718"><ele>2.8</ele><time>2026-06-25T22:19:50.000Z</time><extensions><gpxtpx:TrackPointExtension><gpxtpx:hr>160</gpxtpx:hr></gpxtpx:TrackPointExtension></extensions></trkpt>
      <trkpt lat="40.75369" lon="-74.007745"><ele>2.8</ele><time>2026-06-25T22:19:51.000Z</time><extensions><gpxtpx:TrackPointExtension><gpxtpx:hr>160</gpxtpx:hr></gpxtpx:TrackPointExtension></extensions></trkpt>
      <trkpt lat="40.753671" lon="-74.007768"><ele>2.8</ele><time>2026-06-25T22:19:52.000Z</time><extensions><gpxtpx:TrackPointExtension><gpxtpx:hr>160</gpxtpx:hr></gpxtpx:TrackPointExtension></extensions></trkpt>
      <trkpt lat="40.753648" lon="-74.007786"><ele>3</ele><time>2026-06-25T22:19:53.000Z</time><extensions><gpxtpx:TrackPointExtension><gpxtpx:hr>160</gpxtpx:hr></gpxtpx:TrackPointExtension></extensions></trkpt>
      <trkpt lat="40.753622" lon="-74.007801"><ele>3</ele><time>2026-06-25T22:19:54.000Z</time><extensions><gpxtpx:TrackPointExtension><gpxtpx:hr>160</gpxtpx:hr></gpxtpx:TrackPointExtension></extensions></trkpt>
      <trkpt lat="40.753597" lon="-74.007812"><ele>3</ele><time>2026-06-25T22:19:55.000Z</time><extensions><gpxtpx:TrackPointExtension><gpxtpx:hr>160</gpxtpx:hr></gpxtpx:TrackPointExtension></extensions></trkpt>
      <trkpt lat="40.753572" lon="-74.007823"><ele>3</ele><time>2026-06-25T22:19:56.000Z</time><extensions><gpxtpx:TrackPointExtension><gpxtpx:hr>159</gpxtpx:hr></gpxtpx:TrackPointExtension></extensions></trkpt>
      <trkpt lat="40.753546" lon="-74.007832"><ele>3</ele><time>2026-06-25T22:19:57.000Z</time><extensions><gpxtpx:TrackPointExtension><gpxtpx:hr>159</gpxtpx:hr></gpxtpx:TrackPointExtension></extensions></trkpt>
      <trkpt lat="40.753521" lon="-74.007841"><ele>3</ele><time>2026-06-25T22:19:58.000Z</time><extensions><gpxtpx:TrackPointExtension><gpxtpx:hr>159</gpxtpx:hr></gpxtpx:TrackPointExtension></extensions></trkpt>
      <trkpt lat="40.753497" lon="-74.007849"><ele>3</ele><time>2026-06-25T22:19:59.000Z</time><extensions><gpxtpx:TrackPointExtension><gpxtpx:hr>159</gpxtpx:hr></gpxtpx:TrackPointExtension></extensions></trkpt>
      <trkpt lat="40.753472" lon="-74.007857"><ele>3</ele><time>2026-06-25T22:20:00.000Z</time><extensions><gpxtpx:TrackPointExtension><gpxtpx:hr>159</gpxtpx:hr></gpxtpx:TrackPointExtension></extensions></trkpt>
      <trkpt lat="40.753448" lon="-74.007864"><ele>3</ele><time>2026-06-25T22:20:01.000Z</time><extensions><gpxtpx:TrackPointExtension><gpxtpx:hr>159</gpxtpx:hr></gpxtpx:TrackPointExtension></extensions></trkpt>
      <trkpt lat="40.753423" lon="-74.007871"><ele>3</ele><time>2026-06-25T22:20:02.000Z</time><extensions><gpxtpx:TrackPointExtension><gpxtpx:hr>158</gpxtpx:hr></gpxtpx:TrackPointExtension></extensions></trkpt>
      <trkpt lat="40.753398" lon="-74.007876"><ele>3</ele><time>2026-06-25T22:20:03.000Z</time><extensions><gpxtpx:TrackPointExtension><gpxtpx:hr>158</gpxtpx:hr></gpxtpx:TrackPointExtension></extensions></trkpt>
      <trkpt lat="40.753373" lon="-74.007879"><ele>3</ele><time>2026-06-25T22:20:04.000Z</time><extensions><gpxtpx:TrackPointExtension><gpxtpx:hr>157</gpxtpx:hr></gpxtpx:TrackPointExtension></extensions></trkpt>
      <trkpt lat="40.753348" lon="-74.007883"><ele>3</ele><time>2026-06-25T22:20:05.000Z</time><extensions><gpxtpx:TrackPointExtension><gpxtpx:hr>157</gpxtpx:hr></gpxtpx:TrackPointExtension></extensions></trkpt>
      <trkpt lat="40.753325" lon="-74.00789"><ele>3</ele><time>2026-06-25T22:20:06.000Z</time><extensions><gpxtpx:TrackPointExtension><gpxtpx:hr>157</gpxtpx:hr></gpxtpx:TrackPointExtension></extensions></trkpt>
      <trkpt lat="40.753301" lon="-74.0079"><ele>3</ele><time>2026-06-25T22:20:07.000Z</time><extensions><gpxtpx:TrackPointExtension><gpxtpx:hr>157</gpxtpx:hr></gpxtpx:TrackPointExtension></extensions></trkpt>
      <trkpt lat="40.753278" lon="-74.007914"><ele>3</ele><time>2026-06-25T22:20:08.000Z</time><extensions><gpxtpx:TrackPointExtension><gpxtpx:hr>157</gpxtpx:hr></gpxtpx:TrackPointExtension></extensions></trkpt>
      <trkpt lat="40.753256" lon="-74.007929"><ele>3</ele><time>2026-06-25T22:20:09.000Z</time><extensions><gpxtpx:TrackPointExtension><gpxtpx:hr>157</gpxtpx:hr></gpxtpx:TrackPointExtension></extensions></trkpt>
      <trkpt lat="40.753234" lon="-74.007941"><ele>3</ele><time>2026-06-25T22:20:10.000Z</time><extensions><gpxtpx:TrackPointExtension><gpxtpx:hr>157</gpxtpx:hr></gpxtpx:TrackPointExtension></extensions></trkpt>
      <trkpt lat="40.753213" lon="-74.007952"><ele>3</ele><time>2026-06-25T22:20:11.000Z</time><extensions><gpxtpx:TrackPointExtension><gpxtpx:hr>157</gpxtpx:hr></gpxtpx:TrackPointExtension></extensions></trkpt>
      <trkpt lat="40.753191" lon="-74.007962"><ele>3</ele><time>2026-06-25T22:20:12.000Z</time><extensions><gpxtpx:TrackPointExtension><gpxtpx:hr>157</gpxtpx:hr></gpxtpx:TrackPointExtension></extensions></trkpt>
      <trkpt lat="40.753169" lon="-74.007972"><ele>3</ele><time>2026-06-25T22:20:13.000Z</time><extensions><gpxtpx:TrackPointExtension><gpxtpx:hr>157</gpxtpx:hr></gpxtpx:TrackPointExtension></extensions></trkpt>
      <trkpt lat="40.753146" lon="-74.007984"><ele>3</ele><time>2026-06-25T22:20:14.000Z</time><extensions><gpxtpx:TrackPointExtension><gpxtpx:hr>157</gpxtpx:hr></gpxtpx:TrackPointExtension></extensions></trkpt>
      <trkpt lat="40.753125" lon="-74.007996"><ele>3</ele><time>2026-06-25T22:20:15.000Z</time><extensions><gpxtpx:TrackPointExtension><gpxtpx:hr>158</gpxtpx:hr></gpxtpx:TrackPointExtension></extensions></trkpt>
      <trkpt lat="40.753103" lon="-74.008009"><ele>3.2</ele><time>2026-06-25T22:20:16.000Z</time><extensions><gpxtpx:TrackPointExtension><gpxtpx:hr>158</gpxtpx:hr></gpxtpx:TrackPointExtension></extensions></trkpt>
      <trkpt lat="40.753079" lon="-74.008021"><ele>3.2</ele><time>2026-06-25T22:20:17.000Z</time><extensions><gpxtpx:TrackPointExtension><gpxtpx:hr>158</gpxtpx:hr></gpxtpx:TrackPointExtension></extensions></trkpt>
      <trkpt lat="40.753055" lon="-74.008033"><ele>3.2</ele><time>2026-06-25T22:20:18.000Z</time><extensions><gpxtpx:TrackPointExtension><gpxtpx:hr>158</gpxtpx:hr></gpxtpx:TrackPointExtension></extensions></trkpt>
      <trkpt lat="40.753029" lon="-74.008046"><ele>3.2</ele><time>2026-06-25T22:20:19.000Z</time><extensions><gpxtpx:TrackPointExtension><gpxtpx:hr>158</gpxtpx:hr></gpxtpx:TrackPointExtension></extensions></trkpt>
      <trkpt lat="40.753003" lon="-74.008058"><ele>3.2</ele><time>2026-06-25T22:20:20.000Z</time><extensions><gpxtpx:TrackPointExtension><gpxtpx:hr>158</gpxtpx:hr></gpxtpx:TrackPointExtension></extensions></trkpt>
      <trkpt lat="40.752977" lon="-74.008071"><ele>3.2</ele><time>2026-06-25T22:20:21.000Z</time><extensions><gpxtpx:TrackPointExtension><gpxtpx:hr>158</gpxtpx:hr></gpxtpx:TrackPointExtension></extensions></trkpt>
      <trkpt lat="40.752953" lon="-74.008082"><ele>3.2</ele><time>2026-06-25T22:20:22.000Z</time><extensions><gpxtpx:TrackPointExtension><gpxtpx:hr>158</gpxtpx:hr></gpxtpx:TrackPointExtension></extensions></trkpt>
      <trkpt lat="40.752929" lon="-74.008093"><ele>3.2</ele><time>2026-06-25T22:20:23.000Z</time><extensions><gpxtpx:TrackPointExtension><gpxtpx:hr>158</gpxtpx:hr></gpxtpx:TrackPointExtension></extensions></trkpt>
      <trkpt lat="40.752905" lon="-74.008103"><ele>3.2</ele><time>2026-06-25T22:20:24.000Z</time><extensions><gpxtpx:TrackPointExtension><gpxtpx:hr>158</gpxtpx:hr></gpxtpx:TrackPointExtension></extensions></trkpt>
      <trkpt lat="40.752881" lon="-74.008113"><ele>3.2</ele><time>2026-06-25T22:20:25.000Z</time><extensions><gpxtpx:TrackPointExtension><gpxtpx:hr>158</gpxtpx:hr></gpxtpx:TrackPointExtension></extensions></trkpt>
      <trkpt lat="40.752858" lon="-74.008122"><ele>3.2</ele><time>2026-06-25T22:20:26.000Z</time><extensions><gpxtpx:TrackPointExtension><gpxtpx:hr>158</gpxtpx:hr></gpxtpx:TrackPointExtension></extensions></trkpt>
      <trkpt lat="40.752834" lon="-74.00813"><ele>3.2</ele><time>2026-06-25T22:20:27.000Z</time><extensions><gpxtpx:TrackPointExtension><gpxtpx:hr>158</gpxtpx:hr></gpxtpx:TrackPointExtension></extensions></trkpt>
      <trkpt lat="40.75281" lon="-74.008138"><ele>3.2</ele><time>2026-06-25T22:20:28.000Z</time><extensions><gpxtpx:TrackPointExtension><gpxtpx:hr>158</gpxtpx:hr></gpxtpx:TrackPointExtension></extensions></trkpt>
      <trkpt lat="40.752787" lon="-74.008144"><ele>3.2</ele><time>2026-06-25T22:20:29.000Z</time><extensions><gpxtpx:TrackPointExtension><gpxtpx:hr>158</gpxtpx:hr></gpxtpx:TrackPointExtension></extensions></trkpt>
      <trkpt lat="40.752764" lon="-74.00815"><ele>3.2</ele><time>2026-06-25T22:20:30.000Z</time><extensions><gpxtpx:TrackPointExtension><gpxtpx:hr>158</gpxtpx:hr></gpxtpx:TrackPointExtension></extensions></trkpt>
      <trkpt lat="40.752742" lon="-74.008156"><ele>3.2</ele><time>2026-06-25T22:20:31.000Z</time><extensions><gpxtpx:TrackPointExtension><gpxtpx:hr>158</gpxtpx:hr></gpxtpx:TrackPointExtension></extensions></trkpt>
      <trkpt lat="40.752721" lon="-74.008162"><ele>3.2</ele><time>2026-06-25T22:20:32.000Z</time><extensions><gpxtpx:TrackPointExtension><gpxtpx:hr>158</gpxtpx:hr></gpxtpx:TrackPointExtension></extensions></trkpt>
      <trkpt lat="40.7527" lon="-74.008168"><ele>3.2</ele><time>2026-06-25T22:20:33.000Z</time><extensions><gpxtpx:TrackPointExtension><gpxtpx:hr>158</gpxtpx:hr></gpxtpx:TrackPointExtension></extensions></trkpt>
      <trkpt lat="40.75268" lon="-74.008172"><ele>3.2</ele><time>2026-06-25T22:20:34.000Z</time><extensions><gpxtpx:TrackPointExtension><gpxtpx:hr>158</gpxtpx:hr></gpxtpx:TrackPointExtension></extensions></trkpt>
      <trkpt lat="40.752662" lon="-74.008174"><ele>3.2</ele><time>2026-06-25T22:20:35.000Z</time><extensions><gpxtpx:TrackPointExtension><gpxtpx:hr>158</gpxtpx:hr></gpxtpx:TrackPointExtension></extensions></trkpt>
      <trkpt lat="40.752644" lon="-74.008177"><ele>3.2</ele><time>2026-06-25T22:20:36.000Z</time><extensions><gpxtpx:TrackPointExtension><gpxtpx:hr>158</gpxtpx:hr></gpxtpx:TrackPointExtension></extensions></trkpt>
      <trkpt lat="40.752625" lon="-74.008181"><ele>3.2</ele><time>2026-06-25T22:20:37.000Z</time><extensions><gpxtpx:TrackPointExtension><gpxtpx:hr>159</gpxtpx:hr></gpxtpx:TrackPointExtension></extensions></trkpt>
      <trkpt lat="40.752605" lon="-74.008187"><ele>3.4</ele><time>2026-06-25T22:20:38.000Z</time><extensions><gpxtpx:TrackPointExtension><gpxtpx:hr>159</gpxtpx:hr></gpxtpx:TrackPointExtension></extensions></trkpt>
      <trkpt lat="40.752584" lon="-74.008194"><ele>3.4</ele><time>2026-06-25T22:20:39.000Z</time><extensions><gpxtpx:TrackPointExtension><gpxtpx:hr>159</gpxtpx:hr></gpxtpx:TrackPointExtension></extensions></trkpt>
      <trkpt lat="40.752562" lon="-74.008201"><ele>3.4</ele><time>2026-06-25T22:20:40.000Z</time><extensions><gpxtpx:TrackPointExtension><gpxtpx:hr>159</gpxtpx:hr></gpxtpx:TrackPointExtension></extensions></trkpt>
      <trkpt lat="40.752539" lon="-74.008209"><ele>3.4</ele><time>2026-06-25T22:20:41.000Z</time><extensions><gpxtpx:TrackPointExtension><gpxtpx:hr>159</gpxtpx:hr></gpxtpx:TrackPointExtension></extensions></trkpt>
      <trkpt lat="40.752515" lon="-74.008218"><ele>3.4</ele><time>2026-06-25T22:20:42.000Z</time><extensions><gpxtpx:TrackPointExtension><gpxtpx:hr>159</gpxtpx:hr></gpxtpx:TrackPointExtension></extensions></trkpt>
      <trkpt lat="40.752491" lon="-74.008226"><ele>3.4</ele><time>2026-06-25T22:20:43.000Z</time><extensions><gpxtpx:TrackPointExtension><gpxtpx:hr>159</gpxtpx:hr></gpxtpx:TrackPointExtension></extensions></trkpt>
      <trkpt lat="40.752468" lon="-74.008235"><ele>3.4</ele><time>2026-06-25T22:20:44.000Z</time><extensions><gpxtpx:TrackPointExtension><gpxtpx:hr>159</gpxtpx:hr></gpxtpx:TrackPointExtension></extensions></trkpt>
      <trkpt lat="40.752445" lon="-74.008244"><ele>3.4</ele><time>2026-06-25T22:20:45.000Z</time><extensions><gpxtpx:TrackPointExtension><gpxtpx:hr>159</gpxtpx:hr></gpxtpx:TrackPointExtension></extensions></trkpt>
      <trkpt lat="40.752421" lon="-74.008255"><ele>3.4</ele><time>2026-06-25T22:20:46.000Z</time><extensions><gpxtpx:TrackPointExtension><gpxtpx:hr>159</gpxtpx:hr></gpxtpx:TrackPointExtension></extensions></trkpt>
      <trkpt lat="40.752395" lon="-74.008266"><ele>3.4</ele><time>2026-06-25T22:20:47.000Z</time><extensions><gpxtpx:TrackPointExtension><gpxtpx:hr>160</gpxtpx:hr></gpxtpx:TrackPointExtension></extensions></trkpt>
      <trkpt lat="40.752368" lon="-74.008276"><ele>3.4</ele><time>2026-06-25T22:20:48.000Z</time><extensions><gpxtpx:TrackPointExtension><gpxtpx:hr>160</gpxtpx:hr></gpxtpx:TrackPointExtension></extensions></trkpt>
      <trkpt lat="40.752341" lon="-74.008287"><ele>3.4</ele><time>2026-06-25T22:20:49.000Z</time><extensions><gpxtpx:TrackPointExtension><gpxtpx:hr>160</gpxtpx:hr></gpxtpx:TrackPointExtension></extensions></trkpt>
      <trkpt lat="40.752315" lon="-74.008297"><ele>3.4</ele><time>2026-06-25T22:20:50.000Z</time><extensions><gpxtpx:TrackPointExtension><gpxtpx:hr>160</gpxtpx:hr></gpxtpx:TrackPointExtension></extensions></trkpt>
      <trkpt lat="40.75229" lon="-74.008307"><ele>3.4</ele><time>2026-06-25T22:20:51.000Z</time><extensions><gpxtpx:TrackPointExtension><gpxtpx:hr>160</gpxtpx:hr></gpxtpx:TrackPointExtension></extensions></trkpt>
      <trkpt lat="40.752266" lon="-74.008318"><ele>3.4</ele><time>2026-06-25T22:20:52.000Z</time><extensions><gpxtpx:TrackPointExtension><gpxtpx:hr>159</gpxtpx:hr></gpxtpx:TrackPointExtension></extensions></trkpt>
      <trkpt lat="40.752243" lon="-74.008331"><ele>3.4</ele><time>2026-06-25T22:20:53.000Z</time><extensions><gpxtpx:TrackPointExtension><gpxtpx:hr>159</gpxtpx:hr></gpxtpx:TrackPointExtension></extensions></trkpt>
      <trkpt lat="40.75222" lon="-74.008343"><ele>3.4</ele><time>2026-06-25T22:20:54.000Z</time><extensions><gpxtpx:TrackPointExtension><gpxtpx:hr>159</gpxtpx:hr></gpxtpx:TrackPointExtension></extensions></trkpt>
      <trkpt lat="40.752196" lon="-74.008353"><ele>3.4</ele><time>2026-06-25T22:20:55.000Z</time><extensions><gpxtpx:TrackPointExtension><gpxtpx:hr>159</gpxtpx:hr></gpxtpx:TrackPointExtension></extensions></trkpt>
      <trkpt lat="40.752172" lon="-74.008362"><ele>3.2</ele><time>2026-06-25T22:20:56.000Z</time><extensions><gpxtpx:TrackPointExtension><gpxtpx:hr>159</gpxtpx:hr></gpxtpx:TrackPointExtension></extensions></trkpt>
      <trkpt lat="40.752148" lon="-74.008372"><ele>3.2</ele><time>2026-06-25T22:20:57.000Z</time><extensions><gpxtpx:TrackPointExtension><gpxtpx:hr>159</gpxtpx:hr></gpxtpx:TrackPointExtension></extensions></trkpt>
      <trkpt lat="40.752124" lon="-74.008383"><ele>3.2</ele><time>2026-06-25T22:20:58.000Z</time><extensions><gpxtpx:TrackPointExtension><gpxtpx:hr>159</gpxtpx:hr></gpxtpx:TrackPointExtension></extensions></trkpt>
      <trkpt lat="40.752099" lon="-74.008394"><ele>3.2</ele><time>2026-06-25T22:20:59.000Z</time><extensions><gpxtpx:TrackPointExtension><gpxtpx:hr>159</gpxtpx:hr></gpxtpx:TrackPointExtension></extensions></trkpt>
      <trkpt lat="40.752076" lon="-74.008405"><ele>3.2</ele><time>2026-06-25T22:21:00.000Z</time><extensions><gpxtpx:TrackPointExtension><gpxtpx:hr>159</gpxtpx:hr></gpxtpx:TrackPointExtension></extensions></trkpt>
      <trkpt lat="40.752053" lon="-74.008416"><ele>3.2</ele><time>2026-06-25T22:21:01.000Z</time><extensions><gpxtpx:TrackPointExtension><gpxtpx:hr>159</gpxtpx:hr></gpxtpx:TrackPointExtension></extensions></trkpt>
      <trkpt lat="40.752031" lon="-74.008427"><ele>3.2</ele><time>2026-06-25T22:21:02.000Z</time><extensions><gpxtpx:TrackPointExtension><gpxtpx:hr>156</gpxtpx:hr></gpxtpx:TrackPointExtension></extensions></trkpt>
      <trkpt lat="40.75201" lon="-74.008437"><ele>3.2</ele><time>2026-06-25T22:21:03.000Z</time><extensions><gpxtpx:TrackPointExtension><gpxtpx:hr>156</gpxtpx:hr></gpxtpx:TrackPointExtension></extensions></trkpt>
      <trkpt lat="40.751988" lon="-74.008446"><ele>3.2</ele><time>2026-06-25T22:21:04.000Z</time><extensions><gpxtpx:TrackPointExtension><gpxtpx:hr>156</gpxtpx:hr></gpxtpx:TrackPointExtension></extensions></trkpt>
      <trkpt lat="40.751965" lon="-74.008454"><ele>3.2</ele><time>2026-06-25T22:21:05.000Z</time><extensions><gpxtpx:TrackPointExtension><gpxtpx:hr>156</gpxtpx:hr></gpxtpx:TrackPointExtension></extensions></trkpt>
      <trkpt lat="40.751942" lon="-74.008461"><ele>3.2</ele><time>2026-06-25T22:21:06.000Z</time><extensions><gpxtpx:TrackPointExtension><gpxtpx:hr>156</gpxtpx:hr></gpxtpx:TrackPointExtension></extensions></trkpt>
      <trkpt lat="40.75192" lon="-74.008467"><ele>3.4</ele><time>2026-06-25T22:21:07.000Z</time><extensions><gpxtpx:TrackPointExtension><gpxtpx:hr>157</gpxtpx:hr></gpxtpx:TrackPointExtension></extensions></trkpt>
      <trkpt lat="40.751899" lon="-74.008472"><ele>3.4</ele><time>2026-06-25T22:21:08.000Z</time><extensions><gpxtpx:TrackPointExtension><gpxtpx:hr>157</gpxtpx:hr></gpxtpx:TrackPointExtension></extensions></trkpt>
      <trkpt lat="40.751878" lon="-74.008478"><ele>3.4</ele><time>2026-06-25T22:21:09.000Z</time><extensions><gpxtpx:TrackPointExtension><gpxtpx:hr>156</gpxtpx:hr></gpxtpx:TrackPointExtension></extensions></trkpt>
      <trkpt lat="40.751858" lon="-74.008486"><ele>3.4</ele><time>2026-06-25T22:21:10.000Z</time><extensions><gpxtpx:TrackPointExtension><gpxtpx:hr>156</gpxtpx:hr></gpxtpx:TrackPointExtension></extensions></trkpt>
      <trkpt lat="40.751838" lon="-74.008496"><ele>3.4</ele><time>2026-06-25T22:21:11.000Z</time><extensions><gpxtpx:TrackPointExtension><gpxtpx:hr>156</gpxtpx:hr></gpxtpx:TrackPointExtension></extensions></trkpt>
      <trkpt lat="40.751818" lon="-74.008507"><ele>3.4</ele><time>2026-06-25T22:21:12.000Z</time><extensions><gpxtpx:TrackPointExtension><gpxtpx:hr>156</gpxtpx:hr></gpxtpx:TrackPointExtension></extensions></trkpt>
      <trkpt lat="40.751796" lon="-74.008517"><ele>3.4</ele><time>2026-06-25T22:21:13.000Z</time><extensions><gpxtpx:TrackPointExtension><gpxtpx:hr>156</gpxtpx:hr></gpxtpx:TrackPointExtension></extensions></trkpt>
      <trkpt lat="40.751773" lon="-74.008527"><ele>3.4</ele><time>2026-06-25T22:21:14.000Z</time><extensions><gpxtpx:TrackPointExtension><gpxtpx:hr>156</gpxtpx:hr></gpxtpx:TrackPointExtension></extensions></trkpt>
      <trkpt lat="40.75175" lon="-74.008537"><ele>3.4</ele><time>2026-06-25T22:21:15.000Z</time><extensions><gpxtpx:TrackPointExtension><gpxtpx:hr>156</gpxtpx:hr></gpxtpx:TrackPointExtension></extensions></trkpt>
      <trkpt lat="40.751728" lon="-74.008547"><ele>3.4</ele><time>2026-06-25T22:21:16.000Z</time><extensions><gpxtpx:TrackPointExtension><gpxtpx:hr>156</gpxtpx:hr></gpxtpx:TrackPointExtension></extensions></trkpt>
      <trkpt lat="40.751705" lon="-74.008557"><ele>3.4</ele><time>2026-06-25T22:21:17.000Z</time><extensions><gpxtpx:TrackPointExtension><gpxtpx:hr>156</gpxtpx:hr></gpxtpx:TrackPointExtension></extensions></trkpt>
      <trkpt lat="40.751681" lon="-74.008567"><ele>3.6</ele><time>2026-06-25T22:21:18.000Z</time><extensions><gpxtpx:TrackPointExtension><gpxtpx:hr>155</gpxtpx:hr></gpxtpx:TrackPointExtension></extensions></trkpt>
      <trkpt lat="40.751656" lon="-74.008575"><ele>3.6</ele><time>2026-06-25T22:21:19.000Z</time><extensions><gpxtpx:TrackPointExtension><gpxtpx:hr>155</gpxtpx:hr></gpxtpx:TrackPointExtension></extensions></trkpt>
      <trkpt lat="40.75163" lon="-74.008583"><ele>3.6</ele><time>2026-06-25T22:21:20.000Z</time><extensions><gpxtpx:TrackPointExtension><gpxtpx:hr>155</gpxtpx:hr></gpxtpx:TrackPointExtension></extensions></trkpt>
      <trkpt lat="40.751605" lon="-74.00859"><ele>3.6</ele><time>2026-06-25T22:21:21.000Z</time><extensions><gpxtpx:TrackPointExtension><gpxtpx:hr>155</gpxtpx:hr></gpxtpx:TrackPointExtension></extensions></trkpt>
      <trkpt lat="40.751581" lon="-74.008597"><ele>3.6</ele><time>2026-06-25T22:21:22.000Z</time><extensions><gpxtpx:TrackPointExtension><gpxtpx:hr>155</gpxtpx:hr></gpxtpx:TrackPointExtension></extensions></trkpt>
      <trkpt lat="40.751557" lon="-74.008606"><ele>3.4</ele><time>2026-06-25T22:21:23.000Z</time><extensions><gpxtpx:TrackPointExtension><gpxtpx:hr>155</gpxtpx:hr></gpxtpx:TrackPointExtension></extensions></trkpt>
      <trkpt lat="40.751532" lon="-74.008615"><ele>3.4</ele><time>2026-06-25T22:21:24.000Z</time><extensions><gpxtpx:TrackPointExtension><gpxtpx:hr>156</gpxtpx:hr></gpxtpx:TrackPointExtension></extensions></trkpt>
      <trkpt lat="40.751507" lon="-74.008625"><ele>3.4</ele><time>2026-06-25T22:21:25.000Z</time><extensions><gpxtpx:TrackPointExtension><gpxtpx:hr>156</gpxtpx:hr></gpxtpx:TrackPointExtension></extensions></trkpt>
      <trkpt lat="40.751482" lon="-74.008634"><ele>3.4</ele><time>2026-06-25T22:21:26.000Z</time><extensions><gpxtpx:TrackPointExtension><gpxtpx:hr>156</gpxtpx:hr></gpxtpx:TrackPointExtension></extensions></trkpt>
      <trkpt lat="40.751457" lon="-74.008643"><ele>3.4</ele><time>2026-06-25T22:21:27.000Z</time><extensions><gpxtpx:TrackPointExtension><gpxtpx:hr>156</gpxtpx:hr></gpxtpx:TrackPointExtension></extensions></trkpt>
      <trkpt lat="40.751433" lon="-74.008651"><ele>3.4</ele><time>2026-06-25T22:21:28.000Z</time><extensions><gpxtpx:TrackPointExtension><gpxtpx:hr>156</gpxtpx:hr></gpxtpx:TrackPointExtension></extensions></trkpt>
      <trkpt lat="40.751409" lon="-74.008659"><ele>3.4</ele><time>2026-06-25T22:21:29.000Z</time><extensions><gpxtpx:TrackPointExtension><gpxtpx:hr>157</gpxtpx:hr></gpxtpx:TrackPointExtension></extensions></trkpt>
      <trkpt lat="40.751385" lon="-74.008666"><ele>3.4</ele><time>2026-06-25T22:21:30.000Z</time><extensions><gpxtpx:TrackPointExtension><gpxtpx:hr>157</gpxtpx:hr></gpxtpx:TrackPointExtension></extensions></trkpt>
      <trkpt lat="40.751361" lon="-74.008675"><ele>3.4</ele><time>2026-06-25T22:21:31.000Z</time><extensions><gpxtpx:TrackPointExtension><gpxtpx:hr>157</gpxtpx:hr></gpxtpx:TrackPointExtension></extensions></trkpt>
      <trkpt lat="40.751337" lon="-74.008683"><ele>3.4</ele><time>2026-06-25T22:21:32.000Z</time><extensions><gpxtpx:TrackPointExtension><gpxtpx:hr>157</gpxtpx:hr></gpxtpx:TrackPointExtension></extensions></trkpt>
      <trkpt lat="40.751314" lon="-74.008691"><ele>3.4</ele><time>2026-06-25T22:21:33.000Z</time><extensions><gpxtpx:TrackPointExtension><gpxtpx:hr>158</gpxtpx:hr></gpxtpx:TrackPointExtension></extensions></trkpt>
      <trkpt lat="40.751291" lon="-74.008699"><ele>3.4</ele><time>2026-06-25T22:21:34.000Z</time><extensions><gpxtpx:TrackPointExtension><gpxtpx:hr>158</gpxtpx:hr></gpxtpx:TrackPointExtension></extensions></trkpt>
      <trkpt lat="40.751269" lon="-74.008706"><ele>3.4</ele><time>2026-06-25T22:21:35.000Z</time><extensions><gpxtpx:TrackPointExtension><gpxtpx:hr>158</gpxtpx:hr></gpxtpx:TrackPointExtension></extensions></trkpt>
      <trkpt lat="40.751247" lon="-74.008712"><ele>3.4</ele><time>2026-06-25T22:21:36.000Z</time><extensions><gpxtpx:TrackPointExtension><gpxtpx:hr>158</gpxtpx:hr></gpxtpx:TrackPointExtension></extensions></trkpt>
      <trkpt lat="40.751226" lon="-74.008716"><ele>3.4</ele><time>2026-06-25T22:21:37.000Z</time><extensions><gpxtpx:TrackPointExtension><gpxtpx:hr>158</gpxtpx:hr></gpxtpx:TrackPointExtension></extensions></trkpt>
      <trkpt lat="40.751204" lon="-74.008718"><ele>3.4</ele><time>2026-06-25T22:21:38.000Z</time><extensions><gpxtpx:TrackPointExtension><gpxtpx:hr>158</gpxtpx:hr></gpxtpx:TrackPointExtension></extensions></trkpt>
      <trkpt lat="40.751181" lon="-74.008716"><ele>3.4</ele><time>2026-06-25T22:21:39.000Z</time><extensions><gpxtpx:TrackPointExtension><gpxtpx:hr>160</gpxtpx:hr></gpxtpx:TrackPointExtension></extensions></trkpt>
      <trkpt lat="40.751159" lon="-74.008712"><ele>3.4</ele><time>2026-06-25T22:21:40.000Z</time><extensions><gpxtpx:TrackPointExtension><gpxtpx:hr>160</gpxtpx:hr></gpxtpx:TrackPointExtension></extensions></trkpt>
      <trkpt lat="40.751137" lon="-74.008706"><ele>3.4</ele><time>2026-06-25T22:21:41.000Z</time><extensions><gpxtpx:TrackPointExtension><gpxtpx:hr>160</gpxtpx:hr></gpxtpx:TrackPointExtension></extensions></trkpt>
      <trkpt lat="40.751115" lon="-74.008699"><ele>3.4</ele><time>2026-06-25T22:21:42.000Z</time><extensions><gpxtpx:TrackPointExtension><gpxtpx:hr>160</gpxtpx:hr></gpxtpx:TrackPointExtension></extensions></trkpt>
      <trkpt lat="40.751092" lon="-74.008694"><ele>3.4</ele><time>2026-06-25T22:21:43.000Z</time><extensions><gpxtpx:TrackPointExtension><gpxtpx:hr>160</gpxtpx:hr></gpxtpx:TrackPointExtension></extensions></trkpt>
      <trkpt lat="40.751069" lon="-74.00869"><ele>3.2</ele><time>2026-06-25T22:21:44.000Z</time><extensions><gpxtpx:TrackPointExtension><gpxtpx:hr>160</gpxtpx:hr></gpxtpx:TrackPointExtension></extensions></trkpt>
      <trkpt lat="40.751047" lon="-74.008687"><ele>3.2</ele><time>2026-06-25T22:21:45.000Z</time><extensions><gpxtpx:TrackPointExtension><gpxtpx:hr>157</gpxtpx:hr></gpxtpx:TrackPointExtension></extensions></trkpt>
      <trkpt lat="40.751025" lon="-74.008684"><ele>3.2</ele><time>2026-06-25T22:21:46.000Z</time><extensions><gpxtpx:TrackPointExtension><gpxtpx:hr>157</gpxtpx:hr></gpxtpx:TrackPointExtension></extensions></trkpt>
      <trkpt lat="40.751003" lon="-74.008682"><ele>3.2</ele><time>2026-06-25T22:21:47.000Z</time><extensions><gpxtpx:TrackPointExtension><gpxtpx:hr>157</gpxtpx:hr></gpxtpx:TrackPointExtension></extensions></trkpt>
      <trkpt lat="40.750981" lon="-74.008679"><ele>3.4</ele><time>2026-06-25T22:21:48.000Z</time><extensions><gpxtpx:TrackPointExtension><gpxtpx:hr>157</gpxtpx:hr></gpxtpx:TrackPointExtension></extensions></trkpt>
      <trkpt lat="40.750957" lon="-74.008676"><ele>3.4</ele><time>2026-06-25T22:21:49.000Z</time><extensions><gpxtpx:TrackPointExtension><gpxtpx:hr>157</gpxtpx:hr></gpxtpx:TrackPointExtension></extensions></trkpt>
      <trkpt lat="40.750933" lon="-74.008673"><ele>3.4</ele><time>2026-06-25T22:21:50.000Z</time><extensions><gpxtpx:TrackPointExtension><gpxtpx:hr>155</gpxtpx:hr></gpxtpx:TrackPointExtension></extensions></trkpt>
      <trkpt lat="40.75091" lon="-74.008671"><ele>3.4</ele><time>2026-06-25T22:21:51.000Z</time><extensions><gpxtpx:TrackPointExtension><gpxtpx:hr>155</gpxtpx:hr></gpxtpx:TrackPointExtension></extensions></trkpt>
      <trkpt lat="40.750886" lon="-74.008669"><ele>3.4</ele><time>2026-06-25T22:21:52.000Z</time><extensions><gpxtpx:TrackPointExtension><gpxtpx:hr>155</gpxtpx:hr></gpxtpx:TrackPointExtension></extensions></trkpt>
      <trkpt lat="40.750862" lon="-74.008668"><ele>3.4</ele><time>2026-06-25T22:21:53.000Z</time><extensions><gpxtpx:TrackPointExtension><gpxtpx:hr>155</gpxtpx:hr></gpxtpx:TrackPointExtension></extensions></trkpt>
      <trkpt lat="40.750837" lon="-74.008666"><ele>3.4</ele><time>2026-06-25T22:21:54.000Z</time><extensions><gpxtpx:TrackPointExtension><gpxtpx:hr>155</gpxtpx:hr></gpxtpx:TrackPointExtension></extensions></trkpt>
      <trkpt lat="40.750812" lon="-74.008664"><ele>3.4</ele><time>2026-06-25T22:21:55.000Z</time><extensions><gpxtpx:TrackPointExtension><gpxtpx:hr>155</gpxtpx:hr></gpxtpx:TrackPointExtension></extensions></trkpt>
      <trkpt lat="40.750787" lon="-74.008662"><ele>3.6</ele><time>2026-06-25T22:21:56.000Z</time><extensions><gpxtpx:TrackPointExtension><gpxtpx:hr>155</gpxtpx:hr></gpxtpx:TrackPointExtension></extensions></trkpt>
      <trkpt lat="40.750764" lon="-74.008661"><ele>3.6</ele><time>2026-06-25T22:21:57.000Z</time><extensions><gpxtpx:TrackPointExtension><gpxtpx:hr>155</gpxtpx:hr></gpxtpx:TrackPointExtension></extensions></trkpt>
      <trkpt lat="40.75074" lon="-74.008659"><ele>3.6</ele><time>2026-06-25T22:21:58.000Z</time><extensions><gpxtpx:TrackPointExtension><gpxtpx:hr>156</gpxtpx:hr></gpxtpx:TrackPointExtension></extensions></trkpt>
      <trkpt lat="40.750716" lon="-74.008657"><ele>3.6</ele><time>2026-06-25T22:21:59.000Z</time><extensions><gpxtpx:TrackPointExtension><gpxtpx:hr>156</gpxtpx:hr></gpxtpx:TrackPointExtension></extensions></trkpt>
      <trkpt lat="40.750691" lon="-74.008656"><ele>3.6</ele><time>2026-06-25T22:22:00.000Z</time><extensions><gpxtpx:TrackPointExtension><gpxtpx:hr>156</gpxtpx:hr></gpxtpx:TrackPointExtension></extensions></trkpt>
      <trkpt lat="40.750666" lon="-74.008655"><ele>3.6</ele><time>2026-06-25T22:22:01.000Z</time><extensions><gpxtpx:TrackPointExtension><gpxtpx:hr>156</gpxtpx:hr></gpxtpx:TrackPointExtension></extensions></trkpt>
      <trkpt lat="40.750642" lon="-74.008657"><ele>3.4</ele><time>2026-06-25T22:22:02.000Z</time><extensions><gpxtpx:TrackPointExtension><gpxtpx:hr>156</gpxtpx:hr></gpxtpx:TrackPointExtension></extensions></trkpt>
      <trkpt lat="40.75062" lon="-74.008659"><ele>3.4</ele><time>2026-06-25T22:22:03.000Z</time><extensions><gpxtpx:TrackPointExtension><gpxtpx:hr>156</gpxtpx:hr></gpxtpx:TrackPointExtension></extensions></trkpt>
      <trkpt lat="40.750597" lon="-74.008661"><ele>3.4</ele><time>2026-06-25T22:22:04.000Z</time><extensions><gpxtpx:TrackPointExtension><gpxtpx:hr>156</gpxtpx:hr></gpxtpx:TrackPointExtension></extensions></trkpt>
      <trkpt lat="40.750575" lon="-74.008661"><ele>3.4</ele><time>2026-06-25T22:22:05.000Z</time><extensions><gpxtpx:TrackPointExtension><gpxtpx:hr>156</gpxtpx:hr></gpxtpx:TrackPointExtension></extensions></trkpt>
      <trkpt lat="40.750552" lon="-74.008662"><ele>3.2</ele><time>2026-06-25T22:22:06.000Z</time><extensions><gpxtpx:TrackPointExtension><gpxtpx:hr>156</gpxtpx:hr></gpxtpx:TrackPointExtension></extensions></trkpt>
      <trkpt lat="40.750528" lon="-74.008661"><ele>3.2</ele><time>2026-06-25T22:22:07.000Z</time><extensions><gpxtpx:TrackPointExtension><gpxtpx:hr>156</gpxtpx:hr></gpxtpx:TrackPointExtension></extensions></trkpt>
      <trkpt lat="40.750503" lon="-74.008662"><ele>3.2</ele><time>2026-06-25T22:22:08.000Z</time><extensions><gpxtpx:TrackPointExtension><gpxtpx:hr>156</gpxtpx:hr></gpxtpx:TrackPointExtension></extensions></trkpt>
      <trkpt lat="40.750479" lon="-74.008664"><ele>3.2</ele><time>2026-06-25T22:22:09.000Z</time><extensions><gpxtpx:TrackPointExtension><gpxtpx:hr>156</gpxtpx:hr></gpxtpx:TrackPointExtension></extensions></trkpt>
      <trkpt lat="40.750456" lon="-74.008667"><ele>3</ele><time>2026-06-25T22:22:10.000Z</time><extensions><gpxtpx:TrackPointExtension><gpxtpx:hr>156</gpxtpx:hr></gpxtpx:TrackPointExtension></extensions></trkpt>
      <trkpt lat="40.750435" lon="-74.008669"><ele>3</ele><time>2026-06-25T22:22:11.000Z</time><extensions><gpxtpx:TrackPointExtension><gpxtpx:hr>156</gpxtpx:hr></gpxtpx:TrackPointExtension></extensions></trkpt>
      <trkpt lat="40.750414" lon="-74.00867"><ele>3</ele><time>2026-06-25T22:22:12.000Z</time><extensions><gpxtpx:TrackPointExtension><gpxtpx:hr>156</gpxtpx:hr></gpxtpx:TrackPointExtension></extensions></trkpt>
      <trkpt lat="40.750395" lon="-74.008671"><ele>3</ele><time>2026-06-25T22:22:13.000Z</time><extensions><gpxtpx:TrackPointExtension><gpxtpx:hr>156</gpxtpx:hr></gpxtpx:TrackPointExtension></extensions></trkpt>
      <trkpt lat="40.750375" lon="-74.00867"><ele>3</ele><time>2026-06-25T22:22:14.000Z</time><extensions><gpxtpx:TrackPointExtension><gpxtpx:hr>158</gpxtpx:hr></gpxtpx:TrackPointExtension></extensions></trkpt>
      <trkpt lat="40.750354" lon="-74.00867"><ele>3</ele><time>2026-06-25T22:22:15.000Z</time><extensions><gpxtpx:TrackPointExtension><gpxtpx:hr>158</gpxtpx:hr></gpxtpx:TrackPointExtension></extensions></trkpt>
      <trkpt lat="40.75033" lon="-74.00867"><ele>3</ele><time>2026-06-25T22:22:16.000Z</time><extensions><gpxtpx:TrackPointExtension><gpxtpx:hr>158</gpxtpx:hr></gpxtpx:TrackPointExtension></extensions></trkpt>
      <trkpt lat="40.750306" lon="-74.00867"><ele>3.2</ele><time>2026-06-25T22:22:17.000Z</time><extensions><gpxtpx:TrackPointExtension><gpxtpx:hr>158</gpxtpx:hr></gpxtpx:TrackPointExtension></extensions></trkpt>
      <trkpt lat="40.750282" lon="-74.00867"><ele>3.2</ele><time>2026-06-25T22:22:18.000Z</time><extensions><gpxtpx:TrackPointExtension><gpxtpx:hr>158</gpxtpx:hr></gpxtpx:TrackPointExtension></extensions></trkpt>
      <trkpt lat="40.75026" lon="-74.00867"><ele>3.2</ele><time>2026-06-25T22:22:19.000Z</time><extensions><gpxtpx:TrackPointExtension><gpxtpx:hr>158</gpxtpx:hr></gpxtpx:TrackPointExtension></extensions></trkpt>
      <trkpt lat="40.750239" lon="-74.00867"><ele>3.2</ele><time>2026-06-25T22:22:20.000Z</time><extensions><gpxtpx:TrackPointExtension><gpxtpx:hr>158</gpxtpx:hr></gpxtpx:TrackPointExtension></extensions></trkpt>
      <trkpt lat="40.750217" lon="-74.008669"><ele>3.2</ele><time>2026-06-25T22:22:21.000Z</time><extensions><gpxtpx:TrackPointExtension><gpxtpx:hr>158</gpxtpx:hr></gpxtpx:TrackPointExtension></extensions></trkpt>
      <trkpt lat="40.750194" lon="-74.008668"><ele>3.2</ele><time>2026-06-25T22:22:22.000Z</time><extensions><gpxtpx:TrackPointExtension><gpxtpx:hr>154</gpxtpx:hr></gpxtpx:TrackPointExtension></extensions></trkpt>
      <trkpt lat="40.75017" lon="-74.008668"><ele>3.2</ele><time>2026-06-25T22:22:23.000Z</time><extensions><gpxtpx:TrackPointExtension><gpxtpx:hr>154</gpxtpx:hr></gpxtpx:TrackPointExtension></extensions></trkpt>
      <trkpt lat="40.750146" lon="-74.00867"><ele>3.4</ele><time>2026-06-25T22:22:24.000Z</time><extensions><gpxtpx:TrackPointExtension><gpxtpx:hr>154</gpxtpx:hr></gpxtpx:TrackPointExtension></extensions></trkpt>
      <trkpt lat="40.750122" lon="-74.008673"><ele>3.4</ele><time>2026-06-25T22:22:25.000Z</time><extensions><gpxtpx:TrackPointExtension><gpxtpx:hr>154</gpxtpx:hr></gpxtpx:TrackPointExtension></extensions></trkpt>
      <trkpt lat="40.750099" lon="-74.008677"><ele>3.4</ele><time>2026-06-25T22:22:26.000Z</time><extensions><gpxtpx:TrackPointExtension><gpxtpx:hr>154</gpxtpx:hr></gpxtpx:TrackPointExtension></extensions></trkpt>
      <trkpt lat="40.750076" lon="-74.008682"><ele>3.4</ele><time>2026-06-25T22:22:27.000Z</time><extensions><gpxtpx:TrackPointExtension><gpxtpx:hr>154</gpxtpx:hr></gpxtpx:TrackPointExtension></extensions></trkpt>
      <trkpt lat="40.750053" lon="-74.008686"><ele>3.4</ele><time>2026-06-25T22:22:28.000Z</time><extensions><gpxtpx:TrackPointExtension><gpxtpx:hr>154</gpxtpx:hr></gpxtpx:TrackPointExtension></extensions></trkpt>
      <trkpt lat="40.750028" lon="-74.00869"><ele>3.4</ele><time>2026-06-25T22:22:29.000Z</time><extensions><gpxtpx:TrackPointExtension><gpxtpx:hr>154</gpxtpx:hr></gpxtpx:TrackPointExtension></extensions></trkpt>
      <trkpt lat="40.750005" lon="-74.008694"><ele>3.4</ele><time>2026-06-25T22:22:30.000Z</time><extensions><gpxtpx:TrackPointExtension><gpxtpx:hr>154</gpxtpx:hr></gpxtpx:TrackPointExtension></extensions></trkpt>
      <trkpt lat="40.749982" lon="-74.008697"><ele>3.4</ele><time>2026-06-25T22:22:31.000Z</time><extensions><gpxtpx:TrackPointExtension><gpxtpx:hr>150</gpxtpx:hr></gpxtpx:TrackPointExtension></extensions></trkpt>
      <trkpt lat="40.749961" lon="-74.0087"><ele>3.4</ele><time>2026-06-25T22:22:32.000Z</time><extensions><gpxtpx:TrackPointExtension><gpxtpx:hr>150</gpxtpx:hr></gpxtpx:TrackPointExtension></extensions></trkpt>
      <trkpt lat="40.749938" lon="-74.008705"><ele>3.4</ele><time>2026-06-25T22:22:33.000Z</time><extensions><gpxtpx:TrackPointExtension><gpxtpx:hr>150</gpxtpx:hr></gpxtpx:TrackPointExtension></extensions></trkpt>
      <trkpt lat="40.749915" lon="-74.008712"><ele>3.4</ele><time>2026-06-25T22:22:34.000Z</time><extensions><gpxtpx:TrackPointExtension><gpxtpx:hr>150</gpxtpx:hr></gpxtpx:TrackPointExtension></extensions></trkpt>
      <trkpt lat="40.749892" lon="-74.008718"><ele>3.4</ele><time>2026-06-25T22:22:35.000Z</time><extensions><gpxtpx:TrackPointExtension><gpxtpx:hr>150</gpxtpx:hr></gpxtpx:TrackPointExtension></extensions></trkpt>
      <trkpt lat="40.749868" lon="-74.008725"><ele>3.4</ele><time>2026-06-25T22:22:36.000Z</time><extensions><gpxtpx:TrackPointExtension><gpxtpx:hr>150</gpxtpx:hr></gpxtpx:TrackPointExtension></extensions></trkpt>
      <trkpt lat="40.749845" lon="-74.008734"><ele>3.4</ele><time>2026-06-25T22:22:37.000Z</time><extensions><gpxtpx:TrackPointExtension><gpxtpx:hr>150</gpxtpx:hr></gpxtpx:TrackPointExtension></extensions></trkpt>
      <trkpt lat="40.749822" lon="-74.008745"><ele>3.4</ele><time>2026-06-25T22:22:38.000Z</time><extensions><gpxtpx:TrackPointExtension><gpxtpx:hr>150</gpxtpx:hr></gpxtpx:TrackPointExtension></extensions></trkpt>
      <trkpt lat="40.749801" lon="-74.008758"><ele>3.6</ele><time>2026-06-25T22:22:39.000Z</time><extensions><gpxtpx:TrackPointExtension><gpxtpx:hr>150</gpxtpx:hr></gpxtpx:TrackPointExtension></extensions></trkpt>
      <trkpt lat="40.74978" lon="-74.008774"><ele>3.6</ele><time>2026-06-25T22:22:40.000Z</time><extensions><gpxtpx:TrackPointExtension><gpxtpx:hr>150</gpxtpx:hr></gpxtpx:TrackPointExtension></extensions></trkpt>
      <trkpt lat="40.749759" lon="-74.008792"><ele>3.8</ele><time>2026-06-25T22:22:41.000Z</time><extensions><gpxtpx:TrackPointExtension><gpxtpx:hr>151</gpxtpx:hr></gpxtpx:TrackPointExtension></extensions></trkpt>
      <trkpt lat="40.749737" lon="-74.008811"><ele>3.8</ele><time>2026-06-25T22:22:42.000Z</time><extensions><gpxtpx:TrackPointExtension><gpxtpx:hr>151</gpxtpx:hr></gpxtpx:TrackPointExtension></extensions></trkpt>
      <trkpt lat="40.749716" lon="-74.008829"><ele>4</ele><time>2026-06-25T22:22:43.000Z</time><extensions><gpxtpx:TrackPointExtension><gpxtpx:hr>151</gpxtpx:hr></gpxtpx:TrackPointExtension></extensions></trkpt>
      <trkpt lat="40.749695" lon="-74.008846"><ele>4</ele><time>2026-06-25T22:22:44.000Z</time><extensions><gpxtpx:TrackPointExtension><gpxtpx:hr>151</gpxtpx:hr></gpxtpx:TrackPointExtension></extensions></trkpt>
      <trkpt lat="40.749674" lon="-74.008861"><ele>4</ele><time>2026-06-25T22:22:45.000Z</time><extensions><gpxtpx:TrackPointExtension><gpxtpx:hr>151</gpxtpx:hr></gpxtpx:TrackPointExtension></extensions></trkpt>
      <trkpt lat="40.749652" lon="-74.008876"><ele>4.2</ele><time>2026-06-25T22:22:46.000Z</time><extensions><gpxtpx:TrackPointExtension><gpxtpx:hr>151</gpxtpx:hr></gpxtpx:TrackPointExtension></extensions></trkpt>
      <trkpt lat="40.749631" lon="-74.00889"><ele>4.2</ele><time>2026-06-25T22:22:47.000Z</time><extensions><gpxtpx:TrackPointExtension><gpxtpx:hr>151</gpxtpx:hr></gpxtpx:TrackPointExtension></extensions></trkpt>
      <trkpt lat="40.749608" lon="-74.008903"><ele>4.4</ele><time>2026-06-25T22:22:48.000Z</time><extensions><gpxtpx:TrackPointExtension><gpxtpx:hr>152</gpxtpx:hr></gpxtpx:TrackPointExtension></extensions></trkpt>
      <trkpt lat="40.749586" lon="-74.008916"><ele>4.4</ele><time>2026-06-25T22:22:49.000Z</time><extensions><gpxtpx:TrackPointExtension><gpxtpx:hr>152</gpxtpx:hr></gpxtpx:TrackPointExtension></extensions></trkpt>
      <trkpt lat="40.749563" lon="-74.008929"><ele>4.4</ele><time>2026-06-25T22:22:50.000Z</time><extensions><gpxtpx:TrackPointExtension><gpxtpx:hr>152</gpxtpx:hr></gpxtpx:TrackPointExtension></extensions></trkpt>
      <trkpt lat="40.74954" lon="-74.008943"><ele>4.6</ele><time>2026-06-25T22:22:51.000Z</time><extensions><gpxtpx:TrackPointExtension><gpxtpx:hr>152</gpxtpx:hr></gpxtpx:TrackPointExtension></extensions></trkpt>
      <trkpt lat="40.749516" lon="-74.008955"><ele>4.6</ele><time>2026-06-25T22:22:52.000Z</time><extensions><gpxtpx:TrackPointExtension><gpxtpx:hr>152</gpxtpx:hr></gpxtpx:TrackPointExtension></extensions></trkpt>
      <trkpt lat="40.749494" lon="-74.008966"><ele>4.6</ele><time>2026-06-25T22:22:53.000Z</time><extensions><gpxtpx:TrackPointExtension><gpxtpx:hr>152</gpxtpx:hr></gpxtpx:TrackPointExtension></extensions></trkpt>
      <trkpt lat="40.749473" lon="-74.008972"><ele>4.6</ele><time>2026-06-25T22:22:54.000Z</time><extensions><gpxtpx:TrackPointExtension><gpxtpx:hr>152</gpxtpx:hr></gpxtpx:TrackPointExtension></extensions></trkpt>
      <trkpt lat="40.749453" lon="-74.008976"><ele>4.6</ele><time>2026-06-25T22:22:55.000Z</time><extensions><gpxtpx:TrackPointExtension><gpxtpx:hr>153</gpxtpx:hr></gpxtpx:TrackPointExtension></extensions></trkpt>
      <trkpt lat="40.749433" lon="-74.008977"><ele>4.6</ele><time>2026-06-25T22:22:56.000Z</time><extensions><gpxtpx:TrackPointExtension><gpxtpx:hr>153</gpxtpx:hr></gpxtpx:TrackPointExtension></extensions></trkpt>
      <trkpt lat="40.749414" lon="-74.008973"><ele>4.8</ele><time>2026-06-25T22:22:57.000Z</time><extensions><gpxtpx:TrackPointExtension><gpxtpx:hr>153</gpxtpx:hr></gpxtpx:TrackPointExtension></extensions></trkpt>
      <trkpt lat="40.749396" lon="-74.008964"><ele>4.8</ele><time>2026-06-25T22:22:58.000Z</time><extensions><gpxtpx:TrackPointExtension><gpxtpx:hr>153</gpxtpx:hr></gpxtpx:TrackPointExtension></extensions></trkpt>
      <trkpt lat="40.749379" lon="-74.00895"><ele>4.8</ele><time>2026-06-25T22:22:59.000Z</time><extensions><gpxtpx:TrackPointExtension><gpxtpx:hr>153</gpxtpx:hr></gpxtpx:TrackPointExtension></extensions></trkpt>
      <trkpt lat="40.749363" lon="-74.008933"><ele>4.8</ele><time>2026-06-25T22:23:00.000Z</time><extensions><gpxtpx:TrackPointExtension><gpxtpx:hr>153</gpxtpx:hr></gpxtpx:TrackPointExtension></extensions></trkpt>
      <trkpt lat="40.749348" lon="-74.008916"><ele>4.8</ele><time>2026-06-25T22:23:01.000Z</time><extensions><gpxtpx:TrackPointExtension><gpxtpx:hr>153</gpxtpx:hr></gpxtpx:TrackPointExtension></extensions></trkpt>
      <trkpt lat="40.749332" lon="-74.008899"><ele>4.6</ele><time>2026-06-25T22:23:02.000Z</time><extensions><gpxtpx:TrackPointExtension><gpxtpx:hr>153</gpxtpx:hr></gpxtpx:TrackPointExtension></extensions></trkpt>
      <trkpt lat="40.749316" lon="-74.008881"><ele>4.6</ele><time>2026-06-25T22:23:03.000Z</time><extensions><gpxtpx:TrackPointExtension><gpxtpx:hr>153</gpxtpx:hr></gpxtpx:TrackPointExtension></extensions></trkpt>
      <trkpt lat="40.7493" lon="-74.008863"><ele>4.6</ele><time>2026-06-25T22:23:04.000Z</time><extensions><gpxtpx:TrackPointExtension><gpxtpx:hr>153</gpxtpx:hr></gpxtpx:TrackPointExtension></extensions></trkpt>
      <trkpt lat="40.749285" lon="-74.008844"><ele>4.6</ele><time>2026-06-25T22:23:05.000Z</time><extensions><gpxtpx:TrackPointExtension><gpxtpx:hr>153</gpxtpx:hr></gpxtpx:TrackPointExtension></extensions></trkpt>
      <trkpt lat="40.749269" lon="-74.008825"><ele>4.6</ele><time>2026-06-25T22:23:06.000Z</time><extensions><gpxtpx:TrackPointExtension><gpxtpx:hr>153</gpxtpx:hr></gpxtpx:TrackPointExtension></extensions></trkpt>
      <trkpt lat="40.749253" lon="-74.008806"><ele>4.6</ele><time>2026-06-25T22:23:07.000Z</time><extensions><gpxtpx:TrackPointExtension><gpxtpx:hr>153</gpxtpx:hr></gpxtpx:TrackPointExtension></extensions></trkpt>
      <trkpt lat="40.749234" lon="-74.008788"><ele>4.6</ele><time>2026-06-25T22:23:08.000Z</time><extensions><gpxtpx:TrackPointExtension><gpxtpx:hr>153</gpxtpx:hr></gpxtpx:TrackPointExtension></extensions></trkpt>
      <trkpt lat="40.749214" lon="-74.008774"><ele>4.4</ele><time>2026-06-25T22:23:09.000Z</time><extensions><gpxtpx:TrackPointExtension><gpxtpx:hr>153</gpxtpx:hr></gpxtpx:TrackPointExtension></extensions></trkpt>
      <trkpt lat="40.749193" lon="-74.00876"><ele>4.4</ele><time>2026-06-25T22:23:10.000Z</time><extensions><gpxtpx:TrackPointExtension><gpxtpx:hr>153</gpxtpx:hr></gpxtpx:TrackPointExtension></extensions></trkpt>
      <trkpt lat="40.749172" lon="-74.008748"><ele>4.4</ele><time>2026-06-25T22:23:11.000Z</time><extensions><gpxtpx:TrackPointExtension><gpxtpx:hr>153</gpxtpx:hr></gpxtpx:TrackPointExtension></extensions></trkpt>
      <trkpt lat="40.749152" lon="-74.008736"><ele>4.4</ele><time>2026-06-25T22:23:12.000Z</time><extensions><gpxtpx:TrackPointExtension><gpxtpx:hr>152</gpxtpx:hr></gpxtpx:TrackPointExtension></extensions></trkpt>
      <trkpt lat="40.749132" lon="-74.008726"><ele>4.4</ele><time>2026-06-25T22:23:13.000Z</time><extensions><gpxtpx:TrackPointExtension><gpxtpx:hr>152</gpxtpx:hr></gpxtpx:TrackPointExtension></extensions></trkpt>
      <trkpt lat="40.74911" lon="-74.008717"><ele>4.4</ele><time>2026-06-25T22:23:14.000Z</time><extensions><gpxtpx:TrackPointExtension><gpxtpx:hr>151</gpxtpx:hr></gpxtpx:TrackPointExtension></extensions></trkpt>
      <trkpt lat="40.749084" lon="-74.008711"><ele>4.4</ele><time>2026-06-25T22:23:15.000Z</time><extensions><gpxtpx:TrackPointExtension><gpxtpx:hr>151</gpxtpx:hr></gpxtpx:TrackPointExtension></extensions></trkpt>
      <trkpt lat="40.749057" lon="-74.008709"><ele>4.4</ele><time>2026-06-25T22:23:16.000Z</time><extensions><gpxtpx:TrackPointExtension><gpxtpx:hr>151</gpxtpx:hr></gpxtpx:TrackPointExtension></extensions></trkpt>
      <trkpt lat="40.749029" lon="-74.008709"><ele>4.2</ele><time>2026-06-25T22:23:17.000Z</time><extensions><gpxtpx:TrackPointExtension><gpxtpx:hr>151</gpxtpx:hr></gpxtpx:TrackPointExtension></extensions></trkpt>
      <trkpt lat="40.749" lon="-74.008709"><ele>4.2</ele><time>2026-06-25T22:23:18.000Z</time><extensions><gpxtpx:TrackPointExtension><gpxtpx:hr>151</gpxtpx:hr></gpxtpx:TrackPointExtension></extensions></trkpt>
      <trkpt lat="40.748971" lon="-74.008709"><ele>4.2</ele><time>2026-06-25T22:23:19.000Z</time><extensions><gpxtpx:TrackPointExtension><gpxtpx:hr>151</gpxtpx:hr></gpxtpx:TrackPointExtension></extensions></trkpt>
      <trkpt lat="40.748941" lon="-74.008707"><ele>4.2</ele><time>2026-06-25T22:23:20.000Z</time><extensions><gpxtpx:TrackPointExtension><gpxtpx:hr>149</gpxtpx:hr></gpxtpx:TrackPointExtension></extensions></trkpt>
      <trkpt lat="40.748911" lon="-74.008706"><ele>4.2</ele><time>2026-06-25T22:23:21.000Z</time><extensions><gpxtpx:TrackPointExtension><gpxtpx:hr>149</gpxtpx:hr></gpxtpx:TrackPointExtension></extensions></trkpt>
      <trkpt lat="40.748881" lon="-74.008706"><ele>4.2</ele><time>2026-06-25T22:23:22.000Z</time><extensions><gpxtpx:TrackPointExtension><gpxtpx:hr>149</gpxtpx:hr></gpxtpx:TrackPointExtension></extensions></trkpt>
      <trkpt lat="40.748852" lon="-74.008708"><ele>4.2</ele><time>2026-06-25T22:23:23.000Z</time><extensions><gpxtpx:TrackPointExtension><gpxtpx:hr>149</gpxtpx:hr></gpxtpx:TrackPointExtension></extensions></trkpt>
      <trkpt lat="40.748825" lon="-74.008714"><ele>4.2</ele><time>2026-06-25T22:23:24.000Z</time><extensions><gpxtpx:TrackPointExtension><gpxtpx:hr>149</gpxtpx:hr></gpxtpx:TrackPointExtension></extensions></trkpt>
      <trkpt lat="40.748799" lon="-74.008721"><ele>4.2</ele><time>2026-06-25T22:23:25.000Z</time><extensions><gpxtpx:TrackPointExtension><gpxtpx:hr>149</gpxtpx:hr></gpxtpx:TrackPointExtension></extensions></trkpt>
      <trkpt lat="40.748775" lon="-74.00873"><ele>4.2</ele><time>2026-06-25T22:23:26.000Z</time><extensions><gpxtpx:TrackPointExtension><gpxtpx:hr>149</gpxtpx:hr></gpxtpx:TrackPointExtension></extensions></trkpt>
      <trkpt lat="40.748751" lon="-74.008739"><ele>4.2</ele><time>2026-06-25T22:23:27.000Z</time><extensions><gpxtpx:TrackPointExtension><gpxtpx:hr>149</gpxtpx:hr></gpxtpx:TrackPointExtension></extensions></trkpt>
      <trkpt lat="40.748726" lon="-74.00875"><ele>4.2</ele><time>2026-06-25T22:23:28.000Z</time><extensions><gpxtpx:TrackPointExtension><gpxtpx:hr>149</gpxtpx:hr></gpxtpx:TrackPointExtension></extensions></trkpt>
      <trkpt lat="40.7487" lon="-74.008761"><ele>4.2</ele><time>2026-06-25T22:23:29.000Z</time><extensions><gpxtpx:TrackPointExtension><gpxtpx:hr>149</gpxtpx:hr></gpxtpx:TrackPointExtension></extensions></trkpt>
      <trkpt lat="40.748675" lon="-74.008773"><ele>4.2</ele><time>2026-06-25T22:23:30.000Z</time><extensions><gpxtpx:TrackPointExtension><gpxtpx:hr>149</gpxtpx:hr></gpxtpx:TrackPointExtension></extensions></trkpt>
      <trkpt lat="40.74865" lon="-74.008784"><ele>4.2</ele><time>2026-06-25T22:23:31.000Z</time><extensions><gpxtpx:TrackPointExtension><gpxtpx:hr>149</gpxtpx:hr></gpxtpx:TrackPointExtension></extensions></trkpt>
      <trkpt lat="40.748626" lon="-74.008793"><ele>4</ele><time>2026-06-25T22:23:32.000Z</time><extensions><gpxtpx:TrackPointExtension><gpxtpx:hr>147</gpxtpx:hr></gpxtpx:TrackPointExtension></extensions></trkpt>
      <trkpt lat="40.748602" lon="-74.008803"><ele>4</ele><time>2026-06-25T22:23:33.000Z</time><extensions><gpxtpx:TrackPointExtension><gpxtpx:hr>147</gpxtpx:hr></gpxtpx:TrackPointExtension></extensions></trkpt>
      <trkpt lat="40.748578" lon="-74.008811"><ele>4</ele><time>2026-06-25T22:23:34.000Z</time><extensions><gpxtpx:TrackPointExtension><gpxtpx:hr>147</gpxtpx:hr></gpxtpx:TrackPointExtension></extensions></trkpt>
      <trkpt lat="40.748554" lon="-74.008818"><ele>4</ele><time>2026-06-25T22:23:35.000Z</time><extensions><gpxtpx:TrackPointExtension><gpxtpx:hr>147</gpxtpx:hr></gpxtpx:TrackPointExtension></extensions></trkpt>
      <trkpt lat="40.748529" lon="-74.008823"><ele>4</ele><time>2026-06-25T22:23:36.000Z</time><extensions><gpxtpx:TrackPointExtension><gpxtpx:hr>147</gpxtpx:hr></gpxtpx:TrackPointExtension></extensions></trkpt>
      <trkpt lat="40.748505" lon="-74.008827"><ele>4</ele><time>2026-06-25T22:23:37.000Z</time><extensions><gpxtpx:TrackPointExtension><gpxtpx:hr>147</gpxtpx:hr></gpxtpx:TrackPointExtension></extensions></trkpt>
      <trkpt lat="40.74848" lon="-74.00883"><ele>4</ele><time>2026-06-25T22:23:38.000Z</time><extensions><gpxtpx:TrackPointExtension><gpxtpx:hr>147</gpxtpx:hr></gpxtpx:TrackPointExtension></extensions></trkpt>
      <trkpt lat="40.748457" lon="-74.008832"><ele>3.8</ele><time>2026-06-25T22:23:39.000Z</time><extensions><gpxtpx:TrackPointExtension><gpxtpx:hr>147</gpxtpx:hr></gpxtpx:TrackPointExtension></extensions></trkpt>
      <trkpt lat="40.748457" lon="-74.008832"><ele>3.8</ele><time>2026-06-25T22:23:40.000Z</time><extensions><gpxtpx:TrackPointExtension><gpxtpx:hr>147</gpxtpx:hr></gpxtpx:TrackPointExtension></extensions></trkpt>
      <trkpt lat="40.748434" lon="-74.008835"><ele>3.8</ele><time>2026-06-25T22:23:41.000Z</time><extensions><gpxtpx:TrackPointExtension><gpxtpx:hr>147</gpxtpx:hr></gpxtpx:TrackPointExtension></extensions></trkpt>
      <trkpt lat="40.748413" lon="-74.008837"><ele>3.8</ele><time>2026-06-25T22:23:42.000Z</time><extensions><gpxtpx:TrackPointExtension><gpxtpx:hr>147</gpxtpx:hr></gpxtpx:TrackPointExtension></extensions></trkpt>
      <trkpt lat="40.748394" lon="-74.008841"><ele>3.8</ele><time>2026-06-25T22:23:43.000Z</time><extensions><gpxtpx:TrackPointExtension><gpxtpx:hr>147</gpxtpx:hr></gpxtpx:TrackPointExtension></extensions></trkpt>
      <trkpt lat="40.748376" lon="-74.008845"><ele>3.8</ele><time>2026-06-25T22:23:44.000Z</time><extensions><gpxtpx:TrackPointExtension><gpxtpx:hr>147</gpxtpx:hr></gpxtpx:TrackPointExtension></extensions></trkpt>
      <trkpt lat="40.748356" lon="-74.008851"><ele>3.8</ele><time>2026-06-25T22:23:45.000Z</time><extensions><gpxtpx:TrackPointExtension><gpxtpx:hr>147</gpxtpx:hr></gpxtpx:TrackPointExtension></extensions></trkpt>
      <trkpt lat="40.748333" lon="-74.008855"><ele>3.8</ele><time>2026-06-25T22:23:46.000Z</time><extensions><gpxtpx:TrackPointExtension><gpxtpx:hr>147</gpxtpx:hr></gpxtpx:TrackPointExtension></extensions></trkpt>
      <trkpt lat="40.748282" lon="-74.008863"><ele>3.8</ele><time>2026-06-25T22:23:47.000Z</time><extensions><gpxtpx:TrackPointExtension><gpxtpx:hr>148</gpxtpx:hr></gpxtpx:TrackPointExtension></extensions></trkpt>
      <trkpt lat="40.748258" lon="-74.008869"><ele>3.8</ele><time>2026-06-25T22:23:48.000Z</time><extensions><gpxtpx:TrackPointExtension><gpxtpx:hr>148</gpxtpx:hr></gpxtpx:TrackPointExtension></extensions></trkpt>
      <trkpt lat="40.748236" lon="-74.008875"><ele>3.8</ele><time>2026-06-25T22:23:49.000Z</time><extensions><gpxtpx:TrackPointExtension><gpxtpx:hr>148</gpxtpx:hr></gpxtpx:TrackPointExtension></extensions></trkpt>
      <trkpt lat="40.748215" lon="-74.008881"><ele>3.8</ele><time>2026-06-25T22:23:50.000Z</time><extensions><gpxtpx:TrackPointExtension><gpxtpx:hr>148</gpxtpx:hr></gpxtpx:TrackPointExtension></extensions></trkpt>
      <trkpt lat="40.748193" lon="-74.008888"><ele>3.8</ele><time>2026-06-25T22:23:51.000Z</time><extensions><gpxtpx:TrackPointExtension><gpxtpx:hr>148</gpxtpx:hr></gpxtpx:TrackPointExtension></extensions></trkpt>
      <trkpt lat="40.748171" lon="-74.008894"><ele>3.8</ele><time>2026-06-25T22:23:52.000Z</time><extensions><gpxtpx:TrackPointExtension><gpxtpx:hr>148</gpxtpx:hr></gpxtpx:TrackPointExtension></extensions></trkpt>
      <trkpt lat="40.748147" lon="-74.0089"><ele>3.8</ele><time>2026-06-25T22:23:53.000Z</time><extensions><gpxtpx:TrackPointExtension><gpxtpx:hr>148</gpxtpx:hr></gpxtpx:TrackPointExtension></extensions></trkpt>
      <trkpt lat="40.748123" lon="-74.008906"><ele>3.8</ele><time>2026-06-25T22:23:54.000Z</time><extensions><gpxtpx:TrackPointExtension><gpxtpx:hr>151</gpxtpx:hr></gpxtpx:TrackPointExtension></extensions></trkpt>
      <trkpt lat="40.7481" lon="-74.008911"><ele>3.8</ele><time>2026-06-25T22:23:55.000Z</time><extensions><gpxtpx:TrackPointExtension><gpxtpx:hr>151</gpxtpx:hr></gpxtpx:TrackPointExtension></extensions></trkpt>
      <trkpt lat="40.748078" lon="-74.008916"><ele>3.8</ele><time>2026-06-25T22:23:56.000Z</time><extensions><gpxtpx:TrackPointExtension><gpxtpx:hr>151</gpxtpx:hr></gpxtpx:TrackPointExtension></extensions></trkpt>
      <trkpt lat="40.748057" lon="-74.008921"><ele>3.8</ele><time>2026-06-25T22:23:57.000Z</time><extensions><gpxtpx:TrackPointExtension><gpxtpx:hr>151</gpxtpx:hr></gpxtpx:TrackPointExtension></extensions></trkpt>
      <trkpt lat="40.748037" lon="-74.008927"><ele>3.8</ele><time>2026-06-25T22:23:58.000Z</time><extensions><gpxtpx:TrackPointExtension><gpxtpx:hr>151</gpxtpx:hr></gpxtpx:TrackPointExtension></extensions></trkpt>
      <trkpt lat="40.748017" lon="-74.008933"><ele>3.8</ele><time>2026-06-25T22:23:59.000Z</time><extensions><gpxtpx:TrackPointExtension><gpxtpx:hr>151</gpxtpx:hr></gpxtpx:TrackPointExtension></extensions></trkpt>
      <trkpt lat="40.747994" lon="-74.008939"><ele>3.8</ele><time>2026-06-25T22:24:00.000Z</time><extensions><gpxtpx:TrackPointExtension><gpxtpx:hr>151</gpxtpx:hr></gpxtpx:TrackPointExtension></extensions></trkpt>
      <trkpt lat="40.747971" lon="-74.008945"><ele>3.8</ele><time>2026-06-25T22:24:01.000Z</time><extensions><gpxtpx:TrackPointExtension><gpxtpx:hr>151</gpxtpx:hr></gpxtpx:TrackPointExtension></extensions></trkpt>
      <trkpt lat="40.747948" lon="-74.00895"><ele>3.8</ele><time>2026-06-25T22:24:02.000Z</time><extensions><gpxtpx:TrackPointExtension><gpxtpx:hr>151</gpxtpx:hr></gpxtpx:TrackPointExtension></extensions></trkpt>
      <trkpt lat="40.747924" lon="-74.008957"><ele>3.6</ele><time>2026-06-25T22:24:03.000Z</time><extensions><gpxtpx:TrackPointExtension><gpxtpx:hr>151</gpxtpx:hr></gpxtpx:TrackPointExtension></extensions></trkpt>
      <trkpt lat="40.7479" lon="-74.008964"><ele>3.6</ele><time>2026-06-25T22:24:04.000Z</time><extensions><gpxtpx:TrackPointExtension><gpxtpx:hr>151</gpxtpx:hr></gpxtpx:TrackPointExtension></extensions></trkpt>
      <trkpt lat="40.747878" lon="-74.008971"><ele>3.6</ele><time>2026-06-25T22:24:05.000Z</time><extensions><gpxtpx:TrackPointExtension><gpxtpx:hr>151</gpxtpx:hr></gpxtpx:TrackPointExtension></extensions></trkpt>
      <trkpt lat="40.747856" lon="-74.008977"><ele>3.6</ele><time>2026-06-25T22:24:06.000Z</time><extensions><gpxtpx:TrackPointExtension><gpxtpx:hr>151</gpxtpx:hr></gpxtpx:TrackPointExtension></extensions></trkpt>
      <trkpt lat="40.747835" lon="-74.008982"><ele>3.6</ele><time>2026-06-25T22:24:07.000Z</time><extensions><gpxtpx:TrackPointExtension><gpxtpx:hr>151</gpxtpx:hr></gpxtpx:TrackPointExtension></extensions></trkpt>
      <trkpt lat="40.747816" lon="-74.008986"><ele>3.6</ele><time>2026-06-25T22:24:08.000Z</time><extensions><gpxtpx:TrackPointExtension><gpxtpx:hr>151</gpxtpx:hr></gpxtpx:TrackPointExtension></extensions></trkpt>
      <trkpt lat="40.7478" lon="-74.008989"><ele>3.6</ele><time>2026-06-25T22:24:09.000Z</time><extensions><gpxtpx:TrackPointExtension><gpxtpx:hr>151</gpxtpx:hr></gpxtpx:TrackPointExtension></extensions></trkpt>
      <trkpt lat="40.747787" lon="-74.008989"><ele>3.6</ele><time>2026-06-25T22:24:10.000Z</time><extensions><gpxtpx:TrackPointExtension><gpxtpx:hr>149</gpxtpx:hr></gpxtpx:TrackPointExtension></extensions></trkpt>
      <trkpt lat="40.747777" lon="-74.008986"><ele>3.6</ele><time>2026-06-25T22:24:11.000Z</time><extensions><gpxtpx:TrackPointExtension><gpxtpx:hr>149</gpxtpx:hr></gpxtpx:TrackPointExtension></extensions></trkpt>
      <trkpt lat="40.747767" lon="-74.008983"><ele>3.6</ele><time>2026-06-25T22:24:12.000Z</time><extensions><gpxtpx:TrackPointExtension><gpxtpx:hr>149</gpxtpx:hr></gpxtpx:TrackPointExtension></extensions></trkpt>
      <trkpt lat="40.747758" lon="-74.008981"><ele>3.8</ele><time>2026-06-25T22:24:13.000Z</time><extensions><gpxtpx:TrackPointExtension><gpxtpx:hr>149</gpxtpx:hr></gpxtpx:TrackPointExtension></extensions></trkpt>
      <trkpt lat="40.74775" lon="-74.008978"><ele>3.8</ele><time>2026-06-25T22:24:14.000Z</time><extensions><gpxtpx:TrackPointExtension><gpxtpx:hr>149</gpxtpx:hr></gpxtpx:TrackPointExtension></extensions></trkpt>
      <trkpt lat="40.747744" lon="-74.008975"><ele>3.8</ele><time>2026-06-25T22:24:15.000Z</time><extensions><gpxtpx:TrackPointExtension><gpxtpx:hr>149</gpxtpx:hr></gpxtpx:TrackPointExtension></extensions></trkpt>
      <trkpt lat="40.747737" lon="-74.008974"><ele>3.8</ele><time>2026-06-25T22:24:16.000Z</time><extensions><gpxtpx:TrackPointExtension><gpxtpx:hr>147</gpxtpx:hr></gpxtpx:TrackPointExtension></extensions></trkpt>
      <trkpt lat="40.747727" lon="-74.008977"><ele>3.8</ele><time>2026-06-25T22:24:17.000Z</time><extensions><gpxtpx:TrackPointExtension><gpxtpx:hr>147</gpxtpx:hr></gpxtpx:TrackPointExtension></extensions></trkpt>
      <trkpt lat="40.747714" lon="-74.008982"><ele>3.8</ele><time>2026-06-25T22:24:18.000Z</time><extensions><gpxtpx:TrackPointExtension><gpxtpx:hr>147</gpxtpx:hr></gpxtpx:TrackPointExtension></extensions></trkpt>
      <trkpt lat="40.747697" lon="-74.008989"><ele>3.8</ele><time>2026-06-25T22:24:19.000Z</time><extensions><gpxtpx:TrackPointExtension><gpxtpx:hr>147</gpxtpx:hr></gpxtpx:TrackPointExtension></extensions></trkpt>
      <trkpt lat="40.747675" lon="-74.008999"><ele>3.8</ele><time>2026-06-25T22:24:21.000Z</time><extensions><gpxtpx:TrackPointExtension><gpxtpx:hr>147</gpxtpx:hr></gpxtpx:TrackPointExtension></extensions></trkpt>
      <trkpt lat="40.747649" lon="-74.00901"><ele>3.8</ele><time>2026-06-25T22:24:22.000Z</time><extensions><gpxtpx:TrackPointExtension><gpxtpx:hr>147</gpxtpx:hr></gpxtpx:TrackPointExtension></extensions></trkpt>
      <trkpt lat="40.747619" lon="-74.009021"><ele>3.8</ele><time>2026-06-25T22:24:23.000Z</time><extensions><gpxtpx:TrackPointExtension><gpxtpx:hr>147</gpxtpx:hr></gpxtpx:TrackPointExtension></extensions></trkpt>
      <trkpt lat="40.747587" lon="-74.00903"><ele>4</ele><time>2026-06-25T22:24:24.000Z</time><extensions><gpxtpx:TrackPointExtension><gpxtpx:hr>147</gpxtpx:hr></gpxtpx:TrackPointExtension></extensions></trkpt>
      <trkpt lat="40.747554" lon="-74.009039"><ele>4</ele><time>2026-06-25T22:24:25.000Z</time><extensions><gpxtpx:TrackPointExtension><gpxtpx:hr>147</gpxtpx:hr></gpxtpx:TrackPointExtension></extensions></trkpt>
      <trkpt lat="40.747521" lon="-74.009047"><ele>4</ele><time>2026-06-25T22:24:26.000Z</time><extensions><gpxtpx:TrackPointExtension><gpxtpx:hr>147</gpxtpx:hr></gpxtpx:TrackPointExtension></extensions></trkpt>
      <trkpt lat="40.747489" lon="-74.009054"><ele>4</ele><time>2026-06-25T22:24:27.000Z</time><extensions><gpxtpx:TrackPointExtension><gpxtpx:hr>147</gpxtpx:hr></gpxtpx:TrackPointExtension></extensions></trkpt>
      <trkpt lat="40.747457" lon="-74.009058"><ele>4</ele><time>2026-06-25T22:24:28.000Z</time><extensions><gpxtpx:TrackPointExtension><gpxtpx:hr>147</gpxtpx:hr></gpxtpx:TrackPointExtension></extensions></trkpt>
      <trkpt lat="40.747425" lon="-74.00906"><ele>4</ele><time>2026-06-25T22:24:29.000Z</time><extensions><gpxtpx:TrackPointExtension><gpxtpx:hr>147</gpxtpx:hr></gpxtpx:TrackPointExtension></extensions></trkpt>
      <trkpt lat="40.747393" lon="-74.00906"><ele>4</ele><time>2026-06-25T22:24:30.000Z</time><extensions><gpxtpx:TrackPointExtension><gpxtpx:hr>147</gpxtpx:hr></gpxtpx:TrackPointExtension></extensions></trkpt>
      <trkpt lat="40.747364" lon="-74.009062"><ele>4</ele><time>2026-06-25T22:24:31.000Z</time><extensions><gpxtpx:TrackPointExtension><gpxtpx:hr>147</gpxtpx:hr></gpxtpx:TrackPointExtension></extensions></trkpt>
      <trkpt lat="40.747335" lon="-74.009066"><ele>4</ele><time>2026-06-25T22:24:32.000Z</time><extensions><gpxtpx:TrackPointExtension><gpxtpx:hr>147</gpxtpx:hr></gpxtpx:TrackPointExtension></extensions></trkpt>
      <trkpt lat="40.747307" lon="-74.009072"><ele>4</ele><time>2026-06-25T22:24:33.000Z</time><extensions><gpxtpx:TrackPointExtension><gpxtpx:hr>147</gpxtpx:hr></gpxtpx:TrackPointExtension></extensions></trkpt>
      <trkpt lat="40.747279" lon="-74.009079"><ele>3.8</ele><time>2026-06-25T22:24:34.000Z</time><extensions><gpxtpx:TrackPointExtension><gpxtpx:hr>147</gpxtpx:hr></gpxtpx:TrackPointExtension></extensions></trkpt>
      <trkpt lat="40.747251" lon="-74.009084"><ele>3.8</ele><time>2026-06-25T22:24:35.000Z</time><extensions><gpxtpx:TrackPointExtension><gpxtpx:hr>146</gpxtpx:hr></gpxtpx:TrackPointExtension></extensions></trkpt>
      <trkpt lat="40.747222" lon="-74.009089"><ele>3.8</ele><time>2026-06-25T22:24:36.000Z</time><extensions><gpxtpx:TrackPointExtension><gpxtpx:hr>146</gpxtpx:hr></gpxtpx:TrackPointExtension></extensions></trkpt>
      <trkpt lat="40.747193" lon="-74.009093"><ele>3.8</ele><time>2026-06-25T22:24:37.000Z</time><extensions><gpxtpx:TrackPointExtension><gpxtpx:hr>146</gpxtpx:hr></gpxtpx:TrackPointExtension></extensions></trkpt>
      <trkpt lat="40.747165" lon="-74.009097"><ele>3.8</ele><time>2026-06-25T22:24:38.000Z</time><extensions><gpxtpx:TrackPointExtension><gpxtpx:hr>147</gpxtpx:hr></gpxtpx:TrackPointExtension></extensions></trkpt>
      <trkpt lat="40.747138" lon="-74.009102"><ele>3.8</ele><time>2026-06-25T22:24:39.000Z</time><extensions><gpxtpx:TrackPointExtension><gpxtpx:hr>147</gpxtpx:hr></gpxtpx:TrackPointExtension></extensions></trkpt>
      <trkpt lat="40.74711" lon="-74.009106"><ele>3.8</ele><time>2026-06-25T22:24:40.000Z</time><extensions><gpxtpx:TrackPointExtension><gpxtpx:hr>147</gpxtpx:hr></gpxtpx:TrackPointExtension></extensions></trkpt>
      <trkpt lat="40.747082" lon="-74.009112"><ele>3.8</ele><time>2026-06-25T22:24:41.000Z</time><extensions><gpxtpx:TrackPointExtension><gpxtpx:hr>147</gpxtpx:hr></gpxtpx:TrackPointExtension></extensions></trkpt>
      <trkpt lat="40.747054" lon="-74.009117"><ele>3.8</ele><time>2026-06-25T22:24:42.000Z</time><extensions><gpxtpx:TrackPointExtension><gpxtpx:hr>147</gpxtpx:hr></gpxtpx:TrackPointExtension></extensions></trkpt>
      <trkpt lat="40.747028" lon="-74.009123"><ele>3.8</ele><time>2026-06-25T22:24:43.000Z</time><extensions><gpxtpx:TrackPointExtension><gpxtpx:hr>147</gpxtpx:hr></gpxtpx:TrackPointExtension></extensions></trkpt>
      <trkpt lat="40.747002" lon="-74.009127"><ele>3.8</ele><time>2026-06-25T22:24:44.000Z</time><extensions><gpxtpx:TrackPointExtension><gpxtpx:hr>147</gpxtpx:hr></gpxtpx:TrackPointExtension></extensions></trkpt>
      <trkpt lat="40.746978" lon="-74.00913"><ele>3.8</ele><time>2026-06-25T22:24:45.000Z</time><extensions><gpxtpx:TrackPointExtension><gpxtpx:hr>147</gpxtpx:hr></gpxtpx:TrackPointExtension></extensions></trkpt>
      <trkpt lat="40.746953" lon="-74.009132"><ele>3.8</ele><time>2026-06-25T22:24:46.000Z</time><extensions><gpxtpx:TrackPointExtension><gpxtpx:hr>147</gpxtpx:hr></gpxtpx:TrackPointExtension></extensions></trkpt>
      <trkpt lat="40.74693" lon="-74.009134"><ele>3.8</ele><time>2026-06-25T22:24:47.000Z</time><extensions><gpxtpx:TrackPointExtension><gpxtpx:hr>150</gpxtpx:hr></gpxtpx:TrackPointExtension></extensions></trkpt>
      <trkpt lat="40.746907" lon="-74.009137"><ele>3.8</ele><time>2026-06-25T22:24:48.000Z</time><extensions><gpxtpx:TrackPointExtension><gpxtpx:hr>150</gpxtpx:hr></gpxtpx:TrackPointExtension></extensions></trkpt>
      <trkpt lat="40.746885" lon="-74.009141"><ele>3.8</ele><time>2026-06-25T22:24:49.000Z</time><extensions><gpxtpx:TrackPointExtension><gpxtpx:hr>150</gpxtpx:hr></gpxtpx:TrackPointExtension></extensions></trkpt>
      <trkpt lat="40.746862" lon="-74.009146"><ele>3.8</ele><time>2026-06-25T22:24:50.000Z</time><extensions><gpxtpx:TrackPointExtension><gpxtpx:hr>150</gpxtpx:hr></gpxtpx:TrackPointExtension></extensions></trkpt>
      <trkpt lat="40.746842" lon="-74.009151"><ele>3.8</ele><time>2026-06-25T22:24:51.000Z</time><extensions><gpxtpx:TrackPointExtension><gpxtpx:hr>150</gpxtpx:hr></gpxtpx:TrackPointExtension></extensions></trkpt>
      <trkpt lat="40.746823" lon="-74.009156"><ele>3.8</ele><time>2026-06-25T22:24:52.000Z</time><extensions><gpxtpx:TrackPointExtension><gpxtpx:hr>149</gpxtpx:hr></gpxtpx:TrackPointExtension></extensions></trkpt>
      <trkpt lat="40.746807" lon="-74.009159"><ele>3.8</ele><time>2026-06-25T22:24:53.000Z</time><extensions><gpxtpx:TrackPointExtension><gpxtpx:hr>149</gpxtpx:hr></gpxtpx:TrackPointExtension></extensions></trkpt>
      <trkpt lat="40.746796" lon="-74.00916"><ele>3.8</ele><time>2026-06-25T22:24:54.000Z</time><extensions><gpxtpx:TrackPointExtension><gpxtpx:hr>149</gpxtpx:hr></gpxtpx:TrackPointExtension></extensions></trkpt>
      <trkpt lat="40.74679" lon="-74.009158"><ele>3.8</ele><time>2026-06-25T22:24:55.000Z</time><extensions><gpxtpx:TrackPointExtension><gpxtpx:hr>148</gpxtpx:hr></gpxtpx:TrackPointExtension></extensions></trkpt>
      <trkpt lat="40.746784" lon="-74.009152"><ele>3.8</ele><time>2026-06-25T22:24:56.000Z</time><extensions><gpxtpx:TrackPointExtension><gpxtpx:hr>148</gpxtpx:hr></gpxtpx:TrackPointExtension></extensions></trkpt>
      <trkpt lat="40.746779" lon="-74.00914"><ele>3.8</ele><time>2026-06-25T22:24:57.000Z</time><extensions><gpxtpx:TrackPointExtension><gpxtpx:hr>148</gpxtpx:hr></gpxtpx:TrackPointExtension></extensions></trkpt>
      <trkpt lat="40.746773" lon="-74.009123"><ele>3.8</ele><time>2026-06-25T22:24:58.000Z</time><extensions><gpxtpx:TrackPointExtension><gpxtpx:hr>148</gpxtpx:hr></gpxtpx:TrackPointExtension></extensions></trkpt>
      <trkpt lat="40.746766" lon="-74.009102"><ele>3.8</ele><time>2026-06-25T22:24:59.000Z</time><extensions><gpxtpx:TrackPointExtension><gpxtpx:hr>148</gpxtpx:hr></gpxtpx:TrackPointExtension></extensions></trkpt>
      <trkpt lat="40.74676" lon="-74.00908"><ele>3.8</ele><time>2026-06-25T22:25:00.000Z</time><extensions><gpxtpx:TrackPointExtension><gpxtpx:hr>148</gpxtpx:hr></gpxtpx:TrackPointExtension></extensions></trkpt>
      <trkpt lat="40.746752" lon="-74.009059"><ele>3.8</ele><time>2026-06-25T22:25:01.000Z</time><extensions><gpxtpx:TrackPointExtension><gpxtpx:hr>148</gpxtpx:hr></gpxtpx:TrackPointExtension></extensions></trkpt>
      <trkpt lat="40.746744" lon="-74.009042"><ele>3.8</ele><time>2026-06-25T22:25:02.000Z</time><extensions><gpxtpx:TrackPointExtension><gpxtpx:hr>148</gpxtpx:hr></gpxtpx:TrackPointExtension></extensions></trkpt>
      <trkpt lat="40.746733" lon="-74.009026"><ele>3.8</ele><time>2026-06-25T22:25:03.000Z</time><extensions><gpxtpx:TrackPointExtension><gpxtpx:hr>148</gpxtpx:hr></gpxtpx:TrackPointExtension></extensions></trkpt>
      <trkpt lat="40.74672" lon="-74.009011"><ele>3.8</ele><time>2026-06-25T22:25:04.000Z</time><extensions><gpxtpx:TrackPointExtension><gpxtpx:hr>148</gpxtpx:hr></gpxtpx:TrackPointExtension></extensions></trkpt>
      <trkpt lat="40.746701" lon="-74.008999"><ele>3.8</ele><time>2026-06-25T22:25:05.000Z</time><extensions><gpxtpx:TrackPointExtension><gpxtpx:hr>148</gpxtpx:hr></gpxtpx:TrackPointExtension></extensions></trkpt>
      <trkpt lat="40.746678" lon="-74.008989"><ele>3.8</ele><time>2026-06-25T22:25:06.000Z</time><extensions><gpxtpx:TrackPointExtension><gpxtpx:hr>148</gpxtpx:hr></gpxtpx:TrackPointExtension></extensions></trkpt>
      <trkpt lat="40.746651" lon="-74.008984"><ele>3.8</ele><time>2026-06-25T22:25:07.000Z</time><extensions><gpxtpx:TrackPointExtension><gpxtpx:hr>148</gpxtpx:hr></gpxtpx:TrackPointExtension></extensions></trkpt>
      <trkpt lat="40.746621" lon="-74.008984"><ele>3.8</ele><time>2026-06-25T22:25:08.000Z</time><extensions><gpxtpx:TrackPointExtension><gpxtpx:hr>149</gpxtpx:hr></gpxtpx:TrackPointExtension></extensions></trkpt>
      <trkpt lat="40.74659" lon="-74.008988"><ele>3.8</ele><time>2026-06-25T22:25:09.000Z</time><extensions><gpxtpx:TrackPointExtension><gpxtpx:hr>149</gpxtpx:hr></gpxtpx:TrackPointExtension></extensions></trkpt>
      <trkpt lat="40.746559" lon="-74.008997"><ele>3.8</ele><time>2026-06-25T22:25:10.000Z</time><extensions><gpxtpx:TrackPointExtension><gpxtpx:hr>149</gpxtpx:hr></gpxtpx:TrackPointExtension></extensions></trkpt>
      <trkpt lat="40.746527" lon="-74.009009"><ele>3.8</ele><time>2026-06-25T22:25:11.000Z</time><extensions><gpxtpx:TrackPointExtension><gpxtpx:hr>149</gpxtpx:hr></gpxtpx:TrackPointExtension></extensions></trkpt>
      <trkpt lat="40.746497" lon="-74.009024"><ele>3.8</ele><time>2026-06-25T22:25:12.000Z</time><extensions><gpxtpx:TrackPointExtension><gpxtpx:hr>149</gpxtpx:hr></gpxtpx:TrackPointExtension></extensions></trkpt>
      <trkpt lat="40.746468" lon="-74.009042"><ele>3.6</ele><time>2026-06-25T22:25:13.000Z</time><extensions><gpxtpx:TrackPointExtension><gpxtpx:hr>149</gpxtpx:hr></gpxtpx:TrackPointExtension></extensions></trkpt>
      <trkpt lat="40.746444" lon="-74.009061"><ele>3.6</ele><time>2026-06-25T22:25:14.000Z</time><extensions><gpxtpx:TrackPointExtension><gpxtpx:hr>149</gpxtpx:hr></gpxtpx:TrackPointExtension></extensions></trkpt>
      <trkpt lat="40.746421" lon="-74.00908"><ele>3.6</ele><time>2026-06-25T22:25:15.000Z</time><extensions><gpxtpx:TrackPointExtension><gpxtpx:hr>149</gpxtpx:hr></gpxtpx:TrackPointExtension></extensions></trkpt>
      <trkpt lat="40.746395" lon="-74.0091"><ele>3.6</ele><time>2026-06-25T22:25:16.000Z</time><extensions><gpxtpx:TrackPointExtension><gpxtpx:hr>149</gpxtpx:hr></gpxtpx:TrackPointExtension></extensions></trkpt>
      <trkpt lat="40.746368" lon="-74.009121"><ele>3.4</ele><time>2026-06-25T22:25:17.000Z</time><extensions><gpxtpx:TrackPointExtension><gpxtpx:hr>149</gpxtpx:hr></gpxtpx:TrackPointExtension></extensions></trkpt>
      <trkpt lat="40.746339" lon="-74.009141"><ele>3.4</ele><time>2026-06-25T22:25:18.000Z</time><extensions><gpxtpx:TrackPointExtension><gpxtpx:hr>149</gpxtpx:hr></gpxtpx:TrackPointExtension></extensions></trkpt>
      <trkpt lat="40.74631" lon="-74.009159"><ele>3.4</ele><time>2026-06-25T22:25:19.000Z</time><extensions><gpxtpx:TrackPointExtension><gpxtpx:hr>149</gpxtpx:hr></gpxtpx:TrackPointExtension></extensions></trkpt>
      <trkpt lat="40.746281" lon="-74.009175"><ele>3.4</ele><time>2026-06-25T22:25:20.000Z</time><extensions><gpxtpx:TrackPointExtension><gpxtpx:hr>149</gpxtpx:hr></gpxtpx:TrackPointExtension></extensions></trkpt>
      <trkpt lat="40.746253" lon="-74.009189"><ele>3.4</ele><time>2026-06-25T22:25:21.000Z</time><extensions><gpxtpx:TrackPointExtension><gpxtpx:hr>149</gpxtpx:hr></gpxtpx:TrackPointExtension></extensions></trkpt>
      <trkpt lat="40.746226" lon="-74.009201"><ele>3.4</ele><time>2026-06-25T22:25:22.000Z</time><extensions><gpxtpx:TrackPointExtension><gpxtpx:hr>149</gpxtpx:hr></gpxtpx:TrackPointExtension></extensions></trkpt>
      <trkpt lat="40.746199" lon="-74.009211"><ele>3.2</ele><time>2026-06-25T22:25:23.000Z</time><extensions><gpxtpx:TrackPointExtension><gpxtpx:hr>149</gpxtpx:hr></gpxtpx:TrackPointExtension></extensions></trkpt>
      <trkpt lat="40.746173" lon="-74.00922"><ele>3.2</ele><time>2026-06-25T22:25:24.000Z</time><extensions><gpxtpx:TrackPointExtension><gpxtpx:hr>149</gpxtpx:hr></gpxtpx:TrackPointExtension></extensions></trkpt>
      <trkpt lat="40.746146" lon="-74.009228"><ele>3.2</ele><time>2026-06-25T22:25:25.000Z</time><extensions><gpxtpx:TrackPointExtension><gpxtpx:hr>149</gpxtpx:hr></gpxtpx:TrackPointExtension></extensions></trkpt>
      <trkpt lat="40.746119" lon="-74.009236"><ele>3.2</ele><time>2026-06-25T22:25:26.000Z</time><extensions><gpxtpx:TrackPointExtension><gpxtpx:hr>148</gpxtpx:hr></gpxtpx:TrackPointExtension></extensions></trkpt>
      <trkpt lat="40.74609" lon="-74.009245"><ele>3.2</ele><time>2026-06-25T22:25:27.000Z</time><extensions><gpxtpx:TrackPointExtension><gpxtpx:hr>148</gpxtpx:hr></gpxtpx:TrackPointExtension></extensions></trkpt>
      <trkpt lat="40.746061" lon="-74.009253"><ele>3.2</ele><time>2026-06-25T22:25:28.000Z</time><extensions><gpxtpx:TrackPointExtension><gpxtpx:hr>148</gpxtpx:hr></gpxtpx:TrackPointExtension></extensions></trkpt>
      <trkpt lat="40.746032" lon="-74.009261"><ele>3.2</ele><time>2026-06-25T22:25:29.000Z</time><extensions><gpxtpx:TrackPointExtension><gpxtpx:hr>148</gpxtpx:hr></gpxtpx:TrackPointExtension></extensions></trkpt>
      <trkpt lat="40.746005" lon="-74.009269"><ele>3.4</ele><time>2026-06-25T22:25:30.000Z</time><extensions><gpxtpx:TrackPointExtension><gpxtpx:hr>148</gpxtpx:hr></gpxtpx:TrackPointExtension></extensions></trkpt>
      <trkpt lat="40.745981" lon="-74.009278"><ele>3.4</ele><time>2026-06-25T22:25:31.000Z</time><extensions><gpxtpx:TrackPointExtension><gpxtpx:hr>148</gpxtpx:hr></gpxtpx:TrackPointExtension></extensions></trkpt>
      <trkpt lat="40.745958" lon="-74.009288"><ele>3.4</ele><time>2026-06-25T22:25:32.000Z</time><extensions><gpxtpx:TrackPointExtension><gpxtpx:hr>148</gpxtpx:hr></gpxtpx:TrackPointExtension></extensions></trkpt>
      <trkpt lat="40.745936" lon="-74.009298"><ele>3.4</ele><time>2026-06-25T22:25:33.000Z</time><extensions><gpxtpx:TrackPointExtension><gpxtpx:hr>148</gpxtpx:hr></gpxtpx:TrackPointExtension></extensions></trkpt>
      <trkpt lat="40.745913" lon="-74.009307"><ele>3.4</ele><time>2026-06-25T22:25:34.000Z</time><extensions><gpxtpx:TrackPointExtension><gpxtpx:hr>149</gpxtpx:hr></gpxtpx:TrackPointExtension></extensions></trkpt>
      <trkpt lat="40.74589" lon="-74.009315"><ele>3.4</ele><time>2026-06-25T22:25:35.000Z</time><extensions><gpxtpx:TrackPointExtension><gpxtpx:hr>149</gpxtpx:hr></gpxtpx:TrackPointExtension></extensions></trkpt>
      <trkpt lat="40.745865" lon="-74.009321"><ele>3.4</ele><time>2026-06-25T22:25:36.000Z</time><extensions><gpxtpx:TrackPointExtension><gpxtpx:hr>149</gpxtpx:hr></gpxtpx:TrackPointExtension></extensions></trkpt>
      <trkpt lat="40.745842" lon="-74.009327"><ele>3.4</ele><time>2026-06-25T22:25:37.000Z</time><extensions><gpxtpx:TrackPointExtension><gpxtpx:hr>149</gpxtpx:hr></gpxtpx:TrackPointExtension></extensions></trkpt>
      <trkpt lat="40.745822" lon="-74.009331"><ele>3.6</ele><time>2026-06-25T22:25:38.000Z</time><extensions><gpxtpx:TrackPointExtension><gpxtpx:hr>149</gpxtpx:hr></gpxtpx:TrackPointExtension></extensions></trkpt>
      <trkpt lat="40.745808" lon="-74.009331"><ele>3.6</ele><time>2026-06-25T22:25:39.000Z</time><extensions><gpxtpx:TrackPointExtension><gpxtpx:hr>149</gpxtpx:hr></gpxtpx:TrackPointExtension></extensions></trkpt>
      <trkpt lat="40.745797" lon="-74.009327"><ele>3.6</ele><time>2026-06-25T22:25:40.000Z</time><extensions><gpxtpx:TrackPointExtension><gpxtpx:hr>149</gpxtpx:hr></gpxtpx:TrackPointExtension></extensions></trkpt>
      <trkpt lat="40.745791" lon="-74.009321"><ele>3.6</ele><time>2026-06-25T22:25:41.000Z</time><extensions><gpxtpx:TrackPointExtension><gpxtpx:hr>149</gpxtpx:hr></gpxtpx:TrackPointExtension></extensions></trkpt>
      <trkpt lat="40.74579" lon="-74.009317"><ele>3.6</ele><time>2026-06-25T22:25:42.000Z</time><extensions><gpxtpx:TrackPointExtension><gpxtpx:hr>147</gpxtpx:hr></gpxtpx:TrackPointExtension></extensions></trkpt>
      <trkpt lat="40.745791" lon="-74.009314"><ele>3.6</ele><time>2026-06-25T22:25:43.000Z</time><extensions><gpxtpx:TrackPointExtension><gpxtpx:hr>147</gpxtpx:hr></gpxtpx:TrackPointExtension></extensions></trkpt>
      <trkpt lat="40.745793" lon="-74.009312"><ele>3.6</ele><time>2026-06-25T22:25:44.000Z</time><extensions><gpxtpx:TrackPointExtension><gpxtpx:hr>147</gpxtpx:hr></gpxtpx:TrackPointExtension></extensions></trkpt>
      <trkpt lat="40.745796" lon="-74.009311"><ele>3.6</ele><time>2026-06-25T22:25:45.000Z</time><extensions><gpxtpx:TrackPointExtension><gpxtpx:hr>147</gpxtpx:hr></gpxtpx:TrackPointExtension></extensions></trkpt>
      <trkpt lat="40.7458" lon="-74.009308"><ele>3.6</ele><time>2026-06-25T22:25:46.000Z</time><extensions><gpxtpx:TrackPointExtension><gpxtpx:hr>147</gpxtpx:hr></gpxtpx:TrackPointExtension></extensions></trkpt>
      <trkpt lat="40.745805" lon="-74.009305"><ele>3.8</ele><time>2026-06-25T22:25:47.000Z</time><extensions><gpxtpx:TrackPointExtension><gpxtpx:hr>147</gpxtpx:hr></gpxtpx:TrackPointExtension></extensions></trkpt>
      <trkpt lat="40.74581" lon="-74.009302"><ele>3.8</ele><time>2026-06-25T22:25:48.000Z</time><extensions><gpxtpx:TrackPointExtension><gpxtpx:hr>147</gpxtpx:hr></gpxtpx:TrackPointExtension></extensions></trkpt>
      <trkpt lat="40.745813" lon="-74.009295"><ele>3.8</ele><time>2026-06-25T22:25:49.000Z</time><extensions><gpxtpx:TrackPointExtension><gpxtpx:hr>147</gpxtpx:hr></gpxtpx:TrackPointExtension></extensions></trkpt>
      <trkpt lat="40.745813" lon="-74.009285"><ele>3.8</ele><time>2026-06-25T22:25:50.000Z</time><extensions><gpxtpx:TrackPointExtension><gpxtpx:hr>147</gpxtpx:hr></gpxtpx:TrackPointExtension></extensions></trkpt>
      <trkpt lat="40.745808" lon="-74.009274"><ele>3.8</ele><time>2026-06-25T22:25:51.000Z</time><extensions><gpxtpx:TrackPointExtension><gpxtpx:hr>147</gpxtpx:hr></gpxtpx:TrackPointExtension></extensions></trkpt>
      <trkpt lat="40.745799" lon="-74.009259"><ele>3.8</ele><time>2026-06-25T22:25:52.000Z</time><extensions><gpxtpx:TrackPointExtension><gpxtpx:hr>145</gpxtpx:hr></gpxtpx:TrackPointExtension></extensions></trkpt>
      <trkpt lat="40.745787" lon="-74.009241"><ele>4</ele><time>2026-06-25T22:25:53.000Z</time><extensions><gpxtpx:TrackPointExtension><gpxtpx:hr>145</gpxtpx:hr></gpxtpx:TrackPointExtension></extensions></trkpt>
      <trkpt lat="40.74577" lon="-74.009218"><ele>4</ele><time>2026-06-25T22:25:54.000Z</time><extensions><gpxtpx:TrackPointExtension><gpxtpx:hr>145</gpxtpx:hr></gpxtpx:TrackPointExtension></extensions></trkpt>
      <trkpt lat="40.74575" lon="-74.009189"><ele>4</ele><time>2026-06-25T22:25:55.000Z</time><extensions><gpxtpx:TrackPointExtension><gpxtpx:hr>146</gpxtpx:hr></gpxtpx:TrackPointExtension></extensions></trkpt>
      <trkpt lat="40.745729" lon="-74.009154"><ele>4</ele><time>2026-06-25T22:25:56.000Z</time><extensions><gpxtpx:TrackPointExtension><gpxtpx:hr>146</gpxtpx:hr></gpxtpx:TrackPointExtension></extensions></trkpt>
      <trkpt lat="40.745706" lon="-74.009115"><ele>4</ele><time>2026-06-25T22:25:57.000Z</time><extensions><gpxtpx:TrackPointExtension><gpxtpx:hr>146</gpxtpx:hr></gpxtpx:TrackPointExtension></extensions></trkpt>
      <trkpt lat="40.745683" lon="-74.009074"><ele>4</ele><time>2026-06-25T22:25:58.000Z</time><extensions><gpxtpx:TrackPointExtension><gpxtpx:hr>146</gpxtpx:hr></gpxtpx:TrackPointExtension></extensions></trkpt>
      <trkpt lat="40.745658" lon="-74.009035"><ele>4</ele><time>2026-06-25T22:25:59.000Z</time><extensions><gpxtpx:TrackPointExtension><gpxtpx:hr>146</gpxtpx:hr></gpxtpx:TrackPointExtension></extensions></trkpt>
      <trkpt lat="40.745633" lon="-74.009004"><ele>4</ele><time>2026-06-25T22:26:00.000Z</time><extensions><gpxtpx:TrackPointExtension><gpxtpx:hr>146</gpxtpx:hr></gpxtpx:TrackPointExtension></extensions></trkpt>
      <trkpt lat="40.745608" lon="-74.008983"><ele>4.2</ele><time>2026-06-25T22:26:01.000Z</time><extensions><gpxtpx:TrackPointExtension><gpxtpx:hr>146</gpxtpx:hr></gpxtpx:TrackPointExtension></extensions></trkpt>
      <trkpt lat="40.745581" lon="-74.008966"><ele>4.2</ele><time>2026-06-25T22:26:02.000Z</time><extensions><gpxtpx:TrackPointExtension><gpxtpx:hr>146</gpxtpx:hr></gpxtpx:TrackPointExtension></extensions></trkpt>
      <trkpt lat="40.745552" lon="-74.008954"><ele>4.2</ele><time>2026-06-25T22:26:03.000Z</time><extensions><gpxtpx:TrackPointExtension><gpxtpx:hr>148</gpxtpx:hr></gpxtpx:TrackPointExtension></extensions></trkpt>
      <trkpt lat="40.745521" lon="-74.008945"><ele>4.2</ele><time>2026-06-25T22:26:04.000Z</time><extensions><gpxtpx:TrackPointExtension><gpxtpx:hr>148</gpxtpx:hr></gpxtpx:TrackPointExtension></extensions></trkpt>
      <trkpt lat="40.745488" lon="-74.008937"><ele>4.4</ele><time>2026-06-25T22:26:05.000Z</time><extensions><gpxtpx:TrackPointExtension><gpxtpx:hr>148</gpxtpx:hr></gpxtpx:TrackPointExtension></extensions></trkpt>
      <trkpt lat="40.745453" lon="-74.008931"><ele>4.4</ele><time>2026-06-25T22:26:06.000Z</time><extensions><gpxtpx:TrackPointExtension><gpxtpx:hr>148</gpxtpx:hr></gpxtpx:TrackPointExtension></extensions></trkpt>
      <trkpt lat="40.745417" lon="-74.008928"><ele>4.4</ele><time>2026-06-25T22:26:07.000Z</time><extensions><gpxtpx:TrackPointExtension><gpxtpx:hr>148</gpxtpx:hr></gpxtpx:TrackPointExtension></extensions></trkpt>
      <trkpt lat="40.74538" lon="-74.008929"><ele>4.4</ele><time>2026-06-25T22:26:08.000Z</time><extensions><gpxtpx:TrackPointExtension><gpxtpx:hr>148</gpxtpx:hr></gpxtpx:TrackPointExtension></extensions></trkpt>
      <trkpt lat="40.745345" lon="-74.008932"><ele>4.4</ele><time>2026-06-25T22:26:09.000Z</time><extensions><gpxtpx:TrackPointExtension><gpxtpx:hr>148</gpxtpx:hr></gpxtpx:TrackPointExtension></extensions></trkpt>
      <trkpt lat="40.745314" lon="-74.008937"><ele>4.4</ele><time>2026-06-25T22:26:10.000Z</time><extensions><gpxtpx:TrackPointExtension><gpxtpx:hr>148</gpxtpx:hr></gpxtpx:TrackPointExtension></extensions></trkpt>
      <trkpt lat="40.745287" lon="-74.008942"><ele>4.4</ele><time>2026-06-25T22:26:11.000Z</time><extensions><gpxtpx:TrackPointExtension><gpxtpx:hr>148</gpxtpx:hr></gpxtpx:TrackPointExtension></extensions></trkpt>
      <trkpt lat="40.74526" lon="-74.008941"><ele>4.4</ele><time>2026-06-25T22:26:12.000Z</time><extensions><gpxtpx:TrackPointExtension><gpxtpx:hr>150</gpxtpx:hr></gpxtpx:TrackPointExtension></extensions></trkpt>
      <trkpt lat="40.74524" lon="-74.008934"><ele>4.2</ele><time>2026-06-25T22:26:13.000Z</time><extensions><gpxtpx:TrackPointExtension><gpxtpx:hr>149</gpxtpx:hr></gpxtpx:TrackPointExtension></extensions></trkpt>
      <trkpt lat="40.745222" lon="-74.008916"><ele>4.2</ele><time>2026-06-25T22:26:14.000Z</time><extensions><gpxtpx:TrackPointExtension><gpxtpx:hr>149</gpxtpx:hr></gpxtpx:TrackPointExtension></extensions></trkpt>
      <trkpt lat="40.745199" lon="-74.008891"><ele>4.2</ele><time>2026-06-25T22:26:15.000Z</time><extensions><gpxtpx:TrackPointExtension><gpxtpx:hr>149</gpxtpx:hr></gpxtpx:TrackPointExtension></extensions></trkpt>
      <trkpt lat="40.745174" lon="-74.008865"><ele>4.2</ele><time>2026-06-25T22:26:16.000Z</time><extensions><gpxtpx:TrackPointExtension><gpxtpx:hr>149</gpxtpx:hr></gpxtpx:TrackPointExtension></extensions></trkpt>
      <trkpt lat="40.745149" lon="-74.00884"><ele>4.2</ele><time>2026-06-25T22:26:17.000Z</time><extensions><gpxtpx:TrackPointExtension><gpxtpx:hr>149</gpxtpx:hr></gpxtpx:TrackPointExtension></extensions></trkpt>
      <trkpt lat="40.745125" lon="-74.008814"><ele>4</ele><time>2026-06-25T22:26:18.000Z</time><extensions><gpxtpx:TrackPointExtension><gpxtpx:hr>150</gpxtpx:hr></gpxtpx:TrackPointExtension></extensions></trkpt>
      <trkpt lat="40.745103" lon="-74.008788"><ele>4</ele><time>2026-06-25T22:26:19.000Z</time><extensions><gpxtpx:TrackPointExtension><gpxtpx:hr>150</gpxtpx:hr></gpxtpx:TrackPointExtension></extensions></trkpt>
      <trkpt lat="40.745081" lon="-74.008763"><ele>4</ele><time>2026-06-25T22:26:20.000Z</time><extensions><gpxtpx:TrackPointExtension><gpxtpx:hr>150</gpxtpx:hr></gpxtpx:TrackPointExtension></extensions></trkpt>
      <trkpt lat="40.745062" lon="-74.008737"><ele>4</ele><time>2026-06-25T22:26:21.000Z</time><extensions><gpxtpx:TrackPointExtension><gpxtpx:hr>150</gpxtpx:hr></gpxtpx:TrackPointExtension></extensions></trkpt>
      <trkpt lat="40.745047" lon="-74.008707"><ele>4</ele><time>2026-06-25T22:26:22.000Z</time><extensions><gpxtpx:TrackPointExtension><gpxtpx:hr>150</gpxtpx:hr></gpxtpx:TrackPointExtension></extensions></trkpt>
      <trkpt lat="40.745036" lon="-74.008675"><ele>4</ele><time>2026-06-25T22:26:23.000Z</time><extensions><gpxtpx:TrackPointExtension><gpxtpx:hr>150</gpxtpx:hr></gpxtpx:TrackPointExtension></extensions></trkpt>
      <trkpt lat="40.745024" lon="-74.008644"><ele>4</ele><time>2026-06-25T22:26:24.000Z</time><extensions><gpxtpx:TrackPointExtension><gpxtpx:hr>150</gpxtpx:hr></gpxtpx:TrackPointExtension></extensions></trkpt>
      <trkpt lat="40.745008" lon="-74.008616"><ele>3.8</ele><time>2026-06-25T22:26:25.000Z</time><extensions><gpxtpx:TrackPointExtension><gpxtpx:hr>150</gpxtpx:hr></gpxtpx:TrackPointExtension></extensions></trkpt>
      <trkpt lat="40.744987" lon="-74.008595"><ele>3.8</ele><time>2026-06-25T22:26:26.000Z</time><extensions><gpxtpx:TrackPointExtension><gpxtpx:hr>150</gpxtpx:hr></gpxtpx:TrackPointExtension></extensions></trkpt>
      <trkpt lat="40.74496" lon="-74.008583"><ele>3.8</ele><time>2026-06-25T22:26:27.000Z</time><extensions><gpxtpx:TrackPointExtension><gpxtpx:hr>151</gpxtpx:hr></gpxtpx:TrackPointExtension></extensions></trkpt>
      <trkpt lat="40.74493" lon="-74.008578"><ele>3.8</ele><time>2026-06-25T22:26:28.000Z</time><extensions><gpxtpx:TrackPointExtension><gpxtpx:hr>151</gpxtpx:hr></gpxtpx:TrackPointExtension></extensions></trkpt>
      <trkpt lat="40.744899" lon="-74.008577"><ele>3.8</ele><time>2026-06-25T22:26:29.000Z</time><extensions><gpxtpx:TrackPointExtension><gpxtpx:hr>152</gpxtpx:hr></gpxtpx:TrackPointExtension></extensions></trkpt>
      <trkpt lat="40.744867" lon="-74.008581"><ele>3.8</ele><time>2026-06-25T22:26:30.000Z</time><extensions><gpxtpx:TrackPointExtension><gpxtpx:hr>152</gpxtpx:hr></gpxtpx:TrackPointExtension></extensions></trkpt>
      <trkpt lat="40.744834" lon="-74.008587"><ele>3.8</ele><time>2026-06-25T22:26:31.000Z</time><extensions><gpxtpx:TrackPointExtension><gpxtpx:hr>152</gpxtpx:hr></gpxtpx:TrackPointExtension></extensions></trkpt>
      <trkpt lat="40.744825" lon="-74.008606"><ele>3.8</ele><time>2026-06-25T22:26:32.000Z</time><extensions><gpxtpx:TrackPointExtension><gpxtpx:hr>152</gpxtpx:hr></gpxtpx:TrackPointExtension></extensions></trkpt>
      <trkpt lat="40.744805" lon="-74.008617"><ele>3.8</ele><time>2026-06-25T22:26:33.000Z</time><extensions><gpxtpx:TrackPointExtension><gpxtpx:hr>152</gpxtpx:hr></gpxtpx:TrackPointExtension></extensions></trkpt>
      <trkpt lat="40.744783" lon="-74.008629"><ele>3.8</ele><time>2026-06-25T22:26:34.000Z</time><extensions><gpxtpx:TrackPointExtension><gpxtpx:hr>152</gpxtpx:hr></gpxtpx:TrackPointExtension></extensions></trkpt>
      <trkpt lat="40.744763" lon="-74.008641"><ele>4</ele><time>2026-06-25T22:26:35.000Z</time><extensions><gpxtpx:TrackPointExtension><gpxtpx:hr>153</gpxtpx:hr></gpxtpx:TrackPointExtension></extensions></trkpt>
      <trkpt lat="40.744744" lon="-74.008655"><ele>4</ele><time>2026-06-25T22:26:36.000Z</time><extensions><gpxtpx:TrackPointExtension><gpxtpx:hr>153</gpxtpx:hr></gpxtpx:TrackPointExtension></extensions></trkpt>
      <trkpt lat="40.744724" lon="-74.008671"><ele>4.2</ele><time>2026-06-25T22:26:37.000Z</time><extensions><gpxtpx:TrackPointExtension><gpxtpx:hr>153</gpxtpx:hr></gpxtpx:TrackPointExtension></extensions></trkpt>
      <trkpt lat="40.744699" lon="-74.008691"><ele>4.2</ele><time>2026-06-25T22:26:38.000Z</time><extensions><gpxtpx:TrackPointExtension><gpxtpx:hr>153</gpxtpx:hr></gpxtpx:TrackPointExtension></extensions></trkpt>
      <trkpt lat="40.74467" lon="-74.008716"><ele>4.4</ele><time>2026-06-25T22:26:39.000Z</time><extensions><gpxtpx:TrackPointExtension><gpxtpx:hr>153</gpxtpx:hr></gpxtpx:TrackPointExtension></extensions></trkpt>
      <trkpt lat="40.744638" lon="-74.008744"><ele>4.4</ele><time>2026-06-25T22:26:40.000Z</time><extensions><gpxtpx:TrackPointExtension><gpxtpx:hr>153</gpxtpx:hr></gpxtpx:TrackPointExtension></extensions></trkpt>
      <trkpt lat="40.744607" lon="-74.008772"><ele>4.4</ele><time>2026-06-25T22:26:41.000Z</time><extensions><gpxtpx:TrackPointExtension><gpxtpx:hr>152</gpxtpx:hr></gpxtpx:TrackPointExtension></extensions></trkpt>
      <trkpt lat="40.744584" lon="-74.008796"><ele>4.6</ele><time>2026-06-25T22:26:42.000Z</time><extensions><gpxtpx:TrackPointExtension><gpxtpx:hr>152</gpxtpx:hr></gpxtpx:TrackPointExtension></extensions></trkpt>
      <trkpt lat="40.744568" lon="-74.008813"><ele>4.6</ele><time>2026-06-25T22:26:43.000Z</time><extensions><gpxtpx:TrackPointExtension><gpxtpx:hr>152</gpxtpx:hr></gpxtpx:TrackPointExtension></extensions></trkpt>
      <trkpt lat="40.744553" lon="-74.008827"><ele>4.6</ele><time>2026-06-25T22:26:44.000Z</time><extensions><gpxtpx:TrackPointExtension><gpxtpx:hr>152</gpxtpx:hr></gpxtpx:TrackPointExtension></extensions></trkpt>
      <trkpt lat="40.744538" lon="-74.008837"><ele>4.6</ele><time>2026-06-25T22:26:45.000Z</time><extensions><gpxtpx:TrackPointExtension><gpxtpx:hr>152</gpxtpx:hr></gpxtpx:TrackPointExtension></extensions></trkpt>
      <trkpt lat="40.744521" lon="-74.008844"><ele>4.6</ele><time>2026-06-25T22:26:46.000Z</time><extensions><gpxtpx:TrackPointExtension><gpxtpx:hr>152</gpxtpx:hr></gpxtpx:TrackPointExtension></extensions></trkpt>
      <trkpt lat="40.744503" lon="-74.00885"><ele>4.6</ele><time>2026-06-25T22:26:47.000Z</time><extensions><gpxtpx:TrackPointExtension><gpxtpx:hr>152</gpxtpx:hr></gpxtpx:TrackPointExtension></extensions></trkpt>
      <trkpt lat="40.744484" lon="-74.008854"><ele>4.6</ele><time>2026-06-25T22:26:48.000Z</time><extensions><gpxtpx:TrackPointExtension><gpxtpx:hr>152</gpxtpx:hr></gpxtpx:TrackPointExtension></extensions></trkpt>
      <trkpt lat="40.744463" lon="-74.008859"><ele>4.6</ele><time>2026-06-25T22:26:49.000Z</time><extensions><gpxtpx:TrackPointExtension><gpxtpx:hr>152</gpxtpx:hr></gpxtpx:TrackPointExtension></extensions></trkpt>
      <trkpt lat="40.744442" lon="-74.008863"><ele>4.6</ele><time>2026-06-25T22:26:50.000Z</time><extensions><gpxtpx:TrackPointExtension><gpxtpx:hr>152</gpxtpx:hr></gpxtpx:TrackPointExtension></extensions></trkpt>
      <trkpt lat="40.744421" lon="-74.008864"><ele>4.6</ele><time>2026-06-25T22:26:51.000Z</time><extensions><gpxtpx:TrackPointExtension><gpxtpx:hr>152</gpxtpx:hr></gpxtpx:TrackPointExtension></extensions></trkpt>
      <trkpt lat="40.7444" lon="-74.008863"><ele>4.6</ele><time>2026-06-25T22:26:52.000Z</time><extensions><gpxtpx:TrackPointExtension><gpxtpx:hr>152</gpxtpx:hr></gpxtpx:TrackPointExtension></extensions></trkpt>
      <trkpt lat="40.744379" lon="-74.00886"><ele>4.6</ele><time>2026-06-25T22:26:53.000Z</time><extensions><gpxtpx:TrackPointExtension><gpxtpx:hr>152</gpxtpx:hr></gpxtpx:TrackPointExtension></extensions></trkpt>
      <trkpt lat="40.744359" lon="-74.008857"><ele>4.6</ele><time>2026-06-25T22:26:54.000Z</time><extensions><gpxtpx:TrackPointExtension><gpxtpx:hr>152</gpxtpx:hr></gpxtpx:TrackPointExtension></extensions></trkpt>
      <trkpt lat="40.744338" lon="-74.008855"><ele>4.6</ele><time>2026-06-25T22:26:55.000Z</time><extensions><gpxtpx:TrackPointExtension><gpxtpx:hr>154</gpxtpx:hr></gpxtpx:TrackPointExtension></extensions></trkpt>
      <trkpt lat="40.744316" lon="-74.008854"><ele>4.6</ele><time>2026-06-25T22:26:56.000Z</time><extensions><gpxtpx:TrackPointExtension><gpxtpx:hr>154</gpxtpx:hr></gpxtpx:TrackPointExtension></extensions></trkpt>
      <trkpt lat="40.744294" lon="-74.008852"><ele>4.6</ele><time>2026-06-25T22:26:57.000Z</time><extensions><gpxtpx:TrackPointExtension><gpxtpx:hr>154</gpxtpx:hr></gpxtpx:TrackPointExtension></extensions></trkpt>
      <trkpt lat="40.744271" lon="-74.00885"><ele>4.6</ele><time>2026-06-25T22:26:58.000Z</time><extensions><gpxtpx:TrackPointExtension><gpxtpx:hr>154</gpxtpx:hr></gpxtpx:TrackPointExtension></extensions></trkpt>
      <trkpt lat="40.744248" lon="-74.008848"><ele>4.6</ele><time>2026-06-25T22:26:59.000Z</time><extensions><gpxtpx:TrackPointExtension><gpxtpx:hr>154</gpxtpx:hr></gpxtpx:TrackPointExtension></extensions></trkpt>
      <trkpt lat="40.744224" lon="-74.008846"><ele>4.4</ele><time>2026-06-25T22:27:00.000Z</time><extensions><gpxtpx:TrackPointExtension><gpxtpx:hr>154</gpxtpx:hr></gpxtpx:TrackPointExtension></extensions></trkpt>
      <trkpt lat="40.744198" lon="-74.008844"><ele>4.4</ele><time>2026-06-25T22:27:01.000Z</time><extensions><gpxtpx:TrackPointExtension><gpxtpx:hr>154</gpxtpx:hr></gpxtpx:TrackPointExtension></extensions></trkpt>
      <trkpt lat="40.744171" lon="-74.008842"><ele>4.4</ele><time>2026-06-25T22:27:02.000Z</time><extensions><gpxtpx:TrackPointExtension><gpxtpx:hr>154</gpxtpx:hr></gpxtpx:TrackPointExtension></extensions></trkpt>
      <trkpt lat="40.744144" lon="-74.00884"><ele>4.2</ele><time>2026-06-25T22:27:03.000Z</time><extensions><gpxtpx:TrackPointExtension><gpxtpx:hr>154</gpxtpx:hr></gpxtpx:TrackPointExtension></extensions></trkpt>
      <trkpt lat="40.744117" lon="-74.008838"><ele>4.2</ele><time>2026-06-25T22:27:04.000Z</time><extensions><gpxtpx:TrackPointExtension><gpxtpx:hr>154</gpxtpx:hr></gpxtpx:TrackPointExtension></extensions></trkpt>
      <trkpt lat="40.744091" lon="-74.008838"><ele>4</ele><time>2026-06-25T22:27:05.000Z</time><extensions><gpxtpx:TrackPointExtension><gpxtpx:hr>154</gpxtpx:hr></gpxtpx:TrackPointExtension></extensions></trkpt>
      <trkpt lat="40.744065" lon="-74.008839"><ele>4</ele><time>2026-06-25T22:27:06.000Z</time><extensions><gpxtpx:TrackPointExtension><gpxtpx:hr>154</gpxtpx:hr></gpxtpx:TrackPointExtension></extensions></trkpt>
      <trkpt lat="40.744039" lon="-74.008841"><ele>4</ele><time>2026-06-25T22:27:07.000Z</time><extensions><gpxtpx:TrackPointExtension><gpxtpx:hr>154</gpxtpx:hr></gpxtpx:TrackPointExtension></extensions></trkpt>
      <trkpt lat="40.744013" lon="-74.008843"><ele>3.8</ele><time>2026-06-25T22:27:08.000Z</time><extensions><gpxtpx:TrackPointExtension><gpxtpx:hr>154</gpxtpx:hr></gpxtpx:TrackPointExtension></extensions></trkpt>
      <trkpt lat="40.743988" lon="-74.008843"><ele>3.8</ele><time>2026-06-25T22:27:09.000Z</time><extensions><gpxtpx:TrackPointExtension><gpxtpx:hr>154</gpxtpx:hr></gpxtpx:TrackPointExtension></extensions></trkpt>
      <trkpt lat="40.743963" lon="-74.008843"><ele>3.8</ele><time>2026-06-25T22:27:10.000Z</time><extensions><gpxtpx:TrackPointExtension><gpxtpx:hr>154</gpxtpx:hr></gpxtpx:TrackPointExtension></extensions></trkpt>
      <trkpt lat="40.743938" lon="-74.008843"><ele>3.8</ele><time>2026-06-25T22:27:11.000Z</time><extensions><gpxtpx:TrackPointExtension><gpxtpx:hr>153</gpxtpx:hr></gpxtpx:TrackPointExtension></extensions></trkpt>
      <trkpt lat="40.743913" lon="-74.008844"><ele>3.8</ele><time>2026-06-25T22:27:12.000Z</time><extensions><gpxtpx:TrackPointExtension><gpxtpx:hr>153</gpxtpx:hr></gpxtpx:TrackPointExtension></extensions></trkpt>
      <trkpt lat="40.743888" lon="-74.008845"><ele>3.8</ele><time>2026-06-25T22:27:13.000Z</time><extensions><gpxtpx:TrackPointExtension><gpxtpx:hr>153</gpxtpx:hr></gpxtpx:TrackPointExtension></extensions></trkpt>
      <trkpt lat="40.743865" lon="-74.008846"><ele>3.8</ele><time>2026-06-25T22:27:14.000Z</time><extensions><gpxtpx:TrackPointExtension><gpxtpx:hr>153</gpxtpx:hr></gpxtpx:TrackPointExtension></extensions></trkpt>
      <trkpt lat="40.743843" lon="-74.008845"><ele>3.8</ele><time>2026-06-25T22:27:15.000Z</time><extensions><gpxtpx:TrackPointExtension><gpxtpx:hr>154</gpxtpx:hr></gpxtpx:TrackPointExtension></extensions></trkpt>
      <trkpt lat="40.743821" lon="-74.008844"><ele>3.8</ele><time>2026-06-25T22:27:16.000Z</time><extensions><gpxtpx:TrackPointExtension><gpxtpx:hr>154</gpxtpx:hr></gpxtpx:TrackPointExtension></extensions></trkpt>
      <trkpt lat="40.743798" lon="-74.008844"><ele>3.6</ele><time>2026-06-25T22:27:17.000Z</time><extensions><gpxtpx:TrackPointExtension><gpxtpx:hr>154</gpxtpx:hr></gpxtpx:TrackPointExtension></extensions></trkpt>
      <trkpt lat="40.743775" lon="-74.008845"><ele>3.6</ele><time>2026-06-25T22:27:18.000Z</time><extensions><gpxtpx:TrackPointExtension><gpxtpx:hr>155</gpxtpx:hr></gpxtpx:TrackPointExtension></extensions></trkpt>
      <trkpt lat="40.743751" lon="-74.008846"><ele>3.6</ele><time>2026-06-25T22:27:19.000Z</time><extensions><gpxtpx:TrackPointExtension><gpxtpx:hr>155</gpxtpx:hr></gpxtpx:TrackPointExtension></extensions></trkpt>
      <trkpt lat="40.743727" lon="-74.008846"><ele>3.6</ele><time>2026-06-25T22:27:20.000Z</time><extensions><gpxtpx:TrackPointExtension><gpxtpx:hr>155</gpxtpx:hr></gpxtpx:TrackPointExtension></extensions></trkpt>
      <trkpt lat="40.743704" lon="-74.008846"><ele>3.6</ele><time>2026-06-25T22:27:21.000Z</time><extensions><gpxtpx:TrackPointExtension><gpxtpx:hr>155</gpxtpx:hr></gpxtpx:TrackPointExtension></extensions></trkpt>
      <trkpt lat="40.743682" lon="-74.008845"><ele>3.6</ele><time>2026-06-25T22:27:22.000Z</time><extensions><gpxtpx:TrackPointExtension><gpxtpx:hr>155</gpxtpx:hr></gpxtpx:TrackPointExtension></extensions></trkpt>
      <trkpt lat="40.743659" lon="-74.008845"><ele>3.6</ele><time>2026-06-25T22:27:23.000Z</time><extensions><gpxtpx:TrackPointExtension><gpxtpx:hr>155</gpxtpx:hr></gpxtpx:TrackPointExtension></extensions></trkpt>
      <trkpt lat="40.743637" lon="-74.008846"><ele>3.6</ele><time>2026-06-25T22:27:24.000Z</time><extensions><gpxtpx:TrackPointExtension><gpxtpx:hr>155</gpxtpx:hr></gpxtpx:TrackPointExtension></extensions></trkpt>
      <trkpt lat="40.743616" lon="-74.008847"><ele>3.6</ele><time>2026-06-25T22:27:25.000Z</time><extensions><gpxtpx:TrackPointExtension><gpxtpx:hr>155</gpxtpx:hr></gpxtpx:TrackPointExtension></extensions></trkpt>
      <trkpt lat="40.743593" lon="-74.008848"><ele>3.6</ele><time>2026-06-25T22:27:26.000Z</time><extensions><gpxtpx:TrackPointExtension><gpxtpx:hr>155</gpxtpx:hr></gpxtpx:TrackPointExtension></extensions></trkpt>
      <trkpt lat="40.743567" lon="-74.008847"><ele>3.6</ele><time>2026-06-25T22:27:27.000Z</time><extensions><gpxtpx:TrackPointExtension><gpxtpx:hr>156</gpxtpx:hr></gpxtpx:TrackPointExtension></extensions></trkpt>
      <trkpt lat="40.74354" lon="-74.008844"><ele>3.6</ele><time>2026-06-25T22:27:28.000Z</time><extensions><gpxtpx:TrackPointExtension><gpxtpx:hr>156</gpxtpx:hr></gpxtpx:TrackPointExtension></extensions></trkpt>
      <trkpt lat="40.743513" lon="-74.00884"><ele>3.6</ele><time>2026-06-25T22:27:29.000Z</time><extensions><gpxtpx:TrackPointExtension><gpxtpx:hr>156</gpxtpx:hr></gpxtpx:TrackPointExtension></extensions></trkpt>
      <trkpt lat="40.743486" lon="-74.008837"><ele>3.6</ele><time>2026-06-25T22:27:30.000Z</time><extensions><gpxtpx:TrackPointExtension><gpxtpx:hr>156</gpxtpx:hr></gpxtpx:TrackPointExtension></extensions></trkpt>
      <trkpt lat="40.74346" lon="-74.008835"><ele>3.6</ele><time>2026-06-25T22:27:31.000Z</time><extensions><gpxtpx:TrackPointExtension><gpxtpx:hr>157</gpxtpx:hr></gpxtpx:TrackPointExtension></extensions></trkpt>
      <trkpt lat="40.743434" lon="-74.008834"><ele>3.6</ele><time>2026-06-25T22:27:32.000Z</time><extensions><gpxtpx:TrackPointExtension><gpxtpx:hr>157</gpxtpx:hr></gpxtpx:TrackPointExtension></extensions></trkpt>
      <trkpt lat="40.743406" lon="-74.008834"><ele>3.6</ele><time>2026-06-25T22:27:33.000Z</time><extensions><gpxtpx:TrackPointExtension><gpxtpx:hr>157</gpxtpx:hr></gpxtpx:TrackPointExtension></extensions></trkpt>
      <trkpt lat="40.743376" lon="-74.008833"><ele>3.6</ele><time>2026-06-25T22:27:34.000Z</time><extensions><gpxtpx:TrackPointExtension><gpxtpx:hr>157</gpxtpx:hr></gpxtpx:TrackPointExtension></extensions></trkpt>
      <trkpt lat="40.743346" lon="-74.008832"><ele>3.6</ele><time>2026-06-25T22:27:35.000Z</time><extensions><gpxtpx:TrackPointExtension><gpxtpx:hr>157</gpxtpx:hr></gpxtpx:TrackPointExtension></extensions></trkpt>
      <trkpt lat="40.743317" lon="-74.008831"><ele>3.6</ele><time>2026-06-25T22:27:36.000Z</time><extensions><gpxtpx:TrackPointExtension><gpxtpx:hr>157</gpxtpx:hr></gpxtpx:TrackPointExtension></extensions></trkpt>
      <trkpt lat="40.743289" lon="-74.008832"><ele>3.6</ele><time>2026-06-25T22:27:37.000Z</time><extensions><gpxtpx:TrackPointExtension><gpxtpx:hr>158</gpxtpx:hr></gpxtpx:TrackPointExtension></extensions></trkpt>
      <trkpt lat="40.74326" lon="-74.008834"><ele>3.6</ele><time>2026-06-25T22:27:38.000Z</time><extensions><gpxtpx:TrackPointExtension><gpxtpx:hr>158</gpxtpx:hr></gpxtpx:TrackPointExtension></extensions></trkpt>
      <trkpt lat="40.743232" lon="-74.008839"><ele>3.6</ele><time>2026-06-25T22:27:39.000Z</time><extensions><gpxtpx:TrackPointExtension><gpxtpx:hr>158</gpxtpx:hr></gpxtpx:TrackPointExtension></extensions></trkpt>
      <trkpt lat="40.743202" lon="-74.008846"><ele>3.6</ele><time>2026-06-25T22:27:40.000Z</time><extensions><gpxtpx:TrackPointExtension><gpxtpx:hr>158</gpxtpx:hr></gpxtpx:TrackPointExtension></extensions></trkpt>
      <trkpt lat="40.74317" lon="-74.008856"><ele>3.6</ele><time>2026-06-25T22:27:41.000Z</time><extensions><gpxtpx:TrackPointExtension><gpxtpx:hr>158</gpxtpx:hr></gpxtpx:TrackPointExtension></extensions></trkpt>
      <trkpt lat="40.743138" lon="-74.008868"><ele>3.6</ele><time>2026-06-25T22:27:42.000Z</time><extensions><gpxtpx:TrackPointExtension><gpxtpx:hr>158</gpxtpx:hr></gpxtpx:TrackPointExtension></extensions></trkpt>
      <trkpt lat="40.743105" lon="-74.008881"><ele>3.6</ele><time>2026-06-25T22:27:43.000Z</time><extensions><gpxtpx:TrackPointExtension><gpxtpx:hr>158</gpxtpx:hr></gpxtpx:TrackPointExtension></extensions></trkpt>
      <trkpt lat="40.743072" lon="-74.008896"><ele>3.6</ele><time>2026-06-25T22:27:44.000Z</time><extensions><gpxtpx:TrackPointExtension><gpxtpx:hr>158</gpxtpx:hr></gpxtpx:TrackPointExtension></extensions></trkpt>
      <trkpt lat="40.74304" lon="-74.008911"><ele>3.6</ele><time>2026-06-25T22:27:45.000Z</time><extensions><gpxtpx:TrackPointExtension><gpxtpx:hr>158</gpxtpx:hr></gpxtpx:TrackPointExtension></extensions></trkpt>
      <trkpt lat="40.743008" lon="-74.008927"><ele>3.6</ele><time>2026-06-25T22:27:46.000Z</time><extensions><gpxtpx:TrackPointExtension><gpxtpx:hr>158</gpxtpx:hr></gpxtpx:TrackPointExtension></extensions></trkpt>
      <trkpt lat="40.742975" lon="-74.008944"><ele>3.6</ele><time>2026-06-25T22:27:47.000Z</time><extensions><gpxtpx:TrackPointExtension><gpxtpx:hr>155</gpxtpx:hr></gpxtpx:TrackPointExtension></extensions></trkpt>
      <trkpt lat="40.742941" lon="-74.00896"><ele>3.6</ele><time>2026-06-25T22:27:48.000Z</time><extensions><gpxtpx:TrackPointExtension><gpxtpx:hr>155</gpxtpx:hr></gpxtpx:TrackPointExtension></extensions></trkpt>
      <trkpt lat="40.742908" lon="-74.008975"><ele>3.6</ele><time>2026-06-25T22:27:49.000Z</time><extensions><gpxtpx:TrackPointExtension><gpxtpx:hr>155</gpxtpx:hr></gpxtpx:TrackPointExtension></extensions></trkpt>
      <trkpt lat="40.742874" lon="-74.008989"><ele>3.6</ele><time>2026-06-25T22:27:50.000Z</time><extensions><gpxtpx:TrackPointExtension><gpxtpx:hr>155</gpxtpx:hr></gpxtpx:TrackPointExtension></extensions></trkpt>
      <trkpt lat="40.74284" lon="-74.009002"><ele>3.8</ele><time>2026-06-25T22:27:51.000Z</time><extensions><gpxtpx:TrackPointExtension><gpxtpx:hr>154</gpxtpx:hr></gpxtpx:TrackPointExtension></extensions></trkpt>
      <trkpt lat="40.742807" lon="-74.009015"><ele>3.8</ele><time>2026-06-25T22:27:52.000Z</time><extensions><gpxtpx:TrackPointExtension><gpxtpx:hr>154</gpxtpx:hr></gpxtpx:TrackPointExtension></extensions></trkpt>
      <trkpt lat="40.742774" lon="-74.009028"><ele>3.8</ele><time>2026-06-25T22:27:53.000Z</time><extensions><gpxtpx:TrackPointExtension><gpxtpx:hr>154</gpxtpx:hr></gpxtpx:TrackPointExtension></extensions></trkpt>
      <trkpt lat="40.74274" lon="-74.009042"><ele>3.8</ele><time>2026-06-25T22:27:54.000Z</time><extensions><gpxtpx:TrackPointExtension><gpxtpx:hr>154</gpxtpx:hr></gpxtpx:TrackPointExtension></extensions></trkpt>
      <trkpt lat="40.742706" lon="-74.009056"><ele>3.8</ele><time>2026-06-25T22:27:55.000Z</time><extensions><gpxtpx:TrackPointExtension><gpxtpx:hr>155</gpxtpx:hr></gpxtpx:TrackPointExtension></extensions></trkpt>
      <trkpt lat="40.742672" lon="-74.009069"><ele>3.8</ele><time>2026-06-25T22:27:56.000Z</time><extensions><gpxtpx:TrackPointExtension><gpxtpx:hr>155</gpxtpx:hr></gpxtpx:TrackPointExtension></extensions></trkpt>
      <trkpt lat="40.742639" lon="-74.009083"><ele>3.8</ele><time>2026-06-25T22:27:57.000Z</time><extensions><gpxtpx:TrackPointExtension><gpxtpx:hr>155</gpxtpx:hr></gpxtpx:TrackPointExtension></extensions></trkpt>
      <trkpt lat="40.742606" lon="-74.009095"><ele>3.8</ele><time>2026-06-25T22:27:58.000Z</time><extensions><gpxtpx:TrackPointExtension><gpxtpx:hr>155</gpxtpx:hr></gpxtpx:TrackPointExtension></extensions></trkpt>
      <trkpt lat="40.742573" lon="-74.009107"><ele>3.8</ele><time>2026-06-25T22:27:59.000Z</time><extensions><gpxtpx:TrackPointExtension><gpxtpx:hr>155</gpxtpx:hr></gpxtpx:TrackPointExtension></extensions></trkpt>
      <trkpt lat="40.74254" lon="-74.009118"><ele>3.8</ele><time>2026-06-25T22:28:00.000Z</time><extensions><gpxtpx:TrackPointExtension><gpxtpx:hr>155</gpxtpx:hr></gpxtpx:TrackPointExtension></extensions></trkpt>
      <trkpt lat="40.742508" lon="-74.009129"><ele>3.8</ele><time>2026-06-25T22:28:01.000Z</time><extensions><gpxtpx:TrackPointExtension><gpxtpx:hr>155</gpxtpx:hr></gpxtpx:TrackPointExtension></extensions></trkpt>
      <trkpt lat="40.742477" lon="-74.00914"><ele>4</ele><time>2026-06-25T22:28:02.000Z</time><extensions><gpxtpx:TrackPointExtension><gpxtpx:hr>156</gpxtpx:hr></gpxtpx:TrackPointExtension></extensions></trkpt>
      <trkpt lat="40.742445" lon="-74.00915"><ele>4</ele><time>2026-06-25T22:28:03.000Z</time><extensions><gpxtpx:TrackPointExtension><gpxtpx:hr>156</gpxtpx:hr></gpxtpx:TrackPointExtension></extensions></trkpt>
      <trkpt lat="40.742412" lon="-74.00916"><ele>4</ele><time>2026-06-25T22:28:04.000Z</time><extensions><gpxtpx:TrackPointExtension><gpxtpx:hr>156</gpxtpx:hr></gpxtpx:TrackPointExtension></extensions></trkpt>
      <trkpt lat="40.742379" lon="-74.00917"><ele>4</ele><time>2026-06-25T22:28:05.000Z</time><extensions><gpxtpx:TrackPointExtension><gpxtpx:hr>156</gpxtpx:hr></gpxtpx:TrackPointExtension></extensions></trkpt>
      <trkpt lat="40.742346" lon="-74.00918"><ele>4</ele><time>2026-06-25T22:28:06.000Z</time><extensions><gpxtpx:TrackPointExtension><gpxtpx:hr>156</gpxtpx:hr></gpxtpx:TrackPointExtension></extensions></trkpt>
      <trkpt lat="40.742314" lon="-74.009189"><ele>4.2</ele><time>2026-06-25T22:28:07.000Z</time><extensions><gpxtpx:TrackPointExtension><gpxtpx:hr>156</gpxtpx:hr></gpxtpx:TrackPointExtension></extensions></trkpt>
      <trkpt lat="40.742283" lon="-74.009199"><ele>4.2</ele><time>2026-06-25T22:28:08.000Z</time><extensions><gpxtpx:TrackPointExtension><gpxtpx:hr>156</gpxtpx:hr></gpxtpx:TrackPointExtension></extensions></trkpt>
      <trkpt lat="40.742253" lon="-74.009209"><ele>4.2</ele><time>2026-06-25T22:28:09.000Z</time><extensions><gpxtpx:TrackPointExtension><gpxtpx:hr>156</gpxtpx:hr></gpxtpx:TrackPointExtension></extensions></trkpt>
      <trkpt lat="40.742224" lon="-74.00922"><ele>4.4</ele><time>2026-06-25T22:28:10.000Z</time><extensions><gpxtpx:TrackPointExtension><gpxtpx:hr>156</gpxtpx:hr></gpxtpx:TrackPointExtension></extensions></trkpt>
      <trkpt lat="40.742196" lon="-74.009232"><ele>4.4</ele><time>2026-06-25T22:28:11.000Z</time><extensions><gpxtpx:TrackPointExtension><gpxtpx:hr>156</gpxtpx:hr></gpxtpx:TrackPointExtension></extensions></trkpt>
      <trkpt lat="40.742168" lon="-74.009244"><ele>4.4</ele><time>2026-06-25T22:28:12.000Z</time><extensions><gpxtpx:TrackPointExtension><gpxtpx:hr>156</gpxtpx:hr></gpxtpx:TrackPointExtension></extensions></trkpt>
      <trkpt lat="40.742139" lon="-74.009255"><ele>4.4</ele><time>2026-06-25T22:28:13.000Z</time><extensions><gpxtpx:TrackPointExtension><gpxtpx:hr>157</gpxtpx:hr></gpxtpx:TrackPointExtension></extensions></trkpt>
      <trkpt lat="40.74211" lon="-74.009265"><ele>4.4</ele><time>2026-06-25T22:28:14.000Z</time><extensions><gpxtpx:TrackPointExtension><gpxtpx:hr>157</gpxtpx:hr></gpxtpx:TrackPointExtension></extensions></trkpt>
      <trkpt lat="40.74208" lon="-74.009275"><ele>4.4</ele><time>2026-06-25T22:28:15.000Z</time><extensions><gpxtpx:TrackPointExtension><gpxtpx:hr>157</gpxtpx:hr></gpxtpx:TrackPointExtension></extensions></trkpt>
      <trkpt lat="40.742049" lon="-74.009287"><ele>4.4</ele><time>2026-06-25T22:28:16.000Z</time><extensions><gpxtpx:TrackPointExtension><gpxtpx:hr>157</gpxtpx:hr></gpxtpx:TrackPointExtension></extensions></trkpt>
      <trkpt lat="40.742019" lon="-74.009299"><ele>4.4</ele><time>2026-06-25T22:28:17.000Z</time><extensions><gpxtpx:TrackPointExtension><gpxtpx:hr>157</gpxtpx:hr></gpxtpx:TrackPointExtension></extensions></trkpt>
      <trkpt lat="40.741992" lon="-74.009309"><ele>4.4</ele><time>2026-06-25T22:28:18.000Z</time><extensions><gpxtpx:TrackPointExtension><gpxtpx:hr>157</gpxtpx:hr></gpxtpx:TrackPointExtension></extensions></trkpt>
      <trkpt lat="40.741968" lon="-74.009318"><ele>4.4</ele><time>2026-06-25T22:28:19.000Z</time><extensions><gpxtpx:TrackPointExtension><gpxtpx:hr>156</gpxtpx:hr></gpxtpx:TrackPointExtension></extensions></trkpt>
      <trkpt lat="40.741946" lon="-74.009326"><ele>4.4</ele><time>2026-06-25T22:28:20.000Z</time><extensions><gpxtpx:TrackPointExtension><gpxtpx:hr>156</gpxtpx:hr></gpxtpx:TrackPointExtension></extensions></trkpt>
      <trkpt lat="40.741924" lon="-74.009333"><ele>4.4</ele><time>2026-06-25T22:28:21.000Z</time><extensions><gpxtpx:TrackPointExtension><gpxtpx:hr>156</gpxtpx:hr></gpxtpx:TrackPointExtension></extensions></trkpt>
      <trkpt lat="40.741901" lon="-74.009339"><ele>4.4</ele><time>2026-06-25T22:28:22.000Z</time><extensions><gpxtpx:TrackPointExtension><gpxtpx:hr>156</gpxtpx:hr></gpxtpx:TrackPointExtension></extensions></trkpt>
      <trkpt lat="40.741876" lon="-74.009345"><ele>4.2</ele><time>2026-06-25T22:28:23.000Z</time><extensions><gpxtpx:TrackPointExtension><gpxtpx:hr>157</gpxtpx:hr></gpxtpx:TrackPointExtension></extensions></trkpt>
      <trkpt lat="40.741851" lon="-74.009352"><ele>4.2</ele><time>2026-06-25T22:28:24.000Z</time><extensions><gpxtpx:TrackPointExtension><gpxtpx:hr>157</gpxtpx:hr></gpxtpx:TrackPointExtension></extensions></trkpt>
      <trkpt lat="40.741828" lon="-74.009359"><ele>4.2</ele><time>2026-06-25T22:28:25.000Z</time><extensions><gpxtpx:TrackPointExtension><gpxtpx:hr>157</gpxtpx:hr></gpxtpx:TrackPointExtension></extensions></trkpt>
      <trkpt lat="40.741804" lon="-74.009365"><ele>4.2</ele><time>2026-06-25T22:28:26.000Z</time><extensions><gpxtpx:TrackPointExtension><gpxtpx:hr>157</gpxtpx:hr></gpxtpx:TrackPointExtension></extensions></trkpt>
      <trkpt lat="40.74178" lon="-74.009369"><ele>4.2</ele><time>2026-06-25T22:28:27.000Z</time><extensions><gpxtpx:TrackPointExtension><gpxtpx:hr>157</gpxtpx:hr></gpxtpx:TrackPointExtension></extensions></trkpt>
      <trkpt lat="40.741754" lon="-74.009374"><ele>4.2</ele><time>2026-06-25T22:28:28.000Z</time><extensions><gpxtpx:TrackPointExtension><gpxtpx:hr>159</gpxtpx:hr></gpxtpx:TrackPointExtension></extensions></trkpt>
      <trkpt lat="40.741727" lon="-74.009378"><ele>4.2</ele><time>2026-06-25T22:28:29.000Z</time><extensions><gpxtpx:TrackPointExtension><gpxtpx:hr>159</gpxtpx:hr></gpxtpx:TrackPointExtension></extensions></trkpt>
      <trkpt lat="40.741701" lon="-74.009382"><ele>4.2</ele><time>2026-06-25T22:28:30.000Z</time><extensions><gpxtpx:TrackPointExtension><gpxtpx:hr>159</gpxtpx:hr></gpxtpx:TrackPointExtension></extensions></trkpt>
      <trkpt lat="40.741675" lon="-74.009385"><ele>4.4</ele><time>2026-06-25T22:28:31.000Z</time><extensions><gpxtpx:TrackPointExtension><gpxtpx:hr>159</gpxtpx:hr></gpxtpx:TrackPointExtension></extensions></trkpt>
      <trkpt lat="40.74165" lon="-74.009387"><ele>4.4</ele><time>2026-06-25T22:28:32.000Z</time><extensions><gpxtpx:TrackPointExtension><gpxtpx:hr>159</gpxtpx:hr></gpxtpx:TrackPointExtension></extensions></trkpt>
      <trkpt lat="40.741626" lon="-74.00939"><ele>4.4</ele><time>2026-06-25T22:28:33.000Z</time><extensions><gpxtpx:TrackPointExtension><gpxtpx:hr>159</gpxtpx:hr></gpxtpx:TrackPointExtension></extensions></trkpt>
      <trkpt lat="40.741601" lon="-74.009392"><ele>4.4</ele><time>2026-06-25T22:28:34.000Z</time><extensions><gpxtpx:TrackPointExtension><gpxtpx:hr>159</gpxtpx:hr></gpxtpx:TrackPointExtension></extensions></trkpt>
      <trkpt lat="40.741576" lon="-74.009394"><ele>4.4</ele><time>2026-06-25T22:28:35.000Z</time><extensions><gpxtpx:TrackPointExtension><gpxtpx:hr>159</gpxtpx:hr></gpxtpx:TrackPointExtension></extensions></trkpt>
      <trkpt lat="40.741551" lon="-74.009396"><ele>4.4</ele><time>2026-06-25T22:28:36.000Z</time><extensions><gpxtpx:TrackPointExtension><gpxtpx:hr>159</gpxtpx:hr></gpxtpx:TrackPointExtension></extensions></trkpt>
      <trkpt lat="40.741526" lon="-74.009399"><ele>4.2</ele><time>2026-06-25T22:28:37.000Z</time><extensions><gpxtpx:TrackPointExtension><gpxtpx:hr>159</gpxtpx:hr></gpxtpx:TrackPointExtension></extensions></trkpt>
      <trkpt lat="40.741502" lon="-74.009402"><ele>4.2</ele><time>2026-06-25T22:28:38.000Z</time><extensions><gpxtpx:TrackPointExtension><gpxtpx:hr>159</gpxtpx:hr></gpxtpx:TrackPointExtension></extensions></trkpt>
      <trkpt lat="40.741478" lon="-74.009406"><ele>4.2</ele><time>2026-06-25T22:28:39.000Z</time><extensions><gpxtpx:TrackPointExtension><gpxtpx:hr>159</gpxtpx:hr></gpxtpx:TrackPointExtension></extensions></trkpt>
      <trkpt lat="40.741454" lon="-74.00941"><ele>4.2</ele><time>2026-06-25T22:28:40.000Z</time><extensions><gpxtpx:TrackPointExtension><gpxtpx:hr>159</gpxtpx:hr></gpxtpx:TrackPointExtension></extensions></trkpt>
      <trkpt lat="40.741432" lon="-74.009414"><ele>4.2</ele><time>2026-06-25T22:28:41.000Z</time><extensions><gpxtpx:TrackPointExtension><gpxtpx:hr>159</gpxtpx:hr></gpxtpx:TrackPointExtension></extensions></trkpt>
      <trkpt lat="40.741409" lon="-74.009418"><ele>4</ele><time>2026-06-25T22:28:42.000Z</time><extensions><gpxtpx:TrackPointExtension><gpxtpx:hr>154</gpxtpx:hr></gpxtpx:TrackPointExtension></extensions></trkpt>
      <trkpt lat="40.741387" lon="-74.009422"><ele>4</ele><time>2026-06-25T22:28:43.000Z</time><extensions><gpxtpx:TrackPointExtension><gpxtpx:hr>154</gpxtpx:hr></gpxtpx:TrackPointExtension></extensions></trkpt>
      <trkpt lat="40.741363" lon="-74.009425"><ele>4</ele><time>2026-06-25T22:28:44.000Z</time><extensions><gpxtpx:TrackPointExtension><gpxtpx:hr>154</gpxtpx:hr></gpxtpx:TrackPointExtension></extensions></trkpt>
      <trkpt lat="40.741337" lon="-74.009426"><ele>3.8</ele><time>2026-06-25T22:28:45.000Z</time><extensions><gpxtpx:TrackPointExtension><gpxtpx:hr>154</gpxtpx:hr></gpxtpx:TrackPointExtension></extensions></trkpt>
      <trkpt lat="40.74131" lon="-74.009426"><ele>3.8</ele><time>2026-06-25T22:28:46.000Z</time><extensions><gpxtpx:TrackPointExtension><gpxtpx:hr>154</gpxtpx:hr></gpxtpx:TrackPointExtension></extensions></trkpt>
      <trkpt lat="40.741284" lon="-74.009428"><ele>3.8</ele><time>2026-06-25T22:28:47.000Z</time><extensions><gpxtpx:TrackPointExtension><gpxtpx:hr>154</gpxtpx:hr></gpxtpx:TrackPointExtension></extensions></trkpt>
      <trkpt lat="40.741258" lon="-74.009431"><ele>3.8</ele><time>2026-06-25T22:28:48.000Z</time><extensions><gpxtpx:TrackPointExtension><gpxtpx:hr>155</gpxtpx:hr></gpxtpx:TrackPointExtension></extensions></trkpt>
      <trkpt lat="40.741234" lon="-74.009434"><ele>3.8</ele><time>2026-06-25T22:28:49.000Z</time><extensions><gpxtpx:TrackPointExtension><gpxtpx:hr>155</gpxtpx:hr></gpxtpx:TrackPointExtension></extensions></trkpt>
      <trkpt lat="40.74121" lon="-74.009439"><ele>3.8</ele><time>2026-06-25T22:28:50.000Z</time><extensions><gpxtpx:TrackPointExtension><gpxtpx:hr>155</gpxtpx:hr></gpxtpx:TrackPointExtension></extensions></trkpt>
      <trkpt lat="40.741185" lon="-74.009445"><ele>3.8</ele><time>2026-06-25T22:28:51.000Z</time><extensions><gpxtpx:TrackPointExtension><gpxtpx:hr>155</gpxtpx:hr></gpxtpx:TrackPointExtension></extensions></trkpt>
      <trkpt lat="40.74116" lon="-74.009453"><ele>3.8</ele><time>2026-06-25T22:28:52.000Z</time><extensions><gpxtpx:TrackPointExtension><gpxtpx:hr>155</gpxtpx:hr></gpxtpx:TrackPointExtension></extensions></trkpt>
      <trkpt lat="40.741135" lon="-74.009464"><ele>3.8</ele><time>2026-06-25T22:28:53.000Z</time><extensions><gpxtpx:TrackPointExtension><gpxtpx:hr>155</gpxtpx:hr></gpxtpx:TrackPointExtension></extensions></trkpt>
      <trkpt lat="40.741111" lon="-74.009477"><ele>4</ele><time>2026-06-25T22:28:54.000Z</time><extensions><gpxtpx:TrackPointExtension><gpxtpx:hr>156</gpxtpx:hr></gpxtpx:TrackPointExtension></extensions></trkpt>
      <trkpt lat="40.741087" lon="-74.009489"><ele>4</ele><time>2026-06-25T22:28:55.000Z</time><extensions><gpxtpx:TrackPointExtension><gpxtpx:hr>156</gpxtpx:hr></gpxtpx:TrackPointExtension></extensions></trkpt>
      <trkpt lat="40.741062" lon="-74.009497"><ele>4</ele><time>2026-06-25T22:28:56.000Z</time><extensions><gpxtpx:TrackPointExtension><gpxtpx:hr>156</gpxtpx:hr></gpxtpx:TrackPointExtension></extensions></trkpt>
      <trkpt lat="40.741037" lon="-74.009501"><ele>4</ele><time>2026-06-25T22:28:57.000Z</time><extensions><gpxtpx:TrackPointExtension><gpxtpx:hr>156</gpxtpx:hr></gpxtpx:TrackPointExtension></extensions></trkpt>
      <trkpt lat="40.741012" lon="-74.009504"><ele>4</ele><time>2026-06-25T22:28:58.000Z</time><extensions><gpxtpx:TrackPointExtension><gpxtpx:hr>158</gpxtpx:hr></gpxtpx:TrackPointExtension></extensions></trkpt>
      <trkpt lat="40.740986" lon="-74.009508"><ele>4</ele><time>2026-06-25T22:28:59.000Z</time><extensions><gpxtpx:TrackPointExtension><gpxtpx:hr>158</gpxtpx:hr></gpxtpx:TrackPointExtension></extensions></trkpt>
      <trkpt lat="40.740961" lon="-74.009513"><ele>4.2</ele><time>2026-06-25T22:29:00.000Z</time><extensions><gpxtpx:TrackPointExtension><gpxtpx:hr>158</gpxtpx:hr></gpxtpx:TrackPointExtension></extensions></trkpt>
      <trkpt lat="40.740938" lon="-74.009519"><ele>4.2</ele><time>2026-06-25T22:29:01.000Z</time><extensions><gpxtpx:TrackPointExtension><gpxtpx:hr>158</gpxtpx:hr></gpxtpx:TrackPointExtension></extensions></trkpt>
      <trkpt lat="40.740915" lon="-74.009524"><ele>4.2</ele><time>2026-06-25T22:29:02.000Z</time><extensions><gpxtpx:TrackPointExtension><gpxtpx:hr>158</gpxtpx:hr></gpxtpx:TrackPointExtension></extensions></trkpt>
      <trkpt lat="40.740892" lon="-74.009532"><ele>4.2</ele><time>2026-06-25T22:29:03.000Z</time><extensions><gpxtpx:TrackPointExtension><gpxtpx:hr>158</gpxtpx:hr></gpxtpx:TrackPointExtension></extensions></trkpt>
      <trkpt lat="40.740868" lon="-74.009543"><ele>4.2</ele><time>2026-06-25T22:29:04.000Z</time><extensions><gpxtpx:TrackPointExtension><gpxtpx:hr>158</gpxtpx:hr></gpxtpx:TrackPointExtension></extensions></trkpt>
      <trkpt lat="40.740845" lon="-74.009554"><ele>4</ele><time>2026-06-25T22:29:05.000Z</time><extensions><gpxtpx:TrackPointExtension><gpxtpx:hr>158</gpxtpx:hr></gpxtpx:TrackPointExtension></extensions></trkpt>
      <trkpt lat="40.740822" lon="-74.009564"><ele>4</ele><time>2026-06-25T22:29:06.000Z</time><extensions><gpxtpx:TrackPointExtension><gpxtpx:hr>158</gpxtpx:hr></gpxtpx:TrackPointExtension></extensions></trkpt>
      <trkpt lat="40.740799" lon="-74.009573"><ele>4</ele><time>2026-06-25T22:29:07.000Z</time><extensions><gpxtpx:TrackPointExtension><gpxtpx:hr>159</gpxtpx:hr></gpxtpx:TrackPointExtension></extensions></trkpt>
      <trkpt lat="40.740775" lon="-74.009581"><ele>4</ele><time>2026-06-25T22:29:08.000Z</time><extensions><gpxtpx:TrackPointExtension><gpxtpx:hr>160</gpxtpx:hr></gpxtpx:TrackPointExtension></extensions></trkpt>
      <trkpt lat="40.740751" lon="-74.009589"><ele>4</ele><time>2026-06-25T22:29:09.000Z</time><extensions><gpxtpx:TrackPointExtension><gpxtpx:hr>160</gpxtpx:hr></gpxtpx:TrackPointExtension></extensions></trkpt>
      <trkpt lat="40.740728" lon="-74.009599"><ele>4</ele><time>2026-06-25T22:29:10.000Z</time><extensions><gpxtpx:TrackPointExtension><gpxtpx:hr>160</gpxtpx:hr></gpxtpx:TrackPointExtension></extensions></trkpt>
      <trkpt lat="40.740705" lon="-74.009608"><ele>4.2</ele><time>2026-06-25T22:29:11.000Z</time><extensions><gpxtpx:TrackPointExtension><gpxtpx:hr>160</gpxtpx:hr></gpxtpx:TrackPointExtension></extensions></trkpt>
      <trkpt lat="40.740683" lon="-74.009617"><ele>4.2</ele><time>2026-06-25T22:29:12.000Z</time><extensions><gpxtpx:TrackPointExtension><gpxtpx:hr>160</gpxtpx:hr></gpxtpx:TrackPointExtension></extensions></trkpt>
      <trkpt lat="40.740661" lon="-74.009626"><ele>4.2</ele><time>2026-06-25T22:29:13.000Z</time><extensions><gpxtpx:TrackPointExtension><gpxtpx:hr>160</gpxtpx:hr></gpxtpx:TrackPointExtension></extensions></trkpt>
      <trkpt lat="40.740638" lon="-74.009634"><ele>4.2</ele><time>2026-06-25T22:29:14.000Z</time><extensions><gpxtpx:TrackPointExtension><gpxtpx:hr>160</gpxtpx:hr></gpxtpx:TrackPointExtension></extensions></trkpt>
      <trkpt lat="40.740615" lon="-74.009639"><ele>4</ele><time>2026-06-25T22:29:15.000Z</time><extensions><gpxtpx:TrackPointExtension><gpxtpx:hr>160</gpxtpx:hr></gpxtpx:TrackPointExtension></extensions></trkpt>
      <trkpt lat="40.740594" lon="-74.009644"><ele>4</ele><time>2026-06-25T22:29:16.000Z</time><extensions><gpxtpx:TrackPointExtension><gpxtpx:hr>160</gpxtpx:hr></gpxtpx:TrackPointExtension></extensions></trkpt>
      <trkpt lat="40.740574" lon="-74.009648"><ele>4</ele><time>2026-06-25T22:29:17.000Z</time><extensions><gpxtpx:TrackPointExtension><gpxtpx:hr>151</gpxtpx:hr></gpxtpx:TrackPointExtension></extensions></trkpt>
      <trkpt lat="40.740556" lon="-74.009654"><ele>4</ele><time>2026-06-25T22:29:18.000Z</time><extensions><gpxtpx:TrackPointExtension><gpxtpx:hr>151</gpxtpx:hr></gpxtpx:TrackPointExtension></extensions></trkpt>
      <trkpt lat="40.74054" lon="-74.009661"><ele>4</ele><time>2026-06-25T22:29:19.000Z</time><extensions><gpxtpx:TrackPointExtension><gpxtpx:hr>151</gpxtpx:hr></gpxtpx:TrackPointExtension></extensions></trkpt>
      <trkpt lat="40.740523" lon="-74.00967"><ele>3.8</ele><time>2026-06-25T22:29:20.000Z</time><extensions><gpxtpx:TrackPointExtension><gpxtpx:hr>151</gpxtpx:hr></gpxtpx:TrackPointExtension></extensions></trkpt>
      <trkpt lat="40.740505" lon="-74.00968"><ele>3.8</ele><time>2026-06-25T22:29:21.000Z</time><extensions><gpxtpx:TrackPointExtension><gpxtpx:hr>151</gpxtpx:hr></gpxtpx:TrackPointExtension></extensions></trkpt>
      <trkpt lat="40.740484" lon="-74.009692"><ele>3.6</ele><time>2026-06-25T22:29:22.000Z</time><extensions><gpxtpx:TrackPointExtension><gpxtpx:hr>151</gpxtpx:hr></gpxtpx:TrackPointExtension></extensions></trkpt>
      <trkpt lat="40.740462" lon="-74.009707"><ele>3.6</ele><time>2026-06-25T22:29:23.000Z</time><extensions><gpxtpx:TrackPointExtension><gpxtpx:hr>151</gpxtpx:hr></gpxtpx:TrackPointExtension></extensions></trkpt>
      <trkpt lat="40.740441" lon="-74.009725"><ele>3.6</ele><time>2026-06-25T22:29:24.000Z</time><extensions><gpxtpx:TrackPointExtension><gpxtpx:hr>151</gpxtpx:hr></gpxtpx:TrackPointExtension></extensions></trkpt>
      <trkpt lat="40.74042" lon="-74.009743"><ele>3.6</ele><time>2026-06-25T22:29:25.000Z</time><extensions><gpxtpx:TrackPointExtension><gpxtpx:hr>151</gpxtpx:hr></gpxtpx:TrackPointExtension></extensions></trkpt>
      <trkpt lat="40.740398" lon="-74.009761"><ele>3.6</ele><time>2026-06-25T22:29:26.000Z</time><extensions><gpxtpx:TrackPointExtension><gpxtpx:hr>151</gpxtpx:hr></gpxtpx:TrackPointExtension></extensions></trkpt>
      <trkpt lat="40.740375" lon="-74.009778"><ele>3.6</ele><time>2026-06-25T22:29:27.000Z</time><extensions><gpxtpx:TrackPointExtension><gpxtpx:hr>151</gpxtpx:hr></gpxtpx:TrackPointExtension></extensions></trkpt>
      <trkpt lat="40.740353" lon="-74.009793"><ele>3.6</ele><time>2026-06-25T22:29:28.000Z</time><extensions><gpxtpx:TrackPointExtension><gpxtpx:hr>151</gpxtpx:hr></gpxtpx:TrackPointExtension></extensions></trkpt>
      <trkpt lat="40.740331" lon="-74.009807"><ele>3.6</ele><time>2026-06-25T22:29:29.000Z</time><extensions><gpxtpx:TrackPointExtension><gpxtpx:hr>151</gpxtpx:hr></gpxtpx:TrackPointExtension></extensions></trkpt>
      <trkpt lat="40.740308" lon="-74.009819"><ele>3.6</ele><time>2026-06-25T22:29:30.000Z</time><extensions><gpxtpx:TrackPointExtension><gpxtpx:hr>151</gpxtpx:hr></gpxtpx:TrackPointExtension></extensions></trkpt>
      <trkpt lat="40.740286" lon="-74.009831"><ele>3.8</ele><time>2026-06-25T22:29:31.000Z</time><extensions><gpxtpx:TrackPointExtension><gpxtpx:hr>151</gpxtpx:hr></gpxtpx:TrackPointExtension></extensions></trkpt>
      <trkpt lat="40.740264" lon="-74.009842"><ele>3.8</ele><time>2026-06-25T22:29:32.000Z</time><extensions><gpxtpx:TrackPointExtension><gpxtpx:hr>151</gpxtpx:hr></gpxtpx:TrackPointExtension></extensions></trkpt>
      <trkpt lat="40.740243" lon="-74.009854"><ele>3.8</ele><time>2026-06-25T22:29:33.000Z</time><extensions><gpxtpx:TrackPointExtension><gpxtpx:hr>151</gpxtpx:hr></gpxtpx:TrackPointExtension></extensions></trkpt>
      <trkpt lat="40.740222" lon="-74.009866"><ele>4</ele><time>2026-06-25T22:29:34.000Z</time><extensions><gpxtpx:TrackPointExtension><gpxtpx:hr>151</gpxtpx:hr></gpxtpx:TrackPointExtension></extensions></trkpt>
      <trkpt lat="40.740201" lon="-74.009878"><ele>4</ele><time>2026-06-25T22:29:35.000Z</time><extensions><gpxtpx:TrackPointExtension><gpxtpx:hr>152</gpxtpx:hr></gpxtpx:TrackPointExtension></extensions></trkpt>
      <trkpt lat="40.740179" lon="-74.009888"><ele>4</ele><time>2026-06-25T22:29:36.000Z</time><extensions><gpxtpx:TrackPointExtension><gpxtpx:hr>152</gpxtpx:hr></gpxtpx:TrackPointExtension></extensions></trkpt>
      <trkpt lat="40.740157" lon="-74.009898"><ele>4.2</ele><time>2026-06-25T22:29:37.000Z</time><extensions><gpxtpx:TrackPointExtension><gpxtpx:hr>152</gpxtpx:hr></gpxtpx:TrackPointExtension></extensions></trkpt>
      <trkpt lat="40.740134" lon="-74.009907"><ele>4.2</ele><time>2026-06-25T22:29:38.000Z</time><extensions><gpxtpx:TrackPointExtension><gpxtpx:hr>152</gpxtpx:hr></gpxtpx:TrackPointExtension></extensions></trkpt>
      <trkpt lat="40.740112" lon="-74.009917"><ele>4.2</ele><time>2026-06-25T22:29:39.000Z</time><extensions><gpxtpx:TrackPointExtension><gpxtpx:hr>152</gpxtpx:hr></gpxtpx:TrackPointExtension></extensions></trkpt>
      <trkpt lat="40.740089" lon="-74.009929"><ele>4.2</ele><time>2026-06-25T22:29:40.000Z</time><extensions><gpxtpx:TrackPointExtension><gpxtpx:hr>153</gpxtpx:hr></gpxtpx:TrackPointExtension></extensions></trkpt>
      <trkpt lat="40.740066" lon="-74.00994"><ele>4.4</ele><time>2026-06-25T22:29:41.000Z</time><extensions><gpxtpx:TrackPointExtension><gpxtpx:hr>153</gpxtpx:hr></gpxtpx:TrackPointExtension></extensions></trkpt>
      <trkpt lat="40.740042" lon="-74.009949"><ele>4.4</ele><time>2026-06-25T22:29:42.000Z</time><extensions><gpxtpx:TrackPointExtension><gpxtpx:hr>153</gpxtpx:hr></gpxtpx:TrackPointExtension></extensions></trkpt>
      <trkpt lat="40.740018" lon="-74.009956"><ele>4.4</ele><time>2026-06-25T22:29:43.000Z</time><extensions><gpxtpx:TrackPointExtension><gpxtpx:hr>153</gpxtpx:hr></gpxtpx:TrackPointExtension></extensions></trkpt>
      <trkpt lat="40.739993" lon="-74.009963"><ele>4.4</ele><time>2026-06-25T22:29:44.000Z</time><extensions><gpxtpx:TrackPointExtension><gpxtpx:hr>153</gpxtpx:hr></gpxtpx:TrackPointExtension></extensions></trkpt>
      <trkpt lat="40.739967" lon="-74.009971"><ele>4.4</ele><time>2026-06-25T22:29:45.000Z</time><extensions><gpxtpx:TrackPointExtension><gpxtpx:hr>153</gpxtpx:hr></gpxtpx:TrackPointExtension></extensions></trkpt>
      <trkpt lat="40.739941" lon="-74.00998"><ele>4.4</ele><time>2026-06-25T22:29:46.000Z</time><extensions><gpxtpx:TrackPointExtension><gpxtpx:hr>153</gpxtpx:hr></gpxtpx:TrackPointExtension></extensions></trkpt>
      <trkpt lat="40.739915" lon="-74.00999"><ele>4.4</ele><time>2026-06-25T22:29:47.000Z</time><extensions><gpxtpx:TrackPointExtension><gpxtpx:hr>153</gpxtpx:hr></gpxtpx:TrackPointExtension></extensions></trkpt>
      <trkpt lat="40.739889" lon="-74.010001"><ele>4.4</ele><time>2026-06-25T22:29:48.000Z</time><extensions><gpxtpx:TrackPointExtension><gpxtpx:hr>153</gpxtpx:hr></gpxtpx:TrackPointExtension></extensions></trkpt>
      <trkpt lat="40.739861" lon="-74.010011"><ele>4.4</ele><time>2026-06-25T22:29:49.000Z</time><extensions><gpxtpx:TrackPointExtension><gpxtpx:hr>153</gpxtpx:hr></gpxtpx:TrackPointExtension></extensions></trkpt>
      <trkpt lat="40.739834" lon="-74.01002"><ele>4.4</ele><time>2026-06-25T22:29:50.000Z</time><extensions><gpxtpx:TrackPointExtension><gpxtpx:hr>152</gpxtpx:hr></gpxtpx:TrackPointExtension></extensions></trkpt>
      <trkpt lat="40.739808" lon="-74.01003"><ele>4.4</ele><time>2026-06-25T22:29:51.000Z</time><extensions><gpxtpx:TrackPointExtension><gpxtpx:hr>152</gpxtpx:hr></gpxtpx:TrackPointExtension></extensions></trkpt>
      <trkpt lat="40.739782" lon="-74.01004"><ele>4.4</ele><time>2026-06-25T22:29:52.000Z</time><extensions><gpxtpx:TrackPointExtension><gpxtpx:hr>152</gpxtpx:hr></gpxtpx:TrackPointExtension></extensions></trkpt>
      <trkpt lat="40.739757" lon="-74.01005"><ele>4.6</ele><time>2026-06-25T22:29:53.000Z</time><extensions><gpxtpx:TrackPointExtension><gpxtpx:hr>152</gpxtpx:hr></gpxtpx:TrackPointExtension></extensions></trkpt>
      <trkpt lat="40.739732" lon="-74.01006"><ele>4.6</ele><time>2026-06-25T22:29:54.000Z</time><extensions><gpxtpx:TrackPointExtension><gpxtpx:hr>152</gpxtpx:hr></gpxtpx:TrackPointExtension></extensions></trkpt>
      <trkpt lat="40.739708" lon="-74.010069"><ele>4.6</ele><time>2026-06-25T22:29:55.000Z</time><extensions><gpxtpx:TrackPointExtension><gpxtpx:hr>152</gpxtpx:hr></gpxtpx:TrackPointExtension></extensions></trkpt>
      <trkpt lat="40.739684" lon="-74.010077"><ele>4.6</ele><time>2026-06-25T22:29:56.000Z</time><extensions><gpxtpx:TrackPointExtension><gpxtpx:hr>152</gpxtpx:hr></gpxtpx:TrackPointExtension></extensions></trkpt>
      <trkpt lat="40.739661" lon="-74.010086"><ele>4.6</ele><time>2026-06-25T22:29:57.000Z</time><extensions><gpxtpx:TrackPointExtension><gpxtpx:hr>152</gpxtpx:hr></gpxtpx:TrackPointExtension></extensions></trkpt>
      <trkpt lat="40.739638" lon="-74.010095"><ele>4.6</ele><time>2026-06-25T22:29:58.000Z</time><extensions><gpxtpx:TrackPointExtension><gpxtpx:hr>150</gpxtpx:hr></gpxtpx:TrackPointExtension></extensions></trkpt>
      <trkpt lat="40.739615" lon="-74.010105"><ele>4.6</ele><time>2026-06-25T22:29:59.000Z</time><extensions><gpxtpx:TrackPointExtension><gpxtpx:hr>150</gpxtpx:hr></gpxtpx:TrackPointExtension></extensions></trkpt>
      <trkpt lat="40.739592" lon="-74.010117"><ele>4.6</ele><time>2026-06-25T22:30:00.000Z</time><extensions><gpxtpx:TrackPointExtension><gpxtpx:hr>150</gpxtpx:hr></gpxtpx:TrackPointExtension></extensions></trkpt>
      <trkpt lat="40.739568" lon="-74.010131"><ele>4.4</ele><time>2026-06-25T22:30:01.000Z</time><extensions><gpxtpx:TrackPointExtension><gpxtpx:hr>150</gpxtpx:hr></gpxtpx:TrackPointExtension></extensions></trkpt>
      <trkpt lat="40.739543" lon="-74.010145"><ele>4.4</ele><time>2026-06-25T22:30:02.000Z</time><extensions><gpxtpx:TrackPointExtension><gpxtpx:hr>150</gpxtpx:hr></gpxtpx:TrackPointExtension></extensions></trkpt>
      <trkpt lat="40.739518" lon="-74.01016"><ele>4.4</ele><time>2026-06-25T22:30:03.000Z</time><extensions><gpxtpx:TrackPointExtension><gpxtpx:hr>150</gpxtpx:hr></gpxtpx:TrackPointExtension></extensions></trkpt>
      <trkpt lat="40.739493" lon="-74.010173"><ele>4.2</ele><time>2026-06-25T22:30:04.000Z</time><extensions><gpxtpx:TrackPointExtension><gpxtpx:hr>151</gpxtpx:hr></gpxtpx:TrackPointExtension></extensions></trkpt>
      <trkpt lat="40.73947" lon="-74.010186"><ele>4.2</ele><time>2026-06-25T22:30:05.000Z</time><extensions><gpxtpx:TrackPointExtension><gpxtpx:hr>151</gpxtpx:hr></gpxtpx:TrackPointExtension></extensions></trkpt>
      <trkpt lat="40.739446" lon="-74.010199"><ele>4</ele><time>2026-06-25T22:30:06.000Z</time><extensions><gpxtpx:TrackPointExtension><gpxtpx:hr>151</gpxtpx:hr></gpxtpx:TrackPointExtension></extensions></trkpt>
      <trkpt lat="40.739423" lon="-74.010212"><ele>4</ele><time>2026-06-25T22:30:07.000Z</time><extensions><gpxtpx:TrackPointExtension><gpxtpx:hr>151</gpxtpx:hr></gpxtpx:TrackPointExtension></extensions></trkpt>
      <trkpt lat="40.739398" lon="-74.010225"><ele>3.8</ele><time>2026-06-25T22:30:08.000Z</time><extensions><gpxtpx:TrackPointExtension><gpxtpx:hr>151</gpxtpx:hr></gpxtpx:TrackPointExtension></extensions></trkpt>
      <trkpt lat="40.739373" lon="-74.010236"><ele>3.8</ele><time>2026-06-25T22:30:09.000Z</time><extensions><gpxtpx:TrackPointExtension><gpxtpx:hr>151</gpxtpx:hr></gpxtpx:TrackPointExtension></extensions></trkpt>
      <trkpt lat="40.739349" lon="-74.010243"><ele>3.6</ele><time>2026-06-25T22:30:10.000Z</time><extensions><gpxtpx:TrackPointExtension><gpxtpx:hr>151</gpxtpx:hr></gpxtpx:TrackPointExtension></extensions></trkpt>
      <trkpt lat="40.739324" lon="-74.010249"><ele>3.6</ele><time>2026-06-25T22:30:11.000Z</time><extensions><gpxtpx:TrackPointExtension><gpxtpx:hr>151</gpxtpx:hr></gpxtpx:TrackPointExtension></extensions></trkpt>
      <trkpt lat="40.7393" lon="-74.010254"><ele>3.6</ele><time>2026-06-25T22:30:12.000Z</time><extensions><gpxtpx:TrackPointExtension><gpxtpx:hr>149</gpxtpx:hr></gpxtpx:TrackPointExtension></extensions></trkpt>
      <trkpt lat="40.739276" lon="-74.010261"><ele>3.6</ele><time>2026-06-25T22:30:13.000Z</time><extensions><gpxtpx:TrackPointExtension><gpxtpx:hr>149</gpxtpx:hr></gpxtpx:TrackPointExtension></extensions></trkpt>
      <trkpt lat="40.739253" lon="-74.010269"><ele>3.6</ele><time>2026-06-25T22:30:14.000Z</time><extensions><gpxtpx:TrackPointExtension><gpxtpx:hr>149</gpxtpx:hr></gpxtpx:TrackPointExtension></extensions></trkpt>
      <trkpt lat="40.739229" lon="-74.010278"><ele>3.4</ele><time>2026-06-25T22:30:15.000Z</time><extensions><gpxtpx:TrackPointExtension><gpxtpx:hr>149</gpxtpx:hr></gpxtpx:TrackPointExtension></extensions></trkpt>
      <trkpt lat="40.739204" lon="-74.010288"><ele>3.4</ele><time>2026-06-25T22:30:16.000Z</time><extensions><gpxtpx:TrackPointExtension><gpxtpx:hr>149</gpxtpx:hr></gpxtpx:TrackPointExtension></extensions></trkpt>
      <trkpt lat="40.739177" lon="-74.0103"><ele>3.4</ele><time>2026-06-25T22:30:17.000Z</time><extensions><gpxtpx:TrackPointExtension><gpxtpx:hr>149</gpxtpx:hr></gpxtpx:TrackPointExtension></extensions></trkpt>
      <trkpt lat="40.73915" lon="-74.010311"><ele>3.4</ele><time>2026-06-25T22:30:18.000Z</time><extensions><gpxtpx:TrackPointExtension><gpxtpx:hr>150</gpxtpx:hr></gpxtpx:TrackPointExtension></extensions></trkpt>
      <trkpt lat="40.739124" lon="-74.010319"><ele>3.4</ele><time>2026-06-25T22:30:19.000Z</time><extensions><gpxtpx:TrackPointExtension><gpxtpx:hr>150</gpxtpx:hr></gpxtpx:TrackPointExtension></extensions></trkpt>
      <trkpt lat="40.739102" lon="-74.010322"><ele>3.2</ele><time>2026-06-25T22:30:20.000Z</time><extensions><gpxtpx:TrackPointExtension><gpxtpx:hr>150</gpxtpx:hr></gpxtpx:TrackPointExtension></extensions></trkpt>
      <trkpt lat="40.739082" lon="-74.01032"><ele>3.2</ele><time>2026-06-25T22:30:21.000Z</time><extensions><gpxtpx:TrackPointExtension><gpxtpx:hr>150</gpxtpx:hr></gpxtpx:TrackPointExtension></extensions></trkpt>
      <trkpt lat="40.739063" lon="-74.010317"><ele>3.2</ele><time>2026-06-25T22:30:22.000Z</time><extensions><gpxtpx:TrackPointExtension><gpxtpx:hr>150</gpxtpx:hr></gpxtpx:TrackPointExtension></extensions></trkpt>
      <trkpt lat="40.739045" lon="-74.010315"><ele>3.2</ele><time>2026-06-25T22:30:23.000Z</time><extensions><gpxtpx:TrackPointExtension><gpxtpx:hr>150</gpxtpx:hr></gpxtpx:TrackPointExtension></extensions></trkpt>
      <trkpt lat="40.739026" lon="-74.010315"><ele>3.2</ele><time>2026-06-25T22:30:24.000Z</time><extensions><gpxtpx:TrackPointExtension><gpxtpx:hr>150</gpxtpx:hr></gpxtpx:TrackPointExtension></extensions></trkpt>
      <trkpt lat="40.739005" lon="-74.010318"><ele>3.2</ele><time>2026-06-25T22:30:25.000Z</time><extensions><gpxtpx:TrackPointExtension><gpxtpx:hr>150</gpxtpx:hr></gpxtpx:TrackPointExtension></extensions></trkpt>
      <trkpt lat="40.738981" lon="-74.010325"><ele>3.2</ele><time>2026-06-25T22:30:26.000Z</time><extensions><gpxtpx:TrackPointExtension><gpxtpx:hr>150</gpxtpx:hr></gpxtpx:TrackPointExtension></extensions></trkpt>
      <trkpt lat="40.738958" lon="-74.010334"><ele>3</ele><time>2026-06-25T22:30:27.000Z</time><extensions><gpxtpx:TrackPointExtension><gpxtpx:hr>150</gpxtpx:hr></gpxtpx:TrackPointExtension></extensions></trkpt>
      <trkpt lat="40.738935" lon="-74.010341"><ele>3</ele><time>2026-06-25T22:30:28.000Z</time><extensions><gpxtpx:TrackPointExtension><gpxtpx:hr>150</gpxtpx:hr></gpxtpx:TrackPointExtension></extensions></trkpt>
      <trkpt lat="40.738914" lon="-74.010345"><ele>3</ele><time>2026-06-25T22:30:29.000Z</time><extensions><gpxtpx:TrackPointExtension><gpxtpx:hr>150</gpxtpx:hr></gpxtpx:TrackPointExtension></extensions></trkpt>
      <trkpt lat="40.738892" lon="-74.010347"><ele>3</ele><time>2026-06-25T22:30:30.000Z</time><extensions><gpxtpx:TrackPointExtension><gpxtpx:hr>150</gpxtpx:hr></gpxtpx:TrackPointExtension></extensions></trkpt>
      <trkpt lat="40.738871" lon="-74.010348"><ele>3</ele><time>2026-06-25T22:30:31.000Z</time><extensions><gpxtpx:TrackPointExtension><gpxtpx:hr>150</gpxtpx:hr></gpxtpx:TrackPointExtension></extensions></trkpt>
      <trkpt lat="40.738849" lon="-74.010347"><ele>3</ele><time>2026-06-25T22:30:32.000Z</time><extensions><gpxtpx:TrackPointExtension><gpxtpx:hr>151</gpxtpx:hr></gpxtpx:TrackPointExtension></extensions></trkpt>
      <trkpt lat="40.738826" lon="-74.010346"><ele>3</ele><time>2026-06-25T22:30:33.000Z</time><extensions><gpxtpx:TrackPointExtension><gpxtpx:hr>151</gpxtpx:hr></gpxtpx:TrackPointExtension></extensions></trkpt>
      <trkpt lat="40.738803" lon="-74.010345"><ele>3</ele><time>2026-06-25T22:30:34.000Z</time><extensions><gpxtpx:TrackPointExtension><gpxtpx:hr>151</gpxtpx:hr></gpxtpx:TrackPointExtension></extensions></trkpt>
      <trkpt lat="40.738779" lon="-74.010347"><ele>3</ele><time>2026-06-25T22:30:35.000Z</time><extensions><gpxtpx:TrackPointExtension><gpxtpx:hr>152</gpxtpx:hr></gpxtpx:TrackPointExtension></extensions></trkpt>
      <trkpt lat="40.738753" lon="-74.010352"><ele>3</ele><time>2026-06-25T22:30:36.000Z</time><extensions><gpxtpx:TrackPointExtension><gpxtpx:hr>152</gpxtpx:hr></gpxtpx:TrackPointExtension></extensions></trkpt>
      <trkpt lat="40.738728" lon="-74.010356"><ele>3</ele><time>2026-06-25T22:30:37.000Z</time><extensions><gpxtpx:TrackPointExtension><gpxtpx:hr>152</gpxtpx:hr></gpxtpx:TrackPointExtension></extensions></trkpt>
      <trkpt lat="40.738704" lon="-74.010359"><ele>3</ele><time>2026-06-25T22:30:38.000Z</time><extensions><gpxtpx:TrackPointExtension><gpxtpx:hr>152</gpxtpx:hr></gpxtpx:TrackPointExtension></extensions></trkpt>
      <trkpt lat="40.738681" lon="-74.01036"><ele>3</ele><time>2026-06-25T22:30:39.000Z</time><extensions><gpxtpx:TrackPointExtension><gpxtpx:hr>152</gpxtpx:hr></gpxtpx:TrackPointExtension></extensions></trkpt>
      <trkpt lat="40.738659" lon="-74.010361"><ele>3</ele><time>2026-06-25T22:30:40.000Z</time><extensions><gpxtpx:TrackPointExtension><gpxtpx:hr>152</gpxtpx:hr></gpxtpx:TrackPointExtension></extensions></trkpt>
      <trkpt lat="40.738637" lon="-74.010362"><ele>3</ele><time>2026-06-25T22:30:41.000Z</time><extensions><gpxtpx:TrackPointExtension><gpxtpx:hr>152</gpxtpx:hr></gpxtpx:TrackPointExtension></extensions></trkpt>
      <trkpt lat="40.738616" lon="-74.010362"><ele>3</ele><time>2026-06-25T22:30:42.000Z</time><extensions><gpxtpx:TrackPointExtension><gpxtpx:hr>156</gpxtpx:hr></gpxtpx:TrackPointExtension></extensions></trkpt>
      <trkpt lat="40.738594" lon="-74.010363"><ele>3</ele><time>2026-06-25T22:30:43.000Z</time><extensions><gpxtpx:TrackPointExtension><gpxtpx:hr>156</gpxtpx:hr></gpxtpx:TrackPointExtension></extensions></trkpt>
      <trkpt lat="40.738572" lon="-74.010365"><ele>3</ele><time>2026-06-25T22:30:44.000Z</time><extensions><gpxtpx:TrackPointExtension><gpxtpx:hr>156</gpxtpx:hr></gpxtpx:TrackPointExtension></extensions></trkpt>
      <trkpt lat="40.738549" lon="-74.010367"><ele>3</ele><time>2026-06-25T22:30:45.000Z</time><extensions><gpxtpx:TrackPointExtension><gpxtpx:hr>156</gpxtpx:hr></gpxtpx:TrackPointExtension></extensions></trkpt>
      <trkpt lat="40.738526" lon="-74.010369"><ele>3.2</ele><time>2026-06-25T22:30:46.000Z</time><extensions><gpxtpx:TrackPointExtension><gpxtpx:hr>156</gpxtpx:hr></gpxtpx:TrackPointExtension></extensions></trkpt>
      <trkpt lat="40.738503" lon="-74.010372"><ele>3.2</ele><time>2026-06-25T22:30:47.000Z</time><extensions><gpxtpx:TrackPointExtension><gpxtpx:hr>156</gpxtpx:hr></gpxtpx:TrackPointExtension></extensions></trkpt>
      <trkpt lat="40.738479" lon="-74.010373"><ele>3.2</ele><time>2026-06-25T22:30:48.000Z</time><extensions><gpxtpx:TrackPointExtension><gpxtpx:hr>156</gpxtpx:hr></gpxtpx:TrackPointExtension></extensions></trkpt>
      <trkpt lat="40.738454" lon="-74.010373"><ele>3.2</ele><time>2026-06-25T22:30:49.000Z</time><extensions><gpxtpx:TrackPointExtension><gpxtpx:hr>155</gpxtpx:hr></gpxtpx:TrackPointExtension></extensions></trkpt>
      <trkpt lat="40.738429" lon="-74.010373"><ele>3.4</ele><time>2026-06-25T22:30:50.000Z</time><extensions><gpxtpx:TrackPointExtension><gpxtpx:hr>155</gpxtpx:hr></gpxtpx:TrackPointExtension></extensions></trkpt>
      <trkpt lat="40.738404" lon="-74.010375"><ele>3.4</ele><time>2026-06-25T22:30:51.000Z</time><extensions><gpxtpx:TrackPointExtension><gpxtpx:hr>155</gpxtpx:hr></gpxtpx:TrackPointExtension></extensions></trkpt>
      <trkpt lat="40.738379" lon="-74.010377"><ele>3.4</ele><time>2026-06-25T22:30:52.000Z</time><extensions><gpxtpx:TrackPointExtension><gpxtpx:hr>155</gpxtpx:hr></gpxtpx:TrackPointExtension></extensions></trkpt>
      <trkpt lat="40.738354" lon="-74.010381"><ele>3.4</ele><time>2026-06-25T22:30:53.000Z</time><extensions><gpxtpx:TrackPointExtension><gpxtpx:hr>155</gpxtpx:hr></gpxtpx:TrackPointExtension></extensions></trkpt>
      <trkpt lat="40.738328" lon="-74.010382"><ele>3.6</ele><time>2026-06-25T22:30:54.000Z</time><extensions><gpxtpx:TrackPointExtension><gpxtpx:hr>154</gpxtpx:hr></gpxtpx:TrackPointExtension></extensions></trkpt>
      <trkpt lat="40.738304" lon="-74.010381"><ele>3.6</ele><time>2026-06-25T22:30:55.000Z</time><extensions><gpxtpx:TrackPointExtension><gpxtpx:hr>154</gpxtpx:hr></gpxtpx:TrackPointExtension></extensions></trkpt>
      <trkpt lat="40.738279" lon="-74.010378"><ele>3.6</ele><time>2026-06-25T22:30:56.000Z</time><extensions><gpxtpx:TrackPointExtension><gpxtpx:hr>154</gpxtpx:hr></gpxtpx:TrackPointExtension></extensions></trkpt>
      <trkpt lat="40.738254" lon="-74.010374"><ele>3.6</ele><time>2026-06-25T22:30:57.000Z</time><extensions><gpxtpx:TrackPointExtension><gpxtpx:hr>154</gpxtpx:hr></gpxtpx:TrackPointExtension></extensions></trkpt>
      <trkpt lat="40.738229" lon="-74.010371"><ele>3.6</ele><time>2026-06-25T22:30:58.000Z</time><extensions><gpxtpx:TrackPointExtension><gpxtpx:hr>154</gpxtpx:hr></gpxtpx:TrackPointExtension></extensions></trkpt>
      <trkpt lat="40.738203" lon="-74.010368"><ele>3.6</ele><time>2026-06-25T22:30:59.000Z</time><extensions><gpxtpx:TrackPointExtension><gpxtpx:hr>154</gpxtpx:hr></gpxtpx:TrackPointExtension></extensions></trkpt>
      <trkpt lat="40.738178" lon="-74.010367"><ele>3.6</ele><time>2026-06-25T22:31:00.000Z</time><extensions><gpxtpx:TrackPointExtension><gpxtpx:hr>154</gpxtpx:hr></gpxtpx:TrackPointExtension></extensions></trkpt>
      <trkpt lat="40.738153" lon="-74.010368"><ele>3.6</ele><time>2026-06-25T22:31:01.000Z</time><extensions><gpxtpx:TrackPointExtension><gpxtpx:hr>154</gpxtpx:hr></gpxtpx:TrackPointExtension></extensions></trkpt>
      <trkpt lat="40.738129" lon="-74.010371"><ele>3.6</ele><time>2026-06-25T22:31:02.000Z</time><extensions><gpxtpx:TrackPointExtension><gpxtpx:hr>154</gpxtpx:hr></gpxtpx:TrackPointExtension></extensions></trkpt>
      <trkpt lat="40.738107" lon="-74.010376"><ele>3.6</ele><time>2026-06-25T22:31:03.000Z</time><extensions><gpxtpx:TrackPointExtension><gpxtpx:hr>154</gpxtpx:hr></gpxtpx:TrackPointExtension></extensions></trkpt>
      <trkpt lat="40.738085" lon="-74.010383"><ele>3.6</ele><time>2026-06-25T22:31:04.000Z</time><extensions><gpxtpx:TrackPointExtension><gpxtpx:hr>154</gpxtpx:hr></gpxtpx:TrackPointExtension></extensions></trkpt>
      <trkpt lat="40.738063" lon="-74.01039"><ele>3.6</ele><time>2026-06-25T22:31:05.000Z</time><extensions><gpxtpx:TrackPointExtension><gpxtpx:hr>154</gpxtpx:hr></gpxtpx:TrackPointExtension></extensions></trkpt>
      <trkpt lat="40.738041" lon="-74.010396"><ele>3.6</ele><time>2026-06-25T22:31:06.000Z</time><extensions><gpxtpx:TrackPointExtension><gpxtpx:hr>154</gpxtpx:hr></gpxtpx:TrackPointExtension></extensions></trkpt>
      <trkpt lat="40.73802" lon="-74.010402"><ele>3.6</ele><time>2026-06-25T22:31:07.000Z</time><extensions><gpxtpx:TrackPointExtension><gpxtpx:hr>154</gpxtpx:hr></gpxtpx:TrackPointExtension></extensions></trkpt>
      <trkpt lat="40.737999" lon="-74.010408"><ele>3.6</ele><time>2026-06-25T22:31:08.000Z</time><extensions><gpxtpx:TrackPointExtension><gpxtpx:hr>154</gpxtpx:hr></gpxtpx:TrackPointExtension></extensions></trkpt>
      <trkpt lat="40.737977" lon="-74.010414"><ele>3.6</ele><time>2026-06-25T22:31:09.000Z</time><extensions><gpxtpx:TrackPointExtension><gpxtpx:hr>154</gpxtpx:hr></gpxtpx:TrackPointExtension></extensions></trkpt>
      <trkpt lat="40.737955" lon="-74.010418"><ele>3.6</ele><time>2026-06-25T22:31:10.000Z</time><extensions><gpxtpx:TrackPointExtension><gpxtpx:hr>154</gpxtpx:hr></gpxtpx:TrackPointExtension></extensions></trkpt>
      <trkpt lat="40.737932" lon="-74.010422"><ele>3.6</ele><time>2026-06-25T22:31:11.000Z</time><extensions><gpxtpx:TrackPointExtension><gpxtpx:hr>154</gpxtpx:hr></gpxtpx:TrackPointExtension></extensions></trkpt>
      <trkpt lat="40.737909" lon="-74.010424"><ele>3.6</ele><time>2026-06-25T22:31:12.000Z</time><extensions><gpxtpx:TrackPointExtension><gpxtpx:hr>154</gpxtpx:hr></gpxtpx:TrackPointExtension></extensions></trkpt>
      <trkpt lat="40.737887" lon="-74.010425"><ele>3.6</ele><time>2026-06-25T22:31:13.000Z</time><extensions><gpxtpx:TrackPointExtension><gpxtpx:hr>154</gpxtpx:hr></gpxtpx:TrackPointExtension></extensions></trkpt>
      <trkpt lat="40.737865" lon="-74.010427"><ele>3.6</ele><time>2026-06-25T22:31:14.000Z</time><extensions><gpxtpx:TrackPointExtension><gpxtpx:hr>154</gpxtpx:hr></gpxtpx:TrackPointExtension></extensions></trkpt>
      <trkpt lat="40.737843" lon="-74.010429"><ele>3.4</ele><time>2026-06-25T22:31:15.000Z</time><extensions><gpxtpx:TrackPointExtension><gpxtpx:hr>154</gpxtpx:hr></gpxtpx:TrackPointExtension></extensions></trkpt>
      <trkpt lat="40.737822" lon="-74.010431"><ele>3.4</ele><time>2026-06-25T22:31:16.000Z</time><extensions><gpxtpx:TrackPointExtension><gpxtpx:hr>154</gpxtpx:hr></gpxtpx:TrackPointExtension></extensions></trkpt>
      <trkpt lat="40.7378" lon="-74.010433"><ele>3.4</ele><time>2026-06-25T22:31:17.000Z</time><extensions><gpxtpx:TrackPointExtension><gpxtpx:hr>154</gpxtpx:hr></gpxtpx:TrackPointExtension></extensions></trkpt>
      <trkpt lat="40.737778" lon="-74.010436"><ele>3.4</ele><time>2026-06-25T22:31:18.000Z</time><extensions><gpxtpx:TrackPointExtension><gpxtpx:hr>154</gpxtpx:hr></gpxtpx:TrackPointExtension></extensions></trkpt>
      <trkpt lat="40.737756" lon="-74.010438"><ele>3.4</ele><time>2026-06-25T22:31:19.000Z</time><extensions><gpxtpx:TrackPointExtension><gpxtpx:hr>154</gpxtpx:hr></gpxtpx:TrackPointExtension></extensions></trkpt>
      <trkpt lat="40.737733" lon="-74.01044"><ele>3.4</ele><time>2026-06-25T22:31:20.000Z</time><extensions><gpxtpx:TrackPointExtension><gpxtpx:hr>154</gpxtpx:hr></gpxtpx:TrackPointExtension></extensions></trkpt>
      <trkpt lat="40.737709" lon="-74.010442"><ele>3.4</ele><time>2026-06-25T22:31:21.000Z</time><extensions><gpxtpx:TrackPointExtension><gpxtpx:hr>154</gpxtpx:hr></gpxtpx:TrackPointExtension></extensions></trkpt>
      <trkpt lat="40.737687" lon="-74.010442"><ele>3.4</ele><time>2026-06-25T22:31:22.000Z</time><extensions><gpxtpx:TrackPointExtension><gpxtpx:hr>155</gpxtpx:hr></gpxtpx:TrackPointExtension></extensions></trkpt>
      <trkpt lat="40.737664" lon="-74.010442"><ele>3.4</ele><time>2026-06-25T22:31:23.000Z</time><extensions><gpxtpx:TrackPointExtension><gpxtpx:hr>154</gpxtpx:hr></gpxtpx:TrackPointExtension></extensions></trkpt>
      <trkpt lat="40.73764" lon="-74.010441"><ele>3.4</ele><time>2026-06-25T22:31:24.000Z</time><extensions><gpxtpx:TrackPointExtension><gpxtpx:hr>154</gpxtpx:hr></gpxtpx:TrackPointExtension></extensions></trkpt>
      <trkpt lat="40.737615" lon="-74.010441"><ele>3.2</ele><time>2026-06-25T22:31:25.000Z</time><extensions><gpxtpx:TrackPointExtension><gpxtpx:hr>154</gpxtpx:hr></gpxtpx:TrackPointExtension></extensions></trkpt>
      <trkpt lat="40.73759" lon="-74.010444"><ele>3.2</ele><time>2026-06-25T22:31:26.000Z</time><extensions><gpxtpx:TrackPointExtension><gpxtpx:hr>154</gpxtpx:hr></gpxtpx:TrackPointExtension></extensions></trkpt>
      <trkpt lat="40.737565" lon="-74.010449"><ele>3.2</ele><time>2026-06-25T22:31:27.000Z</time><extensions><gpxtpx:TrackPointExtension><gpxtpx:hr>154</gpxtpx:hr></gpxtpx:TrackPointExtension></extensions></trkpt>
      <trkpt lat="40.73754" lon="-74.010454"><ele>3.2</ele><time>2026-06-25T22:31:28.000Z</time><extensions><gpxtpx:TrackPointExtension><gpxtpx:hr>154</gpxtpx:hr></gpxtpx:TrackPointExtension></extensions></trkpt>
      <trkpt lat="40.737516" lon="-74.010458"><ele>3</ele><time>2026-06-25T22:31:29.000Z</time><extensions><gpxtpx:TrackPointExtension><gpxtpx:hr>154</gpxtpx:hr></gpxtpx:TrackPointExtension></extensions></trkpt>
      <trkpt lat="40.737493" lon="-74.010461"><ele>3</ele><time>2026-06-25T22:31:30.000Z</time><extensions><gpxtpx:TrackPointExtension><gpxtpx:hr>154</gpxtpx:hr></gpxtpx:TrackPointExtension></extensions></trkpt>
      <trkpt lat="40.737469" lon="-74.010464"><ele>3</ele><time>2026-06-25T22:31:31.000Z</time><extensions><gpxtpx:TrackPointExtension><gpxtpx:hr>154</gpxtpx:hr></gpxtpx:TrackPointExtension></extensions></trkpt>
      <trkpt lat="40.737447" lon="-74.010465"><ele>2.8</ele><time>2026-06-25T22:31:32.000Z</time><extensions><gpxtpx:TrackPointExtension><gpxtpx:hr>154</gpxtpx:hr></gpxtpx:TrackPointExtension></extensions></trkpt>
      <trkpt lat="40.737424" lon="-74.010467"><ele>2.8</ele><time>2026-06-25T22:31:33.000Z</time><extensions><gpxtpx:TrackPointExtension><gpxtpx:hr>154</gpxtpx:hr></gpxtpx:TrackPointExtension></extensions></trkpt>
      <trkpt lat="40.737401" lon="-74.010471"><ele>2.8</ele><time>2026-06-25T22:31:34.000Z</time><extensions><gpxtpx:TrackPointExtension><gpxtpx:hr>154</gpxtpx:hr></gpxtpx:TrackPointExtension></extensions></trkpt>
      <trkpt lat="40.737378" lon="-74.010476"><ele>2.8</ele><time>2026-06-25T22:31:35.000Z</time><extensions><gpxtpx:TrackPointExtension><gpxtpx:hr>154</gpxtpx:hr></gpxtpx:TrackPointExtension></extensions></trkpt>
      <trkpt lat="40.737356" lon="-74.010481"><ele>2.8</ele><time>2026-06-25T22:31:36.000Z</time><extensions><gpxtpx:TrackPointExtension><gpxtpx:hr>154</gpxtpx:hr></gpxtpx:TrackPointExtension></extensions></trkpt>
      <trkpt lat="40.737333" lon="-74.010487"><ele>3</ele><time>2026-06-25T22:31:37.000Z</time><extensions><gpxtpx:TrackPointExtension><gpxtpx:hr>153</gpxtpx:hr></gpxtpx:TrackPointExtension></extensions></trkpt>
      <trkpt lat="40.73731" lon="-74.010492"><ele>3</ele><time>2026-06-25T22:31:38.000Z</time><extensions><gpxtpx:TrackPointExtension><gpxtpx:hr>153</gpxtpx:hr></gpxtpx:TrackPointExtension></extensions></trkpt>
      <trkpt lat="40.737288" lon="-74.010495"><ele>3</ele><time>2026-06-25T22:31:39.000Z</time><extensions><gpxtpx:TrackPointExtension><gpxtpx:hr>153</gpxtpx:hr></gpxtpx:TrackPointExtension></extensions></trkpt>
      <trkpt lat="40.737265" lon="-74.010498"><ele>3</ele><time>2026-06-25T22:31:40.000Z</time><extensions><gpxtpx:TrackPointExtension><gpxtpx:hr>153</gpxtpx:hr></gpxtpx:TrackPointExtension></extensions></trkpt>
      <trkpt lat="40.737242" lon="-74.010501"><ele>3</ele><time>2026-06-25T22:31:41.000Z</time><extensions><gpxtpx:TrackPointExtension><gpxtpx:hr>153</gpxtpx:hr></gpxtpx:TrackPointExtension></extensions></trkpt>
      <trkpt lat="40.737218" lon="-74.010503"><ele>3</ele><time>2026-06-25T22:31:42.000Z</time><extensions><gpxtpx:TrackPointExtension><gpxtpx:hr>153</gpxtpx:hr></gpxtpx:TrackPointExtension></extensions></trkpt>
      <trkpt lat="40.737194" lon="-74.010505"><ele>3</ele><time>2026-06-25T22:31:43.000Z</time><extensions><gpxtpx:TrackPointExtension><gpxtpx:hr>153</gpxtpx:hr></gpxtpx:TrackPointExtension></extensions></trkpt>
      <trkpt lat="40.737171" lon="-74.010505"><ele>3</ele><time>2026-06-25T22:31:44.000Z</time><extensions><gpxtpx:TrackPointExtension><gpxtpx:hr>153</gpxtpx:hr></gpxtpx:TrackPointExtension></extensions></trkpt>
      <trkpt lat="40.737147" lon="-74.010504"><ele>3</ele><time>2026-06-25T22:31:45.000Z</time><extensions><gpxtpx:TrackPointExtension><gpxtpx:hr>153</gpxtpx:hr></gpxtpx:TrackPointExtension></extensions></trkpt>
      <trkpt lat="40.737123" lon="-74.010504"><ele>3</ele><time>2026-06-25T22:31:46.000Z</time><extensions><gpxtpx:TrackPointExtension><gpxtpx:hr>152</gpxtpx:hr></gpxtpx:TrackPointExtension></extensions></trkpt>
      <trkpt lat="40.7371" lon="-74.010504"><ele>3</ele><time>2026-06-25T22:31:47.000Z</time><extensions><gpxtpx:TrackPointExtension><gpxtpx:hr>152</gpxtpx:hr></gpxtpx:TrackPointExtension></extensions></trkpt>
      <trkpt lat="40.737076" lon="-74.010505"><ele>3</ele><time>2026-06-25T22:31:48.000Z</time><extensions><gpxtpx:TrackPointExtension><gpxtpx:hr>153</gpxtpx:hr></gpxtpx:TrackPointExtension></extensions></trkpt>
      <trkpt lat="40.737053" lon="-74.010506"><ele>3</ele><time>2026-06-25T22:31:49.000Z</time><extensions><gpxtpx:TrackPointExtension><gpxtpx:hr>153</gpxtpx:hr></gpxtpx:TrackPointExtension></extensions></trkpt>
      <trkpt lat="40.737031" lon="-74.010507"><ele>3</ele><time>2026-06-25T22:31:50.000Z</time><extensions><gpxtpx:TrackPointExtension><gpxtpx:hr>153</gpxtpx:hr></gpxtpx:TrackPointExtension></extensions></trkpt>
      <trkpt lat="40.737007" lon="-74.010508"><ele>3</ele><time>2026-06-25T22:31:51.000Z</time><extensions><gpxtpx:TrackPointExtension><gpxtpx:hr>153</gpxtpx:hr></gpxtpx:TrackPointExtension></extensions></trkpt>
      <trkpt lat="40.736983" lon="-74.010507"><ele>3</ele><time>2026-06-25T22:31:52.000Z</time><extensions><gpxtpx:TrackPointExtension><gpxtpx:hr>153</gpxtpx:hr></gpxtpx:TrackPointExtension></extensions></trkpt>
      <trkpt lat="40.736958" lon="-74.010506"><ele>2.8</ele><time>2026-06-25T22:31:53.000Z</time><extensions><gpxtpx:TrackPointExtension><gpxtpx:hr>153</gpxtpx:hr></gpxtpx:TrackPointExtension></extensions></trkpt>
      <trkpt lat="40.736934" lon="-74.010505"><ele>2.8</ele><time>2026-06-25T22:31:54.000Z</time><extensions><gpxtpx:TrackPointExtension><gpxtpx:hr>153</gpxtpx:hr></gpxtpx:TrackPointExtension></extensions></trkpt>
      <trkpt lat="40.736911" lon="-74.010504"><ele>2.8</ele><time>2026-06-25T22:31:55.000Z</time><extensions><gpxtpx:TrackPointExtension><gpxtpx:hr>154</gpxtpx:hr></gpxtpx:TrackPointExtension></extensions></trkpt>
      <trkpt lat="40.736889" lon="-74.010502"><ele>2.8</ele><time>2026-06-25T22:31:56.000Z</time><extensions><gpxtpx:TrackPointExtension><gpxtpx:hr>154</gpxtpx:hr></gpxtpx:TrackPointExtension></extensions></trkpt>
      <trkpt lat="40.736867" lon="-74.0105"><ele>2.8</ele><time>2026-06-25T22:31:57.000Z</time><extensions><gpxtpx:TrackPointExtension><gpxtpx:hr>154</gpxtpx:hr></gpxtpx:TrackPointExtension></extensions></trkpt>
      <trkpt lat="40.736844" lon="-74.010499"><ele>2.8</ele><time>2026-06-25T22:31:58.000Z</time><extensions><gpxtpx:TrackPointExtension><gpxtpx:hr>154</gpxtpx:hr></gpxtpx:TrackPointExtension></extensions></trkpt>
      <trkpt lat="40.736821" lon="-74.0105"><ele>2.8</ele><time>2026-06-25T22:31:59.000Z</time><extensions><gpxtpx:TrackPointExtension><gpxtpx:hr>154</gpxtpx:hr></gpxtpx:TrackPointExtension></extensions></trkpt>
      <trkpt lat="40.736798" lon="-74.010503"><ele>2.8</ele><time>2026-06-25T22:32:00.000Z</time><extensions><gpxtpx:TrackPointExtension><gpxtpx:hr>154</gpxtpx:hr></gpxtpx:TrackPointExtension></extensions></trkpt>
      <trkpt lat="40.736775" lon="-74.010507"><ele>3</ele><time>2026-06-25T22:32:01.000Z</time><extensions><gpxtpx:TrackPointExtension><gpxtpx:hr>154</gpxtpx:hr></gpxtpx:TrackPointExtension></extensions></trkpt>
      <trkpt lat="40.736752" lon="-74.01051"><ele>3</ele><time>2026-06-25T22:32:02.000Z</time><extensions><gpxtpx:TrackPointExtension><gpxtpx:hr>154</gpxtpx:hr></gpxtpx:TrackPointExtension></extensions></trkpt>
      <trkpt lat="40.736729" lon="-74.010512"><ele>3</ele><time>2026-06-25T22:32:03.000Z</time><extensions><gpxtpx:TrackPointExtension><gpxtpx:hr>154</gpxtpx:hr></gpxtpx:TrackPointExtension></extensions></trkpt>
      <trkpt lat="40.736706" lon="-74.010513"><ele>3.2</ele><time>2026-06-25T22:32:04.000Z</time><extensions><gpxtpx:TrackPointExtension><gpxtpx:hr>152</gpxtpx:hr></gpxtpx:TrackPointExtension></extensions></trkpt>
      <trkpt lat="40.736684" lon="-74.010514"><ele>3.2</ele><time>2026-06-25T22:32:05.000Z</time><extensions><gpxtpx:TrackPointExtension><gpxtpx:hr>152</gpxtpx:hr></gpxtpx:TrackPointExtension></extensions></trkpt>
      <trkpt lat="40.73666" lon="-74.010515"><ele>3.2</ele><time>2026-06-25T22:32:06.000Z</time><extensions><gpxtpx:TrackPointExtension><gpxtpx:hr>152</gpxtpx:hr></gpxtpx:TrackPointExtension></extensions></trkpt>
      <trkpt lat="40.736636" lon="-74.010517"><ele>3.2</ele><time>2026-06-25T22:32:07.000Z</time><extensions><gpxtpx:TrackPointExtension><gpxtpx:hr>152</gpxtpx:hr></gpxtpx:TrackPointExtension></extensions></trkpt>
      <trkpt lat="40.736613" lon="-74.010521"><ele>3.4</ele><time>2026-06-25T22:32:08.000Z</time><extensions><gpxtpx:TrackPointExtension><gpxtpx:hr>152</gpxtpx:hr></gpxtpx:TrackPointExtension></extensions></trkpt>
      <trkpt lat="40.73659" lon="-74.010526"><ele>3.4</ele><time>2026-06-25T22:32:09.000Z</time><extensions><gpxtpx:TrackPointExtension><gpxtpx:hr>152</gpxtpx:hr></gpxtpx:TrackPointExtension></extensions></trkpt>
      <trkpt lat="40.736567" lon="-74.010532"><ele>3.4</ele><time>2026-06-25T22:32:10.000Z</time><extensions><gpxtpx:TrackPointExtension><gpxtpx:hr>151</gpxtpx:hr></gpxtpx:TrackPointExtension></extensions></trkpt>
      <trkpt lat="40.736543" lon="-74.010539"><ele>3.6</ele><time>2026-06-25T22:32:11.000Z</time><extensions><gpxtpx:TrackPointExtension><gpxtpx:hr>151</gpxtpx:hr></gpxtpx:TrackPointExtension></extensions></trkpt>
      <trkpt lat="40.736518" lon="-74.010545"><ele>3.6</ele><time>2026-06-25T22:32:12.000Z</time><extensions><gpxtpx:TrackPointExtension><gpxtpx:hr>151</gpxtpx:hr></gpxtpx:TrackPointExtension></extensions></trkpt>
      <trkpt lat="40.736493" lon="-74.01055"><ele>3.6</ele><time>2026-06-25T22:32:13.000Z</time><extensions><gpxtpx:TrackPointExtension><gpxtpx:hr>151</gpxtpx:hr></gpxtpx:TrackPointExtension></extensions></trkpt>
      <trkpt lat="40.736469" lon="-74.010554"><ele>3.6</ele><time>2026-06-25T22:32:14.000Z</time><extensions><gpxtpx:TrackPointExtension><gpxtpx:hr>151</gpxtpx:hr></gpxtpx:TrackPointExtension></extensions></trkpt>
      <trkpt lat="40.736446" lon="-74.010558"><ele>3.8</ele><time>2026-06-25T22:32:15.000Z</time><extensions><gpxtpx:TrackPointExtension><gpxtpx:hr>151</gpxtpx:hr></gpxtpx:TrackPointExtension></extensions></trkpt>
      <trkpt lat="40.736424" lon="-74.01056"><ele>3.8</ele><time>2026-06-25T22:32:16.000Z</time><extensions><gpxtpx:TrackPointExtension><gpxtpx:hr>151</gpxtpx:hr></gpxtpx:TrackPointExtension></extensions></trkpt>
      <trkpt lat="40.736402" lon="-74.010561"><ele>3.8</ele><time>2026-06-25T22:32:17.000Z</time><extensions><gpxtpx:TrackPointExtension><gpxtpx:hr>152</gpxtpx:hr></gpxtpx:TrackPointExtension></extensions></trkpt>
      <trkpt lat="40.736379" lon="-74.01056"><ele>3.8</ele><time>2026-06-25T22:32:18.000Z</time><extensions><gpxtpx:TrackPointExtension><gpxtpx:hr>152</gpxtpx:hr></gpxtpx:TrackPointExtension></extensions></trkpt>
      <trkpt lat="40.736357" lon="-74.010557"><ele>3.8</ele><time>2026-06-25T22:32:19.000Z</time><extensions><gpxtpx:TrackPointExtension><gpxtpx:hr>152</gpxtpx:hr></gpxtpx:TrackPointExtension></extensions></trkpt>
      <trkpt lat="40.736335" lon="-74.010554"><ele>3.8</ele><time>2026-06-25T22:32:20.000Z</time><extensions><gpxtpx:TrackPointExtension><gpxtpx:hr>152</gpxtpx:hr></gpxtpx:TrackPointExtension></extensions></trkpt>
      <trkpt lat="40.736313" lon="-74.010553"><ele>3.8</ele><time>2026-06-25T22:32:21.000Z</time><extensions><gpxtpx:TrackPointExtension><gpxtpx:hr>152</gpxtpx:hr></gpxtpx:TrackPointExtension></extensions></trkpt>
      <trkpt lat="40.736291" lon="-74.010553"><ele>3.8</ele><time>2026-06-25T22:32:22.000Z</time><extensions><gpxtpx:TrackPointExtension><gpxtpx:hr>152</gpxtpx:hr></gpxtpx:TrackPointExtension></extensions></trkpt>
      <trkpt lat="40.736267" lon="-74.010556"><ele>3.8</ele><time>2026-06-25T22:32:23.000Z</time><extensions><gpxtpx:TrackPointExtension><gpxtpx:hr>152</gpxtpx:hr></gpxtpx:TrackPointExtension></extensions></trkpt>
      <trkpt lat="40.736244" lon="-74.010559"><ele>3.8</ele><time>2026-06-25T22:32:24.000Z</time><extensions><gpxtpx:TrackPointExtension><gpxtpx:hr>152</gpxtpx:hr></gpxtpx:TrackPointExtension></extensions></trkpt>
      <trkpt lat="40.736221" lon="-74.010562"><ele>3.8</ele><time>2026-06-25T22:32:25.000Z</time><extensions><gpxtpx:TrackPointExtension><gpxtpx:hr>152</gpxtpx:hr></gpxtpx:TrackPointExtension></extensions></trkpt>
      <trkpt lat="40.736198" lon="-74.010563"><ele>3.8</ele><time>2026-06-25T22:32:26.000Z</time><extensions><gpxtpx:TrackPointExtension><gpxtpx:hr>152</gpxtpx:hr></gpxtpx:TrackPointExtension></extensions></trkpt>
      <trkpt lat="40.736174" lon="-74.010564"><ele>3.8</ele><time>2026-06-25T22:32:27.000Z</time><extensions><gpxtpx:TrackPointExtension><gpxtpx:hr>152</gpxtpx:hr></gpxtpx:TrackPointExtension></extensions></trkpt>
      <trkpt lat="40.73615" lon="-74.010564"><ele>3.8</ele><time>2026-06-25T22:32:28.000Z</time><extensions><gpxtpx:TrackPointExtension><gpxtpx:hr>152</gpxtpx:hr></gpxtpx:TrackPointExtension></extensions></trkpt>
      <trkpt lat="40.736127" lon="-74.010564"><ele>3.8</ele><time>2026-06-25T22:32:29.000Z</time><extensions><gpxtpx:TrackPointExtension><gpxtpx:hr>152</gpxtpx:hr></gpxtpx:TrackPointExtension></extensions></trkpt>
      <trkpt lat="40.736104" lon="-74.010564"><ele>3.8</ele><time>2026-06-25T22:32:30.000Z</time><extensions><gpxtpx:TrackPointExtension><gpxtpx:hr>152</gpxtpx:hr></gpxtpx:TrackPointExtension></extensions></trkpt>
      <trkpt lat="40.736082" lon="-74.010565"><ele>3.8</ele><time>2026-06-25T22:32:31.000Z</time><extensions><gpxtpx:TrackPointExtension><gpxtpx:hr>152</gpxtpx:hr></gpxtpx:TrackPointExtension></extensions></trkpt>
      <trkpt lat="40.73606" lon="-74.010565"><ele>3.8</ele><time>2026-06-25T22:32:32.000Z</time><extensions><gpxtpx:TrackPointExtension><gpxtpx:hr>152</gpxtpx:hr></gpxtpx:TrackPointExtension></extensions></trkpt>
      <trkpt lat="40.736039" lon="-74.010565"><ele>3.8</ele><time>2026-06-25T22:32:33.000Z</time><extensions><gpxtpx:TrackPointExtension><gpxtpx:hr>153</gpxtpx:hr></gpxtpx:TrackPointExtension></extensions></trkpt>
      <trkpt lat="40.736017" lon="-74.010565"><ele>3.8</ele><time>2026-06-25T22:32:34.000Z</time><extensions><gpxtpx:TrackPointExtension><gpxtpx:hr>153</gpxtpx:hr></gpxtpx:TrackPointExtension></extensions></trkpt>
      <trkpt lat="40.735995" lon="-74.010565"><ele>3.8</ele><time>2026-06-25T22:32:35.000Z</time><extensions><gpxtpx:TrackPointExtension><gpxtpx:hr>153</gpxtpx:hr></gpxtpx:TrackPointExtension></extensions></trkpt>
      <trkpt lat="40.735973" lon="-74.010563"><ele>3.8</ele><time>2026-06-25T22:32:36.000Z</time><extensions><gpxtpx:TrackPointExtension><gpxtpx:hr>153</gpxtpx:hr></gpxtpx:TrackPointExtension></extensions></trkpt>
      <trkpt lat="40.735953" lon="-74.01056"><ele>3.8</ele><time>2026-06-25T22:32:37.000Z</time><extensions><gpxtpx:TrackPointExtension><gpxtpx:hr>153</gpxtpx:hr></gpxtpx:TrackPointExtension></extensions></trkpt>
      <trkpt lat="40.735934" lon="-74.010556"><ele>3.8</ele><time>2026-06-25T22:32:38.000Z</time><extensions><gpxtpx:TrackPointExtension><gpxtpx:hr>153</gpxtpx:hr></gpxtpx:TrackPointExtension></extensions></trkpt>
      <trkpt lat="40.735916" lon="-74.010552"><ele>3.6</ele><time>2026-06-25T22:32:39.000Z</time><extensions><gpxtpx:TrackPointExtension><gpxtpx:hr>153</gpxtpx:hr></gpxtpx:TrackPointExtension></extensions></trkpt>
      <trkpt lat="40.735897" lon="-74.010549"><ele>3.6</ele><time>2026-06-25T22:32:40.000Z</time><extensions><gpxtpx:TrackPointExtension><gpxtpx:hr>153</gpxtpx:hr></gpxtpx:TrackPointExtension></extensions></trkpt>
      <trkpt lat="40.735876" lon="-74.010548"><ele>3.6</ele><time>2026-06-25T22:32:41.000Z</time><extensions><gpxtpx:TrackPointExtension><gpxtpx:hr>153</gpxtpx:hr></gpxtpx:TrackPointExtension></extensions></trkpt>
      <trkpt lat="40.735855" lon="-74.010548"><ele>3.6</ele><time>2026-06-25T22:32:42.000Z</time><extensions><gpxtpx:TrackPointExtension><gpxtpx:hr>153</gpxtpx:hr></gpxtpx:TrackPointExtension></extensions></trkpt>
      <trkpt lat="40.735833" lon="-74.010549"><ele>3.6</ele><time>2026-06-25T22:32:43.000Z</time><extensions><gpxtpx:TrackPointExtension><gpxtpx:hr>153</gpxtpx:hr></gpxtpx:TrackPointExtension></extensions></trkpt>
      <trkpt lat="40.73581" lon="-74.010549"><ele>3.6</ele><time>2026-06-25T22:32:44.000Z</time><extensions><gpxtpx:TrackPointExtension><gpxtpx:hr>153</gpxtpx:hr></gpxtpx:TrackPointExtension></extensions></trkpt>
      <trkpt lat="40.735786" lon="-74.01055"><ele>3.6</ele><time>2026-06-25T22:32:45.000Z</time><extensions><gpxtpx:TrackPointExtension><gpxtpx:hr>153</gpxtpx:hr></gpxtpx:TrackPointExtension></extensions></trkpt>
      <trkpt lat="40.735761" lon="-74.010552"><ele>3.6</ele><time>2026-06-25T22:32:46.000Z</time><extensions><gpxtpx:TrackPointExtension><gpxtpx:hr>153</gpxtpx:hr></gpxtpx:TrackPointExtension></extensions></trkpt>
      <trkpt lat="40.735736" lon="-74.010555"><ele>3.6</ele><time>2026-06-25T22:32:47.000Z</time><extensions><gpxtpx:TrackPointExtension><gpxtpx:hr>153</gpxtpx:hr></gpxtpx:TrackPointExtension></extensions></trkpt>
      <trkpt lat="40.735711" lon="-74.010562"><ele>3.6</ele><time>2026-06-25T22:32:48.000Z</time><extensions><gpxtpx:TrackPointExtension><gpxtpx:hr>153</gpxtpx:hr></gpxtpx:TrackPointExtension></extensions></trkpt>
      <trkpt lat="40.735686" lon="-74.01057"><ele>3.6</ele><time>2026-06-25T22:32:49.000Z</time><extensions><gpxtpx:TrackPointExtension><gpxtpx:hr>153</gpxtpx:hr></gpxtpx:TrackPointExtension></extensions></trkpt>
      <trkpt lat="40.735661" lon="-74.010579"><ele>3.4</ele><time>2026-06-25T22:32:50.000Z</time><extensions><gpxtpx:TrackPointExtension><gpxtpx:hr>153</gpxtpx:hr></gpxtpx:TrackPointExtension></extensions></trkpt>
      <trkpt lat="40.735636" lon="-74.010587"><ele>3.4</ele><time>2026-06-25T22:32:51.000Z</time><extensions><gpxtpx:TrackPointExtension><gpxtpx:hr>153</gpxtpx:hr></gpxtpx:TrackPointExtension></extensions></trkpt>
      <trkpt lat="40.735612" lon="-74.010593"><ele>3.4</ele><time>2026-06-25T22:32:52.000Z</time><extensions><gpxtpx:TrackPointExtension><gpxtpx:hr>153</gpxtpx:hr></gpxtpx:TrackPointExtension></extensions></trkpt>
      <trkpt lat="40.735588" lon="-74.010596"><ele>3.4</ele><time>2026-06-25T22:32:53.000Z</time><extensions><gpxtpx:TrackPointExtension><gpxtpx:hr>153</gpxtpx:hr></gpxtpx:TrackPointExtension></extensions></trkpt>
      <trkpt lat="40.735564" lon="-74.010598"><ele>3.4</ele><time>2026-06-25T22:32:54.000Z</time><extensions><gpxtpx:TrackPointExtension><gpxtpx:hr>153</gpxtpx:hr></gpxtpx:TrackPointExtension></extensions></trkpt>
      <trkpt lat="40.735539" lon="-74.0106"><ele>3.4</ele><time>2026-06-25T22:32:55.000Z</time><extensions><gpxtpx:TrackPointExtension><gpxtpx:hr>153</gpxtpx:hr></gpxtpx:TrackPointExtension></extensions></trkpt>
      <trkpt lat="40.735513" lon="-74.010602"><ele>3.4</ele><time>2026-06-25T22:32:56.000Z</time><extensions><gpxtpx:TrackPointExtension><gpxtpx:hr>153</gpxtpx:hr></gpxtpx:TrackPointExtension></extensions></trkpt>
      <trkpt lat="40.735488" lon="-74.010605"><ele>3.4</ele><time>2026-06-25T22:32:57.000Z</time><extensions><gpxtpx:TrackPointExtension><gpxtpx:hr>152</gpxtpx:hr></gpxtpx:TrackPointExtension></extensions></trkpt>
      <trkpt lat="40.735463" lon="-74.01061"><ele>3.4</ele><time>2026-06-25T22:32:58.000Z</time><extensions><gpxtpx:TrackPointExtension><gpxtpx:hr>152</gpxtpx:hr></gpxtpx:TrackPointExtension></extensions></trkpt>
      <trkpt lat="40.735438" lon="-74.010617"><ele>3.4</ele><time>2026-06-25T22:32:59.000Z</time><extensions><gpxtpx:TrackPointExtension><gpxtpx:hr>152</gpxtpx:hr></gpxtpx:TrackPointExtension></extensions></trkpt>
      <trkpt lat="40.735414" lon="-74.010623"><ele>3.4</ele><time>2026-06-25T22:33:00.000Z</time><extensions><gpxtpx:TrackPointExtension><gpxtpx:hr>152</gpxtpx:hr></gpxtpx:TrackPointExtension></extensions></trkpt>
      <trkpt lat="40.735391" lon="-74.010628"><ele>3.4</ele><time>2026-06-25T22:33:01.000Z</time><extensions><gpxtpx:TrackPointExtension><gpxtpx:hr>152</gpxtpx:hr></gpxtpx:TrackPointExtension></extensions></trkpt>
      <trkpt lat="40.735369" lon="-74.010631"><ele>3.4</ele><time>2026-06-25T22:33:02.000Z</time><extensions><gpxtpx:TrackPointExtension><gpxtpx:hr>152</gpxtpx:hr></gpxtpx:TrackPointExtension></extensions></trkpt>
      <trkpt lat="40.735347" lon="-74.010634"><ele>3.4</ele><time>2026-06-25T22:33:03.000Z</time><extensions><gpxtpx:TrackPointExtension><gpxtpx:hr>152</gpxtpx:hr></gpxtpx:TrackPointExtension></extensions></trkpt>
      <trkpt lat="40.735324" lon="-74.010637"><ele>3.4</ele><time>2026-06-25T22:33:04.000Z</time><extensions><gpxtpx:TrackPointExtension><gpxtpx:hr>152</gpxtpx:hr></gpxtpx:TrackPointExtension></extensions></trkpt>
      <trkpt lat="40.7353" lon="-74.010641"><ele>3.4</ele><time>2026-06-25T22:33:05.000Z</time><extensions><gpxtpx:TrackPointExtension><gpxtpx:hr>152</gpxtpx:hr></gpxtpx:TrackPointExtension></extensions></trkpt>
      <trkpt lat="40.735275" lon="-74.010645"><ele>3.4</ele><time>2026-06-25T22:33:06.000Z</time><extensions><gpxtpx:TrackPointExtension><gpxtpx:hr>152</gpxtpx:hr></gpxtpx:TrackPointExtension></extensions></trkpt>
      <trkpt lat="40.735252" lon="-74.010648"><ele>3.4</ele><time>2026-06-25T22:33:07.000Z</time><extensions><gpxtpx:TrackPointExtension><gpxtpx:hr>152</gpxtpx:hr></gpxtpx:TrackPointExtension></extensions></trkpt>
      <trkpt lat="40.73523" lon="-74.01065"><ele>3.4</ele><time>2026-06-25T22:33:08.000Z</time><extensions><gpxtpx:TrackPointExtension><gpxtpx:hr>152</gpxtpx:hr></gpxtpx:TrackPointExtension></extensions></trkpt>
      <trkpt lat="40.735208" lon="-74.010651"><ele>3.4</ele><time>2026-06-25T22:33:09.000Z</time><extensions><gpxtpx:TrackPointExtension><gpxtpx:hr>154</gpxtpx:hr></gpxtpx:TrackPointExtension></extensions></trkpt>
      <trkpt lat="40.735187" lon="-74.01065"><ele>3.4</ele><time>2026-06-25T22:33:10.000Z</time><extensions><gpxtpx:TrackPointExtension><gpxtpx:hr>154</gpxtpx:hr></gpxtpx:TrackPointExtension></extensions></trkpt>
      <trkpt lat="40.735167" lon="-74.01065"><ele>3.4</ele><time>2026-06-25T22:33:11.000Z</time><extensions><gpxtpx:TrackPointExtension><gpxtpx:hr>154</gpxtpx:hr></gpxtpx:TrackPointExtension></extensions></trkpt>
      <trkpt lat="40.735148" lon="-74.010648"><ele>3.4</ele><time>2026-06-25T22:33:12.000Z</time><extensions><gpxtpx:TrackPointExtension><gpxtpx:hr>154</gpxtpx:hr></gpxtpx:TrackPointExtension></extensions></trkpt>
      <trkpt lat="40.735129" lon="-74.010648"><ele>3.4</ele><time>2026-06-25T22:33:13.000Z</time><extensions><gpxtpx:TrackPointExtension><gpxtpx:hr>154</gpxtpx:hr></gpxtpx:TrackPointExtension></extensions></trkpt>
      <trkpt lat="40.735108" lon="-74.010648"><ele>3.4</ele><time>2026-06-25T22:33:14.000Z</time><extensions><gpxtpx:TrackPointExtension><gpxtpx:hr>154</gpxtpx:hr></gpxtpx:TrackPointExtension></extensions></trkpt>
      <trkpt lat="40.735087" lon="-74.010649"><ele>3.6</ele><time>2026-06-25T22:33:15.000Z</time><extensions><gpxtpx:TrackPointExtension><gpxtpx:hr>154</gpxtpx:hr></gpxtpx:TrackPointExtension></extensions></trkpt>
      <trkpt lat="40.735065" lon="-74.010649"><ele>3.6</ele><time>2026-06-25T22:33:16.000Z</time><extensions><gpxtpx:TrackPointExtension><gpxtpx:hr>155</gpxtpx:hr></gpxtpx:TrackPointExtension></extensions></trkpt>
      <trkpt lat="40.735043" lon="-74.010648"><ele>3.6</ele><time>2026-06-25T22:33:17.000Z</time><extensions><gpxtpx:TrackPointExtension><gpxtpx:hr>155</gpxtpx:hr></gpxtpx:TrackPointExtension></extensions></trkpt>
      <trkpt lat="40.73502" lon="-74.010646"><ele>3.6</ele><time>2026-06-25T22:33:18.000Z</time><extensions><gpxtpx:TrackPointExtension><gpxtpx:hr>155</gpxtpx:hr></gpxtpx:TrackPointExtension></extensions></trkpt>
      <trkpt lat="40.734996" lon="-74.010646"><ele>3.6</ele><time>2026-06-25T22:33:19.000Z</time><extensions><gpxtpx:TrackPointExtension><gpxtpx:hr>155</gpxtpx:hr></gpxtpx:TrackPointExtension></extensions></trkpt>
      <trkpt lat="40.734972" lon="-74.010646"><ele>3.6</ele><time>2026-06-25T22:33:20.000Z</time><extensions><gpxtpx:TrackPointExtension><gpxtpx:hr>154</gpxtpx:hr></gpxtpx:TrackPointExtension></extensions></trkpt>
      <trkpt lat="40.734948" lon="-74.010648"><ele>3.6</ele><time>2026-06-25T22:33:21.000Z</time><extensions><gpxtpx:TrackPointExtension><gpxtpx:hr>154</gpxtpx:hr></gpxtpx:TrackPointExtension></extensions></trkpt>
      <trkpt lat="40.734924" lon="-74.01065"><ele>3.6</ele><time>2026-06-25T22:33:22.000Z</time><extensions><gpxtpx:TrackPointExtension><gpxtpx:hr>154</gpxtpx:hr></gpxtpx:TrackPointExtension></extensions></trkpt>
      <trkpt lat="40.734901" lon="-74.010651"><ele>3.6</ele><time>2026-06-25T22:33:23.000Z</time><extensions><gpxtpx:TrackPointExtension><gpxtpx:hr>154</gpxtpx:hr></gpxtpx:TrackPointExtension></extensions></trkpt>
      <trkpt lat="40.734879" lon="-74.010652"><ele>3.6</ele><time>2026-06-25T22:33:24.000Z</time><extensions><gpxtpx:TrackPointExtension><gpxtpx:hr>154</gpxtpx:hr></gpxtpx:TrackPointExtension></extensions></trkpt>
      <trkpt lat="40.734857" lon="-74.010652"><ele>3.6</ele><time>2026-06-25T22:33:25.000Z</time><extensions><gpxtpx:TrackPointExtension><gpxtpx:hr>154</gpxtpx:hr></gpxtpx:TrackPointExtension></extensions></trkpt>
      <trkpt lat="40.734836" lon="-74.010652"><ele>3.8</ele><time>2026-06-25T22:33:26.000Z</time><extensions><gpxtpx:TrackPointExtension><gpxtpx:hr>154</gpxtpx:hr></gpxtpx:TrackPointExtension></extensions></trkpt>
      <trkpt lat="40.734816" lon="-74.010651"><ele>3.8</ele><time>2026-06-25T22:33:27.000Z</time><extensions><gpxtpx:TrackPointExtension><gpxtpx:hr>154</gpxtpx:hr></gpxtpx:TrackPointExtension></extensions></trkpt>
      <trkpt lat="40.734795" lon="-74.010652"><ele>3.8</ele><time>2026-06-25T22:33:28.000Z</time><extensions><gpxtpx:TrackPointExtension><gpxtpx:hr>154</gpxtpx:hr></gpxtpx:TrackPointExtension></extensions></trkpt>
      <trkpt lat="40.734773" lon="-74.010654"><ele>3.8</ele><time>2026-06-25T22:33:29.000Z</time><extensions><gpxtpx:TrackPointExtension><gpxtpx:hr>154</gpxtpx:hr></gpxtpx:TrackPointExtension></extensions></trkpt>
      <trkpt lat="40.73475" lon="-74.010657"><ele>3.8</ele><time>2026-06-25T22:33:30.000Z</time><extensions><gpxtpx:TrackPointExtension><gpxtpx:hr>154</gpxtpx:hr></gpxtpx:TrackPointExtension></extensions></trkpt>
      <trkpt lat="40.734725" lon="-74.010661"><ele>3.8</ele><time>2026-06-25T22:33:31.000Z</time><extensions><gpxtpx:TrackPointExtension><gpxtpx:hr>154</gpxtpx:hr></gpxtpx:TrackPointExtension></extensions></trkpt>
      <trkpt lat="40.7347" lon="-74.010666"><ele>3.8</ele><time>2026-06-25T22:33:32.000Z</time><extensions><gpxtpx:TrackPointExtension><gpxtpx:hr>154</gpxtpx:hr></gpxtpx:TrackPointExtension></extensions></trkpt>
      <trkpt lat="40.734676" lon="-74.010671"><ele>3.8</ele><time>2026-06-25T22:33:33.000Z</time><extensions><gpxtpx:TrackPointExtension><gpxtpx:hr>152</gpxtpx:hr></gpxtpx:TrackPointExtension></extensions></trkpt>
      <trkpt lat="40.734651" lon="-74.010676"><ele>3.8</ele><time>2026-06-25T22:33:34.000Z</time><extensions><gpxtpx:TrackPointExtension><gpxtpx:hr>152</gpxtpx:hr></gpxtpx:TrackPointExtension></extensions></trkpt>
      <trkpt lat="40.734625" lon="-74.01068"><ele>3.8</ele><time>2026-06-25T22:33:35.000Z</time><extensions><gpxtpx:TrackPointExtension><gpxtpx:hr>152</gpxtpx:hr></gpxtpx:TrackPointExtension></extensions></trkpt>
      <trkpt lat="40.7346" lon="-74.010684"><ele>3.8</ele><time>2026-06-25T22:33:36.000Z</time><extensions><gpxtpx:TrackPointExtension><gpxtpx:hr>152</gpxtpx:hr></gpxtpx:TrackPointExtension></extensions></trkpt>
      <trkpt lat="40.734574" lon="-74.010689"><ele>3.8</ele><time>2026-06-25T22:33:37.000Z</time><extensions><gpxtpx:TrackPointExtension><gpxtpx:hr>152</gpxtpx:hr></gpxtpx:TrackPointExtension></extensions></trkpt>
      <trkpt lat="40.734548" lon="-74.010693"><ele>3.8</ele><time>2026-06-25T22:33:38.000Z</time><extensions><gpxtpx:TrackPointExtension><gpxtpx:hr>152</gpxtpx:hr></gpxtpx:TrackPointExtension></extensions></trkpt>
      <trkpt lat="40.734521" lon="-74.010699"><ele>3.8</ele><time>2026-06-25T22:33:39.000Z</time><extensions><gpxtpx:TrackPointExtension><gpxtpx:hr>152</gpxtpx:hr></gpxtpx:TrackPointExtension></extensions></trkpt>
      <trkpt lat="40.734496" lon="-74.010705"><ele>3.8</ele><time>2026-06-25T22:33:40.000Z</time><extensions><gpxtpx:TrackPointExtension><gpxtpx:hr>152</gpxtpx:hr></gpxtpx:TrackPointExtension></extensions></trkpt>
      <trkpt lat="40.734471" lon="-74.010713"><ele>3.8</ele><time>2026-06-25T22:33:41.000Z</time><extensions><gpxtpx:TrackPointExtension><gpxtpx:hr>152</gpxtpx:hr></gpxtpx:TrackPointExtension></extensions></trkpt>
      <trkpt lat="40.734446" lon="-74.01072"><ele>3.6</ele><time>2026-06-25T22:33:42.000Z</time><extensions><gpxtpx:TrackPointExtension><gpxtpx:hr>152</gpxtpx:hr></gpxtpx:TrackPointExtension></extensions></trkpt>
      <trkpt lat="40.734421" lon="-74.010726"><ele>3.6</ele><time>2026-06-25T22:33:43.000Z</time><extensions><gpxtpx:TrackPointExtension><gpxtpx:hr>152</gpxtpx:hr></gpxtpx:TrackPointExtension></extensions></trkpt>
      <trkpt lat="40.734396" lon="-74.010731"><ele>3.6</ele><time>2026-06-25T22:33:44.000Z</time><extensions><gpxtpx:TrackPointExtension><gpxtpx:hr>152</gpxtpx:hr></gpxtpx:TrackPointExtension></extensions></trkpt>
      <trkpt lat="40.734372" lon="-74.010735"><ele>3.6</ele><time>2026-06-25T22:33:45.000Z</time><extensions><gpxtpx:TrackPointExtension><gpxtpx:hr>150</gpxtpx:hr></gpxtpx:TrackPointExtension></extensions></trkpt>
      <trkpt lat="40.734347" lon="-74.010739"><ele>3.6</ele><time>2026-06-25T22:33:46.000Z</time><extensions><gpxtpx:TrackPointExtension><gpxtpx:hr>150</gpxtpx:hr></gpxtpx:TrackPointExtension></extensions></trkpt>
      <trkpt lat="40.734323" lon="-74.010741"><ele>3.6</ele><time>2026-06-25T22:33:47.000Z</time><extensions><gpxtpx:TrackPointExtension><gpxtpx:hr>150</gpxtpx:hr></gpxtpx:TrackPointExtension></extensions></trkpt>
      <trkpt lat="40.7343" lon="-74.010741"><ele>3.6</ele><time>2026-06-25T22:33:48.000Z</time><extensions><gpxtpx:TrackPointExtension><gpxtpx:hr>150</gpxtpx:hr></gpxtpx:TrackPointExtension></extensions></trkpt>
      <trkpt lat="40.734279" lon="-74.010741"><ele>3.6</ele><time>2026-06-25T22:33:49.000Z</time><extensions><gpxtpx:TrackPointExtension><gpxtpx:hr>150</gpxtpx:hr></gpxtpx:TrackPointExtension></extensions></trkpt>
      <trkpt lat="40.734257" lon="-74.01074"><ele>3.4</ele><time>2026-06-25T22:33:50.000Z</time><extensions><gpxtpx:TrackPointExtension><gpxtpx:hr>150</gpxtpx:hr></gpxtpx:TrackPointExtension></extensions></trkpt>
      <trkpt lat="40.734234" lon="-74.010739"><ele>3.4</ele><time>2026-06-25T22:33:51.000Z</time><extensions><gpxtpx:TrackPointExtension><gpxtpx:hr>150</gpxtpx:hr></gpxtpx:TrackPointExtension></extensions></trkpt>
      <trkpt lat="40.73421" lon="-74.010738"><ele>3.4</ele><time>2026-06-25T22:33:52.000Z</time><extensions><gpxtpx:TrackPointExtension><gpxtpx:hr>152</gpxtpx:hr></gpxtpx:TrackPointExtension></extensions></trkpt>
      <trkpt lat="40.734187" lon="-74.010736"><ele>3.4</ele><time>2026-06-25T22:33:53.000Z</time><extensions><gpxtpx:TrackPointExtension><gpxtpx:hr>152</gpxtpx:hr></gpxtpx:TrackPointExtension></extensions></trkpt>
      <trkpt lat="40.734163" lon="-74.010733"><ele>3.4</ele><time>2026-06-25T22:33:54.000Z</time><extensions><gpxtpx:TrackPointExtension><gpxtpx:hr>152</gpxtpx:hr></gpxtpx:TrackPointExtension></extensions></trkpt>
      <trkpt lat="40.734141" lon="-74.01073"><ele>3.4</ele><time>2026-06-25T22:33:55.000Z</time><extensions><gpxtpx:TrackPointExtension><gpxtpx:hr>152</gpxtpx:hr></gpxtpx:TrackPointExtension></extensions></trkpt>
      <trkpt lat="40.734119" lon="-74.010729"><ele>3.4</ele><time>2026-06-25T22:33:56.000Z</time><extensions><gpxtpx:TrackPointExtension><gpxtpx:hr>152</gpxtpx:hr></gpxtpx:TrackPointExtension></extensions></trkpt>
      <trkpt lat="40.734097" lon="-74.01073"><ele>3.4</ele><time>2026-06-25T22:33:57.000Z</time><extensions><gpxtpx:TrackPointExtension><gpxtpx:hr>152</gpxtpx:hr></gpxtpx:TrackPointExtension></extensions></trkpt>
      <trkpt lat="40.734074" lon="-74.010732"><ele>3.4</ele><time>2026-06-25T22:33:58.000Z</time><extensions><gpxtpx:TrackPointExtension><gpxtpx:hr>152</gpxtpx:hr></gpxtpx:TrackPointExtension></extensions></trkpt>
      <trkpt lat="40.734051" lon="-74.010735"><ele>3.4</ele><time>2026-06-25T22:33:59.000Z</time><extensions><gpxtpx:TrackPointExtension><gpxtpx:hr>152</gpxtpx:hr></gpxtpx:TrackPointExtension></extensions></trkpt>
      <trkpt lat="40.734026" lon="-74.010741"><ele>3.4</ele><time>2026-06-25T22:34:00.000Z</time><extensions><gpxtpx:TrackPointExtension><gpxtpx:hr>152</gpxtpx:hr></gpxtpx:TrackPointExtension></extensions></trkpt>
      <trkpt lat="40.734" lon="-74.010748"><ele>3.4</ele><time>2026-06-25T22:34:01.000Z</time><extensions><gpxtpx:TrackPointExtension><gpxtpx:hr>152</gpxtpx:hr></gpxtpx:TrackPointExtension></extensions></trkpt>
      <trkpt lat="40.733975" lon="-74.010754"><ele>3.4</ele><time>2026-06-25T22:34:02.000Z</time><extensions><gpxtpx:TrackPointExtension><gpxtpx:hr>152</gpxtpx:hr></gpxtpx:TrackPointExtension></extensions></trkpt>
      <trkpt lat="40.733953" lon="-74.010757"><ele>3.4</ele><time>2026-06-25T22:34:03.000Z</time><extensions><gpxtpx:TrackPointExtension><gpxtpx:hr>152</gpxtpx:hr></gpxtpx:TrackPointExtension></extensions></trkpt>
      <trkpt lat="40.733931" lon="-74.010758"><ele>3.4</ele><time>2026-06-25T22:34:04.000Z</time><extensions><gpxtpx:TrackPointExtension><gpxtpx:hr>152</gpxtpx:hr></gpxtpx:TrackPointExtension></extensions></trkpt>
      <trkpt lat="40.733908" lon="-74.010759"><ele>3.4</ele><time>2026-06-25T22:34:05.000Z</time><extensions><gpxtpx:TrackPointExtension><gpxtpx:hr>152</gpxtpx:hr></gpxtpx:TrackPointExtension></extensions></trkpt>
      <trkpt lat="40.733886" lon="-74.01076"><ele>3.4</ele><time>2026-06-25T22:34:06.000Z</time><extensions><gpxtpx:TrackPointExtension><gpxtpx:hr>152</gpxtpx:hr></gpxtpx:TrackPointExtension></extensions></trkpt>
      <trkpt lat="40.733865" lon="-74.010761"><ele>3.4</ele><time>2026-06-25T22:34:07.000Z</time><extensions><gpxtpx:TrackPointExtension><gpxtpx:hr>151</gpxtpx:hr></gpxtpx:TrackPointExtension></extensions></trkpt>
      <trkpt lat="40.733845" lon="-74.010764"><ele>3.4</ele><time>2026-06-25T22:34:08.000Z</time><extensions><gpxtpx:TrackPointExtension><gpxtpx:hr>152</gpxtpx:hr></gpxtpx:TrackPointExtension></extensions></trkpt>
      <trkpt lat="40.733823" lon="-74.010766"><ele>3.4</ele><time>2026-06-25T22:34:09.000Z</time><extensions><gpxtpx:TrackPointExtension><gpxtpx:hr>152</gpxtpx:hr></gpxtpx:TrackPointExtension></extensions></trkpt>
      <trkpt lat="40.7338" lon="-74.010768"><ele>3.4</ele><time>2026-06-25T22:34:10.000Z</time><extensions><gpxtpx:TrackPointExtension><gpxtpx:hr>152</gpxtpx:hr></gpxtpx:TrackPointExtension></extensions></trkpt>
      <trkpt lat="40.733778" lon="-74.010767"><ele>3.4</ele><time>2026-06-25T22:34:11.000Z</time><extensions><gpxtpx:TrackPointExtension><gpxtpx:hr>152</gpxtpx:hr></gpxtpx:TrackPointExtension></extensions></trkpt>
      <trkpt lat="40.733757" lon="-74.010764"><ele>3.4</ele><time>2026-06-25T22:34:12.000Z</time><extensions><gpxtpx:TrackPointExtension><gpxtpx:hr>152</gpxtpx:hr></gpxtpx:TrackPointExtension></extensions></trkpt>
      <trkpt lat="40.733736" lon="-74.010759"><ele>3.4</ele><time>2026-06-25T22:34:13.000Z</time><extensions><gpxtpx:TrackPointExtension><gpxtpx:hr>152</gpxtpx:hr></gpxtpx:TrackPointExtension></extensions></trkpt>
      <trkpt lat="40.733714" lon="-74.010754"><ele>3.6</ele><time>2026-06-25T22:34:14.000Z</time><extensions><gpxtpx:TrackPointExtension><gpxtpx:hr>152</gpxtpx:hr></gpxtpx:TrackPointExtension></extensions></trkpt>
      <trkpt lat="40.733692" lon="-74.010747"><ele>3.6</ele><time>2026-06-25T22:34:15.000Z</time><extensions><gpxtpx:TrackPointExtension><gpxtpx:hr>152</gpxtpx:hr></gpxtpx:TrackPointExtension></extensions></trkpt>
      <trkpt lat="40.73367" lon="-74.01074"><ele>3.6</ele><time>2026-06-25T22:34:16.000Z</time><extensions><gpxtpx:TrackPointExtension><gpxtpx:hr>152</gpxtpx:hr></gpxtpx:TrackPointExtension></extensions></trkpt>
      <trkpt lat="40.733647" lon="-74.010731"><ele>3.6</ele><time>2026-06-25T22:34:17.000Z</time><extensions><gpxtpx:TrackPointExtension><gpxtpx:hr>153</gpxtpx:hr></gpxtpx:TrackPointExtension></extensions></trkpt>
      <trkpt lat="40.733624" lon="-74.010722"><ele>3.6</ele><time>2026-06-25T22:34:18.000Z</time><extensions><gpxtpx:TrackPointExtension><gpxtpx:hr>153</gpxtpx:hr></gpxtpx:TrackPointExtension></extensions></trkpt>
      <trkpt lat="40.733602" lon="-74.010714"><ele>3.6</ele><time>2026-06-25T22:34:19.000Z</time><extensions><gpxtpx:TrackPointExtension><gpxtpx:hr>153</gpxtpx:hr></gpxtpx:TrackPointExtension></extensions></trkpt>
      <trkpt lat="40.733581" lon="-74.010704"><ele>3.8</ele><time>2026-06-25T22:34:20.000Z</time><extensions><gpxtpx:TrackPointExtension><gpxtpx:hr>154</gpxtpx:hr></gpxtpx:TrackPointExtension></extensions></trkpt>
      <trkpt lat="40.733561" lon="-74.010692"><ele>3.8</ele><time>2026-06-25T22:34:21.000Z</time><extensions><gpxtpx:TrackPointExtension><gpxtpx:hr>154</gpxtpx:hr></gpxtpx:TrackPointExtension></extensions></trkpt>
      <trkpt lat="40.73354" lon="-74.010679"><ele>3.8</ele><time>2026-06-25T22:34:22.000Z</time><extensions><gpxtpx:TrackPointExtension><gpxtpx:hr>154</gpxtpx:hr></gpxtpx:TrackPointExtension></extensions></trkpt>
      <trkpt lat="40.733517" lon="-74.010668"><ele>3.8</ele><time>2026-06-25T22:34:23.000Z</time><extensions><gpxtpx:TrackPointExtension><gpxtpx:hr>154</gpxtpx:hr></gpxtpx:TrackPointExtension></extensions></trkpt>
      <trkpt lat="40.733493" lon="-74.01066"><ele>4</ele><time>2026-06-25T22:34:24.000Z</time><extensions><gpxtpx:TrackPointExtension><gpxtpx:hr>154</gpxtpx:hr></gpxtpx:TrackPointExtension></extensions></trkpt>
      <trkpt lat="40.733468" lon="-74.010659"><ele>4</ele><time>2026-06-25T22:34:25.000Z</time><extensions><gpxtpx:TrackPointExtension><gpxtpx:hr>154</gpxtpx:hr></gpxtpx:TrackPointExtension></extensions></trkpt>
      <trkpt lat="40.733443" lon="-74.010664"><ele>4</ele><time>2026-06-25T22:34:26.000Z</time><extensions><gpxtpx:TrackPointExtension><gpxtpx:hr>154</gpxtpx:hr></gpxtpx:TrackPointExtension></extensions></trkpt>
      <trkpt lat="40.733418" lon="-74.010674"><ele>4</ele><time>2026-06-25T22:34:27.000Z</time><extensions><gpxtpx:TrackPointExtension><gpxtpx:hr>154</gpxtpx:hr></gpxtpx:TrackPointExtension></extensions></trkpt>
      <trkpt lat="40.733394" lon="-74.010689"><ele>4</ele><time>2026-06-25T22:34:28.000Z</time><extensions><gpxtpx:TrackPointExtension><gpxtpx:hr>153</gpxtpx:hr></gpxtpx:TrackPointExtension></extensions></trkpt>
      <trkpt lat="40.733372" lon="-74.010707"><ele>4</ele><time>2026-06-25T22:34:29.000Z</time><extensions><gpxtpx:TrackPointExtension><gpxtpx:hr>153</gpxtpx:hr></gpxtpx:TrackPointExtension></extensions></trkpt>
      <trkpt lat="40.733352" lon="-74.010727"><ele>4</ele><time>2026-06-25T22:34:30.000Z</time><extensions><gpxtpx:TrackPointExtension><gpxtpx:hr>153</gpxtpx:hr></gpxtpx:TrackPointExtension></extensions></trkpt>
      <trkpt lat="40.733333" lon="-74.010748"><ele>4</ele><time>2026-06-25T22:34:31.000Z</time><extensions><gpxtpx:TrackPointExtension><gpxtpx:hr>153</gpxtpx:hr></gpxtpx:TrackPointExtension></extensions></trkpt>
      <trkpt lat="40.733313" lon="-74.010767"><ele>4</ele><time>2026-06-25T22:34:32.000Z</time><extensions><gpxtpx:TrackPointExtension><gpxtpx:hr>153</gpxtpx:hr></gpxtpx:TrackPointExtension></extensions></trkpt>
      <trkpt lat="40.733293" lon="-74.010784"><ele>4</ele><time>2026-06-25T22:34:33.000Z</time><extensions><gpxtpx:TrackPointExtension><gpxtpx:hr>153</gpxtpx:hr></gpxtpx:TrackPointExtension></extensions></trkpt>
      <trkpt lat="40.733272" lon="-74.010798"><ele>3.8</ele><time>2026-06-25T22:34:34.000Z</time><extensions><gpxtpx:TrackPointExtension><gpxtpx:hr>153</gpxtpx:hr></gpxtpx:TrackPointExtension></extensions></trkpt>
      <trkpt lat="40.733249" lon="-74.01081"><ele>3.8</ele><time>2026-06-25T22:34:35.000Z</time><extensions><gpxtpx:TrackPointExtension><gpxtpx:hr>153</gpxtpx:hr></gpxtpx:TrackPointExtension></extensions></trkpt>
      <trkpt lat="40.733225" lon="-74.010819"><ele>3.8</ele><time>2026-06-25T22:34:36.000Z</time><extensions><gpxtpx:TrackPointExtension><gpxtpx:hr>153</gpxtpx:hr></gpxtpx:TrackPointExtension></extensions></trkpt>
      <trkpt lat="40.733201" lon="-74.010827"><ele>3.8</ele><time>2026-06-25T22:34:37.000Z</time><extensions><gpxtpx:TrackPointExtension><gpxtpx:hr>152</gpxtpx:hr></gpxtpx:TrackPointExtension></extensions></trkpt>
      <trkpt lat="40.733178" lon="-74.010834"><ele>3.8</ele><time>2026-06-25T22:34:38.000Z</time><extensions><gpxtpx:TrackPointExtension><gpxtpx:hr>152</gpxtpx:hr></gpxtpx:TrackPointExtension></extensions></trkpt>
      <trkpt lat="40.733156" lon="-74.01084"><ele>3.8</ele><time>2026-06-25T22:34:39.000Z</time><extensions><gpxtpx:TrackPointExtension><gpxtpx:hr>152</gpxtpx:hr></gpxtpx:TrackPointExtension></extensions></trkpt>
      <trkpt lat="40.733134" lon="-74.010846"><ele>3.8</ele><time>2026-06-25T22:34:40.000Z</time><extensions><gpxtpx:TrackPointExtension><gpxtpx:hr>152</gpxtpx:hr></gpxtpx:TrackPointExtension></extensions></trkpt>
      <trkpt lat="40.733113" lon="-74.01085"><ele>3.8</ele><time>2026-06-25T22:34:41.000Z</time><extensions><gpxtpx:TrackPointExtension><gpxtpx:hr>152</gpxtpx:hr></gpxtpx:TrackPointExtension></extensions></trkpt>
      <trkpt lat="40.733091" lon="-74.010852"><ele>3.8</ele><time>2026-06-25T22:34:42.000Z</time><extensions><gpxtpx:TrackPointExtension><gpxtpx:hr>152</gpxtpx:hr></gpxtpx:TrackPointExtension></extensions></trkpt>
      <trkpt lat="40.73307" lon="-74.010853"><ele>3.8</ele><time>2026-06-25T22:34:43.000Z</time><extensions><gpxtpx:TrackPointExtension><gpxtpx:hr>152</gpxtpx:hr></gpxtpx:TrackPointExtension></extensions></trkpt>
      <trkpt lat="40.73305" lon="-74.010853"><ele>3.8</ele><time>2026-06-25T22:34:44.000Z</time><extensions><gpxtpx:TrackPointExtension><gpxtpx:hr>152</gpxtpx:hr></gpxtpx:TrackPointExtension></extensions></trkpt>
      <trkpt lat="40.733031" lon="-74.010852"><ele>3.8</ele><time>2026-06-25T22:34:45.000Z</time><extensions><gpxtpx:TrackPointExtension><gpxtpx:hr>152</gpxtpx:hr></gpxtpx:TrackPointExtension></extensions></trkpt>
      <trkpt lat="40.733012" lon="-74.01085"><ele>3.8</ele><time>2026-06-25T22:34:46.000Z</time><extensions><gpxtpx:TrackPointExtension><gpxtpx:hr>152</gpxtpx:hr></gpxtpx:TrackPointExtension></extensions></trkpt>
      <trkpt lat="40.732993" lon="-74.010847"><ele>3.8</ele><time>2026-06-25T22:34:47.000Z</time><extensions><gpxtpx:TrackPointExtension><gpxtpx:hr>151</gpxtpx:hr></gpxtpx:TrackPointExtension></extensions></trkpt>
      <trkpt lat="40.732971" lon="-74.010847"><ele>3.8</ele><time>2026-06-25T22:34:48.000Z</time><extensions><gpxtpx:TrackPointExtension><gpxtpx:hr>151</gpxtpx:hr></gpxtpx:TrackPointExtension></extensions></trkpt>
      <trkpt lat="40.732946" lon="-74.010849"><ele>3.8</ele><time>2026-06-25T22:34:49.000Z</time><extensions><gpxtpx:TrackPointExtension><gpxtpx:hr>151</gpxtpx:hr></gpxtpx:TrackPointExtension></extensions></trkpt>
      <trkpt lat="40.73292" lon="-74.010852"><ele>3.6</ele><time>2026-06-25T22:34:50.000Z</time><extensions><gpxtpx:TrackPointExtension><gpxtpx:hr>151</gpxtpx:hr></gpxtpx:TrackPointExtension></extensions></trkpt>
      <trkpt lat="40.732895" lon="-74.010852"><ele>3.6</ele><time>2026-06-25T22:34:51.000Z</time><extensions><gpxtpx:TrackPointExtension><gpxtpx:hr>151</gpxtpx:hr></gpxtpx:TrackPointExtension></extensions></trkpt>
      <trkpt lat="40.73287" lon="-74.010851"><ele>3.6</ele><time>2026-06-25T22:34:52.000Z</time><extensions><gpxtpx:TrackPointExtension><gpxtpx:hr>151</gpxtpx:hr></gpxtpx:TrackPointExtension></extensions></trkpt>
      <trkpt lat="40.732846" lon="-74.01085"><ele>3.6</ele><time>2026-06-25T22:34:53.000Z</time><extensions><gpxtpx:TrackPointExtension><gpxtpx:hr>151</gpxtpx:hr></gpxtpx:TrackPointExtension></extensions></trkpt>
      <trkpt lat="40.732821" lon="-74.010849"><ele>3.6</ele><time>2026-06-25T22:34:54.000Z</time><extensions><gpxtpx:TrackPointExtension><gpxtpx:hr>151</gpxtpx:hr></gpxtpx:TrackPointExtension></extensions></trkpt>
      <trkpt lat="40.732797" lon="-74.010848"><ele>3.6</ele><time>2026-06-25T22:34:55.000Z</time><extensions><gpxtpx:TrackPointExtension><gpxtpx:hr>151</gpxtpx:hr></gpxtpx:TrackPointExtension></extensions></trkpt>
      <trkpt lat="40.732773" lon="-74.010847"><ele>3.6</ele><time>2026-06-25T22:34:56.000Z</time><extensions><gpxtpx:TrackPointExtension><gpxtpx:hr>151</gpxtpx:hr></gpxtpx:TrackPointExtension></extensions></trkpt>
      <trkpt lat="40.732749" lon="-74.010848"><ele>3.6</ele><time>2026-06-25T22:34:57.000Z</time><extensions><gpxtpx:TrackPointExtension><gpxtpx:hr>151</gpxtpx:hr></gpxtpx:TrackPointExtension></extensions></trkpt>
      <trkpt lat="40.732726" lon="-74.010849"><ele>3.6</ele><time>2026-06-25T22:34:58.000Z</time><extensions><gpxtpx:TrackPointExtension><gpxtpx:hr>151</gpxtpx:hr></gpxtpx:TrackPointExtension></extensions></trkpt>
      <trkpt lat="40.732704" lon="-74.010851"><ele>3.6</ele><time>2026-06-25T22:34:59.000Z</time><extensions><gpxtpx:TrackPointExtension><gpxtpx:hr>151</gpxtpx:hr></gpxtpx:TrackPointExtension></extensions></trkpt>
      <trkpt lat="40.732682" lon="-74.010854"><ele>3.6</ele><time>2026-06-25T22:35:00.000Z</time><extensions><gpxtpx:TrackPointExtension><gpxtpx:hr>151</gpxtpx:hr></gpxtpx:TrackPointExtension></extensions></trkpt>
      <trkpt lat="40.732662" lon="-74.010855"><ele>3.6</ele><time>2026-06-25T22:35:01.000Z</time><extensions><gpxtpx:TrackPointExtension><gpxtpx:hr>151</gpxtpx:hr></gpxtpx:TrackPointExtension></extensions></trkpt>
      <trkpt lat="40.732642" lon="-74.010855"><ele>3.6</ele><time>2026-06-25T22:35:02.000Z</time><extensions><gpxtpx:TrackPointExtension><gpxtpx:hr>151</gpxtpx:hr></gpxtpx:TrackPointExtension></extensions></trkpt>
      <trkpt lat="40.732623" lon="-74.010853"><ele>3.6</ele><time>2026-06-25T22:35:03.000Z</time><extensions><gpxtpx:TrackPointExtension><gpxtpx:hr>151</gpxtpx:hr></gpxtpx:TrackPointExtension></extensions></trkpt>
      <trkpt lat="40.732605" lon="-74.010851"><ele>3.6</ele><time>2026-06-25T22:35:04.000Z</time><extensions><gpxtpx:TrackPointExtension><gpxtpx:hr>151</gpxtpx:hr></gpxtpx:TrackPointExtension></extensions></trkpt>
      <trkpt lat="40.732584" lon="-74.010853"><ele>3.6</ele><time>2026-06-25T22:35:05.000Z</time><extensions><gpxtpx:TrackPointExtension><gpxtpx:hr>151</gpxtpx:hr></gpxtpx:TrackPointExtension></extensions></trkpt>
      <trkpt lat="40.732562" lon="-74.01086"><ele>3.6</ele><time>2026-06-25T22:35:06.000Z</time><extensions><gpxtpx:TrackPointExtension><gpxtpx:hr>151</gpxtpx:hr></gpxtpx:TrackPointExtension></extensions></trkpt>
      <trkpt lat="40.732538" lon="-74.010873"><ele>3.6</ele><time>2026-06-25T22:35:07.000Z</time><extensions><gpxtpx:TrackPointExtension><gpxtpx:hr>151</gpxtpx:hr></gpxtpx:TrackPointExtension></extensions></trkpt>
      <trkpt lat="40.732512" lon="-74.010887"><ele>3.6</ele><time>2026-06-25T22:35:08.000Z</time><extensions><gpxtpx:TrackPointExtension><gpxtpx:hr>151</gpxtpx:hr></gpxtpx:TrackPointExtension></extensions></trkpt>
      <trkpt lat="40.732488" lon="-74.010898"><ele>3.6</ele><time>2026-06-25T22:35:09.000Z</time><extensions><gpxtpx:TrackPointExtension><gpxtpx:hr>151</gpxtpx:hr></gpxtpx:TrackPointExtension></extensions></trkpt>
      <trkpt lat="40.732464" lon="-74.010906"><ele>3.6</ele><time>2026-06-25T22:35:10.000Z</time><extensions><gpxtpx:TrackPointExtension><gpxtpx:hr>151</gpxtpx:hr></gpxtpx:TrackPointExtension></extensions></trkpt>
      <trkpt lat="40.73244" lon="-74.010912"><ele>3.6</ele><time>2026-06-25T22:35:11.000Z</time><extensions><gpxtpx:TrackPointExtension><gpxtpx:hr>151</gpxtpx:hr></gpxtpx:TrackPointExtension></extensions></trkpt>
      <trkpt lat="40.732417" lon="-74.010917"><ele>3.6</ele><time>2026-06-25T22:35:12.000Z</time><extensions><gpxtpx:TrackPointExtension><gpxtpx:hr>151</gpxtpx:hr></gpxtpx:TrackPointExtension></extensions></trkpt>
      <trkpt lat="40.732393" lon="-74.010921"><ele>3.6</ele><time>2026-06-25T22:35:13.000Z</time><extensions><gpxtpx:TrackPointExtension><gpxtpx:hr>151</gpxtpx:hr></gpxtpx:TrackPointExtension></extensions></trkpt>
      <trkpt lat="40.73237" lon="-74.010925"><ele>3.6</ele><time>2026-06-25T22:35:14.000Z</time><extensions><gpxtpx:TrackPointExtension><gpxtpx:hr>151</gpxtpx:hr></gpxtpx:TrackPointExtension></extensions></trkpt>
      <trkpt lat="40.732346" lon="-74.010928"><ele>3.6</ele><time>2026-06-25T22:35:15.000Z</time><extensions><gpxtpx:TrackPointExtension><gpxtpx:hr>151</gpxtpx:hr></gpxtpx:TrackPointExtension></extensions></trkpt>
      <trkpt lat="40.732323" lon="-74.010929"><ele>3.6</ele><time>2026-06-25T22:35:16.000Z</time><extensions><gpxtpx:TrackPointExtension><gpxtpx:hr>151</gpxtpx:hr></gpxtpx:TrackPointExtension></extensions></trkpt>
      <trkpt lat="40.732301" lon="-74.010929"><ele>3.6</ele><time>2026-06-25T22:35:17.000Z</time><extensions><gpxtpx:TrackPointExtension><gpxtpx:hr>151</gpxtpx:hr></gpxtpx:TrackPointExtension></extensions></trkpt>
      <trkpt lat="40.732279" lon="-74.01093"><ele>3.6</ele><time>2026-06-25T22:35:18.000Z</time><extensions><gpxtpx:TrackPointExtension><gpxtpx:hr>151</gpxtpx:hr></gpxtpx:TrackPointExtension></extensions></trkpt>
      <trkpt lat="40.732257" lon="-74.01093"><ele>3.8</ele><time>2026-06-25T22:35:19.000Z</time><extensions><gpxtpx:TrackPointExtension><gpxtpx:hr>151</gpxtpx:hr></gpxtpx:TrackPointExtension></extensions></trkpt>
      <trkpt lat="40.732234" lon="-74.010932"><ele>3.8</ele><time>2026-06-25T22:35:20.000Z</time><extensions><gpxtpx:TrackPointExtension><gpxtpx:hr>151</gpxtpx:hr></gpxtpx:TrackPointExtension></extensions></trkpt>
      <trkpt lat="40.732211" lon="-74.010933"><ele>3.8</ele><time>2026-06-25T22:35:21.000Z</time><extensions><gpxtpx:TrackPointExtension><gpxtpx:hr>151</gpxtpx:hr></gpxtpx:TrackPointExtension></extensions></trkpt>
      <trkpt lat="40.732188" lon="-74.010934"><ele>3.8</ele><time>2026-06-25T22:35:22.000Z</time><extensions><gpxtpx:TrackPointExtension><gpxtpx:hr>151</gpxtpx:hr></gpxtpx:TrackPointExtension></extensions></trkpt>
      <trkpt lat="40.732166" lon="-74.010935"><ele>3.8</ele><time>2026-06-25T22:35:23.000Z</time><extensions><gpxtpx:TrackPointExtension><gpxtpx:hr>151</gpxtpx:hr></gpxtpx:TrackPointExtension></extensions></trkpt>
      <trkpt lat="40.732144" lon="-74.010938"><ele>3.8</ele><time>2026-06-25T22:35:24.000Z</time><extensions><gpxtpx:TrackPointExtension><gpxtpx:hr>151</gpxtpx:hr></gpxtpx:TrackPointExtension></extensions></trkpt>
      <trkpt lat="40.732121" lon="-74.010941"><ele>3.8</ele><time>2026-06-25T22:35:25.000Z</time><extensions><gpxtpx:TrackPointExtension><gpxtpx:hr>151</gpxtpx:hr></gpxtpx:TrackPointExtension></extensions></trkpt>
      <trkpt lat="40.732097" lon="-74.010946"><ele>3.8</ele><time>2026-06-25T22:35:26.000Z</time><extensions><gpxtpx:TrackPointExtension><gpxtpx:hr>151</gpxtpx:hr></gpxtpx:TrackPointExtension></extensions></trkpt>
      <trkpt lat="40.732073" lon="-74.01095"><ele>3.8</ele><time>2026-06-25T22:35:27.000Z</time><extensions><gpxtpx:TrackPointExtension><gpxtpx:hr>151</gpxtpx:hr></gpxtpx:TrackPointExtension></extensions></trkpt>
      <trkpt lat="40.73205" lon="-74.010952"><ele>3.8</ele><time>2026-06-25T22:35:28.000Z</time><extensions><gpxtpx:TrackPointExtension><gpxtpx:hr>151</gpxtpx:hr></gpxtpx:TrackPointExtension></extensions></trkpt>
      <trkpt lat="40.732026" lon="-74.010954"><ele>3.8</ele><time>2026-06-25T22:35:29.000Z</time><extensions><gpxtpx:TrackPointExtension><gpxtpx:hr>151</gpxtpx:hr></gpxtpx:TrackPointExtension></extensions></trkpt>
      <trkpt lat="40.732003" lon="-74.010956"><ele>3.8</ele><time>2026-06-25T22:35:30.000Z</time><extensions><gpxtpx:TrackPointExtension><gpxtpx:hr>151</gpxtpx:hr></gpxtpx:TrackPointExtension></extensions></trkpt>
      <trkpt lat="40.73198" lon="-74.010959"><ele>3.8</ele><time>2026-06-25T22:35:31.000Z</time><extensions><gpxtpx:TrackPointExtension><gpxtpx:hr>151</gpxtpx:hr></gpxtpx:TrackPointExtension></extensions></trkpt>
      <trkpt lat="40.731957" lon="-74.010962"><ele>3.8</ele><time>2026-06-25T22:35:32.000Z</time><extensions><gpxtpx:TrackPointExtension><gpxtpx:hr>152</gpxtpx:hr></gpxtpx:TrackPointExtension></extensions></trkpt>
      <trkpt lat="40.731933" lon="-74.010964"><ele>3.8</ele><time>2026-06-25T22:35:33.000Z</time><extensions><gpxtpx:TrackPointExtension><gpxtpx:hr>152</gpxtpx:hr></gpxtpx:TrackPointExtension></extensions></trkpt>
      <trkpt lat="40.731909" lon="-74.010967"><ele>3.8</ele><time>2026-06-25T22:35:34.000Z</time><extensions><gpxtpx:TrackPointExtension><gpxtpx:hr>152</gpxtpx:hr></gpxtpx:TrackPointExtension></extensions></trkpt>
      <trkpt lat="40.731886" lon="-74.010968"><ele>3.8</ele><time>2026-06-25T22:35:35.000Z</time><extensions><gpxtpx:TrackPointExtension><gpxtpx:hr>152</gpxtpx:hr></gpxtpx:TrackPointExtension></extensions></trkpt>
      <trkpt lat="40.731864" lon="-74.010969"><ele>3.8</ele><time>2026-06-25T22:35:36.000Z</time><extensions><gpxtpx:TrackPointExtension><gpxtpx:hr>152</gpxtpx:hr></gpxtpx:TrackPointExtension></extensions></trkpt>
      <trkpt lat="40.731844" lon="-74.010969"><ele>3.8</ele><time>2026-06-25T22:35:37.000Z</time><extensions><gpxtpx:TrackPointExtension><gpxtpx:hr>152</gpxtpx:hr></gpxtpx:TrackPointExtension></extensions></trkpt>
      <trkpt lat="40.731824" lon="-74.010968"><ele>3.8</ele><time>2026-06-25T22:35:38.000Z</time><extensions><gpxtpx:TrackPointExtension><gpxtpx:hr>152</gpxtpx:hr></gpxtpx:TrackPointExtension></extensions></trkpt>
      <trkpt lat="40.731804" lon="-74.010969"><ele>3.8</ele><time>2026-06-25T22:35:39.000Z</time><extensions><gpxtpx:TrackPointExtension><gpxtpx:hr>152</gpxtpx:hr></gpxtpx:TrackPointExtension></extensions></trkpt>
      <trkpt lat="40.731782" lon="-74.010973"><ele>3.8</ele><time>2026-06-25T22:35:40.000Z</time><extensions><gpxtpx:TrackPointExtension><gpxtpx:hr>152</gpxtpx:hr></gpxtpx:TrackPointExtension></extensions></trkpt>
      <trkpt lat="40.731758" lon="-74.010978"><ele>3.8</ele><time>2026-06-25T22:35:41.000Z</time><extensions><gpxtpx:TrackPointExtension><gpxtpx:hr>152</gpxtpx:hr></gpxtpx:TrackPointExtension></extensions></trkpt>
      <trkpt lat="40.731734" lon="-74.010984"><ele>3.8</ele><time>2026-06-25T22:35:42.000Z</time><extensions><gpxtpx:TrackPointExtension><gpxtpx:hr>152</gpxtpx:hr></gpxtpx:TrackPointExtension></extensions></trkpt>
      <trkpt lat="40.73171" lon="-74.01099"><ele>3.8</ele><time>2026-06-25T22:35:43.000Z</time><extensions><gpxtpx:TrackPointExtension><gpxtpx:hr>152</gpxtpx:hr></gpxtpx:TrackPointExtension></extensions></trkpt>
      <trkpt lat="40.731686" lon="-74.010994"><ele>3.8</ele><time>2026-06-25T22:35:44.000Z</time><extensions><gpxtpx:TrackPointExtension><gpxtpx:hr>152</gpxtpx:hr></gpxtpx:TrackPointExtension></extensions></trkpt>
      <trkpt lat="40.731662" lon="-74.010997"><ele>3.8</ele><time>2026-06-25T22:35:45.000Z</time><extensions><gpxtpx:TrackPointExtension><gpxtpx:hr>151</gpxtpx:hr></gpxtpx:TrackPointExtension></extensions></trkpt>
      <trkpt lat="40.731637" lon="-74.010998"><ele>3.8</ele><time>2026-06-25T22:35:46.000Z</time><extensions><gpxtpx:TrackPointExtension><gpxtpx:hr>151</gpxtpx:hr></gpxtpx:TrackPointExtension></extensions></trkpt>
      <trkpt lat="40.731611" lon="-74.010999"><ele>3.8</ele><time>2026-06-25T22:35:47.000Z</time><extensions><gpxtpx:TrackPointExtension><gpxtpx:hr>151</gpxtpx:hr></gpxtpx:TrackPointExtension></extensions></trkpt>
      <trkpt lat="40.731587" lon="-74.010997"><ele>3.8</ele><time>2026-06-25T22:35:48.000Z</time><extensions><gpxtpx:TrackPointExtension><gpxtpx:hr>151</gpxtpx:hr></gpxtpx:TrackPointExtension></extensions></trkpt>
      <trkpt lat="40.731563" lon="-74.010995"><ele>3.8</ele><time>2026-06-25T22:35:49.000Z</time><extensions><gpxtpx:TrackPointExtension><gpxtpx:hr>151</gpxtpx:hr></gpxtpx:TrackPointExtension></extensions></trkpt>
      <trkpt lat="40.731538" lon="-74.010994"><ele>3.8</ele><time>2026-06-25T22:35:50.000Z</time><extensions><gpxtpx:TrackPointExtension><gpxtpx:hr>151</gpxtpx:hr></gpxtpx:TrackPointExtension></extensions></trkpt>
      <trkpt lat="40.731514" lon="-74.010995"><ele>3.8</ele><time>2026-06-25T22:35:51.000Z</time><extensions><gpxtpx:TrackPointExtension><gpxtpx:hr>151</gpxtpx:hr></gpxtpx:TrackPointExtension></extensions></trkpt>
      <trkpt lat="40.731488" lon="-74.010998"><ele>3.8</ele><time>2026-06-25T22:35:52.000Z</time><extensions><gpxtpx:TrackPointExtension><gpxtpx:hr>151</gpxtpx:hr></gpxtpx:TrackPointExtension></extensions></trkpt>
      <trkpt lat="40.731462" lon="-74.011001"><ele>3.8</ele><time>2026-06-25T22:35:53.000Z</time><extensions><gpxtpx:TrackPointExtension><gpxtpx:hr>151</gpxtpx:hr></gpxtpx:TrackPointExtension></extensions></trkpt>
      <trkpt lat="40.731437" lon="-74.011006"><ele>3.8</ele><time>2026-06-25T22:35:54.000Z</time><extensions><gpxtpx:TrackPointExtension><gpxtpx:hr>151</gpxtpx:hr></gpxtpx:TrackPointExtension></extensions></trkpt>
      <trkpt lat="40.731413" lon="-74.011011"><ele>3.8</ele><time>2026-06-25T22:35:55.000Z</time><extensions><gpxtpx:TrackPointExtension><gpxtpx:hr>151</gpxtpx:hr></gpxtpx:TrackPointExtension></extensions></trkpt>
      <trkpt lat="40.731389" lon="-74.011016"><ele>3.8</ele><time>2026-06-25T22:35:56.000Z</time><extensions><gpxtpx:TrackPointExtension><gpxtpx:hr>150</gpxtpx:hr></gpxtpx:TrackPointExtension></extensions></trkpt>
      <trkpt lat="40.731363" lon="-74.01102"><ele>3.8</ele><time>2026-06-25T22:35:57.000Z</time><extensions><gpxtpx:TrackPointExtension><gpxtpx:hr>150</gpxtpx:hr></gpxtpx:TrackPointExtension></extensions></trkpt>
      <trkpt lat="40.731337" lon="-74.011024"><ele>3.8</ele><time>2026-06-25T22:35:58.000Z</time><extensions><gpxtpx:TrackPointExtension><gpxtpx:hr>150</gpxtpx:hr></gpxtpx:TrackPointExtension></extensions></trkpt>
      <trkpt lat="40.731311" lon="-74.011026"><ele>3.8</ele><time>2026-06-25T22:35:59.000Z</time><extensions><gpxtpx:TrackPointExtension><gpxtpx:hr>150</gpxtpx:hr></gpxtpx:TrackPointExtension></extensions></trkpt>
      <trkpt lat="40.731286" lon="-74.011027"><ele>3.8</ele><time>2026-06-25T22:36:00.000Z</time><extensions><gpxtpx:TrackPointExtension><gpxtpx:hr>150</gpxtpx:hr></gpxtpx:TrackPointExtension></extensions></trkpt>
      <trkpt lat="40.731262" lon="-74.011027"><ele>3.8</ele><time>2026-06-25T22:36:01.000Z</time><extensions><gpxtpx:TrackPointExtension><gpxtpx:hr>150</gpxtpx:hr></gpxtpx:TrackPointExtension></extensions></trkpt>
      <trkpt lat="40.731239" lon="-74.011026"><ele>3.8</ele><time>2026-06-25T22:36:02.000Z</time><extensions><gpxtpx:TrackPointExtension><gpxtpx:hr>151</gpxtpx:hr></gpxtpx:TrackPointExtension></extensions></trkpt>
      <trkpt lat="40.731217" lon="-74.011025"><ele>4</ele><time>2026-06-25T22:36:03.000Z</time><extensions><gpxtpx:TrackPointExtension><gpxtpx:hr>151</gpxtpx:hr></gpxtpx:TrackPointExtension></extensions></trkpt>
      <trkpt lat="40.731195" lon="-74.011024"><ele>4</ele><time>2026-06-25T22:36:04.000Z</time><extensions><gpxtpx:TrackPointExtension><gpxtpx:hr>151</gpxtpx:hr></gpxtpx:TrackPointExtension></extensions></trkpt>
      <trkpt lat="40.731173" lon="-74.011025"><ele>4</ele><time>2026-06-25T22:36:05.000Z</time><extensions><gpxtpx:TrackPointExtension><gpxtpx:hr>152</gpxtpx:hr></gpxtpx:TrackPointExtension></extensions></trkpt>
      <trkpt lat="40.73115" lon="-74.011027"><ele>4</ele><time>2026-06-25T22:36:06.000Z</time><extensions><gpxtpx:TrackPointExtension><gpxtpx:hr>152</gpxtpx:hr></gpxtpx:TrackPointExtension></extensions></trkpt>
      <trkpt lat="40.731126" lon="-74.01103"><ele>4</ele><time>2026-06-25T22:36:07.000Z</time><extensions><gpxtpx:TrackPointExtension><gpxtpx:hr>152</gpxtpx:hr></gpxtpx:TrackPointExtension></extensions></trkpt>
      <trkpt lat="40.731103" lon="-74.011032"><ele>4</ele><time>2026-06-25T22:36:08.000Z</time><extensions><gpxtpx:TrackPointExtension><gpxtpx:hr>152</gpxtpx:hr></gpxtpx:TrackPointExtension></extensions></trkpt>
      <trkpt lat="40.73108" lon="-74.011032"><ele>4</ele><time>2026-06-25T22:36:09.000Z</time><extensions><gpxtpx:TrackPointExtension><gpxtpx:hr>152</gpxtpx:hr></gpxtpx:TrackPointExtension></extensions></trkpt>
      <trkpt lat="40.731059" lon="-74.011029"><ele>4</ele><time>2026-06-25T22:36:10.000Z</time><extensions><gpxtpx:TrackPointExtension><gpxtpx:hr>152</gpxtpx:hr></gpxtpx:TrackPointExtension></extensions></trkpt>
      <trkpt lat="40.731037" lon="-74.011026"><ele>4</ele><time>2026-06-25T22:36:11.000Z</time><extensions><gpxtpx:TrackPointExtension><gpxtpx:hr>152</gpxtpx:hr></gpxtpx:TrackPointExtension></extensions></trkpt>
      <trkpt lat="40.731014" lon="-74.011023"><ele>4</ele><time>2026-06-25T22:36:12.000Z</time><extensions><gpxtpx:TrackPointExtension><gpxtpx:hr>152</gpxtpx:hr></gpxtpx:TrackPointExtension></extensions></trkpt>
      <trkpt lat="40.730991" lon="-74.011021"><ele>4.2</ele><time>2026-06-25T22:36:13.000Z</time><extensions><gpxtpx:TrackPointExtension><gpxtpx:hr>152</gpxtpx:hr></gpxtpx:TrackPointExtension></extensions></trkpt>
      <trkpt lat="40.730968" lon="-74.011019"><ele>4.2</ele><time>2026-06-25T22:36:14.000Z</time><extensions><gpxtpx:TrackPointExtension><gpxtpx:hr>152</gpxtpx:hr></gpxtpx:TrackPointExtension></extensions></trkpt>
      <trkpt lat="40.730945" lon="-74.011019"><ele>4.2</ele><time>2026-06-25T22:36:15.000Z</time><extensions><gpxtpx:TrackPointExtension><gpxtpx:hr>153</gpxtpx:hr></gpxtpx:TrackPointExtension></extensions></trkpt>
      <trkpt lat="40.730923" lon="-74.01102"><ele>4.2</ele><time>2026-06-25T22:36:16.000Z</time><extensions><gpxtpx:TrackPointExtension><gpxtpx:hr>153</gpxtpx:hr></gpxtpx:TrackPointExtension></extensions></trkpt>
      <trkpt lat="40.730901" lon="-74.011021"><ele>4.2</ele><time>2026-06-25T22:36:17.000Z</time><extensions><gpxtpx:TrackPointExtension><gpxtpx:hr>153</gpxtpx:hr></gpxtpx:TrackPointExtension></extensions></trkpt>
      <trkpt lat="40.73088" lon="-74.011022"><ele>4.2</ele><time>2026-06-25T22:36:18.000Z</time><extensions><gpxtpx:TrackPointExtension><gpxtpx:hr>153</gpxtpx:hr></gpxtpx:TrackPointExtension></extensions></trkpt>
      <trkpt lat="40.730858" lon="-74.011025"><ele>4.4</ele><time>2026-06-25T22:36:19.000Z</time><extensions><gpxtpx:TrackPointExtension><gpxtpx:hr>153</gpxtpx:hr></gpxtpx:TrackPointExtension></extensions></trkpt>
      <trkpt lat="40.730835" lon="-74.011031"><ele>4.4</ele><time>2026-06-25T22:36:20.000Z</time><extensions><gpxtpx:TrackPointExtension><gpxtpx:hr>153</gpxtpx:hr></gpxtpx:TrackPointExtension></extensions></trkpt>
      <trkpt lat="40.730811" lon="-74.011037"><ele>4.4</ele><time>2026-06-25T22:36:21.000Z</time><extensions><gpxtpx:TrackPointExtension><gpxtpx:hr>153</gpxtpx:hr></gpxtpx:TrackPointExtension></extensions></trkpt>
      <trkpt lat="40.730788" lon="-74.011042"><ele>4.4</ele><time>2026-06-25T22:36:22.000Z</time><extensions><gpxtpx:TrackPointExtension><gpxtpx:hr>154</gpxtpx:hr></gpxtpx:TrackPointExtension></extensions></trkpt>
      <trkpt lat="40.730765" lon="-74.011045"><ele>4.4</ele><time>2026-06-25T22:36:23.000Z</time><extensions><gpxtpx:TrackPointExtension><gpxtpx:hr>154</gpxtpx:hr></gpxtpx:TrackPointExtension></extensions></trkpt>
      <trkpt lat="40.730744" lon="-74.011047"><ele>4.4</ele><time>2026-06-25T22:36:24.000Z</time><extensions><gpxtpx:TrackPointExtension><gpxtpx:hr>155</gpxtpx:hr></gpxtpx:TrackPointExtension></extensions></trkpt>
      <trkpt lat="40.730723" lon="-74.011048"><ele>4.4</ele><time>2026-06-25T22:36:25.000Z</time><extensions><gpxtpx:TrackPointExtension><gpxtpx:hr>155</gpxtpx:hr></gpxtpx:TrackPointExtension></extensions></trkpt>
      <trkpt lat="40.7307" lon="-74.011048"><ele>4.4</ele><time>2026-06-25T22:36:26.000Z</time><extensions><gpxtpx:TrackPointExtension><gpxtpx:hr>155</gpxtpx:hr></gpxtpx:TrackPointExtension></extensions></trkpt>
      <trkpt lat="40.730677" lon="-74.011049"><ele>4.4</ele><time>2026-06-25T22:36:27.000Z</time><extensions><gpxtpx:TrackPointExtension><gpxtpx:hr>155</gpxtpx:hr></gpxtpx:TrackPointExtension></extensions></trkpt>
      <trkpt lat="40.730653" lon="-74.011051"><ele>4.4</ele><time>2026-06-25T22:36:28.000Z</time><extensions><gpxtpx:TrackPointExtension><gpxtpx:hr>155</gpxtpx:hr></gpxtpx:TrackPointExtension></extensions></trkpt>
      <trkpt lat="40.730628" lon="-74.011054"><ele>4.4</ele><time>2026-06-25T22:36:29.000Z</time><extensions><gpxtpx:TrackPointExtension><gpxtpx:hr>155</gpxtpx:hr></gpxtpx:TrackPointExtension></extensions></trkpt>
      <trkpt lat="40.730603" lon="-74.011057"><ele>4.4</ele><time>2026-06-25T22:36:30.000Z</time><extensions><gpxtpx:TrackPointExtension><gpxtpx:hr>155</gpxtpx:hr></gpxtpx:TrackPointExtension></extensions></trkpt>
      <trkpt lat="40.730578" lon="-74.01106"><ele>4.4</ele><time>2026-06-25T22:36:31.000Z</time><extensions><gpxtpx:TrackPointExtension><gpxtpx:hr>155</gpxtpx:hr></gpxtpx:TrackPointExtension></extensions></trkpt>
      <trkpt lat="40.730553" lon="-74.011065"><ele>4.4</ele><time>2026-06-25T22:36:32.000Z</time><extensions><gpxtpx:TrackPointExtension><gpxtpx:hr>155</gpxtpx:hr></gpxtpx:TrackPointExtension></extensions></trkpt>
      <trkpt lat="40.730529" lon="-74.011069"><ele>4.4</ele><time>2026-06-25T22:36:33.000Z</time><extensions><gpxtpx:TrackPointExtension><gpxtpx:hr>155</gpxtpx:hr></gpxtpx:TrackPointExtension></extensions></trkpt>
      <trkpt lat="40.730505" lon="-74.011073"><ele>4.4</ele><time>2026-06-25T22:36:34.000Z</time><extensions><gpxtpx:TrackPointExtension><gpxtpx:hr>157</gpxtpx:hr></gpxtpx:TrackPointExtension></extensions></trkpt>
      <trkpt lat="40.730481" lon="-74.011078"><ele>4.4</ele><time>2026-06-25T22:36:35.000Z</time><extensions><gpxtpx:TrackPointExtension><gpxtpx:hr>157</gpxtpx:hr></gpxtpx:TrackPointExtension></extensions></trkpt>
      <trkpt lat="40.730457" lon="-74.011082"><ele>4.4</ele><time>2026-06-25T22:36:36.000Z</time><extensions><gpxtpx:TrackPointExtension><gpxtpx:hr>157</gpxtpx:hr></gpxtpx:TrackPointExtension></extensions></trkpt>
      <trkpt lat="40.730433" lon="-74.011087"><ele>4.4</ele><time>2026-06-25T22:36:37.000Z</time><extensions><gpxtpx:TrackPointExtension><gpxtpx:hr>157</gpxtpx:hr></gpxtpx:TrackPointExtension></extensions></trkpt>
      <trkpt lat="40.730409" lon="-74.011091"><ele>4.4</ele><time>2026-06-25T22:36:38.000Z</time><extensions><gpxtpx:TrackPointExtension><gpxtpx:hr>157</gpxtpx:hr></gpxtpx:TrackPointExtension></extensions></trkpt>
      <trkpt lat="40.730385" lon="-74.011096"><ele>4.4</ele><time>2026-06-25T22:36:39.000Z</time><extensions><gpxtpx:TrackPointExtension><gpxtpx:hr>157</gpxtpx:hr></gpxtpx:TrackPointExtension></extensions></trkpt>
      <trkpt lat="40.730361" lon="-74.0111"><ele>4.4</ele><time>2026-06-25T22:36:40.000Z</time><extensions><gpxtpx:TrackPointExtension><gpxtpx:hr>158</gpxtpx:hr></gpxtpx:TrackPointExtension></extensions></trkpt>
      <trkpt lat="40.730337" lon="-74.011105"><ele>4.4</ele><time>2026-06-25T22:36:41.000Z</time><extensions><gpxtpx:TrackPointExtension><gpxtpx:hr>158</gpxtpx:hr></gpxtpx:TrackPointExtension></extensions></trkpt>
      <trkpt lat="40.730312" lon="-74.011109"><ele>4.4</ele><time>2026-06-25T22:36:42.000Z</time><extensions><gpxtpx:TrackPointExtension><gpxtpx:hr>158</gpxtpx:hr></gpxtpx:TrackPointExtension></extensions></trkpt>
      <trkpt lat="40.730287" lon="-74.011113"><ele>4.4</ele><time>2026-06-25T22:36:43.000Z</time><extensions><gpxtpx:TrackPointExtension><gpxtpx:hr>158</gpxtpx:hr></gpxtpx:TrackPointExtension></extensions></trkpt>
      <trkpt lat="40.730262" lon="-74.011117"><ele>4.4</ele><time>2026-06-25T22:36:44.000Z</time><extensions><gpxtpx:TrackPointExtension><gpxtpx:hr>158</gpxtpx:hr></gpxtpx:TrackPointExtension></extensions></trkpt>
      <trkpt lat="40.730239" lon="-74.011121"><ele>4.4</ele><time>2026-06-25T22:36:45.000Z</time><extensions><gpxtpx:TrackPointExtension><gpxtpx:hr>159</gpxtpx:hr></gpxtpx:TrackPointExtension></extensions></trkpt>
      <trkpt lat="40.730216" lon="-74.011124"><ele>4.4</ele><time>2026-06-25T22:36:46.000Z</time><extensions><gpxtpx:TrackPointExtension><gpxtpx:hr>159</gpxtpx:hr></gpxtpx:TrackPointExtension></extensions></trkpt>
      <trkpt lat="40.730193" lon="-74.011128"><ele>4.2</ele><time>2026-06-25T22:36:47.000Z</time><extensions><gpxtpx:TrackPointExtension><gpxtpx:hr>159</gpxtpx:hr></gpxtpx:TrackPointExtension></extensions></trkpt>
      <trkpt lat="40.73017" lon="-74.011131"><ele>4.2</ele><time>2026-06-25T22:36:48.000Z</time><extensions><gpxtpx:TrackPointExtension><gpxtpx:hr>159</gpxtpx:hr></gpxtpx:TrackPointExtension></extensions></trkpt>
      <trkpt lat="40.730147" lon="-74.011134"><ele>4.2</ele><time>2026-06-25T22:36:49.000Z</time><extensions><gpxtpx:TrackPointExtension><gpxtpx:hr>159</gpxtpx:hr></gpxtpx:TrackPointExtension></extensions></trkpt>
      <trkpt lat="40.730124" lon="-74.011137"><ele>4.2</ele><time>2026-06-25T22:36:50.000Z</time><extensions><gpxtpx:TrackPointExtension><gpxtpx:hr>159</gpxtpx:hr></gpxtpx:TrackPointExtension></extensions></trkpt>
      <trkpt lat="40.730101" lon="-74.01114"><ele>4.2</ele><time>2026-06-25T22:36:51.000Z</time><extensions><gpxtpx:TrackPointExtension><gpxtpx:hr>159</gpxtpx:hr></gpxtpx:TrackPointExtension></extensions></trkpt>
      <trkpt lat="40.730078" lon="-74.011143"><ele>4.2</ele><time>2026-06-25T22:36:52.000Z</time><extensions><gpxtpx:TrackPointExtension><gpxtpx:hr>159</gpxtpx:hr></gpxtpx:TrackPointExtension></extensions></trkpt>
      <trkpt lat="40.730056" lon="-74.011146"><ele>4.2</ele><time>2026-06-25T22:36:53.000Z</time><extensions><gpxtpx:TrackPointExtension><gpxtpx:hr>159</gpxtpx:hr></gpxtpx:TrackPointExtension></extensions></trkpt>
      <trkpt lat="40.730035" lon="-74.011149"><ele>4.2</ele><time>2026-06-25T22:36:54.000Z</time><extensions><gpxtpx:TrackPointExtension><gpxtpx:hr>159</gpxtpx:hr></gpxtpx:TrackPointExtension></extensions></trkpt>
      <trkpt lat="40.730015" lon="-74.011151"><ele>4.2</ele><time>2026-06-25T22:36:55.000Z</time><extensions><gpxtpx:TrackPointExtension><gpxtpx:hr>159</gpxtpx:hr></gpxtpx:TrackPointExtension></extensions></trkpt>
      <trkpt lat="40.729994" lon="-74.011154"><ele>4.2</ele><time>2026-06-25T22:36:56.000Z</time><extensions><gpxtpx:TrackPointExtension><gpxtpx:hr>159</gpxtpx:hr></gpxtpx:TrackPointExtension></extensions></trkpt>
      <trkpt lat="40.729974" lon="-74.011157"><ele>4</ele><time>2026-06-25T22:36:57.000Z</time><extensions><gpxtpx:TrackPointExtension><gpxtpx:hr>159</gpxtpx:hr></gpxtpx:TrackPointExtension></extensions></trkpt>
      <trkpt lat="40.729952" lon="-74.01116"><ele>4</ele><time>2026-06-25T22:36:58.000Z</time><extensions><gpxtpx:TrackPointExtension><gpxtpx:hr>159</gpxtpx:hr></gpxtpx:TrackPointExtension></extensions></trkpt>
      <trkpt lat="40.729931" lon="-74.011163"><ele>4</ele><time>2026-06-25T22:36:59.000Z</time><extensions><gpxtpx:TrackPointExtension><gpxtpx:hr>159</gpxtpx:hr></gpxtpx:TrackPointExtension></extensions></trkpt>
      <trkpt lat="40.729909" lon="-74.011166"><ele>4</ele><time>2026-06-25T22:37:00.000Z</time><extensions><gpxtpx:TrackPointExtension><gpxtpx:hr>159</gpxtpx:hr></gpxtpx:TrackPointExtension></extensions></trkpt>
      <trkpt lat="40.729886" lon="-74.011169"><ele>4</ele><time>2026-06-25T22:37:01.000Z</time><extensions><gpxtpx:TrackPointExtension><gpxtpx:hr>159</gpxtpx:hr></gpxtpx:TrackPointExtension></extensions></trkpt>
      <trkpt lat="40.729861" lon="-74.011172"><ele>3.8</ele><time>2026-06-25T22:37:02.000Z</time><extensions><gpxtpx:TrackPointExtension><gpxtpx:hr>159</gpxtpx:hr></gpxtpx:TrackPointExtension></extensions></trkpt>
      <trkpt lat="40.729837" lon="-74.011176"><ele>3.8</ele><time>2026-06-25T22:37:03.000Z</time><extensions><gpxtpx:TrackPointExtension><gpxtpx:hr>158</gpxtpx:hr></gpxtpx:TrackPointExtension></extensions></trkpt>
      <trkpt lat="40.729813" lon="-74.011179"><ele>3.8</ele><time>2026-06-25T22:37:04.000Z</time><extensions><gpxtpx:TrackPointExtension><gpxtpx:hr>158</gpxtpx:hr></gpxtpx:TrackPointExtension></extensions></trkpt>
      <trkpt lat="40.72979" lon="-74.011182"><ele>3.8</ele><time>2026-06-25T22:37:05.000Z</time><extensions><gpxtpx:TrackPointExtension><gpxtpx:hr>158</gpxtpx:hr></gpxtpx:TrackPointExtension></extensions></trkpt>
      <trkpt lat="40.729767" lon="-74.011185"><ele>3.8</ele><time>2026-06-25T22:37:06.000Z</time><extensions><gpxtpx:TrackPointExtension><gpxtpx:hr>158</gpxtpx:hr></gpxtpx:TrackPointExtension></extensions></trkpt>
      <trkpt lat="40.729745" lon="-74.011187"><ele>3.8</ele><time>2026-06-25T22:37:07.000Z</time><extensions><gpxtpx:TrackPointExtension><gpxtpx:hr>158</gpxtpx:hr></gpxtpx:TrackPointExtension></extensions></trkpt>
      <trkpt lat="40.729723" lon="-74.01119"><ele>3.8</ele><time>2026-06-25T22:37:08.000Z</time><extensions><gpxtpx:TrackPointExtension><gpxtpx:hr>157</gpxtpx:hr></gpxtpx:TrackPointExtension></extensions></trkpt>
      <trkpt lat="40.729701" lon="-74.011192"><ele>3.8</ele><time>2026-06-25T22:37:09.000Z</time><extensions><gpxtpx:TrackPointExtension><gpxtpx:hr>157</gpxtpx:hr></gpxtpx:TrackPointExtension></extensions></trkpt>
      <trkpt lat="40.729679" lon="-74.011195"><ele>3.8</ele><time>2026-06-25T22:37:10.000Z</time><extensions><gpxtpx:TrackPointExtension><gpxtpx:hr>157</gpxtpx:hr></gpxtpx:TrackPointExtension></extensions></trkpt>
      <trkpt lat="40.729656" lon="-74.011197"><ele>3.8</ele><time>2026-06-25T22:37:11.000Z</time><extensions><gpxtpx:TrackPointExtension><gpxtpx:hr>157</gpxtpx:hr></gpxtpx:TrackPointExtension></extensions></trkpt>
      <trkpt lat="40.729633" lon="-74.011199"><ele>3.8</ele><time>2026-06-25T22:37:12.000Z</time><extensions><gpxtpx:TrackPointExtension><gpxtpx:hr>157</gpxtpx:hr></gpxtpx:TrackPointExtension></extensions></trkpt>
      <trkpt lat="40.72961" lon="-74.011201"><ele>3.8</ele><time>2026-06-25T22:37:13.000Z</time><extensions><gpxtpx:TrackPointExtension><gpxtpx:hr>157</gpxtpx:hr></gpxtpx:TrackPointExtension></extensions></trkpt>
      <trkpt lat="40.729587" lon="-74.011203"><ele>3.8</ele><time>2026-06-25T22:37:14.000Z</time><extensions><gpxtpx:TrackPointExtension><gpxtpx:hr>157</gpxtpx:hr></gpxtpx:TrackPointExtension></extensions></trkpt>
      <trkpt lat="40.729564" lon="-74.011205"><ele>3.8</ele><time>2026-06-25T22:37:15.000Z</time><extensions><gpxtpx:TrackPointExtension><gpxtpx:hr>157</gpxtpx:hr></gpxtpx:TrackPointExtension></extensions></trkpt>
      <trkpt lat="40.72954" lon="-74.011207"><ele>3.8</ele><time>2026-06-25T22:37:16.000Z</time><extensions><gpxtpx:TrackPointExtension><gpxtpx:hr>156</gpxtpx:hr></gpxtpx:TrackPointExtension></extensions></trkpt>
      <trkpt lat="40.729517" lon="-74.011209"><ele>3.8</ele><time>2026-06-25T22:37:17.000Z</time><extensions><gpxtpx:TrackPointExtension><gpxtpx:hr>156</gpxtpx:hr></gpxtpx:TrackPointExtension></extensions></trkpt>
      <trkpt lat="40.729494" lon="-74.011211"><ele>3.8</ele><time>2026-06-25T22:37:18.000Z</time><extensions><gpxtpx:TrackPointExtension><gpxtpx:hr>156</gpxtpx:hr></gpxtpx:TrackPointExtension></extensions></trkpt>
      <trkpt lat="40.729469" lon="-74.011213"><ele>3.8</ele><time>2026-06-25T22:37:19.000Z</time><extensions><gpxtpx:TrackPointExtension><gpxtpx:hr>156</gpxtpx:hr></gpxtpx:TrackPointExtension></extensions></trkpt>
      <trkpt lat="40.729444" lon="-74.011214"><ele>3.8</ele><time>2026-06-25T22:37:20.000Z</time><extensions><gpxtpx:TrackPointExtension><gpxtpx:hr>156</gpxtpx:hr></gpxtpx:TrackPointExtension></extensions></trkpt>
      <trkpt lat="40.729418" lon="-74.011216"><ele>3.8</ele><time>2026-06-25T22:37:21.000Z</time><extensions><gpxtpx:TrackPointExtension><gpxtpx:hr>156</gpxtpx:hr></gpxtpx:TrackPointExtension></extensions></trkpt>
      <trkpt lat="40.729393" lon="-74.011218"><ele>3.8</ele><time>2026-06-25T22:37:22.000Z</time><extensions><gpxtpx:TrackPointExtension><gpxtpx:hr>155</gpxtpx:hr></gpxtpx:TrackPointExtension></extensions></trkpt>
      <trkpt lat="40.729369" lon="-74.01122"><ele>3.8</ele><time>2026-06-25T22:37:23.000Z</time><extensions><gpxtpx:TrackPointExtension><gpxtpx:hr>155</gpxtpx:hr></gpxtpx:TrackPointExtension></extensions></trkpt>
      <trkpt lat="40.729346" lon="-74.011222"><ele>3.8</ele><time>2026-06-25T22:37:24.000Z</time><extensions><gpxtpx:TrackPointExtension><gpxtpx:hr>155</gpxtpx:hr></gpxtpx:TrackPointExtension></extensions></trkpt>
      <trkpt lat="40.729323" lon="-74.011224"><ele>4</ele><time>2026-06-25T22:37:25.000Z</time><extensions><gpxtpx:TrackPointExtension><gpxtpx:hr>155</gpxtpx:hr></gpxtpx:TrackPointExtension></extensions></trkpt>
      <trkpt lat="40.729299" lon="-74.011226"><ele>4</ele><time>2026-06-25T22:37:26.000Z</time><extensions><gpxtpx:TrackPointExtension><gpxtpx:hr>155</gpxtpx:hr></gpxtpx:TrackPointExtension></extensions></trkpt>
      <trkpt lat="40.729276" lon="-74.011228"><ele>4</ele><time>2026-06-25T22:37:27.000Z</time><extensions><gpxtpx:TrackPointExtension><gpxtpx:hr>155</gpxtpx:hr></gpxtpx:TrackPointExtension></extensions></trkpt>
      <trkpt lat="40.729252" lon="-74.01123"><ele>4</ele><time>2026-06-25T22:37:28.000Z</time><extensions><gpxtpx:TrackPointExtension><gpxtpx:hr>155</gpxtpx:hr></gpxtpx:TrackPointExtension></extensions></trkpt>
      <trkpt lat="40.72923" lon="-74.011233"><ele>4</ele><time>2026-06-25T22:37:29.000Z</time><extensions><gpxtpx:TrackPointExtension><gpxtpx:hr>155</gpxtpx:hr></gpxtpx:TrackPointExtension></extensions></trkpt>
      <trkpt lat="40.729208" lon="-74.011235"><ele>4</ele><time>2026-06-25T22:37:30.000Z</time><extensions><gpxtpx:TrackPointExtension><gpxtpx:hr>155</gpxtpx:hr></gpxtpx:TrackPointExtension></extensions></trkpt>
      <trkpt lat="40.729186" lon="-74.011237"><ele>4</ele><time>2026-06-25T22:37:31.000Z</time><extensions><gpxtpx:TrackPointExtension><gpxtpx:hr>155</gpxtpx:hr></gpxtpx:TrackPointExtension></extensions></trkpt>
      <trkpt lat="40.729163" lon="-74.011239"><ele>4</ele><time>2026-06-25T22:37:32.000Z</time><extensions><gpxtpx:TrackPointExtension><gpxtpx:hr>152</gpxtpx:hr></gpxtpx:TrackPointExtension></extensions></trkpt>
      <trkpt lat="40.72914" lon="-74.011242"><ele>4</ele><time>2026-06-25T22:37:33.000Z</time><extensions><gpxtpx:TrackPointExtension><gpxtpx:hr>152</gpxtpx:hr></gpxtpx:TrackPointExtension></extensions></trkpt>
      <trkpt lat="40.729115" lon="-74.011245"><ele>4</ele><time>2026-06-25T22:37:34.000Z</time><extensions><gpxtpx:TrackPointExtension><gpxtpx:hr>151</gpxtpx:hr></gpxtpx:TrackPointExtension></extensions></trkpt>
      <trkpt lat="40.72909" lon="-74.011247"><ele>4</ele><time>2026-06-25T22:37:35.000Z</time><extensions><gpxtpx:TrackPointExtension><gpxtpx:hr>151</gpxtpx:hr></gpxtpx:TrackPointExtension></extensions></trkpt>
      <trkpt lat="40.729065" lon="-74.01125"><ele>4</ele><time>2026-06-25T22:37:36.000Z</time><extensions><gpxtpx:TrackPointExtension><gpxtpx:hr>151</gpxtpx:hr></gpxtpx:TrackPointExtension></extensions></trkpt>
      <trkpt lat="40.72904" lon="-74.011253"><ele>4</ele><time>2026-06-25T22:37:37.000Z</time><extensions><gpxtpx:TrackPointExtension><gpxtpx:hr>151</gpxtpx:hr></gpxtpx:TrackPointExtension></extensions></trkpt>
      <trkpt lat="40.729017" lon="-74.011255"><ele>4</ele><time>2026-06-25T22:37:38.000Z</time><extensions><gpxtpx:TrackPointExtension><gpxtpx:hr>152</gpxtpx:hr></gpxtpx:TrackPointExtension></extensions></trkpt>
      <trkpt lat="40.728995" lon="-74.011257"><ele>4</ele><time>2026-06-25T22:37:39.000Z</time><extensions><gpxtpx:TrackPointExtension><gpxtpx:hr>152</gpxtpx:hr></gpxtpx:TrackPointExtension></extensions></trkpt>
      <trkpt lat="40.728973" lon="-74.01126"><ele>4</ele><time>2026-06-25T22:37:40.000Z</time><extensions><gpxtpx:TrackPointExtension><gpxtpx:hr>152</gpxtpx:hr></gpxtpx:TrackPointExtension></extensions></trkpt>
      <trkpt lat="40.728953" lon="-74.011262"><ele>4.2</ele><time>2026-06-25T22:37:41.000Z</time><extensions><gpxtpx:TrackPointExtension><gpxtpx:hr>152</gpxtpx:hr></gpxtpx:TrackPointExtension></extensions></trkpt>
      <trkpt lat="40.728932" lon="-74.011264"><ele>4.2</ele><time>2026-06-25T22:37:42.000Z</time><extensions><gpxtpx:TrackPointExtension><gpxtpx:hr>152</gpxtpx:hr></gpxtpx:TrackPointExtension></extensions></trkpt>
      <trkpt lat="40.728911" lon="-74.011266"><ele>4.2</ele><time>2026-06-25T22:37:43.000Z</time><extensions><gpxtpx:TrackPointExtension><gpxtpx:hr>154</gpxtpx:hr></gpxtpx:TrackPointExtension></extensions></trkpt>
      <trkpt lat="40.72889" lon="-74.011268"><ele>4.2</ele><time>2026-06-25T22:37:44.000Z</time><extensions><gpxtpx:TrackPointExtension><gpxtpx:hr>154</gpxtpx:hr></gpxtpx:TrackPointExtension></extensions></trkpt>
      <trkpt lat="40.728868" lon="-74.01127"><ele>4.2</ele><time>2026-06-25T22:37:45.000Z</time><extensions><gpxtpx:TrackPointExtension><gpxtpx:hr>154</gpxtpx:hr></gpxtpx:TrackPointExtension></extensions></trkpt>
      <trkpt lat="40.728846" lon="-74.011272"><ele>4.2</ele><time>2026-06-25T22:37:46.000Z</time><extensions><gpxtpx:TrackPointExtension><gpxtpx:hr>154</gpxtpx:hr></gpxtpx:TrackPointExtension></extensions></trkpt>
      <trkpt lat="40.728822" lon="-74.011274"><ele>4.2</ele><time>2026-06-25T22:37:47.000Z</time><extensions><gpxtpx:TrackPointExtension><gpxtpx:hr>154</gpxtpx:hr></gpxtpx:TrackPointExtension></extensions></trkpt>
      <trkpt lat="40.728798" lon="-74.011277"><ele>4.2</ele><time>2026-06-25T22:37:48.000Z</time><extensions><gpxtpx:TrackPointExtension><gpxtpx:hr>155</gpxtpx:hr></gpxtpx:TrackPointExtension></extensions></trkpt>
      <trkpt lat="40.728773" lon="-74.011279"><ele>4.2</ele><time>2026-06-25T22:37:49.000Z</time><extensions><gpxtpx:TrackPointExtension><gpxtpx:hr>155</gpxtpx:hr></gpxtpx:TrackPointExtension></extensions></trkpt>
      <trkpt lat="40.728747" lon="-74.011282"><ele>4.2</ele><time>2026-06-25T22:37:50.000Z</time><extensions><gpxtpx:TrackPointExtension><gpxtpx:hr>155</gpxtpx:hr></gpxtpx:TrackPointExtension></extensions></trkpt>
      <trkpt lat="40.728721" lon="-74.011286"><ele>4.2</ele><time>2026-06-25T22:37:51.000Z</time><extensions><gpxtpx:TrackPointExtension><gpxtpx:hr>155</gpxtpx:hr></gpxtpx:TrackPointExtension></extensions></trkpt>
      <trkpt lat="40.728694" lon="-74.01129"><ele>4.2</ele><time>2026-06-25T22:37:52.000Z</time><extensions><gpxtpx:TrackPointExtension><gpxtpx:hr>155</gpxtpx:hr></gpxtpx:TrackPointExtension></extensions></trkpt>
      <trkpt lat="40.728669" lon="-74.011294"><ele>4.2</ele><time>2026-06-25T22:37:53.000Z</time><extensions><gpxtpx:TrackPointExtension><gpxtpx:hr>155</gpxtpx:hr></gpxtpx:TrackPointExtension></extensions></trkpt>
      <trkpt lat="40.728644" lon="-74.011297"><ele>4.2</ele><time>2026-06-25T22:37:54.000Z</time><extensions><gpxtpx:TrackPointExtension><gpxtpx:hr>155</gpxtpx:hr></gpxtpx:TrackPointExtension></extensions></trkpt>
      <trkpt lat="40.728619" lon="-74.0113"><ele>4.4</ele><time>2026-06-25T22:37:55.000Z</time><extensions><gpxtpx:TrackPointExtension><gpxtpx:hr>155</gpxtpx:hr></gpxtpx:TrackPointExtension></extensions></trkpt>
      <trkpt lat="40.728593" lon="-74.011303"><ele>4.4</ele><time>2026-06-25T22:37:56.000Z</time><extensions><gpxtpx:TrackPointExtension><gpxtpx:hr>155</gpxtpx:hr></gpxtpx:TrackPointExtension></extensions></trkpt>
      <trkpt lat="40.728567" lon="-74.011306"><ele>4.4</ele><time>2026-06-25T22:37:57.000Z</time><extensions><gpxtpx:TrackPointExtension><gpxtpx:hr>154</gpxtpx:hr></gpxtpx:TrackPointExtension></extensions></trkpt>
      <trkpt lat="40.728542" lon="-74.011309"><ele>4.4</ele><time>2026-06-25T22:37:58.000Z</time><extensions><gpxtpx:TrackPointExtension><gpxtpx:hr>154</gpxtpx:hr></gpxtpx:TrackPointExtension></extensions></trkpt>
      <trkpt lat="40.728517" lon="-74.011311"><ele>4.4</ele><time>2026-06-25T22:37:59.000Z</time><extensions><gpxtpx:TrackPointExtension><gpxtpx:hr>154</gpxtpx:hr></gpxtpx:TrackPointExtension></extensions></trkpt>
      <trkpt lat="40.728492" lon="-74.011313"><ele>4.4</ele><time>2026-06-25T22:38:00.000Z</time><extensions><gpxtpx:TrackPointExtension><gpxtpx:hr>154</gpxtpx:hr></gpxtpx:TrackPointExtension></extensions></trkpt>
      <trkpt lat="40.728467" lon="-74.011315"><ele>4.4</ele><time>2026-06-25T22:38:01.000Z</time><extensions><gpxtpx:TrackPointExtension><gpxtpx:hr>154</gpxtpx:hr></gpxtpx:TrackPointExtension></extensions></trkpt>
      <trkpt lat="40.728442" lon="-74.011317"><ele>4.4</ele><time>2026-06-25T22:38:02.000Z</time><extensions><gpxtpx:TrackPointExtension><gpxtpx:hr>154</gpxtpx:hr></gpxtpx:TrackPointExtension></extensions></trkpt>
      <trkpt lat="40.728418" lon="-74.011319"><ele>4.4</ele><time>2026-06-25T22:38:03.000Z</time><extensions><gpxtpx:TrackPointExtension><gpxtpx:hr>154</gpxtpx:hr></gpxtpx:TrackPointExtension></extensions></trkpt>
      <trkpt lat="40.728394" lon="-74.011321"><ele>4.4</ele><time>2026-06-25T22:38:04.000Z</time><extensions><gpxtpx:TrackPointExtension><gpxtpx:hr>154</gpxtpx:hr></gpxtpx:TrackPointExtension></extensions></trkpt>
      <trkpt lat="40.728368" lon="-74.011322"><ele>4.4</ele><time>2026-06-25T22:38:05.000Z</time><extensions><gpxtpx:TrackPointExtension><gpxtpx:hr>154</gpxtpx:hr></gpxtpx:TrackPointExtension></extensions></trkpt>
      <trkpt lat="40.728343" lon="-74.011323"><ele>4.4</ele><time>2026-06-25T22:38:06.000Z</time><extensions><gpxtpx:TrackPointExtension><gpxtpx:hr>154</gpxtpx:hr></gpxtpx:TrackPointExtension></extensions></trkpt>
      <trkpt lat="40.728318" lon="-74.011325"><ele>4.4</ele><time>2026-06-25T22:38:07.000Z</time><extensions><gpxtpx:TrackPointExtension><gpxtpx:hr>154</gpxtpx:hr></gpxtpx:TrackPointExtension></extensions></trkpt>
      <trkpt lat="40.728294" lon="-74.011325"><ele>4.4</ele><time>2026-06-25T22:38:08.000Z</time><extensions><gpxtpx:TrackPointExtension><gpxtpx:hr>154</gpxtpx:hr></gpxtpx:TrackPointExtension></extensions></trkpt>
      <trkpt lat="40.728273" lon="-74.011325"><ele>4.2</ele><time>2026-06-25T22:38:09.000Z</time><extensions><gpxtpx:TrackPointExtension><gpxtpx:hr>153</gpxtpx:hr></gpxtpx:TrackPointExtension></extensions></trkpt>
      <trkpt lat="40.728252" lon="-74.011325"><ele>4.2</ele><time>2026-06-25T22:38:10.000Z</time><extensions><gpxtpx:TrackPointExtension><gpxtpx:hr>153</gpxtpx:hr></gpxtpx:TrackPointExtension></extensions></trkpt>
      <trkpt lat="40.72823" lon="-74.011323"><ele>4</ele><time>2026-06-25T22:38:11.000Z</time><extensions><gpxtpx:TrackPointExtension><gpxtpx:hr>153</gpxtpx:hr></gpxtpx:TrackPointExtension></extensions></trkpt>
      <trkpt lat="40.728207" lon="-74.011324"><ele>4</ele><time>2026-06-25T22:38:12.000Z</time><extensions><gpxtpx:TrackPointExtension><gpxtpx:hr>153</gpxtpx:hr></gpxtpx:TrackPointExtension></extensions></trkpt>
      <trkpt lat="40.728182" lon="-74.011328"><ele>3.8</ele><time>2026-06-25T22:38:13.000Z</time><extensions><gpxtpx:TrackPointExtension><gpxtpx:hr>153</gpxtpx:hr></gpxtpx:TrackPointExtension></extensions></trkpt>
      <trkpt lat="40.728156" lon="-74.011332"><ele>3.8</ele><time>2026-06-25T22:38:14.000Z</time><extensions><gpxtpx:TrackPointExtension><gpxtpx:hr>153</gpxtpx:hr></gpxtpx:TrackPointExtension></extensions></trkpt>
      <trkpt lat="40.72813" lon="-74.011334"><ele>3.6</ele><time>2026-06-25T22:38:15.000Z</time><extensions><gpxtpx:TrackPointExtension><gpxtpx:hr>153</gpxtpx:hr></gpxtpx:TrackPointExtension></extensions></trkpt>
      <trkpt lat="40.728106" lon="-74.011336"><ele>3.6</ele><time>2026-06-25T22:38:16.000Z</time><extensions><gpxtpx:TrackPointExtension><gpxtpx:hr>153</gpxtpx:hr></gpxtpx:TrackPointExtension></extensions></trkpt>
      <trkpt lat="40.728082" lon="-74.011339"><ele>3.6</ele><time>2026-06-25T22:38:17.000Z</time><extensions><gpxtpx:TrackPointExtension><gpxtpx:hr>154</gpxtpx:hr></gpxtpx:TrackPointExtension></extensions></trkpt>
      <trkpt lat="40.728058" lon="-74.01134"><ele>3.4</ele><time>2026-06-25T22:38:18.000Z</time><extensions><gpxtpx:TrackPointExtension><gpxtpx:hr>154</gpxtpx:hr></gpxtpx:TrackPointExtension></extensions></trkpt>
      <trkpt lat="40.728035" lon="-74.01134"><ele>3.4</ele><time>2026-06-25T22:38:19.000Z</time><extensions><gpxtpx:TrackPointExtension><gpxtpx:hr>154</gpxtpx:hr></gpxtpx:TrackPointExtension></extensions></trkpt>
      <trkpt lat="40.728013" lon="-74.01134"><ele>3.4</ele><time>2026-06-25T22:38:20.000Z</time><extensions><gpxtpx:TrackPointExtension><gpxtpx:hr>154</gpxtpx:hr></gpxtpx:TrackPointExtension></extensions></trkpt>
      <trkpt lat="40.727992" lon="-74.01134"><ele>3.4</ele><time>2026-06-25T22:38:21.000Z</time><extensions><gpxtpx:TrackPointExtension><gpxtpx:hr>155</gpxtpx:hr></gpxtpx:TrackPointExtension></extensions></trkpt>
      <trkpt lat="40.72797" lon="-74.01134"><ele>3.4</ele><time>2026-06-25T22:38:22.000Z</time><extensions><gpxtpx:TrackPointExtension><gpxtpx:hr>155</gpxtpx:hr></gpxtpx:TrackPointExtension></extensions></trkpt>
      <trkpt lat="40.727946" lon="-74.011342"><ele>3.4</ele><time>2026-06-25T22:38:23.000Z</time><extensions><gpxtpx:TrackPointExtension><gpxtpx:hr>155</gpxtpx:hr></gpxtpx:TrackPointExtension></extensions></trkpt>
      <trkpt lat="40.727921" lon="-74.011347"><ele>3.4</ele><time>2026-06-25T22:38:24.000Z</time><extensions><gpxtpx:TrackPointExtension><gpxtpx:hr>155</gpxtpx:hr></gpxtpx:TrackPointExtension></extensions></trkpt>
      <trkpt lat="40.727894" lon="-74.011355"><ele>3.6</ele><time>2026-06-25T22:38:25.000Z</time><extensions><gpxtpx:TrackPointExtension><gpxtpx:hr>155</gpxtpx:hr></gpxtpx:TrackPointExtension></extensions></trkpt>
      <trkpt lat="40.727865" lon="-74.011363"><ele>3.6</ele><time>2026-06-25T22:38:26.000Z</time><extensions><gpxtpx:TrackPointExtension><gpxtpx:hr>154</gpxtpx:hr></gpxtpx:TrackPointExtension></extensions></trkpt>
      <trkpt lat="40.727835" lon="-74.011371"><ele>3.6</ele><time>2026-06-25T22:38:27.000Z</time><extensions><gpxtpx:TrackPointExtension><gpxtpx:hr>154</gpxtpx:hr></gpxtpx:TrackPointExtension></extensions></trkpt>
      <trkpt lat="40.727808" lon="-74.011377"><ele>3.6</ele><time>2026-06-25T22:38:28.000Z</time><extensions><gpxtpx:TrackPointExtension><gpxtpx:hr>154</gpxtpx:hr></gpxtpx:TrackPointExtension></extensions></trkpt>
      <trkpt lat="40.727782" lon="-74.011382"><ele>3.6</ele><time>2026-06-25T22:38:29.000Z</time><extensions><gpxtpx:TrackPointExtension><gpxtpx:hr>154</gpxtpx:hr></gpxtpx:TrackPointExtension></extensions></trkpt>
      <trkpt lat="40.727757" lon="-74.011385"><ele>3.6</ele><time>2026-06-25T22:38:30.000Z</time><extensions><gpxtpx:TrackPointExtension><gpxtpx:hr>154</gpxtpx:hr></gpxtpx:TrackPointExtension></extensions></trkpt>
      <trkpt lat="40.727731" lon="-74.011388"><ele>3.6</ele><time>2026-06-25T22:38:31.000Z</time><extensions><gpxtpx:TrackPointExtension><gpxtpx:hr>154</gpxtpx:hr></gpxtpx:TrackPointExtension></extensions></trkpt>
      <trkpt lat="40.727703" lon="-74.011389"><ele>3.6</ele><time>2026-06-25T22:38:32.000Z</time><extensions><gpxtpx:TrackPointExtension><gpxtpx:hr>154</gpxtpx:hr></gpxtpx:TrackPointExtension></extensions></trkpt>
      <trkpt lat="40.727674" lon="-74.01139"><ele>3.6</ele><time>2026-06-25T22:38:33.000Z</time><extensions><gpxtpx:TrackPointExtension><gpxtpx:hr>154</gpxtpx:hr></gpxtpx:TrackPointExtension></extensions></trkpt>
      <trkpt lat="40.727647" lon="-74.01139"><ele>3.6</ele><time>2026-06-25T22:38:34.000Z</time><extensions><gpxtpx:TrackPointExtension><gpxtpx:hr>154</gpxtpx:hr></gpxtpx:TrackPointExtension></extensions></trkpt>
      <trkpt lat="40.72762" lon="-74.011391"><ele>3.6</ele><time>2026-06-25T22:38:35.000Z</time><extensions><gpxtpx:TrackPointExtension><gpxtpx:hr>154</gpxtpx:hr></gpxtpx:TrackPointExtension></extensions></trkpt>
      <trkpt lat="40.727593" lon="-74.011392"><ele>3.6</ele><time>2026-06-25T22:38:36.000Z</time><extensions><gpxtpx:TrackPointExtension><gpxtpx:hr>154</gpxtpx:hr></gpxtpx:TrackPointExtension></extensions></trkpt>
      <trkpt lat="40.727568" lon="-74.011395"><ele>3.6</ele><time>2026-06-25T22:38:37.000Z</time><extensions><gpxtpx:TrackPointExtension><gpxtpx:hr>154</gpxtpx:hr></gpxtpx:TrackPointExtension></extensions></trkpt>
      <trkpt lat="40.727542" lon="-74.011396"><ele>3.6</ele><time>2026-06-25T22:38:38.000Z</time><extensions><gpxtpx:TrackPointExtension><gpxtpx:hr>154</gpxtpx:hr></gpxtpx:TrackPointExtension></extensions></trkpt>
      <trkpt lat="40.727516" lon="-74.011398"><ele>3.6</ele><time>2026-06-25T22:38:39.000Z</time><extensions><gpxtpx:TrackPointExtension><gpxtpx:hr>154</gpxtpx:hr></gpxtpx:TrackPointExtension></extensions></trkpt>
      <trkpt lat="40.727489" lon="-74.011398"><ele>3.6</ele><time>2026-06-25T22:38:40.000Z</time><extensions><gpxtpx:TrackPointExtension><gpxtpx:hr>154</gpxtpx:hr></gpxtpx:TrackPointExtension></extensions></trkpt>
      <trkpt lat="40.727462" lon="-74.011399"><ele>3.6</ele><time>2026-06-25T22:38:41.000Z</time><extensions><gpxtpx:TrackPointExtension><gpxtpx:hr>155</gpxtpx:hr></gpxtpx:TrackPointExtension></extensions></trkpt>
      <trkpt lat="40.727433" lon="-74.0114"><ele>3.8</ele><time>2026-06-25T22:38:42.000Z</time><extensions><gpxtpx:TrackPointExtension><gpxtpx:hr>155</gpxtpx:hr></gpxtpx:TrackPointExtension></extensions></trkpt>
      <trkpt lat="40.727404" lon="-74.011401"><ele>3.8</ele><time>2026-06-25T22:38:43.000Z</time><extensions><gpxtpx:TrackPointExtension><gpxtpx:hr>155</gpxtpx:hr></gpxtpx:TrackPointExtension></extensions></trkpt>
      <trkpt lat="40.727375" lon="-74.011402"><ele>3.8</ele><time>2026-06-25T22:38:44.000Z</time><extensions><gpxtpx:TrackPointExtension><gpxtpx:hr>155</gpxtpx:hr></gpxtpx:TrackPointExtension></extensions></trkpt>
      <trkpt lat="40.727347" lon="-74.011403"><ele>3.8</ele><time>2026-06-25T22:38:45.000Z</time><extensions><gpxtpx:TrackPointExtension><gpxtpx:hr>155</gpxtpx:hr></gpxtpx:TrackPointExtension></extensions></trkpt>
      <trkpt lat="40.72732" lon="-74.011405"><ele>4</ele><time>2026-06-25T22:38:46.000Z</time><extensions><gpxtpx:TrackPointExtension><gpxtpx:hr>155</gpxtpx:hr></gpxtpx:TrackPointExtension></extensions></trkpt>
      <trkpt lat="40.727293" lon="-74.011406"><ele>4</ele><time>2026-06-25T22:38:47.000Z</time><extensions><gpxtpx:TrackPointExtension><gpxtpx:hr>156</gpxtpx:hr></gpxtpx:TrackPointExtension></extensions></trkpt>
      <trkpt lat="40.727266" lon="-74.011407"><ele>4</ele><time>2026-06-25T22:38:48.000Z</time><extensions><gpxtpx:TrackPointExtension><gpxtpx:hr>156</gpxtpx:hr></gpxtpx:TrackPointExtension></extensions></trkpt>
      <trkpt lat="40.727241" lon="-74.011407"><ele>4</ele><time>2026-06-25T22:38:49.000Z</time><extensions><gpxtpx:TrackPointExtension><gpxtpx:hr>156</gpxtpx:hr></gpxtpx:TrackPointExtension></extensions></trkpt>
      <trkpt lat="40.727217" lon="-74.011407"><ele>4</ele><time>2026-06-25T22:38:50.000Z</time><extensions><gpxtpx:TrackPointExtension><gpxtpx:hr>156</gpxtpx:hr></gpxtpx:TrackPointExtension></extensions></trkpt>
      <trkpt lat="40.727194" lon="-74.011408"><ele>4.2</ele><time>2026-06-25T22:38:51.000Z</time><extensions><gpxtpx:TrackPointExtension><gpxtpx:hr>157</gpxtpx:hr></gpxtpx:TrackPointExtension></extensions></trkpt>
      <trkpt lat="40.727169" lon="-74.011409"><ele>4.2</ele><time>2026-06-25T22:38:52.000Z</time><extensions><gpxtpx:TrackPointExtension><gpxtpx:hr>157</gpxtpx:hr></gpxtpx:TrackPointExtension></extensions></trkpt>
      <trkpt lat="40.727143" lon="-74.01141"><ele>4.2</ele><time>2026-06-25T22:38:53.000Z</time><extensions><gpxtpx:TrackPointExtension><gpxtpx:hr>157</gpxtpx:hr></gpxtpx:TrackPointExtension></extensions></trkpt>
      <trkpt lat="40.727115" lon="-74.011411"><ele>4.2</ele><time>2026-06-25T22:38:54.000Z</time><extensions><gpxtpx:TrackPointExtension><gpxtpx:hr>157</gpxtpx:hr></gpxtpx:TrackPointExtension></extensions></trkpt>
      <trkpt lat="40.727085" lon="-74.011413"><ele>4</ele><time>2026-06-25T22:38:55.000Z</time><extensions><gpxtpx:TrackPointExtension><gpxtpx:hr>157</gpxtpx:hr></gpxtpx:TrackPointExtension></extensions></trkpt>
      <trkpt lat="40.727055" lon="-74.011416"><ele>4</ele><time>2026-06-25T22:38:56.000Z</time><extensions><gpxtpx:TrackPointExtension><gpxtpx:hr>157</gpxtpx:hr></gpxtpx:TrackPointExtension></extensions></trkpt>
      <trkpt lat="40.727026" lon="-74.01142"><ele>4</ele><time>2026-06-25T22:38:57.000Z</time><extensions><gpxtpx:TrackPointExtension><gpxtpx:hr>157</gpxtpx:hr></gpxtpx:TrackPointExtension></extensions></trkpt>
      <trkpt lat="40.727001" lon="-74.011423"><ele>4</ele><time>2026-06-25T22:38:58.000Z</time><extensions><gpxtpx:TrackPointExtension><gpxtpx:hr>157</gpxtpx:hr></gpxtpx:TrackPointExtension></extensions></trkpt>
      <trkpt lat="40.726976" lon="-74.011426"><ele>4</ele><time>2026-06-25T22:38:59.000Z</time><extensions><gpxtpx:TrackPointExtension><gpxtpx:hr>157</gpxtpx:hr></gpxtpx:TrackPointExtension></extensions></trkpt>
      <trkpt lat="40.726952" lon="-74.011427"><ele>4</ele><time>2026-06-25T22:39:00.000Z</time><extensions><gpxtpx:TrackPointExtension><gpxtpx:hr>157</gpxtpx:hr></gpxtpx:TrackPointExtension></extensions></trkpt>
      <trkpt lat="40.726929" lon="-74.011428"><ele>3.8</ele><time>2026-06-25T22:39:01.000Z</time><extensions><gpxtpx:TrackPointExtension><gpxtpx:hr>157</gpxtpx:hr></gpxtpx:TrackPointExtension></extensions></trkpt>
      <trkpt lat="40.726904" lon="-74.011431"><ele>3.8</ele><time>2026-06-25T22:39:02.000Z</time><extensions><gpxtpx:TrackPointExtension><gpxtpx:hr>157</gpxtpx:hr></gpxtpx:TrackPointExtension></extensions></trkpt>
      <trkpt lat="40.726879" lon="-74.011433"><ele>3.8</ele><time>2026-06-25T22:39:03.000Z</time><extensions><gpxtpx:TrackPointExtension><gpxtpx:hr>157</gpxtpx:hr></gpxtpx:TrackPointExtension></extensions></trkpt>
      <trkpt lat="40.726854" lon="-74.011436"><ele>3.8</ele><time>2026-06-25T22:39:04.000Z</time><extensions><gpxtpx:TrackPointExtension><gpxtpx:hr>157</gpxtpx:hr></gpxtpx:TrackPointExtension></extensions></trkpt>
      <trkpt lat="40.72683" lon="-74.011437"><ele>3.8</ele><time>2026-06-25T22:39:05.000Z</time><extensions><gpxtpx:TrackPointExtension><gpxtpx:hr>157</gpxtpx:hr></gpxtpx:TrackPointExtension></extensions></trkpt>
      <trkpt lat="40.726806" lon="-74.011438"><ele>3.8</ele><time>2026-06-25T22:39:06.000Z</time><extensions><gpxtpx:TrackPointExtension><gpxtpx:hr>157</gpxtpx:hr></gpxtpx:TrackPointExtension></extensions></trkpt>
      <trkpt lat="40.726783" lon="-74.01144"><ele>3.8</ele><time>2026-06-25T22:39:07.000Z</time><extensions><gpxtpx:TrackPointExtension><gpxtpx:hr>158</gpxtpx:hr></gpxtpx:TrackPointExtension></extensions></trkpt>
      <trkpt lat="40.726759" lon="-74.011442"><ele>3.8</ele><time>2026-06-25T22:39:08.000Z</time><extensions><gpxtpx:TrackPointExtension><gpxtpx:hr>158</gpxtpx:hr></gpxtpx:TrackPointExtension></extensions></trkpt>
      <trkpt lat="40.726734" lon="-74.011445"><ele>3.6</ele><time>2026-06-25T22:39:09.000Z</time><extensions><gpxtpx:TrackPointExtension><gpxtpx:hr>158</gpxtpx:hr></gpxtpx:TrackPointExtension></extensions></trkpt>
      <trkpt lat="40.726709" lon="-74.011449"><ele>3.6</ele><time>2026-06-25T22:39:10.000Z</time><extensions><gpxtpx:TrackPointExtension><gpxtpx:hr>158</gpxtpx:hr></gpxtpx:TrackPointExtension></extensions></trkpt>
      <trkpt lat="40.726685" lon="-74.011453"><ele>3.6</ele><time>2026-06-25T22:39:11.000Z</time><extensions><gpxtpx:TrackPointExtension><gpxtpx:hr>158</gpxtpx:hr></gpxtpx:TrackPointExtension></extensions></trkpt>
      <trkpt lat="40.726662" lon="-74.011457"><ele>3.6</ele><time>2026-06-25T22:39:12.000Z</time><extensions><gpxtpx:TrackPointExtension><gpxtpx:hr>158</gpxtpx:hr></gpxtpx:TrackPointExtension></extensions></trkpt>
      <trkpt lat="40.72664" lon="-74.011461"><ele>3.6</ele><time>2026-06-25T22:39:13.000Z</time><extensions><gpxtpx:TrackPointExtension><gpxtpx:hr>158</gpxtpx:hr></gpxtpx:TrackPointExtension></extensions></trkpt>
      <trkpt lat="40.726617" lon="-74.011465"><ele>3.8</ele><time>2026-06-25T22:39:14.000Z</time><extensions><gpxtpx:TrackPointExtension><gpxtpx:hr>158</gpxtpx:hr></gpxtpx:TrackPointExtension></extensions></trkpt>
      <trkpt lat="40.726595" lon="-74.011469"><ele>3.8</ele><time>2026-06-25T22:39:15.000Z</time><extensions><gpxtpx:TrackPointExtension><gpxtpx:hr>158</gpxtpx:hr></gpxtpx:TrackPointExtension></extensions></trkpt>
      <trkpt lat="40.726572" lon="-74.011473"><ele>3.8</ele><time>2026-06-25T22:39:16.000Z</time><extensions><gpxtpx:TrackPointExtension><gpxtpx:hr>158</gpxtpx:hr></gpxtpx:TrackPointExtension></extensions></trkpt>
      <trkpt lat="40.726549" lon="-74.011478"><ele>3.8</ele><time>2026-06-25T22:39:17.000Z</time><extensions><gpxtpx:TrackPointExtension><gpxtpx:hr>160</gpxtpx:hr></gpxtpx:TrackPointExtension></extensions></trkpt>
      <trkpt lat="40.726527" lon="-74.011482"><ele>4</ele><time>2026-06-25T22:39:18.000Z</time><extensions><gpxtpx:TrackPointExtension><gpxtpx:hr>160</gpxtpx:hr></gpxtpx:TrackPointExtension></extensions></trkpt>
      <trkpt lat="40.726504" lon="-74.011487"><ele>4</ele><time>2026-06-25T22:39:19.000Z</time><extensions><gpxtpx:TrackPointExtension><gpxtpx:hr>160</gpxtpx:hr></gpxtpx:TrackPointExtension></extensions></trkpt>
      <trkpt lat="40.726481" lon="-74.01149"><ele>4</ele><time>2026-06-25T22:39:20.000Z</time><extensions><gpxtpx:TrackPointExtension><gpxtpx:hr>160</gpxtpx:hr></gpxtpx:TrackPointExtension></extensions></trkpt>
      <trkpt lat="40.726457" lon="-74.011493"><ele>4.2</ele><time>2026-06-25T22:39:21.000Z</time><extensions><gpxtpx:TrackPointExtension><gpxtpx:hr>160</gpxtpx:hr></gpxtpx:TrackPointExtension></extensions></trkpt>
      <trkpt lat="40.726434" lon="-74.011495"><ele>4.2</ele><time>2026-06-25T22:39:22.000Z</time><extensions><gpxtpx:TrackPointExtension><gpxtpx:hr>160</gpxtpx:hr></gpxtpx:TrackPointExtension></extensions></trkpt>
      <trkpt lat="40.726411" lon="-74.011498"><ele>4.2</ele><time>2026-06-25T22:39:23.000Z</time><extensions><gpxtpx:TrackPointExtension><gpxtpx:hr>160</gpxtpx:hr></gpxtpx:TrackPointExtension></extensions></trkpt>
      <trkpt lat="40.726387" lon="-74.011502"><ele>4.2</ele><time>2026-06-25T22:39:24.000Z</time><extensions><gpxtpx:TrackPointExtension><gpxtpx:hr>160</gpxtpx:hr></gpxtpx:TrackPointExtension></extensions></trkpt>
      <trkpt lat="40.726362" lon="-74.011507"><ele>4.2</ele><time>2026-06-25T22:39:25.000Z</time><extensions><gpxtpx:TrackPointExtension><gpxtpx:hr>160</gpxtpx:hr></gpxtpx:TrackPointExtension></extensions></trkpt>
      <trkpt lat="40.726336" lon="-74.011512"><ele>4.2</ele><time>2026-06-25T22:39:26.000Z</time><extensions><gpxtpx:TrackPointExtension><gpxtpx:hr>160</gpxtpx:hr></gpxtpx:TrackPointExtension></extensions></trkpt>
      <trkpt lat="40.726311" lon="-74.011517"><ele>4.2</ele><time>2026-06-25T22:39:27.000Z</time><extensions><gpxtpx:TrackPointExtension><gpxtpx:hr>160</gpxtpx:hr></gpxtpx:TrackPointExtension></extensions></trkpt>
      <trkpt lat="40.726287" lon="-74.011521"><ele>4.2</ele><time>2026-06-25T22:39:28.000Z</time><extensions><gpxtpx:TrackPointExtension><gpxtpx:hr>160</gpxtpx:hr></gpxtpx:TrackPointExtension></extensions></trkpt>
      <trkpt lat="40.726262" lon="-74.011524"><ele>4.2</ele><time>2026-06-25T22:39:29.000Z</time><extensions><gpxtpx:TrackPointExtension><gpxtpx:hr>160</gpxtpx:hr></gpxtpx:TrackPointExtension></extensions></trkpt>
      <trkpt lat="40.726238" lon="-74.011526"><ele>4</ele><time>2026-06-25T22:39:30.000Z</time><extensions><gpxtpx:TrackPointExtension><gpxtpx:hr>160</gpxtpx:hr></gpxtpx:TrackPointExtension></extensions></trkpt>
      <trkpt lat="40.726212" lon="-74.011529"><ele>4</ele><time>2026-06-25T22:39:31.000Z</time><extensions><gpxtpx:TrackPointExtension><gpxtpx:hr>160</gpxtpx:hr></gpxtpx:TrackPointExtension></extensions></trkpt>
      <trkpt lat="40.726186" lon="-74.011532"><ele>4</ele><time>2026-06-25T22:39:32.000Z</time><extensions><gpxtpx:TrackPointExtension><gpxtpx:hr>160</gpxtpx:hr></gpxtpx:TrackPointExtension></extensions></trkpt>
      <trkpt lat="40.726161" lon="-74.011536"><ele>4</ele><time>2026-06-25T22:39:33.000Z</time><extensions><gpxtpx:TrackPointExtension><gpxtpx:hr>160</gpxtpx:hr></gpxtpx:TrackPointExtension></extensions></trkpt>
      <trkpt lat="40.726136" lon="-74.011541"><ele>4</ele><time>2026-06-25T22:39:34.000Z</time><extensions><gpxtpx:TrackPointExtension><gpxtpx:hr>160</gpxtpx:hr></gpxtpx:TrackPointExtension></extensions></trkpt>
      <trkpt lat="40.726112" lon="-74.011546"><ele>4</ele><time>2026-06-25T22:39:35.000Z</time><extensions><gpxtpx:TrackPointExtension><gpxtpx:hr>160</gpxtpx:hr></gpxtpx:TrackPointExtension></extensions></trkpt>
      <trkpt lat="40.726087" lon="-74.01155"><ele>4</ele><time>2026-06-25T22:39:36.000Z</time><extensions><gpxtpx:TrackPointExtension><gpxtpx:hr>160</gpxtpx:hr></gpxtpx:TrackPointExtension></extensions></trkpt>
      <trkpt lat="40.726062" lon="-74.011555"><ele>4</ele><time>2026-06-25T22:39:37.000Z</time><extensions><gpxtpx:TrackPointExtension><gpxtpx:hr>160</gpxtpx:hr></gpxtpx:TrackPointExtension></extensions></trkpt>
      <trkpt lat="40.726037" lon="-74.01156"><ele>4</ele><time>2026-06-25T22:39:38.000Z</time><extensions><gpxtpx:TrackPointExtension><gpxtpx:hr>160</gpxtpx:hr></gpxtpx:TrackPointExtension></extensions></trkpt>
      <trkpt lat="40.726012" lon="-74.011563"><ele>4.2</ele><time>2026-06-25T22:39:39.000Z</time><extensions><gpxtpx:TrackPointExtension><gpxtpx:hr>160</gpxtpx:hr></gpxtpx:TrackPointExtension></extensions></trkpt>
      <trkpt lat="40.725988" lon="-74.011567"><ele>4.2</ele><time>2026-06-25T22:39:40.000Z</time><extensions><gpxtpx:TrackPointExtension><gpxtpx:hr>160</gpxtpx:hr></gpxtpx:TrackPointExtension></extensions></trkpt>
      <trkpt lat="40.725962" lon="-74.01157"><ele>4.2</ele><time>2026-06-25T22:39:41.000Z</time><extensions><gpxtpx:TrackPointExtension><gpxtpx:hr>159</gpxtpx:hr></gpxtpx:TrackPointExtension></extensions></trkpt>
      <trkpt lat="40.725937" lon="-74.011574"><ele>4.4</ele><time>2026-06-25T22:39:42.000Z</time><extensions><gpxtpx:TrackPointExtension><gpxtpx:hr>159</gpxtpx:hr></gpxtpx:TrackPointExtension></extensions></trkpt>
      <trkpt lat="40.725912" lon="-74.011578"><ele>4.4</ele><time>2026-06-25T22:39:43.000Z</time><extensions><gpxtpx:TrackPointExtension><gpxtpx:hr>159</gpxtpx:hr></gpxtpx:TrackPointExtension></extensions></trkpt>
      <trkpt lat="40.725887" lon="-74.011583"><ele>4.4</ele><time>2026-06-25T22:39:44.000Z</time><extensions><gpxtpx:TrackPointExtension><gpxtpx:hr>159</gpxtpx:hr></gpxtpx:TrackPointExtension></extensions></trkpt>
      <trkpt lat="40.725863" lon="-74.011588"><ele>4.4</ele><time>2026-06-25T22:39:45.000Z</time><extensions><gpxtpx:TrackPointExtension><gpxtpx:hr>159</gpxtpx:hr></gpxtpx:TrackPointExtension></extensions></trkpt>
      <trkpt lat="40.72584" lon="-74.011594"><ele>4.4</ele><time>2026-06-25T22:39:46.000Z</time><extensions><gpxtpx:TrackPointExtension><gpxtpx:hr>159</gpxtpx:hr></gpxtpx:TrackPointExtension></extensions></trkpt>
      <trkpt lat="40.725816" lon="-74.011598"><ele>4.4</ele><time>2026-06-25T22:39:47.000Z</time><extensions><gpxtpx:TrackPointExtension><gpxtpx:hr>159</gpxtpx:hr></gpxtpx:TrackPointExtension></extensions></trkpt>
      <trkpt lat="40.725793" lon="-74.011603"><ele>4.4</ele><time>2026-06-25T22:39:48.000Z</time><extensions><gpxtpx:TrackPointExtension><gpxtpx:hr>159</gpxtpx:hr></gpxtpx:TrackPointExtension></extensions></trkpt>
      <trkpt lat="40.725769" lon="-74.011608"><ele>4.4</ele><time>2026-06-25T22:39:49.000Z</time><extensions><gpxtpx:TrackPointExtension><gpxtpx:hr>159</gpxtpx:hr></gpxtpx:TrackPointExtension></extensions></trkpt>
      <trkpt lat="40.725746" lon="-74.011614"><ele>4.4</ele><time>2026-06-25T22:39:50.000Z</time><extensions><gpxtpx:TrackPointExtension><gpxtpx:hr>159</gpxtpx:hr></gpxtpx:TrackPointExtension></extensions></trkpt>
      <trkpt lat="40.725723" lon="-74.011619"><ele>4.4</ele><time>2026-06-25T22:39:51.000Z</time><extensions><gpxtpx:TrackPointExtension><gpxtpx:hr>159</gpxtpx:hr></gpxtpx:TrackPointExtension></extensions></trkpt>
      <trkpt lat="40.725699" lon="-74.011623"><ele>4.2</ele><time>2026-06-25T22:39:52.000Z</time><extensions><gpxtpx:TrackPointExtension><gpxtpx:hr>158</gpxtpx:hr></gpxtpx:TrackPointExtension></extensions></trkpt>
      <trkpt lat="40.725676" lon="-74.011625"><ele>4.2</ele><time>2026-06-25T22:39:53.000Z</time><extensions><gpxtpx:TrackPointExtension><gpxtpx:hr>158</gpxtpx:hr></gpxtpx:TrackPointExtension></extensions></trkpt>
      <trkpt lat="40.725651" lon="-74.011627"><ele>4.2</ele><time>2026-06-25T22:39:54.000Z</time><extensions><gpxtpx:TrackPointExtension><gpxtpx:hr>158</gpxtpx:hr></gpxtpx:TrackPointExtension></extensions></trkpt>
      <trkpt lat="40.725628" lon="-74.011629"><ele>4.2</ele><time>2026-06-25T22:39:55.000Z</time><extensions><gpxtpx:TrackPointExtension><gpxtpx:hr>158</gpxtpx:hr></gpxtpx:TrackPointExtension></extensions></trkpt>
      <trkpt lat="40.725605" lon="-74.011632"><ele>4</ele><time>2026-06-25T22:39:56.000Z</time><extensions><gpxtpx:TrackPointExtension><gpxtpx:hr>158</gpxtpx:hr></gpxtpx:TrackPointExtension></extensions></trkpt>
      <trkpt lat="40.725583" lon="-74.011634"><ele>4</ele><time>2026-06-25T22:39:57.000Z</time><extensions><gpxtpx:TrackPointExtension><gpxtpx:hr>158</gpxtpx:hr></gpxtpx:TrackPointExtension></extensions></trkpt>
      <trkpt lat="40.72556" lon="-74.011638"><ele>4</ele><time>2026-06-25T22:39:58.000Z</time><extensions><gpxtpx:TrackPointExtension><gpxtpx:hr>158</gpxtpx:hr></gpxtpx:TrackPointExtension></extensions></trkpt>
      <trkpt lat="40.725537" lon="-74.011643"><ele>4</ele><time>2026-06-25T22:39:59.000Z</time><extensions><gpxtpx:TrackPointExtension><gpxtpx:hr>157</gpxtpx:hr></gpxtpx:TrackPointExtension></extensions></trkpt>
      <trkpt lat="40.725513" lon="-74.011649"><ele>3.8</ele><time>2026-06-25T22:40:00.000Z</time><extensions><gpxtpx:TrackPointExtension><gpxtpx:hr>157</gpxtpx:hr></gpxtpx:TrackPointExtension></extensions></trkpt>
      <trkpt lat="40.725489" lon="-74.011657"><ele>3.8</ele><time>2026-06-25T22:40:01.000Z</time><extensions><gpxtpx:TrackPointExtension><gpxtpx:hr>157</gpxtpx:hr></gpxtpx:TrackPointExtension></extensions></trkpt>
      <trkpt lat="40.725466" lon="-74.011666"><ele>3.8</ele><time>2026-06-25T22:40:02.000Z</time><extensions><gpxtpx:TrackPointExtension><gpxtpx:hr>157</gpxtpx:hr></gpxtpx:TrackPointExtension></extensions></trkpt>
      <trkpt lat="40.725443" lon="-74.011675"><ele>3.8</ele><time>2026-06-25T22:40:03.000Z</time><extensions><gpxtpx:TrackPointExtension><gpxtpx:hr>158</gpxtpx:hr></gpxtpx:TrackPointExtension></extensions></trkpt>
      <trkpt lat="40.725419" lon="-74.011683"><ele>3.8</ele><time>2026-06-25T22:40:04.000Z</time><extensions><gpxtpx:TrackPointExtension><gpxtpx:hr>158</gpxtpx:hr></gpxtpx:TrackPointExtension></extensions></trkpt>
      <trkpt lat="40.725396" lon="-74.011691"><ele>3.8</ele><time>2026-06-25T22:40:05.000Z</time><extensions><gpxtpx:TrackPointExtension><gpxtpx:hr>158</gpxtpx:hr></gpxtpx:TrackPointExtension></extensions></trkpt>
      <trkpt lat="40.725373" lon="-74.011699"><ele>3.8</ele><time>2026-06-25T22:40:06.000Z</time><extensions><gpxtpx:TrackPointExtension><gpxtpx:hr>158</gpxtpx:hr></gpxtpx:TrackPointExtension></extensions></trkpt>
      <trkpt lat="40.72535" lon="-74.011705"><ele>3.8</ele><time>2026-06-25T22:40:07.000Z</time><extensions><gpxtpx:TrackPointExtension><gpxtpx:hr>158</gpxtpx:hr></gpxtpx:TrackPointExtension></extensions></trkpt>
      <trkpt lat="40.725327" lon="-74.011711"><ele>3.8</ele><time>2026-06-25T22:40:08.000Z</time><extensions><gpxtpx:TrackPointExtension><gpxtpx:hr>158</gpxtpx:hr></gpxtpx:TrackPointExtension></extensions></trkpt>
      <trkpt lat="40.725304" lon="-74.011716"><ele>3.8</ele><time>2026-06-25T22:40:09.000Z</time><extensions><gpxtpx:TrackPointExtension><gpxtpx:hr>158</gpxtpx:hr></gpxtpx:TrackPointExtension></extensions></trkpt>
      <trkpt lat="40.72528" lon="-74.011722"><ele>3.8</ele><time>2026-06-25T22:40:10.000Z</time><extensions><gpxtpx:TrackPointExtension><gpxtpx:hr>158</gpxtpx:hr></gpxtpx:TrackPointExtension></extensions></trkpt>
      <trkpt lat="40.725256" lon="-74.011727"><ele>3.8</ele><time>2026-06-25T22:40:11.000Z</time><extensions><gpxtpx:TrackPointExtension><gpxtpx:hr>156</gpxtpx:hr></gpxtpx:TrackPointExtension></extensions></trkpt>
      <trkpt lat="40.725232" lon="-74.011731"><ele>3.8</ele><time>2026-06-25T22:40:12.000Z</time><extensions><gpxtpx:TrackPointExtension><gpxtpx:hr>156</gpxtpx:hr></gpxtpx:TrackPointExtension></extensions></trkpt>
      <trkpt lat="40.725209" lon="-74.011736"><ele>3.8</ele><time>2026-06-25T22:40:13.000Z</time><extensions><gpxtpx:TrackPointExtension><gpxtpx:hr>156</gpxtpx:hr></gpxtpx:TrackPointExtension></extensions></trkpt>
      <trkpt lat="40.725186" lon="-74.011742"><ele>3.8</ele><time>2026-06-25T22:40:14.000Z</time><extensions><gpxtpx:TrackPointExtension><gpxtpx:hr>156</gpxtpx:hr></gpxtpx:TrackPointExtension></extensions></trkpt>
      <trkpt lat="40.725164" lon="-74.011749"><ele>3.8</ele><time>2026-06-25T22:40:15.000Z</time><extensions><gpxtpx:TrackPointExtension><gpxtpx:hr>156</gpxtpx:hr></gpxtpx:TrackPointExtension></extensions></trkpt>
      <trkpt lat="40.725141" lon="-74.011756"><ele>3.8</ele><time>2026-06-25T22:40:16.000Z</time><extensions><gpxtpx:TrackPointExtension><gpxtpx:hr>156</gpxtpx:hr></gpxtpx:TrackPointExtension></extensions></trkpt>
      <trkpt lat="40.725119" lon="-74.011762"><ele>3.6</ele><time>2026-06-25T22:40:17.000Z</time><extensions><gpxtpx:TrackPointExtension><gpxtpx:hr>156</gpxtpx:hr></gpxtpx:TrackPointExtension></extensions></trkpt>
      <trkpt lat="40.725096" lon="-74.011767"><ele>3.6</ele><time>2026-06-25T22:40:18.000Z</time><extensions><gpxtpx:TrackPointExtension><gpxtpx:hr>156</gpxtpx:hr></gpxtpx:TrackPointExtension></extensions></trkpt>
      <trkpt lat="40.725072" lon="-74.011772"><ele>3.6</ele><time>2026-06-25T22:40:19.000Z</time><extensions><gpxtpx:TrackPointExtension><gpxtpx:hr>156</gpxtpx:hr></gpxtpx:TrackPointExtension></extensions></trkpt>
      <trkpt lat="40.725049" lon="-74.011776"><ele>3.6</ele><time>2026-06-25T22:40:20.000Z</time><extensions><gpxtpx:TrackPointExtension><gpxtpx:hr>156</gpxtpx:hr></gpxtpx:TrackPointExtension></extensions></trkpt>
      <trkpt lat="40.725025" lon="-74.011779"><ele>3.4</ele><time>2026-06-25T22:40:21.000Z</time><extensions><gpxtpx:TrackPointExtension><gpxtpx:hr>156</gpxtpx:hr></gpxtpx:TrackPointExtension></extensions></trkpt>
      <trkpt lat="40.725001" lon="-74.011781"><ele>3.4</ele><time>2026-06-25T22:40:22.000Z</time><extensions><gpxtpx:TrackPointExtension><gpxtpx:hr>156</gpxtpx:hr></gpxtpx:TrackPointExtension></extensions></trkpt>
      <trkpt lat="40.724978" lon="-74.011784"><ele>3.4</ele><time>2026-06-25T22:40:23.000Z</time><extensions><gpxtpx:TrackPointExtension><gpxtpx:hr>156</gpxtpx:hr></gpxtpx:TrackPointExtension></extensions></trkpt>
      <trkpt lat="40.724956" lon="-74.011787"><ele>3.4</ele><time>2026-06-25T22:40:24.000Z</time><extensions><gpxtpx:TrackPointExtension><gpxtpx:hr>156</gpxtpx:hr></gpxtpx:TrackPointExtension></extensions></trkpt>
      <trkpt lat="40.724934" lon="-74.01179"><ele>3.2</ele><time>2026-06-25T22:40:25.000Z</time><extensions><gpxtpx:TrackPointExtension><gpxtpx:hr>156</gpxtpx:hr></gpxtpx:TrackPointExtension></extensions></trkpt>
      <trkpt lat="40.724912" lon="-74.011795"><ele>3.2</ele><time>2026-06-25T22:40:26.000Z</time><extensions><gpxtpx:TrackPointExtension><gpxtpx:hr>154</gpxtpx:hr></gpxtpx:TrackPointExtension></extensions></trkpt>
      <trkpt lat="40.72489" lon="-74.011799"><ele>3.2</ele><time>2026-06-25T22:40:27.000Z</time><extensions><gpxtpx:TrackPointExtension><gpxtpx:hr>154</gpxtpx:hr></gpxtpx:TrackPointExtension></extensions></trkpt>
      <trkpt lat="40.724868" lon="-74.011803"><ele>3.2</ele><time>2026-06-25T22:40:28.000Z</time><extensions><gpxtpx:TrackPointExtension><gpxtpx:hr>154</gpxtpx:hr></gpxtpx:TrackPointExtension></extensions></trkpt>
      <trkpt lat="40.724846" lon="-74.011807"><ele>3.2</ele><time>2026-06-25T22:40:29.000Z</time><extensions><gpxtpx:TrackPointExtension><gpxtpx:hr>154</gpxtpx:hr></gpxtpx:TrackPointExtension></extensions></trkpt>
      <trkpt lat="40.724822" lon="-74.011812"><ele>3.2</ele><time>2026-06-25T22:40:30.000Z</time><extensions><gpxtpx:TrackPointExtension><gpxtpx:hr>154</gpxtpx:hr></gpxtpx:TrackPointExtension></extensions></trkpt>
      <trkpt lat="40.724799" lon="-74.011817"><ele>3.2</ele><time>2026-06-25T22:40:31.000Z</time><extensions><gpxtpx:TrackPointExtension><gpxtpx:hr>154</gpxtpx:hr></gpxtpx:TrackPointExtension></extensions></trkpt>
      <trkpt lat="40.724775" lon="-74.011823"><ele>3.2</ele><time>2026-06-25T22:40:32.000Z</time><extensions><gpxtpx:TrackPointExtension><gpxtpx:hr>153</gpxtpx:hr></gpxtpx:TrackPointExtension></extensions></trkpt>
      <trkpt lat="40.724753" lon="-74.011829"><ele>3.2</ele><time>2026-06-25T22:40:33.000Z</time><extensions><gpxtpx:TrackPointExtension><gpxtpx:hr>153</gpxtpx:hr></gpxtpx:TrackPointExtension></extensions></trkpt>
      <trkpt lat="40.72473" lon="-74.011835"><ele>3.2</ele><time>2026-06-25T22:40:34.000Z</time><extensions><gpxtpx:TrackPointExtension><gpxtpx:hr>153</gpxtpx:hr></gpxtpx:TrackPointExtension></extensions></trkpt>
      <trkpt lat="40.724707" lon="-74.011841"><ele>3</ele><time>2026-06-25T22:40:35.000Z</time><extensions><gpxtpx:TrackPointExtension><gpxtpx:hr>153</gpxtpx:hr></gpxtpx:TrackPointExtension></extensions></trkpt>
      <trkpt lat="40.724685" lon="-74.011846"><ele>3</ele><time>2026-06-25T22:40:36.000Z</time><extensions><gpxtpx:TrackPointExtension><gpxtpx:hr>153</gpxtpx:hr></gpxtpx:TrackPointExtension></extensions></trkpt>
      <trkpt lat="40.724663" lon="-74.011848"><ele>3</ele><time>2026-06-25T22:40:37.000Z</time><extensions><gpxtpx:TrackPointExtension><gpxtpx:hr>153</gpxtpx:hr></gpxtpx:TrackPointExtension></extensions></trkpt>
      <trkpt lat="40.72464" lon="-74.011849"><ele>3</ele><time>2026-06-25T22:40:38.000Z</time><extensions><gpxtpx:TrackPointExtension><gpxtpx:hr>153</gpxtpx:hr></gpxtpx:TrackPointExtension></extensions></trkpt>
      <trkpt lat="40.724618" lon="-74.011849"><ele>3</ele><time>2026-06-25T22:40:39.000Z</time><extensions><gpxtpx:TrackPointExtension><gpxtpx:hr>153</gpxtpx:hr></gpxtpx:TrackPointExtension></extensions></trkpt>
      <trkpt lat="40.724596" lon="-74.01185"><ele>3</ele><time>2026-06-25T22:40:40.000Z</time><extensions><gpxtpx:TrackPointExtension><gpxtpx:hr>153</gpxtpx:hr></gpxtpx:TrackPointExtension></extensions></trkpt>
      <trkpt lat="40.724574" lon="-74.011851"><ele>3</ele><time>2026-06-25T22:40:41.000Z</time><extensions><gpxtpx:TrackPointExtension><gpxtpx:hr>153</gpxtpx:hr></gpxtpx:TrackPointExtension></extensions></trkpt>
      <trkpt lat="40.724553" lon="-74.01185"><ele>3</ele><time>2026-06-25T22:40:42.000Z</time><extensions><gpxtpx:TrackPointExtension><gpxtpx:hr>153</gpxtpx:hr></gpxtpx:TrackPointExtension></extensions></trkpt>
      <trkpt lat="40.724534" lon="-74.01185"><ele>3</ele><time>2026-06-25T22:40:43.000Z</time><extensions><gpxtpx:TrackPointExtension><gpxtpx:hr>153</gpxtpx:hr></gpxtpx:TrackPointExtension></extensions></trkpt>
      <trkpt lat="40.724515" lon="-74.01185"><ele>3</ele><time>2026-06-25T22:40:44.000Z</time><extensions><gpxtpx:TrackPointExtension><gpxtpx:hr>153</gpxtpx:hr></gpxtpx:TrackPointExtension></extensions></trkpt>
      <trkpt lat="40.724494" lon="-74.01185"><ele>3.2</ele><time>2026-06-25T22:40:45.000Z</time><extensions><gpxtpx:TrackPointExtension><gpxtpx:hr>153</gpxtpx:hr></gpxtpx:TrackPointExtension></extensions></trkpt>
      <trkpt lat="40.724471" lon="-74.011852"><ele>3.2</ele><time>2026-06-25T22:40:46.000Z</time><extensions><gpxtpx:TrackPointExtension><gpxtpx:hr>153</gpxtpx:hr></gpxtpx:TrackPointExtension></extensions></trkpt>
      <trkpt lat="40.724446" lon="-74.011854"><ele>3.2</ele><time>2026-06-25T22:40:47.000Z</time><extensions><gpxtpx:TrackPointExtension><gpxtpx:hr>152</gpxtpx:hr></gpxtpx:TrackPointExtension></extensions></trkpt>
      <trkpt lat="40.724419" lon="-74.011859"><ele>3.4</ele><time>2026-06-25T22:40:48.000Z</time><extensions><gpxtpx:TrackPointExtension><gpxtpx:hr>152</gpxtpx:hr></gpxtpx:TrackPointExtension></extensions></trkpt>
      <trkpt lat="40.724392" lon="-74.011865"><ele>3.4</ele><time>2026-06-25T22:40:49.000Z</time><extensions><gpxtpx:TrackPointExtension><gpxtpx:hr>152</gpxtpx:hr></gpxtpx:TrackPointExtension></extensions></trkpt>
      <trkpt lat="40.724365" lon="-74.011874"><ele>3.4</ele><time>2026-06-25T22:40:50.000Z</time><extensions><gpxtpx:TrackPointExtension><gpxtpx:hr>152</gpxtpx:hr></gpxtpx:TrackPointExtension></extensions></trkpt>
      <trkpt lat="40.724338" lon="-74.011884"><ele>3.4</ele><time>2026-06-25T22:40:51.000Z</time><extensions><gpxtpx:TrackPointExtension><gpxtpx:hr>152</gpxtpx:hr></gpxtpx:TrackPointExtension></extensions></trkpt>
      <trkpt lat="40.724309" lon="-74.011894"><ele>3.4</ele><time>2026-06-25T22:40:52.000Z</time><extensions><gpxtpx:TrackPointExtension><gpxtpx:hr>152</gpxtpx:hr></gpxtpx:TrackPointExtension></extensions></trkpt>
      <trkpt lat="40.724282" lon="-74.011903"><ele>3.2</ele><time>2026-06-25T22:40:53.000Z</time><extensions><gpxtpx:TrackPointExtension><gpxtpx:hr>151</gpxtpx:hr></gpxtpx:TrackPointExtension></extensions></trkpt>
      <trkpt lat="40.724256" lon="-74.011911"><ele>3.2</ele><time>2026-06-25T22:40:54.000Z</time><extensions><gpxtpx:TrackPointExtension><gpxtpx:hr>151</gpxtpx:hr></gpxtpx:TrackPointExtension></extensions></trkpt>
      <trkpt lat="40.724232" lon="-74.011918"><ele>3.2</ele><time>2026-06-25T22:40:55.000Z</time><extensions><gpxtpx:TrackPointExtension><gpxtpx:hr>151</gpxtpx:hr></gpxtpx:TrackPointExtension></extensions></trkpt>
      <trkpt lat="40.724208" lon="-74.011924"><ele>3</ele><time>2026-06-25T22:40:56.000Z</time><extensions><gpxtpx:TrackPointExtension><gpxtpx:hr>151</gpxtpx:hr></gpxtpx:TrackPointExtension></extensions></trkpt>
      <trkpt lat="40.724185" lon="-74.01193"><ele>3</ele><time>2026-06-25T22:40:57.000Z</time><extensions><gpxtpx:TrackPointExtension><gpxtpx:hr>151</gpxtpx:hr></gpxtpx:TrackPointExtension></extensions></trkpt>
      <trkpt lat="40.724162" lon="-74.011938"><ele>3</ele><time>2026-06-25T22:40:58.000Z</time><extensions><gpxtpx:TrackPointExtension><gpxtpx:hr>151</gpxtpx:hr></gpxtpx:TrackPointExtension></extensions></trkpt>
      <trkpt lat="40.72414" lon="-74.011946"><ele>3</ele><time>2026-06-25T22:40:59.000Z</time><extensions><gpxtpx:TrackPointExtension><gpxtpx:hr>151</gpxtpx:hr></gpxtpx:TrackPointExtension></extensions></trkpt>
      <trkpt lat="40.724117" lon="-74.011953"><ele>3</ele><time>2026-06-25T22:41:00.000Z</time><extensions><gpxtpx:TrackPointExtension><gpxtpx:hr>151</gpxtpx:hr></gpxtpx:TrackPointExtension></extensions></trkpt>
      <trkpt lat="40.724094" lon="-74.011958"><ele>3</ele><time>2026-06-25T22:41:01.000Z</time><extensions><gpxtpx:TrackPointExtension><gpxtpx:hr>151</gpxtpx:hr></gpxtpx:TrackPointExtension></extensions></trkpt>
      <trkpt lat="40.72407" lon="-74.011962"><ele>3</ele><time>2026-06-25T22:41:02.000Z</time><extensions><gpxtpx:TrackPointExtension><gpxtpx:hr>155</gpxtpx:hr></gpxtpx:TrackPointExtension></extensions></trkpt>
      <trkpt lat="40.724046" lon="-74.011965"><ele>3</ele><time>2026-06-25T22:41:03.000Z</time><extensions><gpxtpx:TrackPointExtension><gpxtpx:hr>155</gpxtpx:hr></gpxtpx:TrackPointExtension></extensions></trkpt>
      <trkpt lat="40.724021" lon="-74.011969"><ele>3</ele><time>2026-06-25T22:41:04.000Z</time><extensions><gpxtpx:TrackPointExtension><gpxtpx:hr>155</gpxtpx:hr></gpxtpx:TrackPointExtension></extensions></trkpt>
      <trkpt lat="40.723996" lon="-74.011974"><ele>3</ele><time>2026-06-25T22:41:05.000Z</time><extensions><gpxtpx:TrackPointExtension><gpxtpx:hr>155</gpxtpx:hr></gpxtpx:TrackPointExtension></extensions></trkpt>
      <trkpt lat="40.723972" lon="-74.011979"><ele>3</ele><time>2026-06-25T22:41:06.000Z</time><extensions><gpxtpx:TrackPointExtension><gpxtpx:hr>155</gpxtpx:hr></gpxtpx:TrackPointExtension></extensions></trkpt>
      <trkpt lat="40.723948" lon="-74.011984"><ele>3</ele><time>2026-06-25T22:41:07.000Z</time><extensions><gpxtpx:TrackPointExtension><gpxtpx:hr>155</gpxtpx:hr></gpxtpx:TrackPointExtension></extensions></trkpt>
      <trkpt lat="40.723925" lon="-74.011989"><ele>3.2</ele><time>2026-06-25T22:41:08.000Z</time><extensions><gpxtpx:TrackPointExtension><gpxtpx:hr>155</gpxtpx:hr></gpxtpx:TrackPointExtension></extensions></trkpt>
      <trkpt lat="40.723903" lon="-74.011993"><ele>3.2</ele><time>2026-06-25T22:41:09.000Z</time><extensions><gpxtpx:TrackPointExtension><gpxtpx:hr>155</gpxtpx:hr></gpxtpx:TrackPointExtension></extensions></trkpt>
      <trkpt lat="40.723882" lon="-74.011998"><ele>3.4</ele><time>2026-06-25T22:41:10.000Z</time><extensions><gpxtpx:TrackPointExtension><gpxtpx:hr>155</gpxtpx:hr></gpxtpx:TrackPointExtension></extensions></trkpt>
      <trkpt lat="40.72386" lon="-74.012002"><ele>3.4</ele><time>2026-06-25T22:41:11.000Z</time><extensions><gpxtpx:TrackPointExtension><gpxtpx:hr>155</gpxtpx:hr></gpxtpx:TrackPointExtension></extensions></trkpt>
      <trkpt lat="40.723838" lon="-74.012005"><ele>3.4</ele><time>2026-06-25T22:41:12.000Z</time><extensions><gpxtpx:TrackPointExtension><gpxtpx:hr>154</gpxtpx:hr></gpxtpx:TrackPointExtension></extensions></trkpt>
      <trkpt lat="40.723816" lon="-74.012009"><ele>3.6</ele><time>2026-06-25T22:41:13.000Z</time><extensions><gpxtpx:TrackPointExtension><gpxtpx:hr>154</gpxtpx:hr></gpxtpx:TrackPointExtension></extensions></trkpt>
      <trkpt lat="40.723795" lon="-74.012014"><ele>3.6</ele><time>2026-06-25T22:41:14.000Z</time><extensions><gpxtpx:TrackPointExtension><gpxtpx:hr>154</gpxtpx:hr></gpxtpx:TrackPointExtension></extensions></trkpt>
      <trkpt lat="40.723773" lon="-74.012019"><ele>3.6</ele><time>2026-06-25T22:41:15.000Z</time><extensions><gpxtpx:TrackPointExtension><gpxtpx:hr>154</gpxtpx:hr></gpxtpx:TrackPointExtension></extensions></trkpt>
      <trkpt lat="40.72375" lon="-74.012024"><ele>3.6</ele><time>2026-06-25T22:41:16.000Z</time><extensions><gpxtpx:TrackPointExtension><gpxtpx:hr>154</gpxtpx:hr></gpxtpx:TrackPointExtension></extensions></trkpt>
      <trkpt lat="40.723728" lon="-74.012031"><ele>3.6</ele><time>2026-06-25T22:41:17.000Z</time><extensions><gpxtpx:TrackPointExtension><gpxtpx:hr>154</gpxtpx:hr></gpxtpx:TrackPointExtension></extensions></trkpt>
      <trkpt lat="40.723706" lon="-74.012037"><ele>3.6</ele><time>2026-06-25T22:41:18.000Z</time><extensions><gpxtpx:TrackPointExtension><gpxtpx:hr>154</gpxtpx:hr></gpxtpx:TrackPointExtension></extensions></trkpt>
      <trkpt lat="40.723684" lon="-74.012042"><ele>3.8</ele><time>2026-06-25T22:41:19.000Z</time><extensions><gpxtpx:TrackPointExtension><gpxtpx:hr>154</gpxtpx:hr></gpxtpx:TrackPointExtension></extensions></trkpt>
      <trkpt lat="40.723663" lon="-74.012047"><ele>3.8</ele><time>2026-06-25T22:41:20.000Z</time><extensions><gpxtpx:TrackPointExtension><gpxtpx:hr>154</gpxtpx:hr></gpxtpx:TrackPointExtension></extensions></trkpt>
      <trkpt lat="40.723641" lon="-74.012053"><ele>3.8</ele><time>2026-06-25T22:41:21.000Z</time><extensions><gpxtpx:TrackPointExtension><gpxtpx:hr>154</gpxtpx:hr></gpxtpx:TrackPointExtension></extensions></trkpt>
      <trkpt lat="40.723619" lon="-74.012058"><ele>3.8</ele><time>2026-06-25T22:41:22.000Z</time><extensions><gpxtpx:TrackPointExtension><gpxtpx:hr>153</gpxtpx:hr></gpxtpx:TrackPointExtension></extensions></trkpt>
      <trkpt lat="40.723597" lon="-74.012063"><ele>3.8</ele><time>2026-06-25T22:41:23.000Z</time><extensions><gpxtpx:TrackPointExtension><gpxtpx:hr>153</gpxtpx:hr></gpxtpx:TrackPointExtension></extensions></trkpt>
      <trkpt lat="40.723574" lon="-74.012068"><ele>3.8</ele><time>2026-06-25T22:41:24.000Z</time><extensions><gpxtpx:TrackPointExtension><gpxtpx:hr>153</gpxtpx:hr></gpxtpx:TrackPointExtension></extensions></trkpt>
      <trkpt lat="40.72355" lon="-74.012072"><ele>3.8</ele><time>2026-06-25T22:41:25.000Z</time><extensions><gpxtpx:TrackPointExtension><gpxtpx:hr>153</gpxtpx:hr></gpxtpx:TrackPointExtension></extensions></trkpt>
      <trkpt lat="40.723525" lon="-74.012076"><ele>3.6</ele><time>2026-06-25T22:41:26.000Z</time><extensions><gpxtpx:TrackPointExtension><gpxtpx:hr>153</gpxtpx:hr></gpxtpx:TrackPointExtension></extensions></trkpt>
      <trkpt lat="40.723499" lon="-74.012082"><ele>3.6</ele><time>2026-06-25T22:41:27.000Z</time><extensions><gpxtpx:TrackPointExtension><gpxtpx:hr>153</gpxtpx:hr></gpxtpx:TrackPointExtension></extensions></trkpt>
      <trkpt lat="40.723474" lon="-74.012087"><ele>3.6</ele><time>2026-06-25T22:41:28.000Z</time><extensions><gpxtpx:TrackPointExtension><gpxtpx:hr>153</gpxtpx:hr></gpxtpx:TrackPointExtension></extensions></trkpt>
      <trkpt lat="40.72345" lon="-74.012093"><ele>3.6</ele><time>2026-06-25T22:41:29.000Z</time><extensions><gpxtpx:TrackPointExtension><gpxtpx:hr>153</gpxtpx:hr></gpxtpx:TrackPointExtension></extensions></trkpt>
      <trkpt lat="40.723426" lon="-74.012099"><ele>3.6</ele><time>2026-06-25T22:41:30.000Z</time><extensions><gpxtpx:TrackPointExtension><gpxtpx:hr>153</gpxtpx:hr></gpxtpx:TrackPointExtension></extensions></trkpt>
      <trkpt lat="40.723403" lon="-74.012104"><ele>3.4</ele><time>2026-06-25T22:41:31.000Z</time><extensions><gpxtpx:TrackPointExtension><gpxtpx:hr>153</gpxtpx:hr></gpxtpx:TrackPointExtension></extensions></trkpt>
      <trkpt lat="40.72338" lon="-74.012108"><ele>3.4</ele><time>2026-06-25T22:41:32.000Z</time><extensions><gpxtpx:TrackPointExtension><gpxtpx:hr>153</gpxtpx:hr></gpxtpx:TrackPointExtension></extensions></trkpt>
      <trkpt lat="40.723357" lon="-74.012111"><ele>3.4</ele><time>2026-06-25T22:41:33.000Z</time><extensions><gpxtpx:TrackPointExtension><gpxtpx:hr>153</gpxtpx:hr></gpxtpx:TrackPointExtension></extensions></trkpt>
      <trkpt lat="40.723334" lon="-74.012114"><ele>3.4</ele><time>2026-06-25T22:41:34.000Z</time><extensions><gpxtpx:TrackPointExtension><gpxtpx:hr>153</gpxtpx:hr></gpxtpx:TrackPointExtension></extensions></trkpt>
      <trkpt lat="40.723313" lon="-74.012118"><ele>3.2</ele><time>2026-06-25T22:41:35.000Z</time><extensions><gpxtpx:TrackPointExtension><gpxtpx:hr>153</gpxtpx:hr></gpxtpx:TrackPointExtension></extensions></trkpt>
      <trkpt lat="40.72329" lon="-74.012123"><ele>3.2</ele><time>2026-06-25T22:41:36.000Z</time><extensions><gpxtpx:TrackPointExtension><gpxtpx:hr>153</gpxtpx:hr></gpxtpx:TrackPointExtension></extensions></trkpt>
      <trkpt lat="40.723268" lon="-74.012127"><ele>3.2</ele><time>2026-06-25T22:41:37.000Z</time><extensions><gpxtpx:TrackPointExtension><gpxtpx:hr>153</gpxtpx:hr></gpxtpx:TrackPointExtension></extensions></trkpt>
      <trkpt lat="40.723246" lon="-74.012132"><ele>3.2</ele><time>2026-06-25T22:41:38.000Z</time><extensions><gpxtpx:TrackPointExtension><gpxtpx:hr>153</gpxtpx:hr></gpxtpx:TrackPointExtension></extensions></trkpt>
      <trkpt lat="40.723223" lon="-74.012136"><ele>3.2</ele><time>2026-06-25T22:41:39.000Z</time><extensions><gpxtpx:TrackPointExtension><gpxtpx:hr>153</gpxtpx:hr></gpxtpx:TrackPointExtension></extensions></trkpt>
      <trkpt lat="40.723199" lon="-74.012142"><ele>3.2</ele><time>2026-06-25T22:41:40.000Z</time><extensions><gpxtpx:TrackPointExtension><gpxtpx:hr>154</gpxtpx:hr></gpxtpx:TrackPointExtension></extensions></trkpt>
      <trkpt lat="40.723176" lon="-74.012148"><ele>3.2</ele><time>2026-06-25T22:41:41.000Z</time><extensions><gpxtpx:TrackPointExtension><gpxtpx:hr>154</gpxtpx:hr></gpxtpx:TrackPointExtension></extensions></trkpt>
      <trkpt lat="40.723153" lon="-74.012154"><ele>3.4</ele><time>2026-06-25T22:41:42.000Z</time><extensions><gpxtpx:TrackPointExtension><gpxtpx:hr>154</gpxtpx:hr></gpxtpx:TrackPointExtension></extensions></trkpt>
      <trkpt lat="40.723131" lon="-74.01216"><ele>3.4</ele><time>2026-06-25T22:41:43.000Z</time><extensions><gpxtpx:TrackPointExtension><gpxtpx:hr>154</gpxtpx:hr></gpxtpx:TrackPointExtension></extensions></trkpt>
      <trkpt lat="40.723109" lon="-74.012163"><ele>3.4</ele><time>2026-06-25T22:41:44.000Z</time><extensions><gpxtpx:TrackPointExtension><gpxtpx:hr>154</gpxtpx:hr></gpxtpx:TrackPointExtension></extensions></trkpt>
      <trkpt lat="40.723088" lon="-74.012164"><ele>3.4</ele><time>2026-06-25T22:41:45.000Z</time><extensions><gpxtpx:TrackPointExtension><gpxtpx:hr>154</gpxtpx:hr></gpxtpx:TrackPointExtension></extensions></trkpt>
      <trkpt lat="40.723068" lon="-74.012162"><ele>3.4</ele><time>2026-06-25T22:41:46.000Z</time><extensions><gpxtpx:TrackPointExtension><gpxtpx:hr>155</gpxtpx:hr></gpxtpx:TrackPointExtension></extensions></trkpt>
      <trkpt lat="40.723048" lon="-74.012158"><ele>3.6</ele><time>2026-06-25T22:41:47.000Z</time><extensions><gpxtpx:TrackPointExtension><gpxtpx:hr>155</gpxtpx:hr></gpxtpx:TrackPointExtension></extensions></trkpt>
      <trkpt lat="40.723006" lon="-74.012153"><ele>3.6</ele><time>2026-06-25T22:41:48.000Z</time><extensions><gpxtpx:TrackPointExtension><gpxtpx:hr>155</gpxtpx:hr></gpxtpx:TrackPointExtension></extensions></trkpt>
      <trkpt lat="40.722982" lon="-74.012153"><ele>3.6</ele><time>2026-06-25T22:41:49.000Z</time><extensions><gpxtpx:TrackPointExtension><gpxtpx:hr>155</gpxtpx:hr></gpxtpx:TrackPointExtension></extensions></trkpt>
      <trkpt lat="40.722958" lon="-74.012153"><ele>3.6</ele><time>2026-06-25T22:41:50.000Z</time><extensions><gpxtpx:TrackPointExtension><gpxtpx:hr>155</gpxtpx:hr></gpxtpx:TrackPointExtension></extensions></trkpt>
      <trkpt lat="40.722933" lon="-74.012152"><ele>3.6</ele><time>2026-06-25T22:41:51.000Z</time><extensions><gpxtpx:TrackPointExtension><gpxtpx:hr>155</gpxtpx:hr></gpxtpx:TrackPointExtension></extensions></trkpt>
      <trkpt lat="40.722909" lon="-74.012152"><ele>3.4</ele><time>2026-06-25T22:41:52.000Z</time><extensions><gpxtpx:TrackPointExtension><gpxtpx:hr>155</gpxtpx:hr></gpxtpx:TrackPointExtension></extensions></trkpt>
      <trkpt lat="40.722885" lon="-74.012156"><ele>3.4</ele><time>2026-06-25T22:41:53.000Z</time><extensions><gpxtpx:TrackPointExtension><gpxtpx:hr>154</gpxtpx:hr></gpxtpx:TrackPointExtension></extensions></trkpt>
      <trkpt lat="40.72286" lon="-74.012164"><ele>3.4</ele><time>2026-06-25T22:41:54.000Z</time><extensions><gpxtpx:TrackPointExtension><gpxtpx:hr>154</gpxtpx:hr></gpxtpx:TrackPointExtension></extensions></trkpt>
      <trkpt lat="40.722836" lon="-74.012175"><ele>3.4</ele><time>2026-06-25T22:41:55.000Z</time><extensions><gpxtpx:TrackPointExtension><gpxtpx:hr>154</gpxtpx:hr></gpxtpx:TrackPointExtension></extensions></trkpt>
      <trkpt lat="40.72281" lon="-74.012187"><ele>3.4</ele><time>2026-06-25T22:41:56.000Z</time><extensions><gpxtpx:TrackPointExtension><gpxtpx:hr>154</gpxtpx:hr></gpxtpx:TrackPointExtension></extensions></trkpt>
      <trkpt lat="40.722785" lon="-74.012198"><ele>3.6</ele><time>2026-06-25T22:41:57.000Z</time><extensions><gpxtpx:TrackPointExtension><gpxtpx:hr>154</gpxtpx:hr></gpxtpx:TrackPointExtension></extensions></trkpt>
      <trkpt lat="40.722759" lon="-74.012208"><ele>3.6</ele><time>2026-06-25T22:41:58.000Z</time><extensions><gpxtpx:TrackPointExtension><gpxtpx:hr>154</gpxtpx:hr></gpxtpx:TrackPointExtension></extensions></trkpt>
      <trkpt lat="40.722734" lon="-74.012215"><ele>3.6</ele><time>2026-06-25T22:41:59.000Z</time><extensions><gpxtpx:TrackPointExtension><gpxtpx:hr>157</gpxtpx:hr></gpxtpx:TrackPointExtension></extensions></trkpt>
      <trkpt lat="40.722709" lon="-74.012221"><ele>3.6</ele><time>2026-06-25T22:42:00.000Z</time><extensions><gpxtpx:TrackPointExtension><gpxtpx:hr>157</gpxtpx:hr></gpxtpx:TrackPointExtension></extensions></trkpt>
      <trkpt lat="40.722684" lon="-74.012225"><ele>3.6</ele><time>2026-06-25T22:42:01.000Z</time><extensions><gpxtpx:TrackPointExtension><gpxtpx:hr>157</gpxtpx:hr></gpxtpx:TrackPointExtension></extensions></trkpt>
      <trkpt lat="40.722659" lon="-74.012228"><ele>3.6</ele><time>2026-06-25T22:42:02.000Z</time><extensions><gpxtpx:TrackPointExtension><gpxtpx:hr>157</gpxtpx:hr></gpxtpx:TrackPointExtension></extensions></trkpt>
      <trkpt lat="40.722635" lon="-74.012232"><ele>3.6</ele><time>2026-06-25T22:42:03.000Z</time><extensions><gpxtpx:TrackPointExtension><gpxtpx:hr>157</gpxtpx:hr></gpxtpx:TrackPointExtension></extensions></trkpt>
      <trkpt lat="40.722611" lon="-74.012238"><ele>3.4</ele><time>2026-06-25T22:42:04.000Z</time><extensions><gpxtpx:TrackPointExtension><gpxtpx:hr>157</gpxtpx:hr></gpxtpx:TrackPointExtension></extensions></trkpt>
      <trkpt lat="40.722585" lon="-74.012246"><ele>3.4</ele><time>2026-06-25T22:42:05.000Z</time><extensions><gpxtpx:TrackPointExtension><gpxtpx:hr>157</gpxtpx:hr></gpxtpx:TrackPointExtension></extensions></trkpt>
      <trkpt lat="40.722559" lon="-74.012253"><ele>3.4</ele><time>2026-06-25T22:42:06.000Z</time><extensions><gpxtpx:TrackPointExtension><gpxtpx:hr>157</gpxtpx:hr></gpxtpx:TrackPointExtension></extensions></trkpt>
      <trkpt lat="40.722533" lon="-74.01226"><ele>3.4</ele><time>2026-06-25T22:42:07.000Z</time><extensions><gpxtpx:TrackPointExtension><gpxtpx:hr>155</gpxtpx:hr></gpxtpx:TrackPointExtension></extensions></trkpt>
      <trkpt lat="40.722507" lon="-74.012266"><ele>3.4</ele><time>2026-06-25T22:42:08.000Z</time><extensions><gpxtpx:TrackPointExtension><gpxtpx:hr>156</gpxtpx:hr></gpxtpx:TrackPointExtension></extensions></trkpt>
      <trkpt lat="40.722482" lon="-74.012271"><ele>3.4</ele><time>2026-06-25T22:42:09.000Z</time><extensions><gpxtpx:TrackPointExtension><gpxtpx:hr>156</gpxtpx:hr></gpxtpx:TrackPointExtension></extensions></trkpt>
      <trkpt lat="40.722457" lon="-74.012276"><ele>3.4</ele><time>2026-06-25T22:42:10.000Z</time><extensions><gpxtpx:TrackPointExtension><gpxtpx:hr>156</gpxtpx:hr></gpxtpx:TrackPointExtension></extensions></trkpt>
      <trkpt lat="40.722432" lon="-74.01228"><ele>3.4</ele><time>2026-06-25T22:42:11.000Z</time><extensions><gpxtpx:TrackPointExtension><gpxtpx:hr>156</gpxtpx:hr></gpxtpx:TrackPointExtension></extensions></trkpt>
      <trkpt lat="40.722409" lon="-74.012285"><ele>3.2</ele><time>2026-06-25T22:42:12.000Z</time><extensions><gpxtpx:TrackPointExtension><gpxtpx:hr>156</gpxtpx:hr></gpxtpx:TrackPointExtension></extensions></trkpt>
      <trkpt lat="40.722386" lon="-74.012291"><ele>3.2</ele><time>2026-06-25T22:42:13.000Z</time><extensions><gpxtpx:TrackPointExtension><gpxtpx:hr>156</gpxtpx:hr></gpxtpx:TrackPointExtension></extensions></trkpt>
      <trkpt lat="40.722362" lon="-74.012297"><ele>3.2</ele><time>2026-06-25T22:42:14.000Z</time><extensions><gpxtpx:TrackPointExtension><gpxtpx:hr>156</gpxtpx:hr></gpxtpx:TrackPointExtension></extensions></trkpt>
      <trkpt lat="40.722338" lon="-74.012305"><ele>3.2</ele><time>2026-06-25T22:42:15.000Z</time><extensions><gpxtpx:TrackPointExtension><gpxtpx:hr>156</gpxtpx:hr></gpxtpx:TrackPointExtension></extensions></trkpt>
      <trkpt lat="40.722314" lon="-74.012312"><ele>3.2</ele><time>2026-06-25T22:42:16.000Z</time><extensions><gpxtpx:TrackPointExtension><gpxtpx:hr>156</gpxtpx:hr></gpxtpx:TrackPointExtension></extensions></trkpt>
      <trkpt lat="40.722289" lon="-74.012318"><ele>3.2</ele><time>2026-06-25T22:42:17.000Z</time><extensions><gpxtpx:TrackPointExtension><gpxtpx:hr>156</gpxtpx:hr></gpxtpx:TrackPointExtension></extensions></trkpt>
      <trkpt lat="40.722264" lon="-74.012323"><ele>3.2</ele><time>2026-06-25T22:42:18.000Z</time><extensions><gpxtpx:TrackPointExtension><gpxtpx:hr>156</gpxtpx:hr></gpxtpx:TrackPointExtension></extensions></trkpt>
      <trkpt lat="40.722239" lon="-74.012328"><ele>3.2</ele><time>2026-06-25T22:42:19.000Z</time><extensions><gpxtpx:TrackPointExtension><gpxtpx:hr>156</gpxtpx:hr></gpxtpx:TrackPointExtension></extensions></trkpt>
      <trkpt lat="40.722214" lon="-74.012333"><ele>3.2</ele><time>2026-06-25T22:42:20.000Z</time><extensions><gpxtpx:TrackPointExtension><gpxtpx:hr>156</gpxtpx:hr></gpxtpx:TrackPointExtension></extensions></trkpt>
      <trkpt lat="40.722189" lon="-74.012337"><ele>3.2</ele><time>2026-06-25T22:42:21.000Z</time><extensions><gpxtpx:TrackPointExtension><gpxtpx:hr>156</gpxtpx:hr></gpxtpx:TrackPointExtension></extensions></trkpt>
      <trkpt lat="40.722163" lon="-74.01234"><ele>3.2</ele><time>2026-06-25T22:42:22.000Z</time><extensions><gpxtpx:TrackPointExtension><gpxtpx:hr>157</gpxtpx:hr></gpxtpx:TrackPointExtension></extensions></trkpt>
      <trkpt lat="40.722138" lon="-74.012344"><ele>3.2</ele><time>2026-06-25T22:42:23.000Z</time><extensions><gpxtpx:TrackPointExtension><gpxtpx:hr>157</gpxtpx:hr></gpxtpx:TrackPointExtension></extensions></trkpt>
      <trkpt lat="40.722112" lon="-74.012348"><ele>3.2</ele><time>2026-06-25T22:42:24.000Z</time><extensions><gpxtpx:TrackPointExtension><gpxtpx:hr>157</gpxtpx:hr></gpxtpx:TrackPointExtension></extensions></trkpt>
      <trkpt lat="40.722088" lon="-74.012352"><ele>3.2</ele><time>2026-06-25T22:42:25.000Z</time><extensions><gpxtpx:TrackPointExtension><gpxtpx:hr>157</gpxtpx:hr></gpxtpx:TrackPointExtension></extensions></trkpt>
      <trkpt lat="40.722065" lon="-74.012356"><ele>3.2</ele><time>2026-06-25T22:42:26.000Z</time><extensions><gpxtpx:TrackPointExtension><gpxtpx:hr>157</gpxtpx:hr></gpxtpx:TrackPointExtension></extensions></trkpt>
      <trkpt lat="40.722043" lon="-74.012361"><ele>3.2</ele><time>2026-06-25T22:42:27.000Z</time><extensions><gpxtpx:TrackPointExtension><gpxtpx:hr>157</gpxtpx:hr></gpxtpx:TrackPointExtension></extensions></trkpt>
      <trkpt lat="40.72202" lon="-74.012366"><ele>3.2</ele><time>2026-06-25T22:42:28.000Z</time><extensions><gpxtpx:TrackPointExtension><gpxtpx:hr>158</gpxtpx:hr></gpxtpx:TrackPointExtension></extensions></trkpt>
      <trkpt lat="40.721997" lon="-74.012372"><ele>3</ele><time>2026-06-25T22:42:29.000Z</time><extensions><gpxtpx:TrackPointExtension><gpxtpx:hr>158</gpxtpx:hr></gpxtpx:TrackPointExtension></extensions></trkpt>
      <trkpt lat="40.721974" lon="-74.012377"><ele>3</ele><time>2026-06-25T22:42:30.000Z</time><extensions><gpxtpx:TrackPointExtension><gpxtpx:hr>158</gpxtpx:hr></gpxtpx:TrackPointExtension></extensions></trkpt>
      <trkpt lat="40.721951" lon="-74.012382"><ele>3</ele><time>2026-06-25T22:42:31.000Z</time><extensions><gpxtpx:TrackPointExtension><gpxtpx:hr>158</gpxtpx:hr></gpxtpx:TrackPointExtension></extensions></trkpt>
      <trkpt lat="40.721928" lon="-74.012385"><ele>2.8</ele><time>2026-06-25T22:42:32.000Z</time><extensions><gpxtpx:TrackPointExtension><gpxtpx:hr>158</gpxtpx:hr></gpxtpx:TrackPointExtension></extensions></trkpt>
      <trkpt lat="40.721905" lon="-74.012388"><ele>2.8</ele><time>2026-06-25T22:42:33.000Z</time><extensions><gpxtpx:TrackPointExtension><gpxtpx:hr>158</gpxtpx:hr></gpxtpx:TrackPointExtension></extensions></trkpt>
      <trkpt lat="40.721882" lon="-74.012389"><ele>2.8</ele><time>2026-06-25T22:42:34.000Z</time><extensions><gpxtpx:TrackPointExtension><gpxtpx:hr>158</gpxtpx:hr></gpxtpx:TrackPointExtension></extensions></trkpt>
      <trkpt lat="40.72186" lon="-74.012389"><ele>2.8</ele><time>2026-06-25T22:42:35.000Z</time><extensions><gpxtpx:TrackPointExtension><gpxtpx:hr>158</gpxtpx:hr></gpxtpx:TrackPointExtension></extensions></trkpt>
      <trkpt lat="40.721838" lon="-74.012391"><ele>2.8</ele><time>2026-06-25T22:42:36.000Z</time><extensions><gpxtpx:TrackPointExtension><gpxtpx:hr>158</gpxtpx:hr></gpxtpx:TrackPointExtension></extensions></trkpt>
      <trkpt lat="40.721816" lon="-74.012396"><ele>2.8</ele><time>2026-06-25T22:42:37.000Z</time><extensions><gpxtpx:TrackPointExtension><gpxtpx:hr>157</gpxtpx:hr></gpxtpx:TrackPointExtension></extensions></trkpt>
      <trkpt lat="40.721794" lon="-74.012402"><ele>3</ele><time>2026-06-25T22:42:38.000Z</time><extensions><gpxtpx:TrackPointExtension><gpxtpx:hr>158</gpxtpx:hr></gpxtpx:TrackPointExtension></extensions></trkpt>
      <trkpt lat="40.721771" lon="-74.012407"><ele>3</ele><time>2026-06-25T22:42:39.000Z</time><extensions><gpxtpx:TrackPointExtension><gpxtpx:hr>158</gpxtpx:hr></gpxtpx:TrackPointExtension></extensions></trkpt>
      <trkpt lat="40.721749" lon="-74.01241"><ele>3.2</ele><time>2026-06-25T22:42:40.000Z</time><extensions><gpxtpx:TrackPointExtension><gpxtpx:hr>158</gpxtpx:hr></gpxtpx:TrackPointExtension></extensions></trkpt>
      <trkpt lat="40.721725" lon="-74.012414"><ele>3.2</ele><time>2026-06-25T22:42:41.000Z</time><extensions><gpxtpx:TrackPointExtension><gpxtpx:hr>158</gpxtpx:hr></gpxtpx:TrackPointExtension></extensions></trkpt>
      <trkpt lat="40.721699" lon="-74.012419"><ele>3.4</ele><time>2026-06-25T22:42:42.000Z</time><extensions><gpxtpx:TrackPointExtension><gpxtpx:hr>158</gpxtpx:hr></gpxtpx:TrackPointExtension></extensions></trkpt>
      <trkpt lat="40.721672" lon="-74.012425"><ele>3.4</ele><time>2026-06-25T22:42:43.000Z</time><extensions><gpxtpx:TrackPointExtension><gpxtpx:hr>158</gpxtpx:hr></gpxtpx:TrackPointExtension></extensions></trkpt>
      <trkpt lat="40.721645" lon="-74.012432"><ele>3.6</ele><time>2026-06-25T22:42:44.000Z</time><extensions><gpxtpx:TrackPointExtension><gpxtpx:hr>158</gpxtpx:hr></gpxtpx:TrackPointExtension></extensions></trkpt>
      <trkpt lat="40.721617" lon="-74.01244"><ele>3.6</ele><time>2026-06-25T22:42:45.000Z</time><extensions><gpxtpx:TrackPointExtension><gpxtpx:hr>158</gpxtpx:hr></gpxtpx:TrackPointExtension></extensions></trkpt>
      <trkpt lat="40.721591" lon="-74.012448"><ele>3.6</ele><time>2026-06-25T22:42:46.000Z</time><extensions><gpxtpx:TrackPointExtension><gpxtpx:hr>158</gpxtpx:hr></gpxtpx:TrackPointExtension></extensions></trkpt>
      <trkpt lat="40.721566" lon="-74.012456"><ele>3.8</ele><time>2026-06-25T22:42:47.000Z</time><extensions><gpxtpx:TrackPointExtension><gpxtpx:hr>158</gpxtpx:hr></gpxtpx:TrackPointExtension></extensions></trkpt>
      <trkpt lat="40.721541" lon="-74.012463"><ele>3.8</ele><time>2026-06-25T22:42:48.000Z</time><extensions><gpxtpx:TrackPointExtension><gpxtpx:hr>158</gpxtpx:hr></gpxtpx:TrackPointExtension></extensions></trkpt>
      <trkpt lat="40.721515" lon="-74.012469"><ele>3.8</ele><time>2026-06-25T22:42:49.000Z</time><extensions><gpxtpx:TrackPointExtension><gpxtpx:hr>158</gpxtpx:hr></gpxtpx:TrackPointExtension></extensions></trkpt>
      <trkpt lat="40.721488" lon="-74.012475"><ele>3.8</ele><time>2026-06-25T22:42:50.000Z</time><extensions><gpxtpx:TrackPointExtension><gpxtpx:hr>158</gpxtpx:hr></gpxtpx:TrackPointExtension></extensions></trkpt>
      <trkpt lat="40.721462" lon="-74.012479"><ele>3.8</ele><time>2026-06-25T22:42:51.000Z</time><extensions><gpxtpx:TrackPointExtension><gpxtpx:hr>158</gpxtpx:hr></gpxtpx:TrackPointExtension></extensions></trkpt>
      <trkpt lat="40.721437" lon="-74.012483"><ele>4</ele><time>2026-06-25T22:42:52.000Z</time><extensions><gpxtpx:TrackPointExtension><gpxtpx:hr>158</gpxtpx:hr></gpxtpx:TrackPointExtension></extensions></trkpt>
      <trkpt lat="40.721411" lon="-74.012487"><ele>4</ele><time>2026-06-25T22:42:53.000Z</time><extensions><gpxtpx:TrackPointExtension><gpxtpx:hr>158</gpxtpx:hr></gpxtpx:TrackPointExtension></extensions></trkpt>
      <trkpt lat="40.721386" lon="-74.012492"><ele>4</ele><time>2026-06-25T22:42:54.000Z</time><extensions><gpxtpx:TrackPointExtension><gpxtpx:hr>157</gpxtpx:hr></gpxtpx:TrackPointExtension></extensions></trkpt>
      <trkpt lat="40.721361" lon="-74.012497"><ele>4</ele><time>2026-06-25T22:42:55.000Z</time><extensions><gpxtpx:TrackPointExtension><gpxtpx:hr>157</gpxtpx:hr></gpxtpx:TrackPointExtension></extensions></trkpt>
      <trkpt lat="40.721337" lon="-74.012502"><ele>4</ele><time>2026-06-25T22:42:56.000Z</time><extensions><gpxtpx:TrackPointExtension><gpxtpx:hr>157</gpxtpx:hr></gpxtpx:TrackPointExtension></extensions></trkpt>
      <trkpt lat="40.721312" lon="-74.012507"><ele>4</ele><time>2026-06-25T22:42:57.000Z</time><extensions><gpxtpx:TrackPointExtension><gpxtpx:hr>157</gpxtpx:hr></gpxtpx:TrackPointExtension></extensions></trkpt>
      <trkpt lat="40.721288" lon="-74.012512"><ele>4</ele><time>2026-06-25T22:42:58.000Z</time><extensions><gpxtpx:TrackPointExtension><gpxtpx:hr>157</gpxtpx:hr></gpxtpx:TrackPointExtension></extensions></trkpt>
      <trkpt lat="40.721264" lon="-74.012519"><ele>4</ele><time>2026-06-25T22:42:59.000Z</time><extensions><gpxtpx:TrackPointExtension><gpxtpx:hr>157</gpxtpx:hr></gpxtpx:TrackPointExtension></extensions></trkpt>
      <trkpt lat="40.721239" lon="-74.012528"><ele>4</ele><time>2026-06-25T22:43:00.000Z</time><extensions><gpxtpx:TrackPointExtension><gpxtpx:hr>157</gpxtpx:hr></gpxtpx:TrackPointExtension></extensions></trkpt>
      <trkpt lat="40.721214" lon="-74.012537"><ele>3.8</ele><time>2026-06-25T22:43:01.000Z</time><extensions><gpxtpx:TrackPointExtension><gpxtpx:hr>157</gpxtpx:hr></gpxtpx:TrackPointExtension></extensions></trkpt>
      <trkpt lat="40.721189" lon="-74.012545"><ele>3.8</ele><time>2026-06-25T22:43:02.000Z</time><extensions><gpxtpx:TrackPointExtension><gpxtpx:hr>156</gpxtpx:hr></gpxtpx:TrackPointExtension></extensions></trkpt>
      <trkpt lat="40.721165" lon="-74.012554"><ele>3.8</ele><time>2026-06-25T22:43:03.000Z</time><extensions><gpxtpx:TrackPointExtension><gpxtpx:hr>156</gpxtpx:hr></gpxtpx:TrackPointExtension></extensions></trkpt>
      <trkpt lat="40.721142" lon="-74.012563"><ele>3.8</ele><time>2026-06-25T22:43:04.000Z</time><extensions><gpxtpx:TrackPointExtension><gpxtpx:hr>156</gpxtpx:hr></gpxtpx:TrackPointExtension></extensions></trkpt>
      <trkpt lat="40.721121" lon="-74.012573"><ele>3.8</ele><time>2026-06-25T22:43:05.000Z</time><extensions><gpxtpx:TrackPointExtension><gpxtpx:hr>156</gpxtpx:hr></gpxtpx:TrackPointExtension></extensions></trkpt>
      <trkpt lat="40.721102" lon="-74.012582"><ele>3.8</ele><time>2026-06-25T22:43:06.000Z</time><extensions><gpxtpx:TrackPointExtension><gpxtpx:hr>156</gpxtpx:hr></gpxtpx:TrackPointExtension></extensions></trkpt>
      <trkpt lat="40.721084" lon="-74.012593"><ele>3.8</ele><time>2026-06-25T22:43:07.000Z</time><extensions><gpxtpx:TrackPointExtension><gpxtpx:hr>156</gpxtpx:hr></gpxtpx:TrackPointExtension></extensions></trkpt>
      <trkpt lat="40.721064" lon="-74.012604"><ele>3.8</ele><time>2026-06-25T22:43:08.000Z</time><extensions><gpxtpx:TrackPointExtension><gpxtpx:hr>156</gpxtpx:hr></gpxtpx:TrackPointExtension></extensions></trkpt>
      <trkpt lat="40.721044" lon="-74.012617"><ele>3.8</ele><time>2026-06-25T22:43:09.000Z</time><extensions><gpxtpx:TrackPointExtension><gpxtpx:hr>156</gpxtpx:hr></gpxtpx:TrackPointExtension></extensions></trkpt>
      <trkpt lat="40.721023" lon="-74.012632"><ele>3.8</ele><time>2026-06-25T22:43:10.000Z</time><extensions><gpxtpx:TrackPointExtension><gpxtpx:hr>156</gpxtpx:hr></gpxtpx:TrackPointExtension></extensions></trkpt>
      <trkpt lat="40.721002" lon="-74.012644"><ele>3.8</ele><time>2026-06-25T22:43:11.000Z</time><extensions><gpxtpx:TrackPointExtension><gpxtpx:hr>156</gpxtpx:hr></gpxtpx:TrackPointExtension></extensions></trkpt>
      <trkpt lat="40.720981" lon="-74.012656"><ele>3.8</ele><time>2026-06-25T22:43:12.000Z</time><extensions><gpxtpx:TrackPointExtension><gpxtpx:hr>153</gpxtpx:hr></gpxtpx:TrackPointExtension></extensions></trkpt>
      <trkpt lat="40.720959" lon="-74.012665"><ele>3.8</ele><time>2026-06-25T22:43:13.000Z</time><extensions><gpxtpx:TrackPointExtension><gpxtpx:hr>153</gpxtpx:hr></gpxtpx:TrackPointExtension></extensions></trkpt>
      <trkpt lat="40.720936" lon="-74.012676"><ele>3.8</ele><time>2026-06-25T22:43:14.000Z</time><extensions><gpxtpx:TrackPointExtension><gpxtpx:hr>153</gpxtpx:hr></gpxtpx:TrackPointExtension></extensions></trkpt>
      <trkpt lat="40.720913" lon="-74.012688"><ele>3.8</ele><time>2026-06-25T22:43:15.000Z</time><extensions><gpxtpx:TrackPointExtension><gpxtpx:hr>153</gpxtpx:hr></gpxtpx:TrackPointExtension></extensions></trkpt>
      <trkpt lat="40.72089" lon="-74.012703"><ele>3.8</ele><time>2026-06-25T22:43:16.000Z</time><extensions><gpxtpx:TrackPointExtension><gpxtpx:hr>154</gpxtpx:hr></gpxtpx:TrackPointExtension></extensions></trkpt>
      <trkpt lat="40.720867" lon="-74.012717"><ele>3.8</ele><time>2026-06-25T22:43:17.000Z</time><extensions><gpxtpx:TrackPointExtension><gpxtpx:hr>154</gpxtpx:hr></gpxtpx:TrackPointExtension></extensions></trkpt>
      <trkpt lat="40.720844" lon="-74.01273"><ele>3.8</ele><time>2026-06-25T22:43:18.000Z</time><extensions><gpxtpx:TrackPointExtension><gpxtpx:hr>154</gpxtpx:hr></gpxtpx:TrackPointExtension></extensions></trkpt>
      <trkpt lat="40.720821" lon="-74.012742"><ele>3.8</ele><time>2026-06-25T22:43:19.000Z</time><extensions><gpxtpx:TrackPointExtension><gpxtpx:hr>154</gpxtpx:hr></gpxtpx:TrackPointExtension></extensions></trkpt>
      <trkpt lat="40.720799" lon="-74.012752"><ele>3.8</ele><time>2026-06-25T22:43:20.000Z</time><extensions><gpxtpx:TrackPointExtension><gpxtpx:hr>155</gpxtpx:hr></gpxtpx:TrackPointExtension></extensions></trkpt>
      <trkpt lat="40.720776" lon="-74.012761"><ele>4</ele><time>2026-06-25T22:43:21.000Z</time><extensions><gpxtpx:TrackPointExtension><gpxtpx:hr>155</gpxtpx:hr></gpxtpx:TrackPointExtension></extensions></trkpt>
      <trkpt lat="40.720754" lon="-74.01277"><ele>4</ele><time>2026-06-25T22:43:22.000Z</time><extensions><gpxtpx:TrackPointExtension><gpxtpx:hr>155</gpxtpx:hr></gpxtpx:TrackPointExtension></extensions></trkpt>
      <trkpt lat="40.72073" lon="-74.012777"><ele>4</ele><time>2026-06-25T22:43:23.000Z</time><extensions><gpxtpx:TrackPointExtension><gpxtpx:hr>157</gpxtpx:hr></gpxtpx:TrackPointExtension></extensions></trkpt>
      <trkpt lat="40.720706" lon="-74.012783"><ele>4</ele><time>2026-06-25T22:43:24.000Z</time><extensions><gpxtpx:TrackPointExtension><gpxtpx:hr>157</gpxtpx:hr></gpxtpx:TrackPointExtension></extensions></trkpt>
      <trkpt lat="40.720681" lon="-74.012789"><ele>4</ele><time>2026-06-25T22:43:25.000Z</time><extensions><gpxtpx:TrackPointExtension><gpxtpx:hr>157</gpxtpx:hr></gpxtpx:TrackPointExtension></extensions></trkpt>
      <trkpt lat="40.720656" lon="-74.012795"><ele>4</ele><time>2026-06-25T22:43:26.000Z</time><extensions><gpxtpx:TrackPointExtension><gpxtpx:hr>157</gpxtpx:hr></gpxtpx:TrackPointExtension></extensions></trkpt>
      <trkpt lat="40.720631" lon="-74.012801"><ele>4</ele><time>2026-06-25T22:43:27.000Z</time><extensions><gpxtpx:TrackPointExtension><gpxtpx:hr>157</gpxtpx:hr></gpxtpx:TrackPointExtension></extensions></trkpt>
      <trkpt lat="40.720606" lon="-74.012807"><ele>4</ele><time>2026-06-25T22:43:28.000Z</time><extensions><gpxtpx:TrackPointExtension><gpxtpx:hr>158</gpxtpx:hr></gpxtpx:TrackPointExtension></extensions></trkpt>
      <trkpt lat="40.720582" lon="-74.012812"><ele>4</ele><time>2026-06-25T22:43:29.000Z</time><extensions><gpxtpx:TrackPointExtension><gpxtpx:hr>158</gpxtpx:hr></gpxtpx:TrackPointExtension></extensions></trkpt>
      <trkpt lat="40.72056" lon="-74.012816"><ele>4.2</ele><time>2026-06-25T22:43:30.000Z</time><extensions><gpxtpx:TrackPointExtension><gpxtpx:hr>158</gpxtpx:hr></gpxtpx:TrackPointExtension></extensions></trkpt>
      <trkpt lat="40.720538" lon="-74.012819"><ele>4.2</ele><time>2026-06-25T22:43:31.000Z</time><extensions><gpxtpx:TrackPointExtension><gpxtpx:hr>158</gpxtpx:hr></gpxtpx:TrackPointExtension></extensions></trkpt>
      <trkpt lat="40.720517" lon="-74.012823"><ele>4.2</ele><time>2026-06-25T22:43:32.000Z</time><extensions><gpxtpx:TrackPointExtension><gpxtpx:hr>158</gpxtpx:hr></gpxtpx:TrackPointExtension></extensions></trkpt>
      <trkpt lat="40.720496" lon="-74.012827"><ele>4.2</ele><time>2026-06-25T22:43:33.000Z</time><extensions><gpxtpx:TrackPointExtension><gpxtpx:hr>158</gpxtpx:hr></gpxtpx:TrackPointExtension></extensions></trkpt>
      <trkpt lat="40.720475" lon="-74.012832"><ele>4.2</ele><time>2026-06-25T22:43:34.000Z</time><extensions><gpxtpx:TrackPointExtension><gpxtpx:hr>158</gpxtpx:hr></gpxtpx:TrackPointExtension></extensions></trkpt>
      <trkpt lat="40.720452" lon="-74.012838"><ele>4.2</ele><time>2026-06-25T22:43:35.000Z</time><extensions><gpxtpx:TrackPointExtension><gpxtpx:hr>158</gpxtpx:hr></gpxtpx:TrackPointExtension></extensions></trkpt>
      <trkpt lat="40.720427" lon="-74.012844"><ele>4</ele><time>2026-06-25T22:43:36.000Z</time><extensions><gpxtpx:TrackPointExtension><gpxtpx:hr>158</gpxtpx:hr></gpxtpx:TrackPointExtension></extensions></trkpt>
      <trkpt lat="40.720402" lon="-74.012848"><ele>4</ele><time>2026-06-25T22:43:37.000Z</time><extensions><gpxtpx:TrackPointExtension><gpxtpx:hr>160</gpxtpx:hr></gpxtpx:TrackPointExtension></extensions></trkpt>
      <trkpt lat="40.720377" lon="-74.012851"><ele>4</ele><time>2026-06-25T22:43:38.000Z</time><extensions><gpxtpx:TrackPointExtension><gpxtpx:hr>160</gpxtpx:hr></gpxtpx:TrackPointExtension></extensions></trkpt>
      <trkpt lat="40.720353" lon="-74.012852"><ele>4</ele><time>2026-06-25T22:43:39.000Z</time><extensions><gpxtpx:TrackPointExtension><gpxtpx:hr>160</gpxtpx:hr></gpxtpx:TrackPointExtension></extensions></trkpt>
      <trkpt lat="40.720329" lon="-74.01285"><ele>4</ele><time>2026-06-25T22:43:40.000Z</time><extensions><gpxtpx:TrackPointExtension><gpxtpx:hr>160</gpxtpx:hr></gpxtpx:TrackPointExtension></extensions></trkpt>
      <trkpt lat="40.720306" lon="-74.012846"><ele>4</ele><time>2026-06-25T22:43:41.000Z</time><extensions><gpxtpx:TrackPointExtension><gpxtpx:hr>160</gpxtpx:hr></gpxtpx:TrackPointExtension></extensions></trkpt>
      <trkpt lat="40.720283" lon="-74.012842"><ele>4</ele><time>2026-06-25T22:43:42.000Z</time><extensions><gpxtpx:TrackPointExtension><gpxtpx:hr>160</gpxtpx:hr></gpxtpx:TrackPointExtension></extensions></trkpt>
      <trkpt lat="40.72026" lon="-74.012838"><ele>4</ele><time>2026-06-25T22:43:43.000Z</time><extensions><gpxtpx:TrackPointExtension><gpxtpx:hr>160</gpxtpx:hr></gpxtpx:TrackPointExtension></extensions></trkpt>
      <trkpt lat="40.720236" lon="-74.012834"><ele>4</ele><time>2026-06-25T22:43:44.000Z</time><extensions><gpxtpx:TrackPointExtension><gpxtpx:hr>160</gpxtpx:hr></gpxtpx:TrackPointExtension></extensions></trkpt>
      <trkpt lat="40.720212" lon="-74.012828"><ele>4</ele><time>2026-06-25T22:43:45.000Z</time><extensions><gpxtpx:TrackPointExtension><gpxtpx:hr>156</gpxtpx:hr></gpxtpx:TrackPointExtension></extensions></trkpt>
      <trkpt lat="40.720188" lon="-74.01282"><ele>4</ele><time>2026-06-25T22:43:46.000Z</time><extensions><gpxtpx:TrackPointExtension><gpxtpx:hr>156</gpxtpx:hr></gpxtpx:TrackPointExtension></extensions></trkpt>
      <trkpt lat="40.720164" lon="-74.012812"><ele>4</ele><time>2026-06-25T22:43:47.000Z</time><extensions><gpxtpx:TrackPointExtension><gpxtpx:hr>156</gpxtpx:hr></gpxtpx:TrackPointExtension></extensions></trkpt>
      <trkpt lat="40.720138" lon="-74.012804"><ele>4</ele><time>2026-06-25T22:43:48.000Z</time><extensions><gpxtpx:TrackPointExtension><gpxtpx:hr>156</gpxtpx:hr></gpxtpx:TrackPointExtension></extensions></trkpt>
      <trkpt lat="40.720113" lon="-74.012797"><ele>4</ele><time>2026-06-25T22:43:49.000Z</time><extensions><gpxtpx:TrackPointExtension><gpxtpx:hr>156</gpxtpx:hr></gpxtpx:TrackPointExtension></extensions></trkpt>
      <trkpt lat="40.720089" lon="-74.012793"><ele>4</ele><time>2026-06-25T22:43:50.000Z</time><extensions><gpxtpx:TrackPointExtension><gpxtpx:hr>156</gpxtpx:hr></gpxtpx:TrackPointExtension></extensions></trkpt>
      <trkpt lat="40.720064" lon="-74.012792"><ele>4</ele><time>2026-06-25T22:43:51.000Z</time><extensions><gpxtpx:TrackPointExtension><gpxtpx:hr>156</gpxtpx:hr></gpxtpx:TrackPointExtension></extensions></trkpt>
      <trkpt lat="40.720039" lon="-74.012795"><ele>4</ele><time>2026-06-25T22:43:52.000Z</time><extensions><gpxtpx:TrackPointExtension><gpxtpx:hr>156</gpxtpx:hr></gpxtpx:TrackPointExtension></extensions></trkpt>
      <trkpt lat="40.720015" lon="-74.0128"><ele>4</ele><time>2026-06-25T22:43:53.000Z</time><extensions><gpxtpx:TrackPointExtension><gpxtpx:hr>156</gpxtpx:hr></gpxtpx:TrackPointExtension></extensions></trkpt>
      <trkpt lat="40.719991" lon="-74.012805"><ele>4</ele><time>2026-06-25T22:43:54.000Z</time><extensions><gpxtpx:TrackPointExtension><gpxtpx:hr>156</gpxtpx:hr></gpxtpx:TrackPointExtension></extensions></trkpt>
      <trkpt lat="40.719966" lon="-74.01281"><ele>3.8</ele><time>2026-06-25T22:43:55.000Z</time><extensions><gpxtpx:TrackPointExtension><gpxtpx:hr>156</gpxtpx:hr></gpxtpx:TrackPointExtension></extensions></trkpt>
      <trkpt lat="40.719941" lon="-74.012814"><ele>3.8</ele><time>2026-06-25T22:43:56.000Z</time><extensions><gpxtpx:TrackPointExtension><gpxtpx:hr>156</gpxtpx:hr></gpxtpx:TrackPointExtension></extensions></trkpt>
      <trkpt lat="40.719916" lon="-74.012817"><ele>3.8</ele><time>2026-06-25T22:43:57.000Z</time><extensions><gpxtpx:TrackPointExtension><gpxtpx:hr>157</gpxtpx:hr></gpxtpx:TrackPointExtension></extensions></trkpt>
      <trkpt lat="40.719891" lon="-74.01282"><ele>3.8</ele><time>2026-06-25T22:43:58.000Z</time><extensions><gpxtpx:TrackPointExtension><gpxtpx:hr>157</gpxtpx:hr></gpxtpx:TrackPointExtension></extensions></trkpt>
      <trkpt lat="40.719868" lon="-74.012823"><ele>3.8</ele><time>2026-06-25T22:43:59.000Z</time><extensions><gpxtpx:TrackPointExtension><gpxtpx:hr>157</gpxtpx:hr></gpxtpx:TrackPointExtension></extensions></trkpt>
      <trkpt lat="40.719846" lon="-74.012826"><ele>3.8</ele><time>2026-06-25T22:44:00.000Z</time><extensions><gpxtpx:TrackPointExtension><gpxtpx:hr>157</gpxtpx:hr></gpxtpx:TrackPointExtension></extensions></trkpt>
      <trkpt lat="40.719825" lon="-74.012827"><ele>3.8</ele><time>2026-06-25T22:44:01.000Z</time><extensions><gpxtpx:TrackPointExtension><gpxtpx:hr>157</gpxtpx:hr></gpxtpx:TrackPointExtension></extensions></trkpt>
      <trkpt lat="40.719804" lon="-74.012828"><ele>3.8</ele><time>2026-06-25T22:44:02.000Z</time><extensions><gpxtpx:TrackPointExtension><gpxtpx:hr>156</gpxtpx:hr></gpxtpx:TrackPointExtension></extensions></trkpt>
      <trkpt lat="40.719783" lon="-74.012829"><ele>3.8</ele><time>2026-06-25T22:44:03.000Z</time><extensions><gpxtpx:TrackPointExtension><gpxtpx:hr>155</gpxtpx:hr></gpxtpx:TrackPointExtension></extensions></trkpt>
      <trkpt lat="40.719761" lon="-74.012831"><ele>3.8</ele><time>2026-06-25T22:44:04.000Z</time><extensions><gpxtpx:TrackPointExtension><gpxtpx:hr>155</gpxtpx:hr></gpxtpx:TrackPointExtension></extensions></trkpt>
      <trkpt lat="40.71974" lon="-74.012835"><ele>3.8</ele><time>2026-06-25T22:44:05.000Z</time><extensions><gpxtpx:TrackPointExtension><gpxtpx:hr>155</gpxtpx:hr></gpxtpx:TrackPointExtension></extensions></trkpt>
      <trkpt lat="40.719718" lon="-74.01284"><ele>3.8</ele><time>2026-06-25T22:44:06.000Z</time><extensions><gpxtpx:TrackPointExtension><gpxtpx:hr>155</gpxtpx:hr></gpxtpx:TrackPointExtension></extensions></trkpt>
      <trkpt lat="40.719695" lon="-74.012845"><ele>3.8</ele><time>2026-06-25T22:44:07.000Z</time><extensions><gpxtpx:TrackPointExtension><gpxtpx:hr>155</gpxtpx:hr></gpxtpx:TrackPointExtension></extensions></trkpt>
      <trkpt lat="40.719673" lon="-74.01285"><ele>3.8</ele><time>2026-06-25T22:44:08.000Z</time><extensions><gpxtpx:TrackPointExtension><gpxtpx:hr>155</gpxtpx:hr></gpxtpx:TrackPointExtension></extensions></trkpt>
      <trkpt lat="40.719653" lon="-74.012855"><ele>3.8</ele><time>2026-06-25T22:44:09.000Z</time><extensions><gpxtpx:TrackPointExtension><gpxtpx:hr>155</gpxtpx:hr></gpxtpx:TrackPointExtension></extensions></trkpt>
      <trkpt lat="40.719632" lon="-74.012859"><ele>3.8</ele><time>2026-06-25T22:44:10.000Z</time><extensions><gpxtpx:TrackPointExtension><gpxtpx:hr>155</gpxtpx:hr></gpxtpx:TrackPointExtension></extensions></trkpt>
      <trkpt lat="40.719611" lon="-74.012865"><ele>3.8</ele><time>2026-06-25T22:44:11.000Z</time><extensions><gpxtpx:TrackPointExtension><gpxtpx:hr>155</gpxtpx:hr></gpxtpx:TrackPointExtension></extensions></trkpt>
      <trkpt lat="40.719588" lon="-74.01287"><ele>3.6</ele><time>2026-06-25T22:44:12.000Z</time><extensions><gpxtpx:TrackPointExtension><gpxtpx:hr>154</gpxtpx:hr></gpxtpx:TrackPointExtension></extensions></trkpt>
      <trkpt lat="40.719564" lon="-74.012876"><ele>3.6</ele><time>2026-06-25T22:44:13.000Z</time><extensions><gpxtpx:TrackPointExtension><gpxtpx:hr>154</gpxtpx:hr></gpxtpx:TrackPointExtension></extensions></trkpt>
      <trkpt lat="40.719541" lon="-74.012881"><ele>3.6</ele><time>2026-06-25T22:44:14.000Z</time><extensions><gpxtpx:TrackPointExtension><gpxtpx:hr>154</gpxtpx:hr></gpxtpx:TrackPointExtension></extensions></trkpt>
      <trkpt lat="40.719518" lon="-74.012886"><ele>3.6</ele><time>2026-06-25T22:44:15.000Z</time><extensions><gpxtpx:TrackPointExtension><gpxtpx:hr>154</gpxtpx:hr></gpxtpx:TrackPointExtension></extensions></trkpt>
      <trkpt lat="40.719495" lon="-74.012891"><ele>3.6</ele><time>2026-06-25T22:44:16.000Z</time><extensions><gpxtpx:TrackPointExtension><gpxtpx:hr>154</gpxtpx:hr></gpxtpx:TrackPointExtension></extensions></trkpt>
      <trkpt lat="40.719475" lon="-74.012896"><ele>3.6</ele><time>2026-06-25T22:44:17.000Z</time><extensions><gpxtpx:TrackPointExtension><gpxtpx:hr>153</gpxtpx:hr></gpxtpx:TrackPointExtension></extensions></trkpt>
      <trkpt lat="40.719456" lon="-74.0129"><ele>3.6</ele><time>2026-06-25T22:44:18.000Z</time><extensions><gpxtpx:TrackPointExtension><gpxtpx:hr>153</gpxtpx:hr></gpxtpx:TrackPointExtension></extensions></trkpt>
      <trkpt lat="40.719436" lon="-74.012904"><ele>3.6</ele><time>2026-06-25T22:44:19.000Z</time><extensions><gpxtpx:TrackPointExtension><gpxtpx:hr>153</gpxtpx:hr></gpxtpx:TrackPointExtension></extensions></trkpt>
      <trkpt lat="40.719415" lon="-74.012909"><ele>3.6</ele><time>2026-06-25T22:44:20.000Z</time><extensions><gpxtpx:TrackPointExtension><gpxtpx:hr>153</gpxtpx:hr></gpxtpx:TrackPointExtension></extensions></trkpt>
      <trkpt lat="40.719393" lon="-74.012915"><ele>3.4</ele><time>2026-06-25T22:44:21.000Z</time><extensions><gpxtpx:TrackPointExtension><gpxtpx:hr>153</gpxtpx:hr></gpxtpx:TrackPointExtension></extensions></trkpt>
      <trkpt lat="40.719369" lon="-74.012922"><ele>3.4</ele><time>2026-06-25T22:44:22.000Z</time><extensions><gpxtpx:TrackPointExtension><gpxtpx:hr>153</gpxtpx:hr></gpxtpx:TrackPointExtension></extensions></trkpt>
      <trkpt lat="40.719344" lon="-74.01293"><ele>3.4</ele><time>2026-06-25T22:44:23.000Z</time><extensions><gpxtpx:TrackPointExtension><gpxtpx:hr>155</gpxtpx:hr></gpxtpx:TrackPointExtension></extensions></trkpt>
      <trkpt lat="40.71932" lon="-74.012936"><ele>3.4</ele><time>2026-06-25T22:44:24.000Z</time><extensions><gpxtpx:TrackPointExtension><gpxtpx:hr>155</gpxtpx:hr></gpxtpx:TrackPointExtension></extensions></trkpt>
      <trkpt lat="40.719295" lon="-74.012943"><ele>3.4</ele><time>2026-06-25T22:44:25.000Z</time><extensions><gpxtpx:TrackPointExtension><gpxtpx:hr>155</gpxtpx:hr></gpxtpx:TrackPointExtension></extensions></trkpt>
      <trkpt lat="40.71927" lon="-74.01295"><ele>3.4</ele><time>2026-06-25T22:44:26.000Z</time><extensions><gpxtpx:TrackPointExtension><gpxtpx:hr>155</gpxtpx:hr></gpxtpx:TrackPointExtension></extensions></trkpt>
      <trkpt lat="40.719246" lon="-74.012956"><ele>3.4</ele><time>2026-06-25T22:44:27.000Z</time><extensions><gpxtpx:TrackPointExtension><gpxtpx:hr>155</gpxtpx:hr></gpxtpx:TrackPointExtension></extensions></trkpt>
      <trkpt lat="40.719222" lon="-74.01296"><ele>3.4</ele><time>2026-06-25T22:44:28.000Z</time><extensions><gpxtpx:TrackPointExtension><gpxtpx:hr>155</gpxtpx:hr></gpxtpx:TrackPointExtension></extensions></trkpt>
      <trkpt lat="40.719198" lon="-74.012961"><ele>3.4</ele><time>2026-06-25T22:44:29.000Z</time><extensions><gpxtpx:TrackPointExtension><gpxtpx:hr>155</gpxtpx:hr></gpxtpx:TrackPointExtension></extensions></trkpt>
      <trkpt lat="40.719175" lon="-74.012962"><ele>3.4</ele><time>2026-06-25T22:44:30.000Z</time><extensions><gpxtpx:TrackPointExtension><gpxtpx:hr>155</gpxtpx:hr></gpxtpx:TrackPointExtension></extensions></trkpt>
      <trkpt lat="40.719153" lon="-74.012962"><ele>3.4</ele><time>2026-06-25T22:44:31.000Z</time><extensions><gpxtpx:TrackPointExtension><gpxtpx:hr>155</gpxtpx:hr></gpxtpx:TrackPointExtension></extensions></trkpt>
      <trkpt lat="40.71913" lon="-74.012962"><ele>3.4</ele><time>2026-06-25T22:44:32.000Z</time><extensions><gpxtpx:TrackPointExtension><gpxtpx:hr>153</gpxtpx:hr></gpxtpx:TrackPointExtension></extensions></trkpt>
      <trkpt lat="40.719109" lon="-74.012963"><ele>3.2</ele><time>2026-06-25T22:44:33.000Z</time><extensions><gpxtpx:TrackPointExtension><gpxtpx:hr>153</gpxtpx:hr></gpxtpx:TrackPointExtension></extensions></trkpt>
      <trkpt lat="40.719087" lon="-74.012965"><ele>3.2</ele><time>2026-06-25T22:44:34.000Z</time><extensions><gpxtpx:TrackPointExtension><gpxtpx:hr>153</gpxtpx:hr></gpxtpx:TrackPointExtension></extensions></trkpt>
      <trkpt lat="40.719066" lon="-74.012969"><ele>3.2</ele><time>2026-06-25T22:44:35.000Z</time><extensions><gpxtpx:TrackPointExtension><gpxtpx:hr>153</gpxtpx:hr></gpxtpx:TrackPointExtension></extensions></trkpt>
      <trkpt lat="40.719044" lon="-74.012974"><ele>3.2</ele><time>2026-06-25T22:44:36.000Z</time><extensions><gpxtpx:TrackPointExtension><gpxtpx:hr>153</gpxtpx:hr></gpxtpx:TrackPointExtension></extensions></trkpt>
      <trkpt lat="40.719021" lon="-74.012981"><ele>3.2</ele><time>2026-06-25T22:44:37.000Z</time><extensions><gpxtpx:TrackPointExtension><gpxtpx:hr>153</gpxtpx:hr></gpxtpx:TrackPointExtension></extensions></trkpt>
      <trkpt lat="40.718999" lon="-74.01299"><ele>3.2</ele><time>2026-06-25T22:44:38.000Z</time><extensions><gpxtpx:TrackPointExtension><gpxtpx:hr>153</gpxtpx:hr></gpxtpx:TrackPointExtension></extensions></trkpt>
      <trkpt lat="40.718978" lon="-74.012998"><ele>3.2</ele><time>2026-06-25T22:44:39.000Z</time><extensions><gpxtpx:TrackPointExtension><gpxtpx:hr>153</gpxtpx:hr></gpxtpx:TrackPointExtension></extensions></trkpt>
      <trkpt lat="40.718957" lon="-74.013005"><ele>3.2</ele><time>2026-06-25T22:44:40.000Z</time><extensions><gpxtpx:TrackPointExtension><gpxtpx:hr>153</gpxtpx:hr></gpxtpx:TrackPointExtension></extensions></trkpt>
      <trkpt lat="40.718937" lon="-74.013009"><ele>3.2</ele><time>2026-06-25T22:44:41.000Z</time><extensions><gpxtpx:TrackPointExtension><gpxtpx:hr>153</gpxtpx:hr></gpxtpx:TrackPointExtension></extensions></trkpt>
      <trkpt lat="40.718916" lon="-74.013011"><ele>3.2</ele><time>2026-06-25T22:44:42.000Z</time><extensions><gpxtpx:TrackPointExtension><gpxtpx:hr>152</gpxtpx:hr></gpxtpx:TrackPointExtension></extensions></trkpt>
      <trkpt lat="40.718894" lon="-74.013014"><ele>3.2</ele><time>2026-06-25T22:44:43.000Z</time><extensions><gpxtpx:TrackPointExtension><gpxtpx:hr>152</gpxtpx:hr></gpxtpx:TrackPointExtension></extensions></trkpt>
      <trkpt lat="40.718872" lon="-74.013016"><ele>3.2</ele><time>2026-06-25T22:44:44.000Z</time><extensions><gpxtpx:TrackPointExtension><gpxtpx:hr>153</gpxtpx:hr></gpxtpx:TrackPointExtension></extensions></trkpt>
      <trkpt lat="40.718849" lon="-74.01302"><ele>3.2</ele><time>2026-06-25T22:44:45.000Z</time><extensions><gpxtpx:TrackPointExtension><gpxtpx:hr>153</gpxtpx:hr></gpxtpx:TrackPointExtension></extensions></trkpt>
      <trkpt lat="40.718825" lon="-74.013024"><ele>3.2</ele><time>2026-06-25T22:44:46.000Z</time><extensions><gpxtpx:TrackPointExtension><gpxtpx:hr>153</gpxtpx:hr></gpxtpx:TrackPointExtension></extensions></trkpt>
      <trkpt lat="40.718799" lon="-74.013029"><ele>3</ele><time>2026-06-25T22:44:47.000Z</time><extensions><gpxtpx:TrackPointExtension><gpxtpx:hr>153</gpxtpx:hr></gpxtpx:TrackPointExtension></extensions></trkpt>
      <trkpt lat="40.718774" lon="-74.013033"><ele>3</ele><time>2026-06-25T22:44:48.000Z</time><extensions><gpxtpx:TrackPointExtension><gpxtpx:hr>153</gpxtpx:hr></gpxtpx:TrackPointExtension></extensions></trkpt>
      <trkpt lat="40.718748" lon="-74.013038"><ele>3</ele><time>2026-06-25T22:44:49.000Z</time><extensions><gpxtpx:TrackPointExtension><gpxtpx:hr>153</gpxtpx:hr></gpxtpx:TrackPointExtension></extensions></trkpt>
      <trkpt lat="40.718723" lon="-74.013044"><ele>3</ele><time>2026-06-25T22:44:50.000Z</time><extensions><gpxtpx:TrackPointExtension><gpxtpx:hr>153</gpxtpx:hr></gpxtpx:TrackPointExtension></extensions></trkpt>
      <trkpt lat="40.718698" lon="-74.013051"><ele>3</ele><time>2026-06-25T22:44:51.000Z</time><extensions><gpxtpx:TrackPointExtension><gpxtpx:hr>153</gpxtpx:hr></gpxtpx:TrackPointExtension></extensions></trkpt>
      <trkpt lat="40.718674" lon="-74.013057"><ele>3</ele><time>2026-06-25T22:44:52.000Z</time><extensions><gpxtpx:TrackPointExtension><gpxtpx:hr>153</gpxtpx:hr></gpxtpx:TrackPointExtension></extensions></trkpt>
      <trkpt lat="40.71865" lon="-74.013064"><ele>3</ele><time>2026-06-25T22:44:53.000Z</time><extensions><gpxtpx:TrackPointExtension><gpxtpx:hr>153</gpxtpx:hr></gpxtpx:TrackPointExtension></extensions></trkpt>
      <trkpt lat="40.718627" lon="-74.01307"><ele>3</ele><time>2026-06-25T22:44:54.000Z</time><extensions><gpxtpx:TrackPointExtension><gpxtpx:hr>153</gpxtpx:hr></gpxtpx:TrackPointExtension></extensions></trkpt>
      <trkpt lat="40.718605" lon="-74.013077"><ele>3.2</ele><time>2026-06-25T22:44:55.000Z</time><extensions><gpxtpx:TrackPointExtension><gpxtpx:hr>153</gpxtpx:hr></gpxtpx:TrackPointExtension></extensions></trkpt>
      <trkpt lat="40.718584" lon="-74.013086"><ele>3.2</ele><time>2026-06-25T22:44:56.000Z</time><extensions><gpxtpx:TrackPointExtension><gpxtpx:hr>151</gpxtpx:hr></gpxtpx:TrackPointExtension></extensions></trkpt>
      <trkpt lat="40.718561" lon="-74.013094"><ele>3.2</ele><time>2026-06-25T22:44:57.000Z</time><extensions><gpxtpx:TrackPointExtension><gpxtpx:hr>151</gpxtpx:hr></gpxtpx:TrackPointExtension></extensions></trkpt>
      <trkpt lat="40.718538" lon="-74.013101"><ele>3.2</ele><time>2026-06-25T22:44:58.000Z</time><extensions><gpxtpx:TrackPointExtension><gpxtpx:hr>151</gpxtpx:hr></gpxtpx:TrackPointExtension></extensions></trkpt>
      <trkpt lat="40.718515" lon="-74.013108"><ele>3.4</ele><time>2026-06-25T22:44:59.000Z</time><extensions><gpxtpx:TrackPointExtension><gpxtpx:hr>152</gpxtpx:hr></gpxtpx:TrackPointExtension></extensions></trkpt>
      <trkpt lat="40.718493" lon="-74.013115"><ele>3.4</ele><time>2026-06-25T22:45:00.000Z</time><extensions><gpxtpx:TrackPointExtension><gpxtpx:hr>152</gpxtpx:hr></gpxtpx:TrackPointExtension></extensions></trkpt>
      <trkpt lat="40.718471" lon="-74.013122"><ele>3.4</ele><time>2026-06-25T22:45:01.000Z</time><extensions><gpxtpx:TrackPointExtension><gpxtpx:hr>152</gpxtpx:hr></gpxtpx:TrackPointExtension></extensions></trkpt>
      <trkpt lat="40.718449" lon="-74.013129"><ele>3.6</ele><time>2026-06-25T22:45:02.000Z</time><extensions><gpxtpx:TrackPointExtension><gpxtpx:hr>152</gpxtpx:hr></gpxtpx:TrackPointExtension></extensions></trkpt>
      <trkpt lat="40.718428" lon="-74.013136"><ele>3.6</ele><time>2026-06-25T22:45:03.000Z</time><extensions><gpxtpx:TrackPointExtension><gpxtpx:hr>152</gpxtpx:hr></gpxtpx:TrackPointExtension></extensions></trkpt>
      <trkpt lat="40.718407" lon="-74.013142"><ele>3.6</ele><time>2026-06-25T22:45:04.000Z</time><extensions><gpxtpx:TrackPointExtension><gpxtpx:hr>152</gpxtpx:hr></gpxtpx:TrackPointExtension></extensions></trkpt>
      <trkpt lat="40.718385" lon="-74.013149"><ele>3.6</ele><time>2026-06-25T22:45:05.000Z</time><extensions><gpxtpx:TrackPointExtension><gpxtpx:hr>155</gpxtpx:hr></gpxtpx:TrackPointExtension></extensions></trkpt>
      <trkpt lat="40.718364" lon="-74.013155"><ele>3.8</ele><time>2026-06-25T22:45:06.000Z</time><extensions><gpxtpx:TrackPointExtension><gpxtpx:hr>155</gpxtpx:hr></gpxtpx:TrackPointExtension></extensions></trkpt>
      <trkpt lat="40.718343" lon="-74.01316"><ele>3.8</ele><time>2026-06-25T22:45:07.000Z</time><extensions><gpxtpx:TrackPointExtension><gpxtpx:hr>155</gpxtpx:hr></gpxtpx:TrackPointExtension></extensions></trkpt>
      <trkpt lat="40.718323" lon="-74.013162"><ele>3.8</ele><time>2026-06-25T22:45:08.000Z</time><extensions><gpxtpx:TrackPointExtension><gpxtpx:hr>155</gpxtpx:hr></gpxtpx:TrackPointExtension></extensions></trkpt>
      <trkpt lat="40.718301" lon="-74.013163"><ele>3.8</ele><time>2026-06-25T22:45:09.000Z</time><extensions><gpxtpx:TrackPointExtension><gpxtpx:hr>155</gpxtpx:hr></gpxtpx:TrackPointExtension></extensions></trkpt>
      <trkpt lat="40.71828" lon="-74.013162"><ele>3.8</ele><time>2026-06-25T22:45:10.000Z</time><extensions><gpxtpx:TrackPointExtension><gpxtpx:hr>155</gpxtpx:hr></gpxtpx:TrackPointExtension></extensions></trkpt>
      <trkpt lat="40.718258" lon="-74.013161"><ele>4</ele><time>2026-06-25T22:45:11.000Z</time><extensions><gpxtpx:TrackPointExtension><gpxtpx:hr>157</gpxtpx:hr></gpxtpx:TrackPointExtension></extensions></trkpt>
      <trkpt lat="40.718236" lon="-74.013158"><ele>4</ele><time>2026-06-25T22:45:12.000Z</time><extensions><gpxtpx:TrackPointExtension><gpxtpx:hr>157</gpxtpx:hr></gpxtpx:TrackPointExtension></extensions></trkpt>
      <trkpt lat="40.718212" lon="-74.013155"><ele>4</ele><time>2026-06-25T22:45:13.000Z</time><extensions><gpxtpx:TrackPointExtension><gpxtpx:hr>158</gpxtpx:hr></gpxtpx:TrackPointExtension></extensions></trkpt>
      <trkpt lat="40.718187" lon="-74.013152"><ele>4</ele><time>2026-06-25T22:45:14.000Z</time><extensions><gpxtpx:TrackPointExtension><gpxtpx:hr>158</gpxtpx:hr></gpxtpx:TrackPointExtension></extensions></trkpt>
      <trkpt lat="40.718162" lon="-74.013149"><ele>4</ele><time>2026-06-25T22:45:15.000Z</time><extensions><gpxtpx:TrackPointExtension><gpxtpx:hr>158</gpxtpx:hr></gpxtpx:TrackPointExtension></extensions></trkpt>
      <trkpt lat="40.718136" lon="-74.013147"><ele>4</ele><time>2026-06-25T22:45:16.000Z</time><extensions><gpxtpx:TrackPointExtension><gpxtpx:hr>158</gpxtpx:hr></gpxtpx:TrackPointExtension></extensions></trkpt>
      <trkpt lat="40.71811" lon="-74.013145"><ele>4</ele><time>2026-06-25T22:45:17.000Z</time><extensions><gpxtpx:TrackPointExtension><gpxtpx:hr>158</gpxtpx:hr></gpxtpx:TrackPointExtension></extensions></trkpt>
      <trkpt lat="40.718084" lon="-74.013143"><ele>4</ele><time>2026-06-25T22:45:18.000Z</time><extensions><gpxtpx:TrackPointExtension><gpxtpx:hr>158</gpxtpx:hr></gpxtpx:TrackPointExtension></extensions></trkpt>
      <trkpt lat="40.718058" lon="-74.013143"><ele>4</ele><time>2026-06-25T22:45:19.000Z</time><extensions><gpxtpx:TrackPointExtension><gpxtpx:hr>158</gpxtpx:hr></gpxtpx:TrackPointExtension></extensions></trkpt>
      <trkpt lat="40.718033" lon="-74.013143"><ele>4</ele><time>2026-06-25T22:45:20.000Z</time><extensions><gpxtpx:TrackPointExtension><gpxtpx:hr>158</gpxtpx:hr></gpxtpx:TrackPointExtension></extensions></trkpt>
      <trkpt lat="40.718008" lon="-74.013144"><ele>4</ele><time>2026-06-25T22:45:21.000Z</time><extensions><gpxtpx:TrackPointExtension><gpxtpx:hr>158</gpxtpx:hr></gpxtpx:TrackPointExtension></extensions></trkpt>
      <trkpt lat="40.717983" lon="-74.013146"><ele>4</ele><time>2026-06-25T22:45:22.000Z</time><extensions><gpxtpx:TrackPointExtension><gpxtpx:hr>158</gpxtpx:hr></gpxtpx:TrackPointExtension></extensions></trkpt>
      <trkpt lat="40.717958" lon="-74.013149"><ele>4</ele><time>2026-06-25T22:45:23.000Z</time><extensions><gpxtpx:TrackPointExtension><gpxtpx:hr>158</gpxtpx:hr></gpxtpx:TrackPointExtension></extensions></trkpt>
      <trkpt lat="40.717935" lon="-74.013153"><ele>4</ele><time>2026-06-25T22:45:24.000Z</time><extensions><gpxtpx:TrackPointExtension><gpxtpx:hr>158</gpxtpx:hr></gpxtpx:TrackPointExtension></extensions></trkpt>
      <trkpt lat="40.717912" lon="-74.013156"><ele>4</ele><time>2026-06-25T22:45:25.000Z</time><extensions><gpxtpx:TrackPointExtension><gpxtpx:hr>158</gpxtpx:hr></gpxtpx:TrackPointExtension></extensions></trkpt>
      <trkpt lat="40.71789" lon="-74.01316"><ele>4</ele><time>2026-06-25T22:45:26.000Z</time><extensions><gpxtpx:TrackPointExtension><gpxtpx:hr>158</gpxtpx:hr></gpxtpx:TrackPointExtension></extensions></trkpt>
      <trkpt lat="40.717869" lon="-74.013164"><ele>4</ele><time>2026-06-25T22:45:27.000Z</time><extensions><gpxtpx:TrackPointExtension><gpxtpx:hr>155</gpxtpx:hr></gpxtpx:TrackPointExtension></extensions></trkpt>
      <trkpt lat="40.717848" lon="-74.013169"><ele>3.8</ele><time>2026-06-25T22:45:28.000Z</time><extensions><gpxtpx:TrackPointExtension><gpxtpx:hr>155</gpxtpx:hr></gpxtpx:TrackPointExtension></extensions></trkpt>
      <trkpt lat="40.717828" lon="-74.013173"><ele>3.8</ele><time>2026-06-25T22:45:29.000Z</time><extensions><gpxtpx:TrackPointExtension><gpxtpx:hr>155</gpxtpx:hr></gpxtpx:TrackPointExtension></extensions></trkpt>
      <trkpt lat="40.717809" lon="-74.013177"><ele>3.8</ele><time>2026-06-25T22:45:30.000Z</time><extensions><gpxtpx:TrackPointExtension><gpxtpx:hr>155</gpxtpx:hr></gpxtpx:TrackPointExtension></extensions></trkpt>
      <trkpt lat="40.717791" lon="-74.013181"><ele>3.8</ele><time>2026-06-25T22:45:31.000Z</time><extensions><gpxtpx:TrackPointExtension><gpxtpx:hr>155</gpxtpx:hr></gpxtpx:TrackPointExtension></extensions></trkpt>
      <trkpt lat="40.717774" lon="-74.013186"><ele>3.8</ele><time>2026-06-25T22:45:32.000Z</time><extensions><gpxtpx:TrackPointExtension><gpxtpx:hr>155</gpxtpx:hr></gpxtpx:TrackPointExtension></extensions></trkpt>
      <trkpt lat="40.717758" lon="-74.013189"><ele>3.8</ele><time>2026-06-25T22:45:33.000Z</time><extensions><gpxtpx:TrackPointExtension><gpxtpx:hr>155</gpxtpx:hr></gpxtpx:TrackPointExtension></extensions></trkpt>
      <trkpt lat="40.717743" lon="-74.013193"><ele>3.8</ele><time>2026-06-25T22:45:34.000Z</time><extensions><gpxtpx:TrackPointExtension><gpxtpx:hr>155</gpxtpx:hr></gpxtpx:TrackPointExtension></extensions></trkpt>
      <trkpt lat="40.717729" lon="-74.013197"><ele>3.8</ele><time>2026-06-25T22:45:35.000Z</time><extensions><gpxtpx:TrackPointExtension><gpxtpx:hr>155</gpxtpx:hr></gpxtpx:TrackPointExtension></extensions></trkpt>
      <trkpt lat="40.717716" lon="-74.0132"><ele>3.8</ele><time>2026-06-25T22:45:36.000Z</time><extensions><gpxtpx:TrackPointExtension><gpxtpx:hr>155</gpxtpx:hr></gpxtpx:TrackPointExtension></extensions></trkpt>
      <trkpt lat="40.717704" lon="-74.013203"><ele>3.8</ele><time>2026-06-25T22:45:37.000Z</time><extensions><gpxtpx:TrackPointExtension><gpxtpx:hr>155</gpxtpx:hr></gpxtpx:TrackPointExtension></extensions></trkpt>
      <trkpt lat="40.717695" lon="-74.013205"><ele>3.8</ele><time>2026-06-25T22:45:38.000Z</time><extensions><gpxtpx:TrackPointExtension><gpxtpx:hr>155</gpxtpx:hr></gpxtpx:TrackPointExtension></extensions></trkpt>
      <trkpt lat="40.717689" lon="-74.013207"><ele>3.8</ele><time>2026-06-25T22:45:39.000Z</time><extensions><gpxtpx:TrackPointExtension><gpxtpx:hr>155</gpxtpx:hr></gpxtpx:TrackPointExtension></extensions></trkpt>
      <trkpt lat="40.717685" lon="-74.013208"><ele>3.8</ele><time>2026-06-25T22:45:40.000Z</time><extensions><gpxtpx:TrackPointExtension><gpxtpx:hr>155</gpxtpx:hr></gpxtpx:TrackPointExtension></extensions></trkpt>
      <trkpt lat="40.717683" lon="-74.013208"><ele>3.8</ele><time>2026-06-25T22:45:41.000Z</time><extensions><gpxtpx:TrackPointExtension><gpxtpx:hr>155</gpxtpx:hr></gpxtpx:TrackPointExtension></extensions></trkpt>
      <trkpt lat="40.717683" lon="-74.013208"><ele>3.8</ele><time>2026-06-25T22:45:42.000Z</time><extensions><gpxtpx:TrackPointExtension><gpxtpx:hr>156</gpxtpx:hr></gpxtpx:TrackPointExtension></extensions></trkpt>
      <trkpt lat="40.717683" lon="-74.013208"><ele>3.8</ele><time>2026-06-25T22:45:43.000Z</time><extensions><gpxtpx:TrackPointExtension><gpxtpx:hr>156</gpxtpx:hr></gpxtpx:TrackPointExtension></extensions></trkpt>
      <trkpt lat="40.717683" lon="-74.013208"><ele>3.8</ele><time>2026-06-25T22:45:44.000Z</time><extensions><gpxtpx:TrackPointExtension><gpxtpx:hr>156</gpxtpx:hr></gpxtpx:TrackPointExtension></extensions></trkpt>
      <trkpt lat="40.717684" lon="-74.013208"><ele>3.8</ele><time>2026-06-25T22:45:45.000Z</time><extensions><gpxtpx:TrackPointExtension><gpxtpx:hr>156</gpxtpx:hr></gpxtpx:TrackPointExtension></extensions></trkpt>
      <trkpt lat="40.717685" lon="-74.013208"><ele>3.8</ele><time>2026-06-25T22:45:46.000Z</time><extensions><gpxtpx:TrackPointExtension><gpxtpx:hr>156</gpxtpx:hr></gpxtpx:TrackPointExtension></extensions></trkpt>
      <trkpt lat="40.717686" lon="-74.013208"><ele>3.8</ele><time>2026-06-25T22:45:47.000Z</time><extensions><gpxtpx:TrackPointExtension><gpxtpx:hr>156</gpxtpx:hr></gpxtpx:TrackPointExtension></extensions></trkpt>
      <trkpt lat="40.717687" lon="-74.013208"><ele>3.8</ele><time>2026-06-25T22:45:48.000Z</time><extensions><gpxtpx:TrackPointExtension><gpxtpx:hr>156</gpxtpx:hr></gpxtpx:TrackPointExtension></extensions></trkpt>
      <trkpt lat="40.717688" lon="-74.013207"><ele>3.8</ele><time>2026-06-25T22:45:49.000Z</time><extensions><gpxtpx:TrackPointExtension><gpxtpx:hr>160</gpxtpx:hr></gpxtpx:TrackPointExtension></extensions></trkpt>
      <trkpt lat="40.717689" lon="-74.013207"><ele>3.8</ele><time>2026-06-25T22:45:50.000Z</time><extensions><gpxtpx:TrackPointExtension><gpxtpx:hr>160</gpxtpx:hr></gpxtpx:TrackPointExtension></extensions></trkpt>
      <trkpt lat="40.717689" lon="-74.013207"><ele>3.8</ele><time>2026-06-25T22:45:51.000Z</time><extensions><gpxtpx:TrackPointExtension><gpxtpx:hr>160</gpxtpx:hr></gpxtpx:TrackPointExtension></extensions></trkpt>
      <trkpt lat="40.71769" lon="-74.013207"><ele>3.8</ele><time>2026-06-25T22:45:52.000Z</time><extensions><gpxtpx:TrackPointExtension><gpxtpx:hr>160</gpxtpx:hr></gpxtpx:TrackPointExtension></extensions></trkpt>
      <trkpt lat="40.717668" lon="-74.013221"><ele>3.8</ele><time>2026-06-25T22:46:22.000Z</time><extensions><gpxtpx:TrackPointExtension><gpxtpx:hr>160</gpxtpx:hr></gpxtpx:TrackPointExtension></extensions></trkpt>
      <trkpt lat="40.717667" lon="-74.013221"><ele>3.8</ele><time>2026-06-25T22:46:23.000Z</time><extensions><gpxtpx:TrackPointExtension><gpxtpx:hr>160</gpxtpx:hr></gpxtpx:TrackPointExtension></extensions></trkpt>
      <trkpt lat="40.717659" lon="-74.013349"><ele>4</ele><time>2026-06-25T22:47:37.000Z</time><extensions><gpxtpx:TrackPointExtension><gpxtpx:hr>160</gpxtpx:hr></gpxtpx:TrackPointExtension></extensions></trkpt>
      <trkpt lat="40.717654" lon="-74.013349"><ele>4</ele><time>2026-06-25T22:47:38.000Z</time><extensions><gpxtpx:TrackPointExtension><gpxtpx:hr>160</gpxtpx:hr></gpxtpx:TrackPointExtension></extensions></trkpt>
      <trkpt lat="40.717575" lon="-74.013314"><ele>4</ele><time>2026-06-25T22:47:55.000Z</time><extensions><gpxtpx:TrackPointExtension><gpxtpx:hr>160</gpxtpx:hr></gpxtpx:TrackPointExtension></extensions></trkpt>
      <trkpt lat="40.717571" lon="-74.013316"><ele>4</ele><time>2026-06-25T22:47:56.000Z</time><extensions><gpxtpx:TrackPointExtension><gpxtpx:hr>160</gpxtpx:hr></gpxtpx:TrackPointExtension></extensions></trkpt>
      <trkpt lat="40.717568" lon="-74.013318"><ele>4</ele><time>2026-06-25T22:47:57.000Z</time><extensions><gpxtpx:TrackPointExtension><gpxtpx:hr>123</gpxtpx:hr></gpxtpx:TrackPointExtension></extensions></trkpt>
      <trkpt lat="40.717565" lon="-74.01332"><ele>4</ele><time>2026-06-25T22:47:58.000Z</time><extensions><gpxtpx:TrackPointExtension><gpxtpx:hr>123</gpxtpx:hr></gpxtpx:TrackPointExtension></extensions></trkpt>
      <trkpt lat="40.717562" lon="-74.013321"><ele>4</ele><time>2026-06-25T22:47:59.000Z</time><extensions><gpxtpx:TrackPointExtension><gpxtpx:hr>123</gpxtpx:hr></gpxtpx:TrackPointExtension></extensions></trkpt>
      <trkpt lat="40.71756" lon="-74.013324"><ele>4</ele><time>2026-06-25T22:48:00.000Z</time><extensions><gpxtpx:TrackPointExtension><gpxtpx:hr>125</gpxtpx:hr></gpxtpx:TrackPointExtension></extensions></trkpt>
      <trkpt lat="40.717557" lon="-74.013327"><ele>4</ele><time>2026-06-25T22:48:01.000Z</time><extensions><gpxtpx:TrackPointExtension><gpxtpx:hr>125</gpxtpx:hr></gpxtpx:TrackPointExtension></extensions></trkpt>
      <trkpt lat="40.717554" lon="-74.01333"><ele>4.2</ele><time>2026-06-25T22:48:02.000Z</time><extensions><gpxtpx:TrackPointExtension><gpxtpx:hr>125</gpxtpx:hr></gpxtpx:TrackPointExtension></extensions></trkpt>
      <trkpt lat="40.717551" lon="-74.013335"><ele>4.2</ele><time>2026-06-25T22:48:03.000Z</time><extensions><gpxtpx:TrackPointExtension><gpxtpx:hr>125</gpxtpx:hr></gpxtpx:TrackPointExtension></extensions></trkpt>
      <trkpt lat="40.717548" lon="-74.01334"><ele>4.2</ele><time>2026-06-25T22:48:04.000Z</time><extensions><gpxtpx:TrackPointExtension><gpxtpx:hr>125</gpxtpx:hr></gpxtpx:TrackPointExtension></extensions></trkpt>
      <trkpt lat="40.717545" lon="-74.013347"><ele>4.2</ele><time>2026-06-25T22:48:05.000Z</time><extensions><gpxtpx:TrackPointExtension><gpxtpx:hr>125</gpxtpx:hr></gpxtpx:TrackPointExtension></extensions></trkpt>
      <trkpt lat="40.717543" lon="-74.013354"><ele>4.2</ele><time>2026-06-25T22:48:06.000Z</time><extensions><gpxtpx:TrackPointExtension><gpxtpx:hr>125</gpxtpx:hr></gpxtpx:TrackPointExtension></extensions></trkpt>
      <trkpt lat="40.717541" lon="-74.013363"><ele>4.2</ele><time>2026-06-25T22:48:07.000Z</time><extensions><gpxtpx:TrackPointExtension><gpxtpx:hr>125</gpxtpx:hr></gpxtpx:TrackPointExtension></extensions></trkpt>
      <trkpt lat="40.71754" lon="-74.013374"><ele>4.2</ele><time>2026-06-25T22:48:08.000Z</time><extensions><gpxtpx:TrackPointExtension><gpxtpx:hr>120</gpxtpx:hr></gpxtpx:TrackPointExtension></extensions></trkpt>
      <trkpt lat="40.71754" lon="-74.013386"><ele>4.4</ele><time>2026-06-25T22:48:09.000Z</time><extensions><gpxtpx:TrackPointExtension><gpxtpx:hr>120</gpxtpx:hr></gpxtpx:TrackPointExtension></extensions></trkpt>
      <trkpt lat="40.717541" lon="-74.0134"><ele>4.4</ele><time>2026-06-25T22:48:10.000Z</time><extensions><gpxtpx:TrackPointExtension><gpxtpx:hr>120</gpxtpx:hr></gpxtpx:TrackPointExtension></extensions></trkpt>
      <trkpt lat="40.717543" lon="-74.013414"><ele>4.4</ele><time>2026-06-25T22:48:11.000Z</time><extensions><gpxtpx:TrackPointExtension><gpxtpx:hr>120</gpxtpx:hr></gpxtpx:TrackPointExtension></extensions></trkpt>
      <trkpt lat="40.717544" lon="-74.013429"><ele>4.4</ele><time>2026-06-25T22:48:12.000Z</time><extensions><gpxtpx:TrackPointExtension><gpxtpx:hr>120</gpxtpx:hr></gpxtpx:TrackPointExtension></extensions></trkpt>
      <trkpt lat="40.717546" lon="-74.013444"><ele>4.4</ele><time>2026-06-25T22:48:13.000Z</time><extensions><gpxtpx:TrackPointExtension><gpxtpx:hr>120</gpxtpx:hr></gpxtpx:TrackPointExtension></extensions></trkpt>
      <trkpt lat="40.717548" lon="-74.01346"><ele>4.4</ele><time>2026-06-25T22:48:14.000Z</time><extensions><gpxtpx:TrackPointExtension><gpxtpx:hr>120</gpxtpx:hr></gpxtpx:TrackPointExtension></extensions></trkpt>
      <trkpt lat="40.717551" lon="-74.013476"><ele>4.4</ele><time>2026-06-25T22:48:15.000Z</time><extensions><gpxtpx:TrackPointExtension><gpxtpx:hr>120</gpxtpx:hr></gpxtpx:TrackPointExtension></extensions></trkpt>
      <trkpt lat="40.717554" lon="-74.013493"><ele>4.4</ele><time>2026-06-25T22:48:16.000Z</time><extensions><gpxtpx:TrackPointExtension><gpxtpx:hr>121</gpxtpx:hr></gpxtpx:TrackPointExtension></extensions></trkpt>
      <trkpt lat="40.717557" lon="-74.01351"><ele>4.4</ele><time>2026-06-25T22:48:17.000Z</time><extensions><gpxtpx:TrackPointExtension><gpxtpx:hr>121</gpxtpx:hr></gpxtpx:TrackPointExtension></extensions></trkpt>
      <trkpt lat="40.71756" lon="-74.013528"><ele>4.6</ele><time>2026-06-25T22:48:18.000Z</time><extensions><gpxtpx:TrackPointExtension><gpxtpx:hr>120</gpxtpx:hr></gpxtpx:TrackPointExtension></extensions></trkpt>
      <trkpt lat="40.717563" lon="-74.013546"><ele>4.6</ele><time>2026-06-25T22:48:19.000Z</time><extensions><gpxtpx:TrackPointExtension><gpxtpx:hr>120</gpxtpx:hr></gpxtpx:TrackPointExtension></extensions></trkpt>
      <trkpt lat="40.717567" lon="-74.013565"><ele>4.6</ele><time>2026-06-25T22:48:20.000Z</time><extensions><gpxtpx:TrackPointExtension><gpxtpx:hr>120</gpxtpx:hr></gpxtpx:TrackPointExtension></extensions></trkpt>
      <trkpt lat="40.717571" lon="-74.013583"><ele>4.6</ele><time>2026-06-25T22:48:21.000Z</time><extensions><gpxtpx:TrackPointExtension><gpxtpx:hr>120</gpxtpx:hr></gpxtpx:TrackPointExtension></extensions></trkpt>
      <trkpt lat="40.717574" lon="-74.013602"><ele>4.6</ele><time>2026-06-25T22:48:22.000Z</time><extensions><gpxtpx:TrackPointExtension><gpxtpx:hr>120</gpxtpx:hr></gpxtpx:TrackPointExtension></extensions></trkpt>
      <trkpt lat="40.717578" lon="-74.013621"><ele>4.8</ele><time>2026-06-25T22:48:23.000Z</time><extensions><gpxtpx:TrackPointExtension><gpxtpx:hr>120</gpxtpx:hr></gpxtpx:TrackPointExtension></extensions></trkpt>
      <trkpt lat="40.717581" lon="-74.013639"><ele>4.8</ele><time>2026-06-25T22:48:24.000Z</time><extensions><gpxtpx:TrackPointExtension><gpxtpx:hr>120</gpxtpx:hr></gpxtpx:TrackPointExtension></extensions></trkpt>
      <trkpt lat="40.717584" lon="-74.013657"><ele>4.8</ele><time>2026-06-25T22:48:25.000Z</time><extensions><gpxtpx:TrackPointExtension><gpxtpx:hr>122</gpxtpx:hr></gpxtpx:TrackPointExtension></extensions></trkpt>
      <trkpt lat="40.717587" lon="-74.013674"><ele>4.8</ele><time>2026-06-25T22:48:26.000Z</time><extensions><gpxtpx:TrackPointExtension><gpxtpx:hr>122</gpxtpx:hr></gpxtpx:TrackPointExtension></extensions></trkpt>
      <trkpt lat="40.71759" lon="-74.013691"><ele>4.8</ele><time>2026-06-25T22:48:27.000Z</time><extensions><gpxtpx:TrackPointExtension><gpxtpx:hr>122</gpxtpx:hr></gpxtpx:TrackPointExtension></extensions></trkpt>
      <trkpt lat="40.717593" lon="-74.013708"><ele>5</ele><time>2026-06-25T22:48:28.000Z</time><extensions><gpxtpx:TrackPointExtension><gpxtpx:hr>122</gpxtpx:hr></gpxtpx:TrackPointExtension></extensions></trkpt>
      <trkpt lat="40.717595" lon="-74.013723"><ele>5</ele><time>2026-06-25T22:48:29.000Z</time><extensions><gpxtpx:TrackPointExtension><gpxtpx:hr>122</gpxtpx:hr></gpxtpx:TrackPointExtension></extensions></trkpt>
      <trkpt lat="40.717598" lon="-74.013738"><ele>5</ele><time>2026-06-25T22:48:30.000Z</time><extensions><gpxtpx:TrackPointExtension><gpxtpx:hr>122</gpxtpx:hr></gpxtpx:TrackPointExtension></extensions></trkpt>
      <trkpt lat="40.717601" lon="-74.013753"><ele>5.2</ele><time>2026-06-25T22:48:31.000Z</time><extensions><gpxtpx:TrackPointExtension><gpxtpx:hr>122</gpxtpx:hr></gpxtpx:TrackPointExtension></extensions></trkpt>
      <trkpt lat="40.717604" lon="-74.013766"><ele>5.2</ele><time>2026-06-25T22:48:32.000Z</time><extensions><gpxtpx:TrackPointExtension><gpxtpx:hr>129</gpxtpx:hr></gpxtpx:TrackPointExtension></extensions></trkpt>
      <trkpt lat="40.717607" lon="-74.013779"><ele>5.2</ele><time>2026-06-25T22:48:33.000Z</time><extensions><gpxtpx:TrackPointExtension><gpxtpx:hr>130</gpxtpx:hr></gpxtpx:TrackPointExtension></extensions></trkpt>
      <trkpt lat="40.717611" lon="-74.013792"><ele>5.2</ele><time>2026-06-25T22:48:34.000Z</time><extensions><gpxtpx:TrackPointExtension><gpxtpx:hr>130</gpxtpx:hr></gpxtpx:TrackPointExtension></extensions></trkpt>
      <trkpt lat="40.717615" lon="-74.013804"><ele>5.4</ele><time>2026-06-25T22:48:35.000Z</time><extensions><gpxtpx:TrackPointExtension><gpxtpx:hr>130</gpxtpx:hr></gpxtpx:TrackPointExtension></extensions></trkpt>
      <trkpt lat="40.71762" lon="-74.013816"><ele>5.4</ele><time>2026-06-25T22:48:36.000Z</time><extensions><gpxtpx:TrackPointExtension><gpxtpx:hr>130</gpxtpx:hr></gpxtpx:TrackPointExtension></extensions></trkpt>
      <trkpt lat="40.717625" lon="-74.013828"><ele>5.4</ele><time>2026-06-25T22:48:37.000Z</time><extensions><gpxtpx:TrackPointExtension><gpxtpx:hr>130</gpxtpx:hr></gpxtpx:TrackPointExtension></extensions></trkpt>
      <trkpt lat="40.71763" lon="-74.013839"><ele>5.6</ele><time>2026-06-25T22:48:38.000Z</time><extensions><gpxtpx:TrackPointExtension><gpxtpx:hr>130</gpxtpx:hr></gpxtpx:TrackPointExtension></extensions></trkpt>
      <trkpt lat="40.717636" lon="-74.013851"><ele>5.6</ele><time>2026-06-25T22:48:39.000Z</time><extensions><gpxtpx:TrackPointExtension><gpxtpx:hr>130</gpxtpx:hr></gpxtpx:TrackPointExtension></extensions></trkpt>
      <trkpt lat="40.717643" lon="-74.013862"><ele>5.6</ele><time>2026-06-25T22:48:40.000Z</time><extensions><gpxtpx:TrackPointExtension><gpxtpx:hr>130</gpxtpx:hr></gpxtpx:TrackPointExtension></extensions></trkpt>
      <trkpt lat="40.71765" lon="-74.013873"><ele>5.6</ele><time>2026-06-25T22:48:41.000Z</time><extensions><gpxtpx:TrackPointExtension><gpxtpx:hr>130</gpxtpx:hr></gpxtpx:TrackPointExtension></extensions></trkpt>
      <trkpt lat="40.717658" lon="-74.013885"><ele>5.6</ele><time>2026-06-25T22:48:42.000Z</time><extensions><gpxtpx:TrackPointExtension><gpxtpx:hr>132</gpxtpx:hr></gpxtpx:TrackPointExtension></extensions></trkpt>
      <trkpt lat="40.717666" lon="-74.013897"><ele>5.8</ele><time>2026-06-25T22:48:43.000Z</time><extensions><gpxtpx:TrackPointExtension><gpxtpx:hr>132</gpxtpx:hr></gpxtpx:TrackPointExtension></extensions></trkpt>
      <trkpt lat="40.717674" lon="-74.01391"><ele>5.8</ele><time>2026-06-25T22:48:44.000Z</time><extensions><gpxtpx:TrackPointExtension><gpxtpx:hr>132</gpxtpx:hr></gpxtpx:TrackPointExtension></extensions></trkpt>
      <trkpt lat="40.717681" lon="-74.013923"><ele>5.8</ele><time>2026-06-25T22:48:45.000Z</time><extensions><gpxtpx:TrackPointExtension><gpxtpx:hr>132</gpxtpx:hr></gpxtpx:TrackPointExtension></extensions></trkpt>
      <trkpt lat="40.717689" lon="-74.013936"><ele>5.8</ele><time>2026-06-25T22:48:46.000Z</time><extensions><gpxtpx:TrackPointExtension><gpxtpx:hr>132</gpxtpx:hr></gpxtpx:TrackPointExtension></extensions></trkpt>
      <trkpt lat="40.717697" lon="-74.01395"><ele>5.8</ele><time>2026-06-25T22:48:47.000Z</time><extensions><gpxtpx:TrackPointExtension><gpxtpx:hr>132</gpxtpx:hr></gpxtpx:TrackPointExtension></extensions></trkpt>
      <trkpt lat="40.717705" lon="-74.013965"><ele>5.8</ele><time>2026-06-25T22:48:48.000Z</time><extensions><gpxtpx:TrackPointExtension><gpxtpx:hr>131</gpxtpx:hr></gpxtpx:TrackPointExtension></extensions></trkpt>
      <trkpt lat="40.717713" lon="-74.01398"><ele>5.8</ele><time>2026-06-25T22:48:49.000Z</time><extensions><gpxtpx:TrackPointExtension><gpxtpx:hr>131</gpxtpx:hr></gpxtpx:TrackPointExtension></extensions></trkpt>
      <trkpt lat="40.717721" lon="-74.013995"><ele>5.8</ele><time>2026-06-25T22:48:50.000Z</time><extensions><gpxtpx:TrackPointExtension><gpxtpx:hr>131</gpxtpx:hr></gpxtpx:TrackPointExtension></extensions></trkpt>
      <trkpt lat="40.717729" lon="-74.01401"><ele>5.8</ele><time>2026-06-25T22:48:51.000Z</time><extensions><gpxtpx:TrackPointExtension><gpxtpx:hr>131</gpxtpx:hr></gpxtpx:TrackPointExtension></extensions></trkpt>
      <trkpt lat="40.717737" lon="-74.014026"><ele>5.8</ele><time>2026-06-25T22:48:52.000Z</time><extensions><gpxtpx:TrackPointExtension><gpxtpx:hr>131</gpxtpx:hr></gpxtpx:TrackPointExtension></extensions></trkpt>
      <trkpt lat="40.717746" lon="-74.014043"><ele>5.8</ele><time>2026-06-25T22:48:53.000Z</time><extensions><gpxtpx:TrackPointExtension><gpxtpx:hr>131</gpxtpx:hr></gpxtpx:TrackPointExtension></extensions></trkpt>
      <trkpt lat="40.717754" lon="-74.014061"><ele>6</ele><time>2026-06-25T22:48:54.000Z</time><extensions><gpxtpx:TrackPointExtension><gpxtpx:hr>131</gpxtpx:hr></gpxtpx:TrackPointExtension></extensions></trkpt>
      <trkpt lat="40.717763" lon="-74.01408"><ele>6</ele><time>2026-06-25T22:48:55.000Z</time><extensions><gpxtpx:TrackPointExtension><gpxtpx:hr>131</gpxtpx:hr></gpxtpx:TrackPointExtension></extensions></trkpt>
      <trkpt lat="40.717773" lon="-74.014099"><ele>6</ele><time>2026-06-25T22:48:56.000Z</time><extensions><gpxtpx:TrackPointExtension><gpxtpx:hr>129</gpxtpx:hr></gpxtpx:TrackPointExtension></extensions></trkpt>
      <trkpt lat="40.717782" lon="-74.01412"><ele>6</ele><time>2026-06-25T22:48:57.000Z</time><extensions><gpxtpx:TrackPointExtension><gpxtpx:hr>129</gpxtpx:hr></gpxtpx:TrackPointExtension></extensions></trkpt>
      <trkpt lat="40.717792" lon="-74.014141"><ele>6</ele><time>2026-06-25T22:48:58.000Z</time><extensions><gpxtpx:TrackPointExtension><gpxtpx:hr>129</gpxtpx:hr></gpxtpx:TrackPointExtension></extensions></trkpt>
      <trkpt lat="40.717802" lon="-74.014163"><ele>6</ele><time>2026-06-25T22:48:59.000Z</time><extensions><gpxtpx:TrackPointExtension><gpxtpx:hr>129</gpxtpx:hr></gpxtpx:TrackPointExtension></extensions></trkpt>
      <trkpt lat="40.717812" lon="-74.014186"><ele>6</ele><time>2026-06-25T22:49:00.000Z</time><extensions><gpxtpx:TrackPointExtension><gpxtpx:hr>129</gpxtpx:hr></gpxtpx:TrackPointExtension></extensions></trkpt>
      <trkpt lat="40.717823" lon="-74.014209"><ele>6</ele><time>2026-06-25T22:49:01.000Z</time><extensions><gpxtpx:TrackPointExtension><gpxtpx:hr>129</gpxtpx:hr></gpxtpx:TrackPointExtension></extensions></trkpt>
      <trkpt lat="40.717833" lon="-74.014235"><ele>6</ele><time>2026-06-25T22:49:02.000Z</time><extensions><gpxtpx:TrackPointExtension><gpxtpx:hr>129</gpxtpx:hr></gpxtpx:TrackPointExtension></extensions></trkpt>
      <trkpt lat="40.717845" lon="-74.014261"><ele>6</ele><time>2026-06-25T22:49:03.000Z</time><extensions><gpxtpx:TrackPointExtension><gpxtpx:hr>129</gpxtpx:hr></gpxtpx:TrackPointExtension></extensions></trkpt>
      <trkpt lat="40.717856" lon="-74.014289"><ele>6</ele><time>2026-06-25T22:49:04.000Z</time><extensions><gpxtpx:TrackPointExtension><gpxtpx:hr>129</gpxtpx:hr></gpxtpx:TrackPointExtension></extensions></trkpt>
      <trkpt lat="40.717868" lon="-74.014318"><ele>6</ele><time>2026-06-25T22:49:05.000Z</time><extensions><gpxtpx:TrackPointExtension><gpxtpx:hr>129</gpxtpx:hr></gpxtpx:TrackPointExtension></extensions></trkpt>
      <trkpt lat="40.71788" lon="-74.014348"><ele>6.2</ele><time>2026-06-25T22:49:06.000Z</time><extensions><gpxtpx:TrackPointExtension><gpxtpx:hr>129</gpxtpx:hr></gpxtpx:TrackPointExtension></extensions></trkpt>
      <trkpt lat="40.717892" lon="-74.01438"><ele>6.2</ele><time>2026-06-25T22:49:07.000Z</time><extensions><gpxtpx:TrackPointExtension><gpxtpx:hr>127</gpxtpx:hr></gpxtpx:TrackPointExtension></extensions></trkpt>
      <trkpt lat="40.717904" lon="-74.014412"><ele>6.2</ele><time>2026-06-25T22:49:08.000Z</time><extensions><gpxtpx:TrackPointExtension><gpxtpx:hr>127</gpxtpx:hr></gpxtpx:TrackPointExtension></extensions></trkpt>
      <trkpt lat="40.717917" lon="-74.014445"><ele>6.2</ele><time>2026-06-25T22:49:09.000Z</time><extensions><gpxtpx:TrackPointExtension><gpxtpx:hr>127</gpxtpx:hr></gpxtpx:TrackPointExtension></extensions></trkpt>
      <trkpt lat="40.717929" lon="-74.014479"><ele>6.2</ele><time>2026-06-25T22:49:10.000Z</time><extensions><gpxtpx:TrackPointExtension><gpxtpx:hr>127</gpxtpx:hr></gpxtpx:TrackPointExtension></extensions></trkpt>
      <trkpt lat="40.717942" lon="-74.014513"><ele>6.2</ele><time>2026-06-25T22:49:11.000Z</time><extensions><gpxtpx:TrackPointExtension><gpxtpx:hr>127</gpxtpx:hr></gpxtpx:TrackPointExtension></extensions></trkpt>
      <trkpt lat="40.717954" lon="-74.014548"><ele>6.2</ele><time>2026-06-25T22:49:12.000Z</time><extensions><gpxtpx:TrackPointExtension><gpxtpx:hr>130</gpxtpx:hr></gpxtpx:TrackPointExtension></extensions></trkpt>
      <trkpt lat="40.717965" lon="-74.014583"><ele>6.2</ele><time>2026-06-25T22:49:13.000Z</time><extensions><gpxtpx:TrackPointExtension><gpxtpx:hr>130</gpxtpx:hr></gpxtpx:TrackPointExtension></extensions></trkpt>
      <trkpt lat="40.717976" lon="-74.014617"><ele>6.2</ele><time>2026-06-25T22:49:14.000Z</time><extensions><gpxtpx:TrackPointExtension><gpxtpx:hr>130</gpxtpx:hr></gpxtpx:TrackPointExtension></extensions></trkpt>
      <trkpt lat="40.717986" lon="-74.014651"><ele>6.2</ele><time>2026-06-25T22:49:15.000Z</time><extensions><gpxtpx:TrackPointExtension><gpxtpx:hr>130</gpxtpx:hr></gpxtpx:TrackPointExtension></extensions></trkpt>
      <trkpt lat="40.717996" lon="-74.014684"><ele>6.4</ele><time>2026-06-25T22:49:16.000Z</time><extensions><gpxtpx:TrackPointExtension><gpxtpx:hr>131</gpxtpx:hr></gpxtpx:TrackPointExtension></extensions></trkpt>
      <trkpt lat="40.718007" lon="-74.014717"><ele>6.4</ele><time>2026-06-25T22:49:17.000Z</time><extensions><gpxtpx:TrackPointExtension><gpxtpx:hr>131</gpxtpx:hr></gpxtpx:TrackPointExtension></extensions></trkpt>
      <trkpt lat="40.718017" lon="-74.01475"><ele>6.4</ele><time>2026-06-25T22:49:18.000Z</time><extensions><gpxtpx:TrackPointExtension><gpxtpx:hr>131</gpxtpx:hr></gpxtpx:TrackPointExtension></extensions></trkpt>
      <trkpt lat="40.718028" lon="-74.014783"><ele>6.4</ele><time>2026-06-25T22:49:19.000Z</time><extensions><gpxtpx:TrackPointExtension><gpxtpx:hr>131</gpxtpx:hr></gpxtpx:TrackPointExtension></extensions></trkpt>
      <trkpt lat="40.718039" lon="-74.014816"><ele>6.4</ele><time>2026-06-25T22:49:20.000Z</time><extensions><gpxtpx:TrackPointExtension><gpxtpx:hr>131</gpxtpx:hr></gpxtpx:TrackPointExtension></extensions></trkpt>
      <trkpt lat="40.718051" lon="-74.014849"><ele>6.4</ele><time>2026-06-25T22:49:21.000Z</time><extensions><gpxtpx:TrackPointExtension><gpxtpx:hr>133</gpxtpx:hr></gpxtpx:TrackPointExtension></extensions></trkpt>
      <trkpt lat="40.718063" lon="-74.014881"><ele>6.6</ele><time>2026-06-25T22:49:22.000Z</time><extensions><gpxtpx:TrackPointExtension><gpxtpx:hr>133</gpxtpx:hr></gpxtpx:TrackPointExtension></extensions></trkpt>
      <trkpt lat="40.718074" lon="-74.014914"><ele>6.6</ele><time>2026-06-25T22:49:23.000Z</time><extensions><gpxtpx:TrackPointExtension><gpxtpx:hr>134</gpxtpx:hr></gpxtpx:TrackPointExtension></extensions></trkpt>
      <trkpt lat="40.718086" lon="-74.014947"><ele>6.6</ele><time>2026-06-25T22:49:24.000Z</time><extensions><gpxtpx:TrackPointExtension><gpxtpx:hr>134</gpxtpx:hr></gpxtpx:TrackPointExtension></extensions></trkpt>
      <trkpt lat="40.718097" lon="-74.014979"><ele>6.6</ele><time>2026-06-25T22:49:25.000Z</time><extensions><gpxtpx:TrackPointExtension><gpxtpx:hr>134</gpxtpx:hr></gpxtpx:TrackPointExtension></extensions></trkpt>
      <trkpt lat="40.718107" lon="-74.015008"><ele>6.6</ele><time>2026-06-25T22:49:26.000Z</time><extensions><gpxtpx:TrackPointExtension><gpxtpx:hr>134</gpxtpx:hr></gpxtpx:TrackPointExtension></extensions></trkpt>
      <trkpt lat="40.718117" lon="-74.015033"><ele>6.6</ele><time>2026-06-25T22:49:27.000Z</time><extensions><gpxtpx:TrackPointExtension><gpxtpx:hr>134</gpxtpx:hr></gpxtpx:TrackPointExtension></extensions></trkpt>
      <trkpt lat="40.718126" lon="-74.015056"><ele>6.8</ele><time>2026-06-25T22:49:28.000Z</time><extensions><gpxtpx:TrackPointExtension><gpxtpx:hr>134</gpxtpx:hr></gpxtpx:TrackPointExtension></extensions></trkpt>
      <trkpt lat="40.718136" lon="-74.015079"><ele>6.8</ele><time>2026-06-25T22:49:29.000Z</time><extensions><gpxtpx:TrackPointExtension><gpxtpx:hr>134</gpxtpx:hr></gpxtpx:TrackPointExtension></extensions></trkpt>
      <trkpt lat="40.718147" lon="-74.015101"><ele>6.6</ele><time>2026-06-25T22:49:30.000Z</time><extensions><gpxtpx:TrackPointExtension><gpxtpx:hr>139</gpxtpx:hr></gpxtpx:TrackPointExtension></extensions></trkpt>
      <trkpt lat="40.718157" lon="-74.015122"><ele>6.6</ele><time>2026-06-25T22:49:31.000Z</time><extensions><gpxtpx:TrackPointExtension><gpxtpx:hr>139</gpxtpx:hr></gpxtpx:TrackPointExtension></extensions></trkpt>
      <trkpt lat="40.718165" lon="-74.015143"><ele>6.6</ele><time>2026-06-25T22:49:32.000Z</time><extensions><gpxtpx:TrackPointExtension><gpxtpx:hr>139</gpxtpx:hr></gpxtpx:TrackPointExtension></extensions></trkpt>
      <trkpt lat="40.71817" lon="-74.015165"><ele>6.6</ele><time>2026-06-25T22:49:33.000Z</time><extensions><gpxtpx:TrackPointExtension><gpxtpx:hr>139</gpxtpx:hr></gpxtpx:TrackPointExtension></extensions></trkpt>
      <trkpt lat="40.718169" lon="-74.015187"><ele>6.4</ele><time>2026-06-25T22:49:34.000Z</time><extensions><gpxtpx:TrackPointExtension><gpxtpx:hr>139</gpxtpx:hr></gpxtpx:TrackPointExtension></extensions></trkpt>
      <trkpt lat="40.718166" lon="-74.015213"><ele>6.4</ele><time>2026-06-25T22:49:35.000Z</time><extensions><gpxtpx:TrackPointExtension><gpxtpx:hr>139</gpxtpx:hr></gpxtpx:TrackPointExtension></extensions></trkpt>
      <trkpt lat="40.718165" lon="-74.01524"><ele>6.2</ele><time>2026-06-25T22:49:36.000Z</time><extensions><gpxtpx:TrackPointExtension><gpxtpx:hr>141</gpxtpx:hr></gpxtpx:TrackPointExtension></extensions></trkpt>
      <trkpt lat="40.71817" lon="-74.015267"><ele>6</ele><time>2026-06-25T22:49:37.000Z</time><extensions><gpxtpx:TrackPointExtension><gpxtpx:hr>141</gpxtpx:hr></gpxtpx:TrackPointExtension></extensions></trkpt>
      <trkpt lat="40.718181" lon="-74.01529"><ele>5.8</ele><time>2026-06-25T22:49:38.000Z</time><extensions><gpxtpx:TrackPointExtension><gpxtpx:hr>141</gpxtpx:hr></gpxtpx:TrackPointExtension></extensions></trkpt>
      <trkpt lat="40.718199" lon="-74.015308"><ele>5.6</ele><time>2026-06-25T22:49:39.000Z</time><extensions><gpxtpx:TrackPointExtension><gpxtpx:hr>141</gpxtpx:hr></gpxtpx:TrackPointExtension></extensions></trkpt>
      <trkpt lat="40.71822" lon="-74.015324"><ele>5.4</ele><time>2026-06-25T22:49:40.000Z</time><extensions><gpxtpx:TrackPointExtension><gpxtpx:hr>141</gpxtpx:hr></gpxtpx:TrackPointExtension></extensions></trkpt>
      <trkpt lat="40.718245" lon="-74.015339"><ele>5.2</ele><time>2026-06-25T22:49:41.000Z</time><extensions><gpxtpx:TrackPointExtension><gpxtpx:hr>141</gpxtpx:hr></gpxtpx:TrackPointExtension></extensions></trkpt>
      <trkpt lat="40.718273" lon="-74.015354"><ele>5</ele><time>2026-06-25T22:49:42.000Z</time><extensions><gpxtpx:TrackPointExtension><gpxtpx:hr>141</gpxtpx:hr></gpxtpx:TrackPointExtension></extensions></trkpt>
      <trkpt lat="40.7183" lon="-74.015371"><ele>4.8</ele><time>2026-06-25T22:49:43.000Z</time><extensions><gpxtpx:TrackPointExtension><gpxtpx:hr>141</gpxtpx:hr></gpxtpx:TrackPointExtension></extensions></trkpt>
      <trkpt lat="40.718325" lon="-74.015393"><ele>4.6</ele><time>2026-06-25T22:49:44.000Z</time><extensions><gpxtpx:TrackPointExtension><gpxtpx:hr>141</gpxtpx:hr></gpxtpx:TrackPointExtension></extensions></trkpt>
      <trkpt lat="40.718348" lon="-74.015419"><ele>4.4</ele><time>2026-06-25T22:49:45.000Z</time><extensions><gpxtpx:TrackPointExtension><gpxtpx:hr>141</gpxtpx:hr></gpxtpx:TrackPointExtension></extensions></trkpt>
      <trkpt lat="40.718367" lon="-74.015449"><ele>4.4</ele><time>2026-06-25T22:49:46.000Z</time><extensions><gpxtpx:TrackPointExtension><gpxtpx:hr>141</gpxtpx:hr></gpxtpx:TrackPointExtension></extensions></trkpt>
      <trkpt lat="40.718384" lon="-74.015479"><ele>4.2</ele><time>2026-06-25T22:49:47.000Z</time><extensions><gpxtpx:TrackPointExtension><gpxtpx:hr>141</gpxtpx:hr></gpxtpx:TrackPointExtension></extensions></trkpt>
      <trkpt lat="40.718399" lon="-74.01551"><ele>4.2</ele><time>2026-06-25T22:49:48.000Z</time><extensions><gpxtpx:TrackPointExtension><gpxtpx:hr>145</gpxtpx:hr></gpxtpx:TrackPointExtension></extensions></trkpt>
      <trkpt lat="40.718413" lon="-74.015541"><ele>4.2</ele><time>2026-06-25T22:49:49.000Z</time><extensions><gpxtpx:TrackPointExtension><gpxtpx:hr>145</gpxtpx:hr></gpxtpx:TrackPointExtension></extensions></trkpt>
      <trkpt lat="40.718424" lon="-74.015571"><ele>4</ele><time>2026-06-25T22:49:50.000Z</time><extensions><gpxtpx:TrackPointExtension><gpxtpx:hr>145</gpxtpx:hr></gpxtpx:TrackPointExtension></extensions></trkpt>
      <trkpt lat="40.718434" lon="-74.015601"><ele>4</ele><time>2026-06-25T22:49:51.000Z</time><extensions><gpxtpx:TrackPointExtension><gpxtpx:hr>145</gpxtpx:hr></gpxtpx:TrackPointExtension></extensions></trkpt>
      <trkpt lat="40.718443" lon="-74.015631"><ele>4</ele><time>2026-06-25T22:49:52.000Z</time><extensions><gpxtpx:TrackPointExtension><gpxtpx:hr>145</gpxtpx:hr></gpxtpx:TrackPointExtension></extensions></trkpt>
      <trkpt lat="40.718451" lon="-74.015661"><ele>4</ele><time>2026-06-25T22:49:53.000Z</time><extensions><gpxtpx:TrackPointExtension><gpxtpx:hr>145</gpxtpx:hr></gpxtpx:TrackPointExtension></extensions></trkpt>
      <trkpt lat="40.718459" lon="-74.015691"><ele>4</ele><time>2026-06-25T22:49:54.000Z</time><extensions><gpxtpx:TrackPointExtension><gpxtpx:hr>145</gpxtpx:hr></gpxtpx:TrackPointExtension></extensions></trkpt>
      <trkpt lat="40.718467" lon="-74.015722"><ele>4</ele><time>2026-06-25T22:49:55.000Z</time><extensions><gpxtpx:TrackPointExtension><gpxtpx:hr>145</gpxtpx:hr></gpxtpx:TrackPointExtension></extensions></trkpt>
      <trkpt lat="40.718476" lon="-74.015755"><ele>4</ele><time>2026-06-25T22:49:56.000Z</time><extensions><gpxtpx:TrackPointExtension><gpxtpx:hr>147</gpxtpx:hr></gpxtpx:TrackPointExtension></extensions></trkpt>
      <trkpt lat="40.718485" lon="-74.015789"><ele>4</ele><time>2026-06-25T22:49:57.000Z</time><extensions><gpxtpx:TrackPointExtension><gpxtpx:hr>147</gpxtpx:hr></gpxtpx:TrackPointExtension></extensions></trkpt>
      <trkpt lat="40.718494" lon="-74.015822"><ele>4</ele><time>2026-06-25T22:49:58.000Z</time><extensions><gpxtpx:TrackPointExtension><gpxtpx:hr>147</gpxtpx:hr></gpxtpx:TrackPointExtension></extensions></trkpt>
      <trkpt lat="40.718502" lon="-74.015855"><ele>4</ele><time>2026-06-25T22:49:59.000Z</time><extensions><gpxtpx:TrackPointExtension><gpxtpx:hr>147</gpxtpx:hr></gpxtpx:TrackPointExtension></extensions></trkpt>
      <trkpt lat="40.71851" lon="-74.015887"><ele>4</ele><time>2026-06-25T22:50:00.000Z</time><extensions><gpxtpx:TrackPointExtension><gpxtpx:hr>146</gpxtpx:hr></gpxtpx:TrackPointExtension></extensions></trkpt>
      <trkpt lat="40.718517" lon="-74.015919"><ele>4</ele><time>2026-06-25T22:50:01.000Z</time><extensions><gpxtpx:TrackPointExtension><gpxtpx:hr>146</gpxtpx:hr></gpxtpx:TrackPointExtension></extensions></trkpt>
      <trkpt lat="40.718524" lon="-74.015952"><ele>4</ele><time>2026-06-25T22:50:02.000Z</time><extensions><gpxtpx:TrackPointExtension><gpxtpx:hr>146</gpxtpx:hr></gpxtpx:TrackPointExtension></extensions></trkpt>
      <trkpt lat="40.718532" lon="-74.015986"><ele>4</ele><time>2026-06-25T22:50:03.000Z</time><extensions><gpxtpx:TrackPointExtension><gpxtpx:hr>146</gpxtpx:hr></gpxtpx:TrackPointExtension></extensions></trkpt>
      <trkpt lat="40.71854" lon="-74.01602"><ele>4</ele><time>2026-06-25T22:50:04.000Z</time><extensions><gpxtpx:TrackPointExtension><gpxtpx:hr>146</gpxtpx:hr></gpxtpx:TrackPointExtension></extensions></trkpt>
      <trkpt lat="40.718548" lon="-74.016055"><ele>4</ele><time>2026-06-25T22:50:05.000Z</time><extensions><gpxtpx:TrackPointExtension><gpxtpx:hr>146</gpxtpx:hr></gpxtpx:TrackPointExtension></extensions></trkpt>
      <trkpt lat="40.718555" lon="-74.01609"><ele>4</ele><time>2026-06-25T22:50:06.000Z</time><extensions><gpxtpx:TrackPointExtension><gpxtpx:hr>146</gpxtpx:hr></gpxtpx:TrackPointExtension></extensions></trkpt>
      <trkpt lat="40.718562" lon="-74.016125"><ele>4</ele><time>2026-06-25T22:50:07.000Z</time><extensions><gpxtpx:TrackPointExtension><gpxtpx:hr>146</gpxtpx:hr></gpxtpx:TrackPointExtension></extensions></trkpt>
      <trkpt lat="40.718568" lon="-74.01616"><ele>4</ele><time>2026-06-25T22:50:08.000Z</time><extensions><gpxtpx:TrackPointExtension><gpxtpx:hr>146</gpxtpx:hr></gpxtpx:TrackPointExtension></extensions></trkpt>
      <trkpt lat="40.718574" lon="-74.016195"><ele>4</ele><time>2026-06-25T22:50:09.000Z</time><extensions><gpxtpx:TrackPointExtension><gpxtpx:hr>146</gpxtpx:hr></gpxtpx:TrackPointExtension></extensions></trkpt>
      <trkpt lat="40.718579" lon="-74.016231"><ele>4</ele><time>2026-06-25T22:50:10.000Z</time><extensions><gpxtpx:TrackPointExtension><gpxtpx:hr>146</gpxtpx:hr></gpxtpx:TrackPointExtension></extensions></trkpt>
      <trkpt lat="40.718585" lon="-74.016269"><ele>4</ele><time>2026-06-25T22:50:11.000Z</time><extensions><gpxtpx:TrackPointExtension><gpxtpx:hr>146</gpxtpx:hr></gpxtpx:TrackPointExtension></extensions></trkpt>
      <trkpt lat="40.71859" lon="-74.016306"><ele>4</ele><time>2026-06-25T22:50:12.000Z</time><extensions><gpxtpx:TrackPointExtension><gpxtpx:hr>147</gpxtpx:hr></gpxtpx:TrackPointExtension></extensions></trkpt>
      <trkpt lat="40.718594" lon="-74.016342"><ele>4</ele><time>2026-06-25T22:50:13.000Z</time><extensions><gpxtpx:TrackPointExtension><gpxtpx:hr>147</gpxtpx:hr></gpxtpx:TrackPointExtension></extensions></trkpt>
      <trkpt lat="40.718598" lon="-74.016377"><ele>4</ele><time>2026-06-25T22:50:14.000Z</time><extensions><gpxtpx:TrackPointExtension><gpxtpx:hr>147</gpxtpx:hr></gpxtpx:TrackPointExtension></extensions></trkpt>
      <trkpt lat="40.718601" lon="-74.01641"><ele>4</ele><time>2026-06-25T22:50:15.000Z</time><extensions><gpxtpx:TrackPointExtension><gpxtpx:hr>147</gpxtpx:hr></gpxtpx:TrackPointExtension></extensions></trkpt>
      <trkpt lat="40.718603" lon="-74.016444"><ele>4</ele><time>2026-06-25T22:50:16.000Z</time><extensions><gpxtpx:TrackPointExtension><gpxtpx:hr>147</gpxtpx:hr></gpxtpx:TrackPointExtension></extensions></trkpt>
      <trkpt lat="40.718605" lon="-74.016478"><ele>4</ele><time>2026-06-25T22:50:17.000Z</time><extensions><gpxtpx:TrackPointExtension><gpxtpx:hr>147</gpxtpx:hr></gpxtpx:TrackPointExtension></extensions></trkpt>
      <trkpt lat="40.718605" lon="-74.016513"><ele>4</ele><time>2026-06-25T22:50:18.000Z</time><extensions><gpxtpx:TrackPointExtension><gpxtpx:hr>147</gpxtpx:hr></gpxtpx:TrackPointExtension></extensions></trkpt>
      <trkpt lat="40.718601" lon="-74.01655"><ele>4</ele><time>2026-06-25T22:50:19.000Z</time><extensions><gpxtpx:TrackPointExtension><gpxtpx:hr>147</gpxtpx:hr></gpxtpx:TrackPointExtension></extensions></trkpt>
      <trkpt lat="40.718592" lon="-74.016586"><ele>4</ele><time>2026-06-25T22:50:20.000Z</time><extensions><gpxtpx:TrackPointExtension><gpxtpx:hr>149</gpxtpx:hr></gpxtpx:TrackPointExtension></extensions></trkpt>
      <trkpt lat="40.718575" lon="-74.016621"><ele>4</ele><time>2026-06-25T22:50:21.000Z</time><extensions><gpxtpx:TrackPointExtension><gpxtpx:hr>149</gpxtpx:hr></gpxtpx:TrackPointExtension></extensions></trkpt>
      <trkpt lat="40.718551" lon="-74.01665"><ele>4</ele><time>2026-06-25T22:50:22.000Z</time><extensions><gpxtpx:TrackPointExtension><gpxtpx:hr>149</gpxtpx:hr></gpxtpx:TrackPointExtension></extensions></trkpt>
      <trkpt lat="40.718523" lon="-74.01667"><ele>4</ele><time>2026-06-25T22:50:23.000Z</time><extensions><gpxtpx:TrackPointExtension><gpxtpx:hr>149</gpxtpx:hr></gpxtpx:TrackPointExtension></extensions></trkpt>
      <trkpt lat="40.718494" lon="-74.016681"><ele>4</ele><time>2026-06-25T22:50:24.000Z</time><extensions><gpxtpx:TrackPointExtension><gpxtpx:hr>149</gpxtpx:hr></gpxtpx:TrackPointExtension></extensions></trkpt>
      <trkpt lat="40.718466" lon="-74.016685"><ele>4</ele><time>2026-06-25T22:50:25.000Z</time><extensions><gpxtpx:TrackPointExtension><gpxtpx:hr>149</gpxtpx:hr></gpxtpx:TrackPointExtension></extensions></trkpt>
      <trkpt lat="40.718439" lon="-74.016687"><ele>4</ele><time>2026-06-25T22:50:26.000Z</time><extensions><gpxtpx:TrackPointExtension><gpxtpx:hr>149</gpxtpx:hr></gpxtpx:TrackPointExtension></extensions></trkpt>
      <trkpt lat="40.718414" lon="-74.016688"><ele>4</ele><time>2026-06-25T22:50:27.000Z</time><extensions><gpxtpx:TrackPointExtension><gpxtpx:hr>151</gpxtpx:hr></gpxtpx:TrackPointExtension></extensions></trkpt>
      <trkpt lat="40.718389" lon="-74.01669"><ele>4</ele><time>2026-06-25T22:50:28.000Z</time><extensions><gpxtpx:TrackPointExtension><gpxtpx:hr>151</gpxtpx:hr></gpxtpx:TrackPointExtension></extensions></trkpt>
      <trkpt lat="40.718364" lon="-74.016692"><ele>4</ele><time>2026-06-25T22:50:29.000Z</time><extensions><gpxtpx:TrackPointExtension><gpxtpx:hr>151</gpxtpx:hr></gpxtpx:TrackPointExtension></extensions></trkpt>
      <trkpt lat="40.718339" lon="-74.016695"><ele>4</ele><time>2026-06-25T22:50:30.000Z</time><extensions><gpxtpx:TrackPointExtension><gpxtpx:hr>151</gpxtpx:hr></gpxtpx:TrackPointExtension></extensions></trkpt>
      <trkpt lat="40.718313" lon="-74.016697"><ele>3.8</ele><time>2026-06-25T22:50:31.000Z</time><extensions><gpxtpx:TrackPointExtension><gpxtpx:hr>151</gpxtpx:hr></gpxtpx:TrackPointExtension></extensions></trkpt>
      <trkpt lat="40.718286" lon="-74.016698"><ele>3.8</ele><time>2026-06-25T22:50:32.000Z</time><extensions><gpxtpx:TrackPointExtension><gpxtpx:hr>151</gpxtpx:hr></gpxtpx:TrackPointExtension></extensions></trkpt>
      <trkpt lat="40.718259" lon="-74.016699"><ele>3.8</ele><time>2026-06-25T22:50:33.000Z</time><extensions><gpxtpx:TrackPointExtension><gpxtpx:hr>154</gpxtpx:hr></gpxtpx:TrackPointExtension></extensions></trkpt>
      <trkpt lat="40.718232" lon="-74.0167"><ele>3.8</ele><time>2026-06-25T22:50:34.000Z</time><extensions><gpxtpx:TrackPointExtension><gpxtpx:hr>154</gpxtpx:hr></gpxtpx:TrackPointExtension></extensions></trkpt>
      <trkpt lat="40.718204" lon="-74.016703"><ele>3.8</ele><time>2026-06-25T22:50:35.000Z</time><extensions><gpxtpx:TrackPointExtension><gpxtpx:hr>154</gpxtpx:hr></gpxtpx:TrackPointExtension></extensions></trkpt>
      <trkpt lat="40.718176" lon="-74.016708"><ele>3.8</ele><time>2026-06-25T22:50:36.000Z</time><extensions><gpxtpx:TrackPointExtension><gpxtpx:hr>154</gpxtpx:hr></gpxtpx:TrackPointExtension></extensions></trkpt>
      <trkpt lat="40.718148" lon="-74.016715"><ele>3.8</ele><time>2026-06-25T22:50:37.000Z</time><extensions><gpxtpx:TrackPointExtension><gpxtpx:hr>154</gpxtpx:hr></gpxtpx:TrackPointExtension></extensions></trkpt>
      <trkpt lat="40.718121" lon="-74.016722"><ele>3.8</ele><time>2026-06-25T22:50:38.000Z</time><extensions><gpxtpx:TrackPointExtension><gpxtpx:hr>154</gpxtpx:hr></gpxtpx:TrackPointExtension></extensions></trkpt>
      <trkpt lat="40.718094" lon="-74.016728"><ele>3.8</ele><time>2026-06-25T22:50:39.000Z</time><extensions><gpxtpx:TrackPointExtension><gpxtpx:hr>154</gpxtpx:hr></gpxtpx:TrackPointExtension></extensions></trkpt>
      <trkpt lat="40.718066" lon="-74.016735"><ele>3.8</ele><time>2026-06-25T22:50:40.000Z</time><extensions><gpxtpx:TrackPointExtension><gpxtpx:hr>157</gpxtpx:hr></gpxtpx:TrackPointExtension></extensions></trkpt>
      <trkpt lat="40.718037" lon="-74.016743"><ele>3.8</ele><time>2026-06-25T22:50:41.000Z</time><extensions><gpxtpx:TrackPointExtension><gpxtpx:hr>157</gpxtpx:hr></gpxtpx:TrackPointExtension></extensions></trkpt>
      <trkpt lat="40.718007" lon="-74.016751"><ele>3.8</ele><time>2026-06-25T22:50:42.000Z</time><extensions><gpxtpx:TrackPointExtension><gpxtpx:hr>157</gpxtpx:hr></gpxtpx:TrackPointExtension></extensions></trkpt>
      <trkpt lat="40.717977" lon="-74.016759"><ele>3.8</ele><time>2026-06-25T22:50:43.000Z</time><extensions><gpxtpx:TrackPointExtension><gpxtpx:hr>157</gpxtpx:hr></gpxtpx:TrackPointExtension></extensions></trkpt>
      <trkpt lat="40.717947" lon="-74.016765"><ele>3.8</ele><time>2026-06-25T22:50:44.000Z</time><extensions><gpxtpx:TrackPointExtension><gpxtpx:hr>157</gpxtpx:hr></gpxtpx:TrackPointExtension></extensions></trkpt>
      <trkpt lat="40.717917" lon="-74.01677"><ele>3.8</ele><time>2026-06-25T22:50:45.000Z</time><extensions><gpxtpx:TrackPointExtension><gpxtpx:hr>157</gpxtpx:hr></gpxtpx:TrackPointExtension></extensions></trkpt>
      <trkpt lat="40.717887" lon="-74.016775"><ele>3.8</ele><time>2026-06-25T22:50:46.000Z</time><extensions><gpxtpx:TrackPointExtension><gpxtpx:hr>157</gpxtpx:hr></gpxtpx:TrackPointExtension></extensions></trkpt>
      <trkpt lat="40.717859" lon="-74.016781"><ele>3.8</ele><time>2026-06-25T22:50:47.000Z</time><extensions><gpxtpx:TrackPointExtension><gpxtpx:hr>157</gpxtpx:hr></gpxtpx:TrackPointExtension></extensions></trkpt>
      <trkpt lat="40.717832" lon="-74.016788"><ele>3.8</ele><time>2026-06-25T22:50:48.000Z</time><extensions><gpxtpx:TrackPointExtension><gpxtpx:hr>157</gpxtpx:hr></gpxtpx:TrackPointExtension></extensions></trkpt>
      <trkpt lat="40.717806" lon="-74.016795"><ele>3.8</ele><time>2026-06-25T22:50:49.000Z</time><extensions><gpxtpx:TrackPointExtension><gpxtpx:hr>157</gpxtpx:hr></gpxtpx:TrackPointExtension></extensions></trkpt>
      <trkpt lat="40.717781" lon="-74.016803"><ele>3.8</ele><time>2026-06-25T22:50:50.000Z</time><extensions><gpxtpx:TrackPointExtension><gpxtpx:hr>158</gpxtpx:hr></gpxtpx:TrackPointExtension></extensions></trkpt>
      <trkpt lat="40.717756" lon="-74.016811"><ele>3.8</ele><time>2026-06-25T22:50:51.000Z</time><extensions><gpxtpx:TrackPointExtension><gpxtpx:hr>158</gpxtpx:hr></gpxtpx:TrackPointExtension></extensions></trkpt>
      <trkpt lat="40.717731" lon="-74.016816"><ele>3.8</ele><time>2026-06-25T22:50:52.000Z</time><extensions><gpxtpx:TrackPointExtension><gpxtpx:hr>158</gpxtpx:hr></gpxtpx:TrackPointExtension></extensions></trkpt>
      <trkpt lat="40.717703" lon="-74.016821"><ele>3.8</ele><time>2026-06-25T22:50:53.000Z</time><extensions><gpxtpx:TrackPointExtension><gpxtpx:hr>158</gpxtpx:hr></gpxtpx:TrackPointExtension></extensions></trkpt>
      <trkpt lat="40.717674" lon="-74.016825"><ele>3.8</ele><time>2026-06-25T22:50:54.000Z</time><extensions><gpxtpx:TrackPointExtension><gpxtpx:hr>158</gpxtpx:hr></gpxtpx:TrackPointExtension></extensions></trkpt>
      <trkpt lat="40.717644" lon="-74.016829"><ele>3.8</ele><time>2026-06-25T22:50:55.000Z</time><extensions><gpxtpx:TrackPointExtension><gpxtpx:hr>158</gpxtpx:hr></gpxtpx:TrackPointExtension></extensions></trkpt>
      <trkpt lat="40.717612" lon="-74.016834"><ele>3.8</ele><time>2026-06-25T22:50:56.000Z</time><extensions><gpxtpx:TrackPointExtension><gpxtpx:hr>158</gpxtpx:hr></gpxtpx:TrackPointExtension></extensions></trkpt>
      <trkpt lat="40.717582" lon="-74.01684"><ele>3.8</ele><time>2026-06-25T22:50:57.000Z</time><extensions><gpxtpx:TrackPointExtension><gpxtpx:hr>158</gpxtpx:hr></gpxtpx:TrackPointExtension></extensions></trkpt>
      <trkpt lat="40.717552" lon="-74.016847"><ele>3.8</ele><time>2026-06-25T22:50:58.000Z</time><extensions><gpxtpx:TrackPointExtension><gpxtpx:hr>158</gpxtpx:hr></gpxtpx:TrackPointExtension></extensions></trkpt>
      <trkpt lat="40.717526" lon="-74.016853"><ele>3.8</ele><time>2026-06-25T22:50:59.000Z</time><extensions><gpxtpx:TrackPointExtension><gpxtpx:hr>158</gpxtpx:hr></gpxtpx:TrackPointExtension></extensions></trkpt>
      <trkpt lat="40.7175" lon="-74.016859"><ele>3.8</ele><time>2026-06-25T22:51:00.000Z</time><extensions><gpxtpx:TrackPointExtension><gpxtpx:hr>158</gpxtpx:hr></gpxtpx:TrackPointExtension></extensions></trkpt>
      <trkpt lat="40.717474" lon="-74.016862"><ele>3.8</ele><time>2026-06-25T22:51:01.000Z</time><extensions><gpxtpx:TrackPointExtension><gpxtpx:hr>157</gpxtpx:hr></gpxtpx:TrackPointExtension></extensions></trkpt>
      <trkpt lat="40.717447" lon="-74.016865"><ele>3.8</ele><time>2026-06-25T22:51:02.000Z</time><extensions><gpxtpx:TrackPointExtension><gpxtpx:hr>157</gpxtpx:hr></gpxtpx:TrackPointExtension></extensions></trkpt>
      <trkpt lat="40.717418" lon="-74.016867"><ele>3.8</ele><time>2026-06-25T22:51:03.000Z</time><extensions><gpxtpx:TrackPointExtension><gpxtpx:hr>157</gpxtpx:hr></gpxtpx:TrackPointExtension></extensions></trkpt>
      <trkpt lat="40.717388" lon="-74.01687"><ele>3.8</ele><time>2026-06-25T22:51:04.000Z</time><extensions><gpxtpx:TrackPointExtension><gpxtpx:hr>157</gpxtpx:hr></gpxtpx:TrackPointExtension></extensions></trkpt>
      <trkpt lat="40.71736" lon="-74.016873"><ele>3.8</ele><time>2026-06-25T22:51:05.000Z</time><extensions><gpxtpx:TrackPointExtension><gpxtpx:hr>157</gpxtpx:hr></gpxtpx:TrackPointExtension></extensions></trkpt>
      <trkpt lat="40.717334" lon="-74.016876"><ele>3.8</ele><time>2026-06-25T22:51:06.000Z</time><extensions><gpxtpx:TrackPointExtension><gpxtpx:hr>157</gpxtpx:hr></gpxtpx:TrackPointExtension></extensions></trkpt>
      <trkpt lat="40.717308" lon="-74.016879"><ele>3.8</ele><time>2026-06-25T22:51:07.000Z</time><extensions><gpxtpx:TrackPointExtension><gpxtpx:hr>156</gpxtpx:hr></gpxtpx:TrackPointExtension></extensions></trkpt>
      <trkpt lat="40.717283" lon="-74.016881"><ele>3.8</ele><time>2026-06-25T22:51:08.000Z</time><extensions><gpxtpx:TrackPointExtension><gpxtpx:hr>156</gpxtpx:hr></gpxtpx:TrackPointExtension></extensions></trkpt>
      <trkpt lat="40.717257" lon="-74.016881"><ele>3.8</ele><time>2026-06-25T22:51:09.000Z</time><extensions><gpxtpx:TrackPointExtension><gpxtpx:hr>156</gpxtpx:hr></gpxtpx:TrackPointExtension></extensions></trkpt>
      <trkpt lat="40.717229" lon="-74.01688"><ele>4</ele><time>2026-06-25T22:51:10.000Z</time><extensions><gpxtpx:TrackPointExtension><gpxtpx:hr>156</gpxtpx:hr></gpxtpx:TrackPointExtension></extensions></trkpt>
      <trkpt lat="40.717201" lon="-74.016879"><ele>4</ele><time>2026-06-25T22:51:11.000Z</time><extensions><gpxtpx:TrackPointExtension><gpxtpx:hr>156</gpxtpx:hr></gpxtpx:TrackPointExtension></extensions></trkpt>
      <trkpt lat="40.717174" lon="-74.016878"><ele>4</ele><time>2026-06-25T22:51:12.000Z</time><extensions><gpxtpx:TrackPointExtension><gpxtpx:hr>156</gpxtpx:hr></gpxtpx:TrackPointExtension></extensions></trkpt>
      <trkpt lat="40.717147" lon="-74.016878"><ele>4</ele><time>2026-06-25T22:51:13.000Z</time><extensions><gpxtpx:TrackPointExtension><gpxtpx:hr>158</gpxtpx:hr></gpxtpx:TrackPointExtension></extensions></trkpt>
      <trkpt lat="40.71712" lon="-74.016879"><ele>4</ele><time>2026-06-25T22:51:14.000Z</time><extensions><gpxtpx:TrackPointExtension><gpxtpx:hr>158</gpxtpx:hr></gpxtpx:TrackPointExtension></extensions></trkpt>
      <trkpt lat="40.717092" lon="-74.016884"><ele>4</ele><time>2026-06-25T22:51:15.000Z</time><extensions><gpxtpx:TrackPointExtension><gpxtpx:hr>158</gpxtpx:hr></gpxtpx:TrackPointExtension></extensions></trkpt>
      <trkpt lat="40.717065" lon="-74.01689"><ele>3.8</ele><time>2026-06-25T22:51:16.000Z</time><extensions><gpxtpx:TrackPointExtension><gpxtpx:hr>158</gpxtpx:hr></gpxtpx:TrackPointExtension></extensions></trkpt>
      <trkpt lat="40.717037" lon="-74.016898"><ele>3.8</ele><time>2026-06-25T22:51:17.000Z</time><extensions><gpxtpx:TrackPointExtension><gpxtpx:hr>158</gpxtpx:hr></gpxtpx:TrackPointExtension></extensions></trkpt>
      <trkpt lat="40.717008" lon="-74.016905"><ele>3.8</ele><time>2026-06-25T22:51:18.000Z</time><extensions><gpxtpx:TrackPointExtension><gpxtpx:hr>158</gpxtpx:hr></gpxtpx:TrackPointExtension></extensions></trkpt>
      <trkpt lat="40.71698" lon="-74.016912"><ele>3.8</ele><time>2026-06-25T22:51:19.000Z</time><extensions><gpxtpx:TrackPointExtension><gpxtpx:hr>158</gpxtpx:hr></gpxtpx:TrackPointExtension></extensions></trkpt>
      <trkpt lat="40.716952" lon="-74.016919"><ele>3.8</ele><time>2026-06-25T22:51:20.000Z</time><extensions><gpxtpx:TrackPointExtension><gpxtpx:hr>158</gpxtpx:hr></gpxtpx:TrackPointExtension></extensions></trkpt>
      <trkpt lat="40.716924" lon="-74.016928"><ele>3.8</ele><time>2026-06-25T22:51:21.000Z</time><extensions><gpxtpx:TrackPointExtension><gpxtpx:hr>159</gpxtpx:hr></gpxtpx:TrackPointExtension></extensions></trkpt>
      <trkpt lat="40.716897" lon="-74.016937"><ele>3.6</ele><time>2026-06-25T22:51:22.000Z</time><extensions><gpxtpx:TrackPointExtension><gpxtpx:hr>159</gpxtpx:hr></gpxtpx:TrackPointExtension></extensions></trkpt>
      <trkpt lat="40.71687" lon="-74.016948"><ele>3.6</ele><time>2026-06-25T22:51:23.000Z</time><extensions><gpxtpx:TrackPointExtension><gpxtpx:hr>159</gpxtpx:hr></gpxtpx:TrackPointExtension></extensions></trkpt>
      <trkpt lat="40.716844" lon="-74.01696"><ele>3.6</ele><time>2026-06-25T22:51:24.000Z</time><extensions><gpxtpx:TrackPointExtension><gpxtpx:hr>159</gpxtpx:hr></gpxtpx:TrackPointExtension></extensions></trkpt>
      <trkpt lat="40.716817" lon="-74.016973"><ele>3.6</ele><time>2026-06-25T22:51:25.000Z</time><extensions><gpxtpx:TrackPointExtension><gpxtpx:hr>159</gpxtpx:hr></gpxtpx:TrackPointExtension></extensions></trkpt>
      <trkpt lat="40.716789" lon="-74.016984"><ele>3.6</ele><time>2026-06-25T22:51:26.000Z</time><extensions><gpxtpx:TrackPointExtension><gpxtpx:hr>159</gpxtpx:hr></gpxtpx:TrackPointExtension></extensions></trkpt>
      <trkpt lat="40.716761" lon="-74.016992"><ele>3.6</ele><time>2026-06-25T22:51:27.000Z</time><extensions><gpxtpx:TrackPointExtension><gpxtpx:hr>160</gpxtpx:hr></gpxtpx:TrackPointExtension></extensions></trkpt>
      <trkpt lat="40.716735" lon="-74.016999"><ele>3.6</ele><time>2026-06-25T22:51:28.000Z</time><extensions><gpxtpx:TrackPointExtension><gpxtpx:hr>160</gpxtpx:hr></gpxtpx:TrackPointExtension></extensions></trkpt>
      <trkpt lat="40.716708" lon="-74.017005"><ele>3.6</ele><time>2026-06-25T22:51:29.000Z</time><extensions><gpxtpx:TrackPointExtension><gpxtpx:hr>160</gpxtpx:hr></gpxtpx:TrackPointExtension></extensions></trkpt>
      <trkpt lat="40.71668" lon="-74.017011"><ele>3.6</ele><time>2026-06-25T22:51:30.000Z</time><extensions><gpxtpx:TrackPointExtension><gpxtpx:hr>160</gpxtpx:hr></gpxtpx:TrackPointExtension></extensions></trkpt>
      <trkpt lat="40.716653" lon="-74.017018"><ele>3.6</ele><time>2026-06-25T22:51:31.000Z</time><extensions><gpxtpx:TrackPointExtension><gpxtpx:hr>160</gpxtpx:hr></gpxtpx:TrackPointExtension></extensions></trkpt>
      <trkpt lat="40.716625" lon="-74.017024"><ele>3.6</ele><time>2026-06-25T22:51:32.000Z</time><extensions><gpxtpx:TrackPointExtension><gpxtpx:hr>160</gpxtpx:hr></gpxtpx:TrackPointExtension></extensions></trkpt>
      <trkpt lat="40.716598" lon="-74.01703"><ele>3.8</ele><time>2026-06-25T22:51:33.000Z</time><extensions><gpxtpx:TrackPointExtension><gpxtpx:hr>160</gpxtpx:hr></gpxtpx:TrackPointExtension></extensions></trkpt>
      <trkpt lat="40.716571" lon="-74.017036"><ele>3.8</ele><time>2026-06-25T22:51:34.000Z</time><extensions><gpxtpx:TrackPointExtension><gpxtpx:hr>160</gpxtpx:hr></gpxtpx:TrackPointExtension></extensions></trkpt>
      <trkpt lat="40.716544" lon="-74.017042"><ele>3.8</ele><time>2026-06-25T22:51:35.000Z</time><extensions><gpxtpx:TrackPointExtension><gpxtpx:hr>160</gpxtpx:hr></gpxtpx:TrackPointExtension></extensions></trkpt>
      <trkpt lat="40.716519" lon="-74.017048"><ele>3.8</ele><time>2026-06-25T22:51:36.000Z</time><extensions><gpxtpx:TrackPointExtension><gpxtpx:hr>161</gpxtpx:hr></gpxtpx:TrackPointExtension></extensions></trkpt>
      <trkpt lat="40.716495" lon="-74.017053"><ele>4</ele><time>2026-06-25T22:51:37.000Z</time><extensions><gpxtpx:TrackPointExtension><gpxtpx:hr>161</gpxtpx:hr></gpxtpx:TrackPointExtension></extensions></trkpt>
      <trkpt lat="40.716472" lon="-74.017058"><ele>4</ele><time>2026-06-25T22:51:38.000Z</time><extensions><gpxtpx:TrackPointExtension><gpxtpx:hr>161</gpxtpx:hr></gpxtpx:TrackPointExtension></extensions></trkpt>
      <trkpt lat="40.71645" lon="-74.017062"><ele>4</ele><time>2026-06-25T22:51:39.000Z</time><extensions><gpxtpx:TrackPointExtension><gpxtpx:hr>161</gpxtpx:hr></gpxtpx:TrackPointExtension></extensions></trkpt>
      <trkpt lat="40.716427" lon="-74.017067"><ele>4</ele><time>2026-06-25T22:51:40.000Z</time><extensions><gpxtpx:TrackPointExtension><gpxtpx:hr>161</gpxtpx:hr></gpxtpx:TrackPointExtension></extensions></trkpt>
      <trkpt lat="40.716402" lon="-74.017072"><ele>4.2</ele><time>2026-06-25T22:51:41.000Z</time><extensions><gpxtpx:TrackPointExtension><gpxtpx:hr>161</gpxtpx:hr></gpxtpx:TrackPointExtension></extensions></trkpt>
      <trkpt lat="40.716376" lon="-74.017076"><ele>4.2</ele><time>2026-06-25T22:51:42.000Z</time><extensions><gpxtpx:TrackPointExtension><gpxtpx:hr>160</gpxtpx:hr></gpxtpx:TrackPointExtension></extensions></trkpt>
      <trkpt lat="40.71635" lon="-74.017081"><ele>4.2</ele><time>2026-06-25T22:51:43.000Z</time><extensions><gpxtpx:TrackPointExtension><gpxtpx:hr>160</gpxtpx:hr></gpxtpx:TrackPointExtension></extensions></trkpt>
      <trkpt lat="40.716323" lon="-74.017086"><ele>4.2</ele><time>2026-06-25T22:51:44.000Z</time><extensions><gpxtpx:TrackPointExtension><gpxtpx:hr>160</gpxtpx:hr></gpxtpx:TrackPointExtension></extensions></trkpt>
      <trkpt lat="40.716297" lon="-74.017091"><ele>4.2</ele><time>2026-06-25T22:51:45.000Z</time><extensions><gpxtpx:TrackPointExtension><gpxtpx:hr>160</gpxtpx:hr></gpxtpx:TrackPointExtension></extensions></trkpt>
      <trkpt lat="40.71627" lon="-74.017096"><ele>4.2</ele><time>2026-06-25T22:51:46.000Z</time><extensions><gpxtpx:TrackPointExtension><gpxtpx:hr>160</gpxtpx:hr></gpxtpx:TrackPointExtension></extensions></trkpt>
      <trkpt lat="40.716244" lon="-74.017101"><ele>4.2</ele><time>2026-06-25T22:51:47.000Z</time><extensions><gpxtpx:TrackPointExtension><gpxtpx:hr>161</gpxtpx:hr></gpxtpx:TrackPointExtension></extensions></trkpt>
      <trkpt lat="40.716218" lon="-74.017106"><ele>4.2</ele><time>2026-06-25T22:51:48.000Z</time><extensions><gpxtpx:TrackPointExtension><gpxtpx:hr>161</gpxtpx:hr></gpxtpx:TrackPointExtension></extensions></trkpt>
      <trkpt lat="40.716191" lon="-74.017111"><ele>4.2</ele><time>2026-06-25T22:51:49.000Z</time><extensions><gpxtpx:TrackPointExtension><gpxtpx:hr>161</gpxtpx:hr></gpxtpx:TrackPointExtension></extensions></trkpt>
      <trkpt lat="40.716165" lon="-74.017117"><ele>4.2</ele><time>2026-06-25T22:51:50.000Z</time><extensions><gpxtpx:TrackPointExtension><gpxtpx:hr>161</gpxtpx:hr></gpxtpx:TrackPointExtension></extensions></trkpt>
      <trkpt lat="40.716139" lon="-74.017122"><ele>4.2</ele><time>2026-06-25T22:51:51.000Z</time><extensions><gpxtpx:TrackPointExtension><gpxtpx:hr>161</gpxtpx:hr></gpxtpx:TrackPointExtension></extensions></trkpt>
      <trkpt lat="40.716114" lon="-74.017127"><ele>4.2</ele><time>2026-06-25T22:51:52.000Z</time><extensions><gpxtpx:TrackPointExtension><gpxtpx:hr>161</gpxtpx:hr></gpxtpx:TrackPointExtension></extensions></trkpt>
      <trkpt lat="40.716088" lon="-74.017132"><ele>4.2</ele><time>2026-06-25T22:51:53.000Z</time><extensions><gpxtpx:TrackPointExtension><gpxtpx:hr>161</gpxtpx:hr></gpxtpx:TrackPointExtension></extensions></trkpt>
      <trkpt lat="40.716062" lon="-74.017138"><ele>4.2</ele><time>2026-06-25T22:51:54.000Z</time><extensions><gpxtpx:TrackPointExtension><gpxtpx:hr>161</gpxtpx:hr></gpxtpx:TrackPointExtension></extensions></trkpt>
      <trkpt lat="40.716033" lon="-74.017143"><ele>4.2</ele><time>2026-06-25T22:51:55.000Z</time><extensions><gpxtpx:TrackPointExtension><gpxtpx:hr>161</gpxtpx:hr></gpxtpx:TrackPointExtension></extensions></trkpt>
      <trkpt lat="40.716005" lon="-74.017149"><ele>4.2</ele><time>2026-06-25T22:51:56.000Z</time><extensions><gpxtpx:TrackPointExtension><gpxtpx:hr>161</gpxtpx:hr></gpxtpx:TrackPointExtension></extensions></trkpt>
      <trkpt lat="40.715977" lon="-74.017154"><ele>4.2</ele><time>2026-06-25T22:51:57.000Z</time><extensions><gpxtpx:TrackPointExtension><gpxtpx:hr>161</gpxtpx:hr></gpxtpx:TrackPointExtension></extensions></trkpt>
      <trkpt lat="40.71595" lon="-74.017159"><ele>4.2</ele><time>2026-06-25T22:51:58.000Z</time><extensions><gpxtpx:TrackPointExtension><gpxtpx:hr>161</gpxtpx:hr></gpxtpx:TrackPointExtension></extensions></trkpt>
      <trkpt lat="40.715924" lon="-74.017163"><ele>4.2</ele><time>2026-06-25T22:51:59.000Z</time><extensions><gpxtpx:TrackPointExtension><gpxtpx:hr>161</gpxtpx:hr></gpxtpx:TrackPointExtension></extensions></trkpt>
      <trkpt lat="40.715897" lon="-74.017168"><ele>4.2</ele><time>2026-06-25T22:52:00.000Z</time><extensions><gpxtpx:TrackPointExtension><gpxtpx:hr>161</gpxtpx:hr></gpxtpx:TrackPointExtension></extensions></trkpt>
      <trkpt lat="40.71587" lon="-74.017173"><ele>4.2</ele><time>2026-06-25T22:52:01.000Z</time><extensions><gpxtpx:TrackPointExtension><gpxtpx:hr>161</gpxtpx:hr></gpxtpx:TrackPointExtension></extensions></trkpt>
      <trkpt lat="40.715843" lon="-74.017177"><ele>4.2</ele><time>2026-06-25T22:52:02.000Z</time><extensions><gpxtpx:TrackPointExtension><gpxtpx:hr>161</gpxtpx:hr></gpxtpx:TrackPointExtension></extensions></trkpt>
      <trkpt lat="40.715816" lon="-74.017182"><ele>4.2</ele><time>2026-06-25T22:52:03.000Z</time><extensions><gpxtpx:TrackPointExtension><gpxtpx:hr>160</gpxtpx:hr></gpxtpx:TrackPointExtension></extensions></trkpt>
      <trkpt lat="40.715789" lon="-74.017186"><ele>4.2</ele><time>2026-06-25T22:52:04.000Z</time><extensions><gpxtpx:TrackPointExtension><gpxtpx:hr>160</gpxtpx:hr></gpxtpx:TrackPointExtension></extensions></trkpt>
      <trkpt lat="40.715763" lon="-74.017191"><ele>4</ele><time>2026-06-25T22:52:05.000Z</time><extensions><gpxtpx:TrackPointExtension><gpxtpx:hr>160</gpxtpx:hr></gpxtpx:TrackPointExtension></extensions></trkpt>
      <trkpt lat="40.715736" lon="-74.017196"><ele>3.8</ele><time>2026-06-25T22:52:06.000Z</time><extensions><gpxtpx:TrackPointExtension><gpxtpx:hr>160</gpxtpx:hr></gpxtpx:TrackPointExtension></extensions></trkpt>
      <trkpt lat="40.715708" lon="-74.017201"><ele>3.6</ele><time>2026-06-25T22:52:07.000Z</time><extensions><gpxtpx:TrackPointExtension><gpxtpx:hr>160</gpxtpx:hr></gpxtpx:TrackPointExtension></extensions></trkpt>
      <trkpt lat="40.71568" lon="-74.017206"><ele>3.4</ele><time>2026-06-25T22:52:08.000Z</time><extensions><gpxtpx:TrackPointExtension><gpxtpx:hr>160</gpxtpx:hr></gpxtpx:TrackPointExtension></extensions></trkpt>
      <trkpt lat="40.715652" lon="-74.017211"><ele>3.2</ele><time>2026-06-25T22:52:09.000Z</time><extensions><gpxtpx:TrackPointExtension><gpxtpx:hr>160</gpxtpx:hr></gpxtpx:TrackPointExtension></extensions></trkpt>
      <trkpt lat="40.715625" lon="-74.017216"><ele>2.8</ele><time>2026-06-25T22:52:10.000Z</time><extensions><gpxtpx:TrackPointExtension><gpxtpx:hr>160</gpxtpx:hr></gpxtpx:TrackPointExtension></extensions></trkpt>
      <trkpt lat="40.715598" lon="-74.017221"><ele>2.6</ele><time>2026-06-25T22:52:11.000Z</time><extensions><gpxtpx:TrackPointExtension><gpxtpx:hr>161</gpxtpx:hr></gpxtpx:TrackPointExtension></extensions></trkpt>
      <trkpt lat="40.71557" lon="-74.017226"><ele>2.4</ele><time>2026-06-25T22:52:12.000Z</time><extensions><gpxtpx:TrackPointExtension><gpxtpx:hr>161</gpxtpx:hr></gpxtpx:TrackPointExtension></extensions></trkpt>
      <trkpt lat="40.715543" lon="-74.017232"><ele>2.4</ele><time>2026-06-25T22:52:13.000Z</time><extensions><gpxtpx:TrackPointExtension><gpxtpx:hr>161</gpxtpx:hr></gpxtpx:TrackPointExtension></extensions></trkpt>
      <trkpt lat="40.715515" lon="-74.017237"><ele>2.2</ele><time>2026-06-25T22:52:14.000Z</time><extensions><gpxtpx:TrackPointExtension><gpxtpx:hr>160</gpxtpx:hr></gpxtpx:TrackPointExtension></extensions></trkpt>
      <trkpt lat="40.715487" lon="-74.017242"><ele>2</ele><time>2026-06-25T22:52:15.000Z</time><extensions><gpxtpx:TrackPointExtension><gpxtpx:hr>160</gpxtpx:hr></gpxtpx:TrackPointExtension></extensions></trkpt>
      <trkpt lat="40.71546" lon="-74.017247"><ele>2</ele><time>2026-06-25T22:52:16.000Z</time><extensions><gpxtpx:TrackPointExtension><gpxtpx:hr>160</gpxtpx:hr></gpxtpx:TrackPointExtension></extensions></trkpt>
      <trkpt lat="40.715433" lon="-74.017252"><ele>2</ele><time>2026-06-25T22:52:17.000Z</time><extensions><gpxtpx:TrackPointExtension><gpxtpx:hr>160</gpxtpx:hr></gpxtpx:TrackPointExtension></extensions></trkpt>
      <trkpt lat="40.715407" lon="-74.017257"><ele>2</ele><time>2026-06-25T22:52:18.000Z</time><extensions><gpxtpx:TrackPointExtension><gpxtpx:hr>160</gpxtpx:hr></gpxtpx:TrackPointExtension></extensions></trkpt>
      <trkpt lat="40.715382" lon="-74.017262"><ele>1.8</ele><time>2026-06-25T22:52:19.000Z</time><extensions><gpxtpx:TrackPointExtension><gpxtpx:hr>159</gpxtpx:hr></gpxtpx:TrackPointExtension></extensions></trkpt>
      <trkpt lat="40.715355" lon="-74.017267"><ele>1.8</ele><time>2026-06-25T22:52:20.000Z</time><extensions><gpxtpx:TrackPointExtension><gpxtpx:hr>159</gpxtpx:hr></gpxtpx:TrackPointExtension></extensions></trkpt>
      <trkpt lat="40.715328" lon="-74.017272"><ele>1.8</ele><time>2026-06-25T22:52:21.000Z</time><extensions><gpxtpx:TrackPointExtension><gpxtpx:hr>159</gpxtpx:hr></gpxtpx:TrackPointExtension></extensions></trkpt>
      <trkpt lat="40.715302" lon="-74.017277"><ele>1.8</ele><time>2026-06-25T22:52:22.000Z</time><extensions><gpxtpx:TrackPointExtension><gpxtpx:hr>159</gpxtpx:hr></gpxtpx:TrackPointExtension></extensions></trkpt>
      <trkpt lat="40.715276" lon="-74.017282"><ele>1.8</ele><time>2026-06-25T22:52:23.000Z</time><extensions><gpxtpx:TrackPointExtension><gpxtpx:hr>160</gpxtpx:hr></gpxtpx:TrackPointExtension></extensions></trkpt>
      <trkpt lat="40.715249" lon="-74.017287"><ele>1.6</ele><time>2026-06-25T22:52:24.000Z</time><extensions><gpxtpx:TrackPointExtension><gpxtpx:hr>160</gpxtpx:hr></gpxtpx:TrackPointExtension></extensions></trkpt>
      <trkpt lat="40.715221" lon="-74.017291"><ele>1.6</ele><time>2026-06-25T22:52:25.000Z</time><extensions><gpxtpx:TrackPointExtension><gpxtpx:hr>160</gpxtpx:hr></gpxtpx:TrackPointExtension></extensions></trkpt>
      <trkpt lat="40.715193" lon="-74.017294"><ele>1.6</ele><time>2026-06-25T22:52:26.000Z</time><extensions><gpxtpx:TrackPointExtension><gpxtpx:hr>160</gpxtpx:hr></gpxtpx:TrackPointExtension></extensions></trkpt>
      <trkpt lat="40.715167" lon="-74.017297"><ele>1.4</ele><time>2026-06-25T22:52:27.000Z</time><extensions><gpxtpx:TrackPointExtension><gpxtpx:hr>160</gpxtpx:hr></gpxtpx:TrackPointExtension></extensions></trkpt>
      <trkpt lat="40.715141" lon="-74.017299"><ele>1.4</ele><time>2026-06-25T22:52:28.000Z</time><extensions><gpxtpx:TrackPointExtension><gpxtpx:hr>160</gpxtpx:hr></gpxtpx:TrackPointExtension></extensions></trkpt>
      <trkpt lat="40.715116" lon="-74.017301"><ele>1.4</ele><time>2026-06-25T22:52:29.000Z</time><extensions><gpxtpx:TrackPointExtension><gpxtpx:hr>160</gpxtpx:hr></gpxtpx:TrackPointExtension></extensions></trkpt>
      <trkpt lat="40.715091" lon="-74.017303"><ele>1.2</ele><time>2026-06-25T22:52:30.000Z</time><extensions><gpxtpx:TrackPointExtension><gpxtpx:hr>161</gpxtpx:hr></gpxtpx:TrackPointExtension></extensions></trkpt>
      <trkpt lat="40.715067" lon="-74.017305"><ele>1.2</ele><time>2026-06-25T22:52:31.000Z</time><extensions><gpxtpx:TrackPointExtension><gpxtpx:hr>161</gpxtpx:hr></gpxtpx:TrackPointExtension></extensions></trkpt>
      <trkpt lat="40.715044" lon="-74.017307"><ele>1.2</ele><time>2026-06-25T22:52:32.000Z</time><extensions><gpxtpx:TrackPointExtension><gpxtpx:hr>161</gpxtpx:hr></gpxtpx:TrackPointExtension></extensions></trkpt>
      <trkpt lat="40.715022" lon="-74.01731"><ele>1.2</ele><time>2026-06-25T22:52:33.000Z</time><extensions><gpxtpx:TrackPointExtension><gpxtpx:hr>161</gpxtpx:hr></gpxtpx:TrackPointExtension></extensions></trkpt>
      <trkpt lat="40.714999" lon="-74.017313"><ele>1.4</ele><time>2026-06-25T22:52:34.000Z</time><extensions><gpxtpx:TrackPointExtension><gpxtpx:hr>161</gpxtpx:hr></gpxtpx:TrackPointExtension></extensions></trkpt>
      <trkpt lat="40.714976" lon="-74.017319"><ele>1.6</ele><time>2026-06-25T22:52:35.000Z</time><extensions><gpxtpx:TrackPointExtension><gpxtpx:hr>161</gpxtpx:hr></gpxtpx:TrackPointExtension></extensions></trkpt>
      <trkpt lat="40.714952" lon="-74.017328"><ele>1.6</ele><time>2026-06-25T22:52:36.000Z</time><extensions><gpxtpx:TrackPointExtension><gpxtpx:hr>161</gpxtpx:hr></gpxtpx:TrackPointExtension></extensions></trkpt>
      <trkpt lat="40.714929" lon="-74.017338"><ele>1.8</ele><time>2026-06-25T22:52:37.000Z</time><extensions><gpxtpx:TrackPointExtension><gpxtpx:hr>161</gpxtpx:hr></gpxtpx:TrackPointExtension></extensions></trkpt>
      <trkpt lat="40.714904" lon="-74.017348"><ele>1.8</ele><time>2026-06-25T22:52:38.000Z</time><extensions><gpxtpx:TrackPointExtension><gpxtpx:hr>161</gpxtpx:hr></gpxtpx:TrackPointExtension></extensions></trkpt>
      <trkpt lat="40.714878" lon="-74.017356"><ele>2</ele><time>2026-06-25T22:52:39.000Z</time><extensions><gpxtpx:TrackPointExtension><gpxtpx:hr>161</gpxtpx:hr></gpxtpx:TrackPointExtension></extensions></trkpt>
      <trkpt lat="40.71485" lon="-74.017361"><ele>2</ele><time>2026-06-25T22:52:40.000Z</time><extensions><gpxtpx:TrackPointExtension><gpxtpx:hr>161</gpxtpx:hr></gpxtpx:TrackPointExtension></extensions></trkpt>
      <trkpt lat="40.714823" lon="-74.017364"><ele>1.8</ele><time>2026-06-25T22:52:41.000Z</time><extensions><gpxtpx:TrackPointExtension><gpxtpx:hr>161</gpxtpx:hr></gpxtpx:TrackPointExtension></extensions></trkpt>
      <trkpt lat="40.714797" lon="-74.017368"><ele>1.6</ele><time>2026-06-25T22:52:42.000Z</time><extensions><gpxtpx:TrackPointExtension><gpxtpx:hr>161</gpxtpx:hr></gpxtpx:TrackPointExtension></extensions></trkpt>
      <trkpt lat="40.71477" lon="-74.017371"><ele>1.2</ele><time>2026-06-25T22:52:43.000Z</time><extensions><gpxtpx:TrackPointExtension><gpxtpx:hr>161</gpxtpx:hr></gpxtpx:TrackPointExtension></extensions></trkpt>
      <trkpt lat="40.714743" lon="-74.017375"><ele>0.8</ele><time>2026-06-25T22:52:44.000Z</time><extensions><gpxtpx:TrackPointExtension><gpxtpx:hr>161</gpxtpx:hr></gpxtpx:TrackPointExtension></extensions></trkpt>
      <trkpt lat="40.714715" lon="-74.017379"><ele>0.4</ele><time>2026-06-25T22:52:45.000Z</time><extensions><gpxtpx:TrackPointExtension><gpxtpx:hr>161</gpxtpx:hr></gpxtpx:TrackPointExtension></extensions></trkpt>
      <trkpt lat="40.714688" lon="-74.017383"><ele>0</ele><time>2026-06-25T22:52:46.000Z</time><extensions><gpxtpx:TrackPointExtension><gpxtpx:hr>161</gpxtpx:hr></gpxtpx:TrackPointExtension></extensions></trkpt>
      <trkpt lat="40.714661" lon="-74.017387"><ele>-0.6</ele><time>2026-06-25T22:52:47.000Z</time><extensions><gpxtpx:TrackPointExtension><gpxtpx:hr>162</gpxtpx:hr></gpxtpx:TrackPointExtension></extensions></trkpt>
      <trkpt lat="40.714637" lon="-74.017391"><ele>-1.2</ele><time>2026-06-25T22:52:48.000Z</time><extensions><gpxtpx:TrackPointExtension><gpxtpx:hr>162</gpxtpx:hr></gpxtpx:TrackPointExtension></extensions></trkpt>
      <trkpt lat="40.714613" lon="-74.017395"><ele>-1.8</ele><time>2026-06-25T22:52:49.000Z</time><extensions><gpxtpx:TrackPointExtension><gpxtpx:hr>162</gpxtpx:hr></gpxtpx:TrackPointExtension></extensions></trkpt>
      <trkpt lat="40.714591" lon="-74.017399"><ele>-2.4</ele><time>2026-06-25T22:52:50.000Z</time><extensions><gpxtpx:TrackPointExtension><gpxtpx:hr>162</gpxtpx:hr></gpxtpx:TrackPointExtension></extensions></trkpt>
      <trkpt lat="40.714409" lon="-74.017284"><ele>6.2</ele><time>2026-06-25T22:54:11.000Z</time><extensions><gpxtpx:TrackPointExtension><gpxtpx:hr>162</gpxtpx:hr></gpxtpx:TrackPointExtension></extensions></trkpt>
      <trkpt lat="40.714403" lon="-74.017286"><ele>5.8</ele><time>2026-06-25T22:54:12.000Z</time><extensions><gpxtpx:TrackPointExtension><gpxtpx:hr>162</gpxtpx:hr></gpxtpx:TrackPointExtension></extensions></trkpt>
      <trkpt lat="40.714396" lon="-74.017288"><ele>5.2</ele><time>2026-06-25T22:54:13.000Z</time><extensions><gpxtpx:TrackPointExtension><gpxtpx:hr>162</gpxtpx:hr></gpxtpx:TrackPointExtension></extensions></trkpt>
      <trkpt lat="40.714389" lon="-74.017291"><ele>4.8</ele><time>2026-06-25T22:54:14.000Z</time><extensions><gpxtpx:TrackPointExtension><gpxtpx:hr>162</gpxtpx:hr></gpxtpx:TrackPointExtension></extensions></trkpt>
      <trkpt lat="40.714379" lon="-74.017295"><ele>4.4</ele><time>2026-06-25T22:54:15.000Z</time><extensions><gpxtpx:TrackPointExtension><gpxtpx:hr>130</gpxtpx:hr></gpxtpx:TrackPointExtension></extensions></trkpt>
      <trkpt lat="40.714367" lon="-74.017298"><ele>4.2</ele><time>2026-06-25T22:54:16.000Z</time><extensions><gpxtpx:TrackPointExtension><gpxtpx:hr>130</gpxtpx:hr></gpxtpx:TrackPointExtension></extensions></trkpt>
      <trkpt lat="40.71435" lon="-74.017302"><ele>4</ele><time>2026-06-25T22:54:17.000Z</time><extensions><gpxtpx:TrackPointExtension><gpxtpx:hr>130</gpxtpx:hr></gpxtpx:TrackPointExtension></extensions></trkpt>
      <trkpt lat="40.714329" lon="-74.017306"><ele>3.8</ele><time>2026-06-25T22:54:18.000Z</time><extensions><gpxtpx:TrackPointExtension><gpxtpx:hr>130</gpxtpx:hr></gpxtpx:TrackPointExtension></extensions></trkpt>
      <trkpt lat="40.714308" lon="-74.017309"><ele>3.6</ele><time>2026-06-25T22:54:19.000Z</time><extensions><gpxtpx:TrackPointExtension><gpxtpx:hr>130</gpxtpx:hr></gpxtpx:TrackPointExtension></extensions></trkpt>
      <trkpt lat="40.714286" lon="-74.017312"><ele>3.6</ele><time>2026-06-25T22:54:20.000Z</time><extensions><gpxtpx:TrackPointExtension><gpxtpx:hr>130</gpxtpx:hr></gpxtpx:TrackPointExtension></extensions></trkpt>
      <trkpt lat="40.714264" lon="-74.017313"><ele>3.4</ele><time>2026-06-25T22:54:21.000Z</time><extensions><gpxtpx:TrackPointExtension><gpxtpx:hr>130</gpxtpx:hr></gpxtpx:TrackPointExtension></extensions></trkpt>
      <trkpt lat="40.714242" lon="-74.017315"><ele>3.4</ele><time>2026-06-25T22:54:22.000Z</time><extensions><gpxtpx:TrackPointExtension><gpxtpx:hr>130</gpxtpx:hr></gpxtpx:TrackPointExtension></extensions></trkpt>
      <trkpt lat="40.71422" lon="-74.017316"><ele>3.6</ele><time>2026-06-25T22:54:23.000Z</time><extensions><gpxtpx:TrackPointExtension><gpxtpx:hr>130</gpxtpx:hr></gpxtpx:TrackPointExtension></extensions></trkpt>
      <trkpt lat="40.714199" lon="-74.017313"><ele>3.6</ele><time>2026-06-25T22:54:24.000Z</time><extensions><gpxtpx:TrackPointExtension><gpxtpx:hr>130</gpxtpx:hr></gpxtpx:TrackPointExtension></extensions></trkpt>
      <trkpt lat="40.714179" lon="-74.017305"><ele>3.6</ele><time>2026-06-25T22:54:25.000Z</time><extensions><gpxtpx:TrackPointExtension><gpxtpx:hr>130</gpxtpx:hr></gpxtpx:TrackPointExtension></extensions></trkpt>
      <trkpt lat="40.71416" lon="-74.017294"><ele>3.6</ele><time>2026-06-25T22:54:26.000Z</time><extensions><gpxtpx:TrackPointExtension><gpxtpx:hr>130</gpxtpx:hr></gpxtpx:TrackPointExtension></extensions></trkpt>
      <trkpt lat="40.714142" lon="-74.01728"><ele>3.8</ele><time>2026-06-25T22:54:27.000Z</time><extensions><gpxtpx:TrackPointExtension><gpxtpx:hr>126</gpxtpx:hr></gpxtpx:TrackPointExtension></extensions></trkpt>
      <trkpt lat="40.714125" lon="-74.017265"><ele>3.8</ele><time>2026-06-25T22:54:28.000Z</time><extensions><gpxtpx:TrackPointExtension><gpxtpx:hr>126</gpxtpx:hr></gpxtpx:TrackPointExtension></extensions></trkpt>
      <trkpt lat="40.714107" lon="-74.017248"><ele>4</ele><time>2026-06-25T22:54:29.000Z</time><extensions><gpxtpx:TrackPointExtension><gpxtpx:hr>126</gpxtpx:hr></gpxtpx:TrackPointExtension></extensions></trkpt>
      <trkpt lat="40.714091" lon="-74.017228"><ele>4</ele><time>2026-06-25T22:54:30.000Z</time><extensions><gpxtpx:TrackPointExtension><gpxtpx:hr>126</gpxtpx:hr></gpxtpx:TrackPointExtension></extensions></trkpt>
      <trkpt lat="40.714077" lon="-74.017205"><ele>4.2</ele><time>2026-06-25T22:54:31.000Z</time><extensions><gpxtpx:TrackPointExtension><gpxtpx:hr>126</gpxtpx:hr></gpxtpx:TrackPointExtension></extensions></trkpt>
      <trkpt lat="40.714065" lon="-74.017178"><ele>4.2</ele><time>2026-06-25T22:54:32.000Z</time><extensions><gpxtpx:TrackPointExtension><gpxtpx:hr>126</gpxtpx:hr></gpxtpx:TrackPointExtension></extensions></trkpt>
      <trkpt lat="40.714054" lon="-74.01715"><ele>4.4</ele><time>2026-06-25T22:54:33.000Z</time><extensions><gpxtpx:TrackPointExtension><gpxtpx:hr>126</gpxtpx:hr></gpxtpx:TrackPointExtension></extensions></trkpt>
      <trkpt lat="40.714043" lon="-74.01712"><ele>4.4</ele><time>2026-06-25T22:54:34.000Z</time><extensions><gpxtpx:TrackPointExtension><gpxtpx:hr>126</gpxtpx:hr></gpxtpx:TrackPointExtension></extensions></trkpt>
      <trkpt lat="40.714035" lon="-74.017091"><ele>4.4</ele><time>2026-06-25T22:54:35.000Z</time><extensions><gpxtpx:TrackPointExtension><gpxtpx:hr>126</gpxtpx:hr></gpxtpx:TrackPointExtension></extensions></trkpt>
      <trkpt lat="40.714028" lon="-74.017062"><ele>4.4</ele><time>2026-06-25T22:54:36.000Z</time><extensions><gpxtpx:TrackPointExtension><gpxtpx:hr>133</gpxtpx:hr></gpxtpx:TrackPointExtension></extensions></trkpt>
      <trkpt lat="40.71402" lon="-74.017032"><ele>4.6</ele><time>2026-06-25T22:54:37.000Z</time><extensions><gpxtpx:TrackPointExtension><gpxtpx:hr>133</gpxtpx:hr></gpxtpx:TrackPointExtension></extensions></trkpt>
      <trkpt lat="40.714013" lon="-74.017002"><ele>4.6</ele><time>2026-06-25T22:54:38.000Z</time><extensions><gpxtpx:TrackPointExtension><gpxtpx:hr>133</gpxtpx:hr></gpxtpx:TrackPointExtension></extensions></trkpt>
      <trkpt lat="40.714005" lon="-74.016971"><ele>4.6</ele><time>2026-06-25T22:54:39.000Z</time><extensions><gpxtpx:TrackPointExtension><gpxtpx:hr>133</gpxtpx:hr></gpxtpx:TrackPointExtension></extensions></trkpt>
      <trkpt lat="40.713997" lon="-74.01694"><ele>4.6</ele><time>2026-06-25T22:54:40.000Z</time><extensions><gpxtpx:TrackPointExtension><gpxtpx:hr>133</gpxtpx:hr></gpxtpx:TrackPointExtension></extensions></trkpt>
      <trkpt lat="40.713991" lon="-74.016908"><ele>4.6</ele><time>2026-06-25T22:54:41.000Z</time><extensions><gpxtpx:TrackPointExtension><gpxtpx:hr>133</gpxtpx:hr></gpxtpx:TrackPointExtension></extensions></trkpt>
      <trkpt lat="40.713985" lon="-74.016875"><ele>4.6</ele><time>2026-06-25T22:54:42.000Z</time><extensions><gpxtpx:TrackPointExtension><gpxtpx:hr>138</gpxtpx:hr></gpxtpx:TrackPointExtension></extensions></trkpt>
      <trkpt lat="40.713979" lon="-74.016841"><ele>4.8</ele><time>2026-06-25T22:54:43.000Z</time><extensions><gpxtpx:TrackPointExtension><gpxtpx:hr>138</gpxtpx:hr></gpxtpx:TrackPointExtension></extensions></trkpt>
      <trkpt lat="40.713974" lon="-74.016808"><ele>4.8</ele><time>2026-06-25T22:54:44.000Z</time><extensions><gpxtpx:TrackPointExtension><gpxtpx:hr>138</gpxtpx:hr></gpxtpx:TrackPointExtension></extensions></trkpt>
      <trkpt lat="40.713974" lon="-74.016782"><ele>4.8</ele><time>2026-06-25T22:54:45.000Z</time><extensions><gpxtpx:TrackPointExtension><gpxtpx:hr>138</gpxtpx:hr></gpxtpx:TrackPointExtension></extensions></trkpt>
      <trkpt lat="40.713974" lon="-74.016763"><ele>4.8</ele><time>2026-06-25T22:54:46.000Z</time><extensions><gpxtpx:TrackPointExtension><gpxtpx:hr>138</gpxtpx:hr></gpxtpx:TrackPointExtension></extensions></trkpt>
      <trkpt lat="40.71397" lon="-74.016739"><ele>4.8</ele><time>2026-06-25T22:54:47.000Z</time><extensions><gpxtpx:TrackPointExtension><gpxtpx:hr>141</gpxtpx:hr></gpxtpx:TrackPointExtension></extensions></trkpt>
      <trkpt lat="40.713958" lon="-74.016711"><ele>4.8</ele><time>2026-06-25T22:54:48.000Z</time><extensions><gpxtpx:TrackPointExtension><gpxtpx:hr>141</gpxtpx:hr></gpxtpx:TrackPointExtension></extensions></trkpt>
      <trkpt lat="40.713942" lon="-74.016678"><ele>4.8</ele><time>2026-06-25T22:54:49.000Z</time><extensions><gpxtpx:TrackPointExtension><gpxtpx:hr>141</gpxtpx:hr></gpxtpx:TrackPointExtension></extensions></trkpt>
      <trkpt lat="40.713927" lon="-74.016641"><ele>4.8</ele><time>2026-06-25T22:54:50.000Z</time><extensions><gpxtpx:TrackPointExtension><gpxtpx:hr>141</gpxtpx:hr></gpxtpx:TrackPointExtension></extensions></trkpt>
      <trkpt lat="40.713915" lon="-74.016603"><ele>4.8</ele><time>2026-06-25T22:54:51.000Z</time><extensions><gpxtpx:TrackPointExtension><gpxtpx:hr>141</gpxtpx:hr></gpxtpx:TrackPointExtension></extensions></trkpt>
      <trkpt lat="40.713905" lon="-74.016564"><ele>5</ele><time>2026-06-25T22:54:52.000Z</time><extensions><gpxtpx:TrackPointExtension><gpxtpx:hr>142</gpxtpx:hr></gpxtpx:TrackPointExtension></extensions></trkpt>
      <trkpt lat="40.713894" lon="-74.016525"><ele>5</ele><time>2026-06-25T22:54:53.000Z</time><extensions><gpxtpx:TrackPointExtension><gpxtpx:hr>142</gpxtpx:hr></gpxtpx:TrackPointExtension></extensions></trkpt>
      <trkpt lat="40.713883" lon="-74.016486"><ele>5</ele><time>2026-06-25T22:54:54.000Z</time><extensions><gpxtpx:TrackPointExtension><gpxtpx:hr>142</gpxtpx:hr></gpxtpx:TrackPointExtension></extensions></trkpt>
      <trkpt lat="40.713871" lon="-74.016446"><ele>5</ele><time>2026-06-25T22:54:55.000Z</time><extensions><gpxtpx:TrackPointExtension><gpxtpx:hr>142</gpxtpx:hr></gpxtpx:TrackPointExtension></extensions></trkpt>
      <trkpt lat="40.713862" lon="-74.016404"><ele>5.2</ele><time>2026-06-25T22:54:56.000Z</time><extensions><gpxtpx:TrackPointExtension><gpxtpx:hr>142</gpxtpx:hr></gpxtpx:TrackPointExtension></extensions></trkpt>
      <trkpt lat="40.713856" lon="-74.016359"><ele>5.2</ele><time>2026-06-25T22:54:57.000Z</time><extensions><gpxtpx:TrackPointExtension><gpxtpx:hr>142</gpxtpx:hr></gpxtpx:TrackPointExtension></extensions></trkpt>
      <trkpt lat="40.713852" lon="-74.016316"><ele>5.2</ele><time>2026-06-25T22:54:58.000Z</time><extensions><gpxtpx:TrackPointExtension><gpxtpx:hr>142</gpxtpx:hr></gpxtpx:TrackPointExtension></extensions></trkpt>
      <trkpt lat="40.713849" lon="-74.016275"><ele>5.2</ele><time>2026-06-25T22:54:59.000Z</time><extensions><gpxtpx:TrackPointExtension><gpxtpx:hr>142</gpxtpx:hr></gpxtpx:TrackPointExtension></extensions></trkpt>
      <trkpt lat="40.713847" lon="-74.016235"><ele>5.2</ele><time>2026-06-25T22:55:00.000Z</time><extensions><gpxtpx:TrackPointExtension><gpxtpx:hr>144</gpxtpx:hr></gpxtpx:TrackPointExtension></extensions></trkpt>
      <trkpt lat="40.713847" lon="-74.016195"><ele>5.2</ele><time>2026-06-25T22:55:01.000Z</time><extensions><gpxtpx:TrackPointExtension><gpxtpx:hr>144</gpxtpx:hr></gpxtpx:TrackPointExtension></extensions></trkpt>
      <trkpt lat="40.713849" lon="-74.016154"><ele>5.2</ele><time>2026-06-25T22:55:02.000Z</time><extensions><gpxtpx:TrackPointExtension><gpxtpx:hr>144</gpxtpx:hr></gpxtpx:TrackPointExtension></extensions></trkpt>
      <trkpt lat="40.713853" lon="-74.016112"><ele>5.2</ele><time>2026-06-25T22:55:03.000Z</time><extensions><gpxtpx:TrackPointExtension><gpxtpx:hr>144</gpxtpx:hr></gpxtpx:TrackPointExtension></extensions></trkpt>
      <trkpt lat="40.713857" lon="-74.016069"><ele>5</ele><time>2026-06-25T22:55:04.000Z</time><extensions><gpxtpx:TrackPointExtension><gpxtpx:hr>147</gpxtpx:hr></gpxtpx:TrackPointExtension></extensions></trkpt>
      <trkpt lat="40.713859" lon="-74.016028"><ele>5</ele><time>2026-06-25T22:55:05.000Z</time><extensions><gpxtpx:TrackPointExtension><gpxtpx:hr>147</gpxtpx:hr></gpxtpx:TrackPointExtension></extensions></trkpt>
      <trkpt lat="40.713856" lon="-74.015988"><ele>5</ele><time>2026-06-25T22:55:06.000Z</time><extensions><gpxtpx:TrackPointExtension><gpxtpx:hr>147</gpxtpx:hr></gpxtpx:TrackPointExtension></extensions></trkpt>
      <trkpt lat="40.71385" lon="-74.015951"><ele>5</ele><time>2026-06-25T22:55:07.000Z</time><extensions><gpxtpx:TrackPointExtension><gpxtpx:hr>147</gpxtpx:hr></gpxtpx:TrackPointExtension></extensions></trkpt>
      <trkpt lat="40.713841" lon="-74.015916"><ele>5</ele><time>2026-06-25T22:55:08.000Z</time><extensions><gpxtpx:TrackPointExtension><gpxtpx:hr>148</gpxtpx:hr></gpxtpx:TrackPointExtension></extensions></trkpt>
      <trkpt lat="40.713833" lon="-74.015882"><ele>5</ele><time>2026-06-25T22:55:09.000Z</time><extensions><gpxtpx:TrackPointExtension><gpxtpx:hr>148</gpxtpx:hr></gpxtpx:TrackPointExtension></extensions></trkpt>
      <trkpt lat="40.713826" lon="-74.01585"><ele>5</ele><time>2026-06-25T22:55:10.000Z</time><extensions><gpxtpx:TrackPointExtension><gpxtpx:hr>148</gpxtpx:hr></gpxtpx:TrackPointExtension></extensions></trkpt>
      <trkpt lat="40.713818" lon="-74.015818"><ele>5</ele><time>2026-06-25T22:55:11.000Z</time><extensions><gpxtpx:TrackPointExtension><gpxtpx:hr>148</gpxtpx:hr></gpxtpx:TrackPointExtension></extensions></trkpt>
      <trkpt lat="40.713809" lon="-74.015786"><ele>5</ele><time>2026-06-25T22:55:12.000Z</time><extensions><gpxtpx:TrackPointExtension><gpxtpx:hr>148</gpxtpx:hr></gpxtpx:TrackPointExtension></extensions></trkpt>
      <trkpt lat="40.713798" lon="-74.015757"><ele>5</ele><time>2026-06-25T22:55:13.000Z</time><extensions><gpxtpx:TrackPointExtension><gpxtpx:hr>149</gpxtpx:hr></gpxtpx:TrackPointExtension></extensions></trkpt>
      <trkpt lat="40.713785" lon="-74.015728"><ele>5</ele><time>2026-06-25T22:55:14.000Z</time><extensions><gpxtpx:TrackPointExtension><gpxtpx:hr>149</gpxtpx:hr></gpxtpx:TrackPointExtension></extensions></trkpt>
      <trkpt lat="40.713771" lon="-74.0157"><ele>5</ele><time>2026-06-25T22:55:15.000Z</time><extensions><gpxtpx:TrackPointExtension><gpxtpx:hr>149</gpxtpx:hr></gpxtpx:TrackPointExtension></extensions></trkpt>
      <trkpt lat="40.713756" lon="-74.015672"><ele>5</ele><time>2026-06-25T22:55:16.000Z</time><extensions><gpxtpx:TrackPointExtension><gpxtpx:hr>149</gpxtpx:hr></gpxtpx:TrackPointExtension></extensions></trkpt>
      <trkpt lat="40.713743" lon="-74.015647"><ele>5</ele><time>2026-06-25T22:55:17.000Z</time><extensions><gpxtpx:TrackPointExtension><gpxtpx:hr>149</gpxtpx:hr></gpxtpx:TrackPointExtension></extensions></trkpt>
      <trkpt lat="40.713732" lon="-74.015624"><ele>5</ele><time>2026-06-25T22:55:18.000Z</time><extensions><gpxtpx:TrackPointExtension><gpxtpx:hr>149</gpxtpx:hr></gpxtpx:TrackPointExtension></extensions></trkpt>
      <trkpt lat="40.713723" lon="-74.015603"><ele>5</ele><time>2026-06-25T22:55:19.000Z</time><extensions><gpxtpx:TrackPointExtension><gpxtpx:hr>149</gpxtpx:hr></gpxtpx:TrackPointExtension></extensions></trkpt>
      <trkpt lat="40.713716" lon="-74.015583"><ele>5</ele><time>2026-06-25T22:55:20.000Z</time><extensions><gpxtpx:TrackPointExtension><gpxtpx:hr>149</gpxtpx:hr></gpxtpx:TrackPointExtension></extensions></trkpt>
      <trkpt lat="40.713715" lon="-74.015567"><ele>5</ele><time>2026-06-25T22:55:21.000Z</time><extensions><gpxtpx:TrackPointExtension><gpxtpx:hr>149</gpxtpx:hr></gpxtpx:TrackPointExtension></extensions></trkpt>
      <trkpt lat="40.713721" lon="-74.015555"><ele>5</ele><time>2026-06-25T22:55:22.000Z</time><extensions><gpxtpx:TrackPointExtension><gpxtpx:hr>149</gpxtpx:hr></gpxtpx:TrackPointExtension></extensions></trkpt>
      <trkpt lat="40.713732" lon="-74.015548"><ele>5</ele><time>2026-06-25T22:55:23.000Z</time><extensions><gpxtpx:TrackPointExtension><gpxtpx:hr>149</gpxtpx:hr></gpxtpx:TrackPointExtension></extensions></trkpt>
      <trkpt lat="40.713741" lon="-74.015545"><ele>5</ele><time>2026-06-25T22:55:24.000Z</time><extensions><gpxtpx:TrackPointExtension><gpxtpx:hr>149</gpxtpx:hr></gpxtpx:TrackPointExtension></extensions></trkpt>
      <trkpt lat="40.713743" lon="-74.015545"><ele>5</ele><time>2026-06-25T22:55:25.000Z</time><extensions><gpxtpx:TrackPointExtension><gpxtpx:hr>148</gpxtpx:hr></gpxtpx:TrackPointExtension></extensions></trkpt>
      <trkpt lat="40.713737" lon="-74.015549"><ele>5</ele><time>2026-06-25T22:55:26.000Z</time><extensions><gpxtpx:TrackPointExtension><gpxtpx:hr>148</gpxtpx:hr></gpxtpx:TrackPointExtension></extensions></trkpt>
      <trkpt lat="40.713722" lon="-74.015557"><ele>5</ele><time>2026-06-25T22:55:27.000Z</time><extensions><gpxtpx:TrackPointExtension><gpxtpx:hr>148</gpxtpx:hr></gpxtpx:TrackPointExtension></extensions></trkpt>
      <trkpt lat="40.713698" lon="-74.01557"><ele>5</ele><time>2026-06-25T22:55:28.000Z</time><extensions><gpxtpx:TrackPointExtension><gpxtpx:hr>148</gpxtpx:hr></gpxtpx:TrackPointExtension></extensions></trkpt>
      <trkpt lat="40.71367" lon="-74.015586"><ele>5</ele><time>2026-06-25T22:55:29.000Z</time><extensions><gpxtpx:TrackPointExtension><gpxtpx:hr>148</gpxtpx:hr></gpxtpx:TrackPointExtension></extensions></trkpt>
      <trkpt lat="40.713642" lon="-74.015603"><ele>5</ele><time>2026-06-25T22:55:30.000Z</time><extensions><gpxtpx:TrackPointExtension><gpxtpx:hr>148</gpxtpx:hr></gpxtpx:TrackPointExtension></extensions></trkpt>
      <trkpt lat="40.713616" lon="-74.015619"><ele>5.2</ele><time>2026-06-25T22:55:31.000Z</time><extensions><gpxtpx:TrackPointExtension><gpxtpx:hr>148</gpxtpx:hr></gpxtpx:TrackPointExtension></extensions></trkpt>
      <trkpt lat="40.713595" lon="-74.015633"><ele>5.2</ele><time>2026-06-25T22:55:32.000Z</time><extensions><gpxtpx:TrackPointExtension><gpxtpx:hr>148</gpxtpx:hr></gpxtpx:TrackPointExtension></extensions></trkpt>
      <trkpt lat="40.713577" lon="-74.015646"><ele>5.2</ele><time>2026-06-25T22:55:33.000Z</time><extensions><gpxtpx:TrackPointExtension><gpxtpx:hr>148</gpxtpx:hr></gpxtpx:TrackPointExtension></extensions></trkpt>
      <trkpt lat="40.713559" lon="-74.015659"><ele>5.2</ele><time>2026-06-25T22:55:34.000Z</time><extensions><gpxtpx:TrackPointExtension><gpxtpx:hr>151</gpxtpx:hr></gpxtpx:TrackPointExtension></extensions></trkpt>
      <trkpt lat="40.713539" lon="-74.015672"><ele>5.2</ele><time>2026-06-25T22:55:35.000Z</time><extensions><gpxtpx:TrackPointExtension><gpxtpx:hr>151</gpxtpx:hr></gpxtpx:TrackPointExtension></extensions></trkpt>
      <trkpt lat="40.713517" lon="-74.015684"><ele>5.2</ele><time>2026-06-25T22:55:36.000Z</time><extensions><gpxtpx:TrackPointExtension><gpxtpx:hr>151</gpxtpx:hr></gpxtpx:TrackPointExtension></extensions></trkpt>
      <trkpt lat="40.713492" lon="-74.015696"><ele>5.2</ele><time>2026-06-25T22:55:37.000Z</time><extensions><gpxtpx:TrackPointExtension><gpxtpx:hr>151</gpxtpx:hr></gpxtpx:TrackPointExtension></extensions></trkpt>
      <trkpt lat="40.713466" lon="-74.015706"><ele>5.2</ele><time>2026-06-25T22:55:38.000Z</time><extensions><gpxtpx:TrackPointExtension><gpxtpx:hr>151</gpxtpx:hr></gpxtpx:TrackPointExtension></extensions></trkpt>
      <trkpt lat="40.71344" lon="-74.015716"><ele>5.2</ele><time>2026-06-25T22:55:39.000Z</time><extensions><gpxtpx:TrackPointExtension><gpxtpx:hr>151</gpxtpx:hr></gpxtpx:TrackPointExtension></extensions></trkpt>
      <trkpt lat="40.713415" lon="-74.015726"><ele>5.2</ele><time>2026-06-25T22:55:40.000Z</time><extensions><gpxtpx:TrackPointExtension><gpxtpx:hr>151</gpxtpx:hr></gpxtpx:TrackPointExtension></extensions></trkpt>
      <trkpt lat="40.713392" lon="-74.015735"><ele>5.4</ele><time>2026-06-25T22:55:41.000Z</time><extensions><gpxtpx:TrackPointExtension><gpxtpx:hr>151</gpxtpx:hr></gpxtpx:TrackPointExtension></extensions></trkpt>
      <trkpt lat="40.71337" lon="-74.015745"><ele>5.4</ele><time>2026-06-25T22:55:42.000Z</time><extensions><gpxtpx:TrackPointExtension><gpxtpx:hr>150</gpxtpx:hr></gpxtpx:TrackPointExtension></extensions></trkpt>
      <trkpt lat="40.713346" lon="-74.015755"><ele>5.4</ele><time>2026-06-25T22:55:43.000Z</time><extensions><gpxtpx:TrackPointExtension><gpxtpx:hr>150</gpxtpx:hr></gpxtpx:TrackPointExtension></extensions></trkpt>
      <trkpt lat="40.713321" lon="-74.015764"><ele>5.4</ele><time>2026-06-25T22:55:44.000Z</time><extensions><gpxtpx:TrackPointExtension><gpxtpx:hr>150</gpxtpx:hr></gpxtpx:TrackPointExtension></extensions></trkpt>
      <trkpt lat="40.713297" lon="-74.015771"><ele>5.4</ele><time>2026-06-25T22:55:45.000Z</time><extensions><gpxtpx:TrackPointExtension><gpxtpx:hr>150</gpxtpx:hr></gpxtpx:TrackPointExtension></extensions></trkpt>
      <trkpt lat="40.713274" lon="-74.015776"><ele>5.4</ele><time>2026-06-25T22:55:46.000Z</time><extensions><gpxtpx:TrackPointExtension><gpxtpx:hr>150</gpxtpx:hr></gpxtpx:TrackPointExtension></extensions></trkpt>
      <trkpt lat="40.71325" lon="-74.015783"><ele>5.4</ele><time>2026-06-25T22:55:47.000Z</time><extensions><gpxtpx:TrackPointExtension><gpxtpx:hr>150</gpxtpx:hr></gpxtpx:TrackPointExtension></extensions></trkpt>
      <trkpt lat="40.713225" lon="-74.015791"><ele>5.4</ele><time>2026-06-25T22:55:48.000Z</time><extensions><gpxtpx:TrackPointExtension><gpxtpx:hr>149</gpxtpx:hr></gpxtpx:TrackPointExtension></extensions></trkpt>
      <trkpt lat="40.7132" lon="-74.015803"><ele>5.4</ele><time>2026-06-25T22:55:49.000Z</time><extensions><gpxtpx:TrackPointExtension><gpxtpx:hr>149</gpxtpx:hr></gpxtpx:TrackPointExtension></extensions></trkpt>
      <trkpt lat="40.713175" lon="-74.015815"><ele>5.4</ele><time>2026-06-25T22:55:50.000Z</time><extensions><gpxtpx:TrackPointExtension><gpxtpx:hr>149</gpxtpx:hr></gpxtpx:TrackPointExtension></extensions></trkpt>
      <trkpt lat="40.71315" lon="-74.015829"><ele>5.4</ele><time>2026-06-25T22:55:51.000Z</time><extensions><gpxtpx:TrackPointExtension><gpxtpx:hr>149</gpxtpx:hr></gpxtpx:TrackPointExtension></extensions></trkpt>
      <trkpt lat="40.713126" lon="-74.015843"><ele>5.4</ele><time>2026-06-25T22:55:52.000Z</time><extensions><gpxtpx:TrackPointExtension><gpxtpx:hr>149</gpxtpx:hr></gpxtpx:TrackPointExtension></extensions></trkpt>
      <trkpt lat="40.713102" lon="-74.015854"><ele>5.4</ele><time>2026-06-25T22:55:53.000Z</time><extensions><gpxtpx:TrackPointExtension><gpxtpx:hr>149</gpxtpx:hr></gpxtpx:TrackPointExtension></extensions></trkpt>
      <trkpt lat="40.713075" lon="-74.015864"><ele>5.6</ele><time>2026-06-25T22:55:54.000Z</time><extensions><gpxtpx:TrackPointExtension><gpxtpx:hr>149</gpxtpx:hr></gpxtpx:TrackPointExtension></extensions></trkpt>
      <trkpt lat="40.713047" lon="-74.015871"><ele>5.6</ele><time>2026-06-25T22:55:55.000Z</time><extensions><gpxtpx:TrackPointExtension><gpxtpx:hr>149</gpxtpx:hr></gpxtpx:TrackPointExtension></extensions></trkpt>
      <trkpt lat="40.713019" lon="-74.015878"><ele>5.6</ele><time>2026-06-25T22:55:56.000Z</time><extensions><gpxtpx:TrackPointExtension><gpxtpx:hr>149</gpxtpx:hr></gpxtpx:TrackPointExtension></extensions></trkpt>
      <trkpt lat="40.712992" lon="-74.015884"><ele>5.6</ele><time>2026-06-25T22:55:57.000Z</time><extensions><gpxtpx:TrackPointExtension><gpxtpx:hr>149</gpxtpx:hr></gpxtpx:TrackPointExtension></extensions></trkpt>
      <trkpt lat="40.712967" lon="-74.015888"><ele>5.6</ele><time>2026-06-25T22:55:58.000Z</time><extensions><gpxtpx:TrackPointExtension><gpxtpx:hr>149</gpxtpx:hr></gpxtpx:TrackPointExtension></extensions></trkpt>
      <trkpt lat="40.712942" lon="-74.015887"><ele>5.6</ele><time>2026-06-25T22:55:59.000Z</time><extensions><gpxtpx:TrackPointExtension><gpxtpx:hr>149</gpxtpx:hr></gpxtpx:TrackPointExtension></extensions></trkpt>
      <trkpt lat="40.712915" lon="-74.015881"><ele>5.6</ele><time>2026-06-25T22:56:00.000Z</time><extensions><gpxtpx:TrackPointExtension><gpxtpx:hr>149</gpxtpx:hr></gpxtpx:TrackPointExtension></extensions></trkpt>
      <trkpt lat="40.712885" lon="-74.015873"><ele>5.6</ele><time>2026-06-25T22:56:01.000Z</time><extensions><gpxtpx:TrackPointExtension><gpxtpx:hr>149</gpxtpx:hr></gpxtpx:TrackPointExtension></extensions></trkpt>
      <trkpt lat="40.712854" lon="-74.015864"><ele>5.6</ele><time>2026-06-25T22:56:02.000Z</time><extensions><gpxtpx:TrackPointExtension><gpxtpx:hr>151</gpxtpx:hr></gpxtpx:TrackPointExtension></extensions></trkpt>
      <trkpt lat="40.712823" lon="-74.015856"><ele>5.6</ele><time>2026-06-25T22:56:03.000Z</time><extensions><gpxtpx:TrackPointExtension><gpxtpx:hr>151</gpxtpx:hr></gpxtpx:TrackPointExtension></extensions></trkpt>
      <trkpt lat="40.712795" lon="-74.015851"><ele>5.6</ele><time>2026-06-25T22:56:04.000Z</time><extensions><gpxtpx:TrackPointExtension><gpxtpx:hr>151</gpxtpx:hr></gpxtpx:TrackPointExtension></extensions></trkpt>
      <trkpt lat="40.712767" lon="-74.015849"><ele>5.6</ele><time>2026-06-25T22:56:05.000Z</time><extensions><gpxtpx:TrackPointExtension><gpxtpx:hr>151</gpxtpx:hr></gpxtpx:TrackPointExtension></extensions></trkpt>
      <trkpt lat="40.712739" lon="-74.015851"><ele>5.6</ele><time>2026-06-25T22:56:06.000Z</time><extensions><gpxtpx:TrackPointExtension><gpxtpx:hr>151</gpxtpx:hr></gpxtpx:TrackPointExtension></extensions></trkpt>
      <trkpt lat="40.712711" lon="-74.015857"><ele>5.6</ele><time>2026-06-25T22:56:07.000Z</time><extensions><gpxtpx:TrackPointExtension><gpxtpx:hr>151</gpxtpx:hr></gpxtpx:TrackPointExtension></extensions></trkpt>
      <trkpt lat="40.712687" lon="-74.015866"><ele>5.6</ele><time>2026-06-25T22:56:08.000Z</time><extensions><gpxtpx:TrackPointExtension><gpxtpx:hr>151</gpxtpx:hr></gpxtpx:TrackPointExtension></extensions></trkpt>
      <trkpt lat="40.712662" lon="-74.015876"><ele>5.6</ele><time>2026-06-25T22:56:09.000Z</time><extensions><gpxtpx:TrackPointExtension><gpxtpx:hr>151</gpxtpx:hr></gpxtpx:TrackPointExtension></extensions></trkpt>
      <trkpt lat="40.712635" lon="-74.015884"><ele>5.6</ele><time>2026-06-25T22:56:10.000Z</time><extensions><gpxtpx:TrackPointExtension><gpxtpx:hr>151</gpxtpx:hr></gpxtpx:TrackPointExtension></extensions></trkpt>
      <trkpt lat="40.712605" lon="-74.015892"><ele>5.6</ele><time>2026-06-25T22:56:11.000Z</time><extensions><gpxtpx:TrackPointExtension><gpxtpx:hr>151</gpxtpx:hr></gpxtpx:TrackPointExtension></extensions></trkpt>
      <trkpt lat="40.712572" lon="-74.015897"><ele>5.6</ele><time>2026-06-25T22:56:12.000Z</time><extensions><gpxtpx:TrackPointExtension><gpxtpx:hr>151</gpxtpx:hr></gpxtpx:TrackPointExtension></extensions></trkpt>
      <trkpt lat="40.712537" lon="-74.015899"><ele>5.6</ele><time>2026-06-25T22:56:13.000Z</time><extensions><gpxtpx:TrackPointExtension><gpxtpx:hr>151</gpxtpx:hr></gpxtpx:TrackPointExtension></extensions></trkpt>
      <trkpt lat="40.712504" lon="-74.015898"><ele>5.6</ele><time>2026-06-25T22:56:14.000Z</time><extensions><gpxtpx:TrackPointExtension><gpxtpx:hr>151</gpxtpx:hr></gpxtpx:TrackPointExtension></extensions></trkpt>
      <trkpt lat="40.712473" lon="-74.015893"><ele>5.4</ele><time>2026-06-25T22:56:15.000Z</time><extensions><gpxtpx:TrackPointExtension><gpxtpx:hr>151</gpxtpx:hr></gpxtpx:TrackPointExtension></extensions></trkpt>
      <trkpt lat="40.712445" lon="-74.015886"><ele>5.4</ele><time>2026-06-25T22:56:16.000Z</time><extensions><gpxtpx:TrackPointExtension><gpxtpx:hr>151</gpxtpx:hr></gpxtpx:TrackPointExtension></extensions></trkpt>
      <trkpt lat="40.71242" lon="-74.015874"><ele>5.4</ele><time>2026-06-25T22:56:17.000Z</time><extensions><gpxtpx:TrackPointExtension><gpxtpx:hr>151</gpxtpx:hr></gpxtpx:TrackPointExtension></extensions></trkpt>
      <trkpt lat="40.712393" lon="-74.015858"><ele>5.4</ele><time>2026-06-25T22:56:18.000Z</time><extensions><gpxtpx:TrackPointExtension><gpxtpx:hr>151</gpxtpx:hr></gpxtpx:TrackPointExtension></extensions></trkpt>
      <trkpt lat="40.712367" lon="-74.015838"><ele>5.4</ele><time>2026-06-25T22:56:19.000Z</time><extensions><gpxtpx:TrackPointExtension><gpxtpx:hr>151</gpxtpx:hr></gpxtpx:TrackPointExtension></extensions></trkpt>
      <trkpt lat="40.712342" lon="-74.015818"><ele>5.4</ele><time>2026-06-25T22:56:20.000Z</time><extensions><gpxtpx:TrackPointExtension><gpxtpx:hr>151</gpxtpx:hr></gpxtpx:TrackPointExtension></extensions></trkpt>
      <trkpt lat="40.712319" lon="-74.015795"><ele>5.4</ele><time>2026-06-25T22:56:21.000Z</time><extensions><gpxtpx:TrackPointExtension><gpxtpx:hr>151</gpxtpx:hr></gpxtpx:TrackPointExtension></extensions></trkpt>
      <trkpt lat="40.7123" lon="-74.015772"><ele>5.4</ele><time>2026-06-25T22:56:22.000Z</time><extensions><gpxtpx:TrackPointExtension><gpxtpx:hr>151</gpxtpx:hr></gpxtpx:TrackPointExtension></extensions></trkpt>
      <trkpt lat="40.712284" lon="-74.015748"><ele>5.4</ele><time>2026-06-25T22:56:23.000Z</time><extensions><gpxtpx:TrackPointExtension><gpxtpx:hr>151</gpxtpx:hr></gpxtpx:TrackPointExtension></extensions></trkpt>
      <trkpt lat="40.712271" lon="-74.015727"><ele>5.4</ele><time>2026-06-25T22:56:24.000Z</time><extensions><gpxtpx:TrackPointExtension><gpxtpx:hr>153</gpxtpx:hr></gpxtpx:TrackPointExtension></extensions></trkpt>
      <trkpt lat="40.712261" lon="-74.01571"><ele>5.4</ele><time>2026-06-25T22:56:25.000Z</time><extensions><gpxtpx:TrackPointExtension><gpxtpx:hr>153</gpxtpx:hr></gpxtpx:TrackPointExtension></extensions></trkpt>
      <trkpt lat="40.712254" lon="-74.015697"><ele>5.4</ele><time>2026-06-25T22:56:26.000Z</time><extensions><gpxtpx:TrackPointExtension><gpxtpx:hr>153</gpxtpx:hr></gpxtpx:TrackPointExtension></extensions></trkpt>
      <trkpt lat="40.712248" lon="-74.015685"><ele>5.4</ele><time>2026-06-25T22:56:27.000Z</time><extensions><gpxtpx:TrackPointExtension><gpxtpx:hr>153</gpxtpx:hr></gpxtpx:TrackPointExtension></extensions></trkpt>
      <trkpt lat="40.712242" lon="-74.015673"><ele>5.4</ele><time>2026-06-25T22:56:28.000Z</time><extensions><gpxtpx:TrackPointExtension><gpxtpx:hr>153</gpxtpx:hr></gpxtpx:TrackPointExtension></extensions></trkpt>
      <trkpt lat="40.712238" lon="-74.015665"><ele>5.4</ele><time>2026-06-25T22:56:29.000Z</time><extensions><gpxtpx:TrackPointExtension><gpxtpx:hr>153</gpxtpx:hr></gpxtpx:TrackPointExtension></extensions></trkpt>
      <trkpt lat="40.712233" lon="-74.015659"><ele>5.4</ele><time>2026-06-25T22:56:30.000Z</time><extensions><gpxtpx:TrackPointExtension><gpxtpx:hr>153</gpxtpx:hr></gpxtpx:TrackPointExtension></extensions></trkpt>
      <trkpt lat="40.712226" lon="-74.015654"><ele>5.4</ele><time>2026-06-25T22:56:31.000Z</time><extensions><gpxtpx:TrackPointExtension><gpxtpx:hr>153</gpxtpx:hr></gpxtpx:TrackPointExtension></extensions></trkpt>
      <trkpt lat="40.712218" lon="-74.01565"><ele>5.4</ele><time>2026-06-25T22:56:32.000Z</time><extensions><gpxtpx:TrackPointExtension><gpxtpx:hr>153</gpxtpx:hr></gpxtpx:TrackPointExtension></extensions></trkpt>
      <trkpt lat="40.712206" lon="-74.015645"><ele>5.4</ele><time>2026-06-25T22:56:33.000Z</time><extensions><gpxtpx:TrackPointExtension><gpxtpx:hr>152</gpxtpx:hr></gpxtpx:TrackPointExtension></extensions></trkpt>
      <trkpt lat="40.712189" lon="-74.015639"><ele>5.4</ele><time>2026-06-25T22:56:34.000Z</time><extensions><gpxtpx:TrackPointExtension><gpxtpx:hr>152</gpxtpx:hr></gpxtpx:TrackPointExtension></extensions></trkpt>
      <trkpt lat="40.71217" lon="-74.015633"><ele>5.4</ele><time>2026-06-25T22:56:35.000Z</time><extensions><gpxtpx:TrackPointExtension><gpxtpx:hr>152</gpxtpx:hr></gpxtpx:TrackPointExtension></extensions></trkpt>
      <trkpt lat="40.712152" lon="-74.015626"><ele>5.2</ele><time>2026-06-25T22:56:36.000Z</time><extensions><gpxtpx:TrackPointExtension><gpxtpx:hr>152</gpxtpx:hr></gpxtpx:TrackPointExtension></extensions></trkpt>
      <trkpt lat="40.712136" lon="-74.01562"><ele>5.2</ele><time>2026-06-25T22:56:37.000Z</time><extensions><gpxtpx:TrackPointExtension><gpxtpx:hr>152</gpxtpx:hr></gpxtpx:TrackPointExtension></extensions></trkpt>
      <trkpt lat="40.712121" lon="-74.015615"><ele>5.2</ele><time>2026-06-25T22:56:38.000Z</time><extensions><gpxtpx:TrackPointExtension><gpxtpx:hr>152</gpxtpx:hr></gpxtpx:TrackPointExtension></extensions></trkpt>
      <trkpt lat="40.712105" lon="-74.015606"><ele>5.2</ele><time>2026-06-25T22:56:39.000Z</time><extensions><gpxtpx:TrackPointExtension><gpxtpx:hr>152</gpxtpx:hr></gpxtpx:TrackPointExtension></extensions></trkpt>
      <trkpt lat="40.712089" lon="-74.015594"><ele>5.2</ele><time>2026-06-25T22:56:40.000Z</time><extensions><gpxtpx:TrackPointExtension><gpxtpx:hr>152</gpxtpx:hr></gpxtpx:TrackPointExtension></extensions></trkpt>
      <trkpt lat="40.712074" lon="-74.015581"><ele>5.2</ele><time>2026-06-25T22:56:41.000Z</time><extensions><gpxtpx:TrackPointExtension><gpxtpx:hr>152</gpxtpx:hr></gpxtpx:TrackPointExtension></extensions></trkpt>
      <trkpt lat="40.712059" lon="-74.015568"><ele>5.4</ele><time>2026-06-25T22:56:42.000Z</time><extensions><gpxtpx:TrackPointExtension><gpxtpx:hr>150</gpxtpx:hr></gpxtpx:TrackPointExtension></extensions></trkpt>
      <trkpt lat="40.712043" lon="-74.015556"><ele>5.4</ele><time>2026-06-25T22:56:43.000Z</time><extensions><gpxtpx:TrackPointExtension><gpxtpx:hr>150</gpxtpx:hr></gpxtpx:TrackPointExtension></extensions></trkpt>
      <trkpt lat="40.712029" lon="-74.015544"><ele>5.4</ele><time>2026-06-25T22:56:44.000Z</time><extensions><gpxtpx:TrackPointExtension><gpxtpx:hr>151</gpxtpx:hr></gpxtpx:TrackPointExtension></extensions></trkpt>
      <trkpt lat="40.712018" lon="-74.015533"><ele>5.4</ele><time>2026-06-25T22:56:45.000Z</time><extensions><gpxtpx:TrackPointExtension><gpxtpx:hr>151</gpxtpx:hr></gpxtpx:TrackPointExtension></extensions></trkpt>
      <trkpt lat="40.712012" lon="-74.015524"><ele>5.4</ele><time>2026-06-25T22:56:46.000Z</time><extensions><gpxtpx:TrackPointExtension><gpxtpx:hr>151</gpxtpx:hr></gpxtpx:TrackPointExtension></extensions></trkpt>
      <trkpt lat="40.712011" lon="-74.015516"><ele>5.4</ele><time>2026-06-25T22:56:47.000Z</time><extensions><gpxtpx:TrackPointExtension><gpxtpx:hr>151</gpxtpx:hr></gpxtpx:TrackPointExtension></extensions></trkpt>
      <trkpt lat="40.712019" lon="-74.015505"><ele>5.6</ele><time>2026-06-25T22:56:48.000Z</time><extensions><gpxtpx:TrackPointExtension><gpxtpx:hr>151</gpxtpx:hr></gpxtpx:TrackPointExtension></extensions></trkpt>
      <trkpt lat="40.712029" lon="-74.015498"><ele>5.6</ele><time>2026-06-25T22:56:49.000Z</time><extensions><gpxtpx:TrackPointExtension><gpxtpx:hr>152</gpxtpx:hr></gpxtpx:TrackPointExtension></extensions></trkpt>
      <trkpt lat="40.71204" lon="-74.015492"><ele>5.6</ele><time>2026-06-25T22:56:50.000Z</time><extensions><gpxtpx:TrackPointExtension><gpxtpx:hr>152</gpxtpx:hr></gpxtpx:TrackPointExtension></extensions></trkpt>
      <trkpt lat="40.712051" lon="-74.015487"><ele>5.6</ele><time>2026-06-25T22:56:51.000Z</time><extensions><gpxtpx:TrackPointExtension><gpxtpx:hr>152</gpxtpx:hr></gpxtpx:TrackPointExtension></extensions></trkpt>
      <trkpt lat="40.71206" lon="-74.015482"><ele>5.6</ele><time>2026-06-25T22:56:52.000Z</time><extensions><gpxtpx:TrackPointExtension><gpxtpx:hr>152</gpxtpx:hr></gpxtpx:TrackPointExtension></extensions></trkpt>
      <trkpt lat="40.712066" lon="-74.015478"><ele>5.8</ele><time>2026-06-25T22:56:53.000Z</time><extensions><gpxtpx:TrackPointExtension><gpxtpx:hr>152</gpxtpx:hr></gpxtpx:TrackPointExtension></extensions></trkpt>
      <trkpt lat="40.712065" lon="-74.015475"><ele>5.8</ele><time>2026-06-25T22:56:54.000Z</time><extensions><gpxtpx:TrackPointExtension><gpxtpx:hr>152</gpxtpx:hr></gpxtpx:TrackPointExtension></extensions></trkpt>
      <trkpt lat="40.712058" lon="-74.015475"><ele>5.8</ele><time>2026-06-25T22:56:55.000Z</time><extensions><gpxtpx:TrackPointExtension><gpxtpx:hr>152</gpxtpx:hr></gpxtpx:TrackPointExtension></extensions></trkpt>
      <trkpt lat="40.712047" lon="-74.015476"><ele>5.8</ele><time>2026-06-25T22:56:56.000Z</time><extensions><gpxtpx:TrackPointExtension><gpxtpx:hr>152</gpxtpx:hr></gpxtpx:TrackPointExtension></extensions></trkpt>
      <trkpt lat="40.712033" lon="-74.01548"><ele>5.8</ele><time>2026-06-25T22:56:57.000Z</time><extensions><gpxtpx:TrackPointExtension><gpxtpx:hr>152</gpxtpx:hr></gpxtpx:TrackPointExtension></extensions></trkpt>
      <trkpt lat="40.712016" lon="-74.015486"><ele>5.8</ele><time>2026-06-25T22:56:58.000Z</time><extensions><gpxtpx:TrackPointExtension><gpxtpx:hr>152</gpxtpx:hr></gpxtpx:TrackPointExtension></extensions></trkpt>
      <trkpt lat="40.711997" lon="-74.015494"><ele>5.8</ele><time>2026-06-25T22:56:59.000Z</time><extensions><gpxtpx:TrackPointExtension><gpxtpx:hr>152</gpxtpx:hr></gpxtpx:TrackPointExtension></extensions></trkpt>
      <trkpt lat="40.711977" lon="-74.015503"><ele>5.8</ele><time>2026-06-25T22:57:00.000Z</time><extensions><gpxtpx:TrackPointExtension><gpxtpx:hr>152</gpxtpx:hr></gpxtpx:TrackPointExtension></extensions></trkpt>
      <trkpt lat="40.711956" lon="-74.015513"><ele>5.8</ele><time>2026-06-25T22:57:01.000Z</time><extensions><gpxtpx:TrackPointExtension><gpxtpx:hr>152</gpxtpx:hr></gpxtpx:TrackPointExtension></extensions></trkpt>
      <trkpt lat="40.711935" lon="-74.015522"><ele>5.8</ele><time>2026-06-25T22:57:02.000Z</time><extensions><gpxtpx:TrackPointExtension><gpxtpx:hr>152</gpxtpx:hr></gpxtpx:TrackPointExtension></extensions></trkpt>
      <trkpt lat="40.711915" lon="-74.015531"><ele>5.8</ele><time>2026-06-25T22:57:03.000Z</time><extensions><gpxtpx:TrackPointExtension><gpxtpx:hr>152</gpxtpx:hr></gpxtpx:TrackPointExtension></extensions></trkpt>
      <trkpt lat="40.711895" lon="-74.01554"><ele>5.8</ele><time>2026-06-25T22:57:04.000Z</time><extensions><gpxtpx:TrackPointExtension><gpxtpx:hr>152</gpxtpx:hr></gpxtpx:TrackPointExtension></extensions></trkpt>
      <trkpt lat="40.711876" lon="-74.015549"><ele>5.8</ele><time>2026-06-25T22:57:05.000Z</time><extensions><gpxtpx:TrackPointExtension><gpxtpx:hr>152</gpxtpx:hr></gpxtpx:TrackPointExtension></extensions></trkpt>
      <trkpt lat="40.711858" lon="-74.015557"><ele>5.6</ele><time>2026-06-25T22:57:06.000Z</time><extensions><gpxtpx:TrackPointExtension><gpxtpx:hr>152</gpxtpx:hr></gpxtpx:TrackPointExtension></extensions></trkpt>
      <trkpt lat="40.711839" lon="-74.015563"><ele>5.6</ele><time>2026-06-25T22:57:07.000Z</time><extensions><gpxtpx:TrackPointExtension><gpxtpx:hr>152</gpxtpx:hr></gpxtpx:TrackPointExtension></extensions></trkpt>
      <trkpt lat="40.71182" lon="-74.015568"><ele>5.6</ele><time>2026-06-25T22:57:08.000Z</time><extensions><gpxtpx:TrackPointExtension><gpxtpx:hr>152</gpxtpx:hr></gpxtpx:TrackPointExtension></extensions></trkpt>
      <trkpt lat="40.7118" lon="-74.015572"><ele>5.6</ele><time>2026-06-25T22:57:09.000Z</time><extensions><gpxtpx:TrackPointExtension><gpxtpx:hr>152</gpxtpx:hr></gpxtpx:TrackPointExtension></extensions></trkpt>
      <trkpt lat="40.711779" lon="-74.015576"><ele>5.6</ele><time>2026-06-25T22:57:10.000Z</time><extensions><gpxtpx:TrackPointExtension><gpxtpx:hr>152</gpxtpx:hr></gpxtpx:TrackPointExtension></extensions></trkpt>
      <trkpt lat="40.71176" lon="-74.015579"><ele>5.8</ele><time>2026-06-25T22:57:11.000Z</time><extensions><gpxtpx:TrackPointExtension><gpxtpx:hr>152</gpxtpx:hr></gpxtpx:TrackPointExtension></extensions></trkpt>
      <trkpt lat="40.711742" lon="-74.015585"><ele>5.8</ele><time>2026-06-25T22:57:12.000Z</time><extensions><gpxtpx:TrackPointExtension><gpxtpx:hr>152</gpxtpx:hr></gpxtpx:TrackPointExtension></extensions></trkpt>
      <trkpt lat="40.711724" lon="-74.015595"><ele>5.8</ele><time>2026-06-25T22:57:13.000Z</time><extensions><gpxtpx:TrackPointExtension><gpxtpx:hr>152</gpxtpx:hr></gpxtpx:TrackPointExtension></extensions></trkpt>
      <trkpt lat="40.711707" lon="-74.015606"><ele>5.8</ele><time>2026-06-25T22:57:14.000Z</time><extensions><gpxtpx:TrackPointExtension><gpxtpx:hr>152</gpxtpx:hr></gpxtpx:TrackPointExtension></extensions></trkpt>
      <trkpt lat="40.711691" lon="-74.015617"><ele>5.8</ele><time>2026-06-25T22:57:15.000Z</time><extensions><gpxtpx:TrackPointExtension><gpxtpx:hr>152</gpxtpx:hr></gpxtpx:TrackPointExtension></extensions></trkpt>
      <trkpt lat="40.711675" lon="-74.015628"><ele>5.8</ele><time>2026-06-25T22:57:16.000Z</time><extensions><gpxtpx:TrackPointExtension><gpxtpx:hr>152</gpxtpx:hr></gpxtpx:TrackPointExtension></extensions></trkpt>
      <trkpt lat="40.711657" lon="-74.015639"><ele>5.8</ele><time>2026-06-25T22:57:17.000Z</time><extensions><gpxtpx:TrackPointExtension><gpxtpx:hr>152</gpxtpx:hr></gpxtpx:TrackPointExtension></extensions></trkpt>
      <trkpt lat="40.711639" lon="-74.01565"><ele>5.8</ele><time>2026-06-25T22:57:18.000Z</time><extensions><gpxtpx:TrackPointExtension><gpxtpx:hr>152</gpxtpx:hr></gpxtpx:TrackPointExtension></extensions></trkpt>
      <trkpt lat="40.71161" lon="-74.01566"><ele>5.8</ele><time>2026-06-25T22:57:19.000Z</time><extensions><gpxtpx:TrackPointExtension><gpxtpx:hr>152</gpxtpx:hr></gpxtpx:TrackPointExtension></extensions></trkpt>
      <trkpt lat="40.711589" lon="-74.015671"><ele>5.8</ele><time>2026-06-25T22:57:20.000Z</time><extensions><gpxtpx:TrackPointExtension><gpxtpx:hr>152</gpxtpx:hr></gpxtpx:TrackPointExtension></extensions></trkpt>
      <trkpt lat="40.711567" lon="-74.015681"><ele>5.8</ele><time>2026-06-25T22:57:21.000Z</time><extensions><gpxtpx:TrackPointExtension><gpxtpx:hr>152</gpxtpx:hr></gpxtpx:TrackPointExtension></extensions></trkpt>
      <trkpt lat="40.711546" lon="-74.01569"><ele>5.8</ele><time>2026-06-25T22:57:22.000Z</time><extensions><gpxtpx:TrackPointExtension><gpxtpx:hr>153</gpxtpx:hr></gpxtpx:TrackPointExtension></extensions></trkpt>
      <trkpt lat="40.711524" lon="-74.015698"><ele>5.8</ele><time>2026-06-25T22:57:23.000Z</time><extensions><gpxtpx:TrackPointExtension><gpxtpx:hr>153</gpxtpx:hr></gpxtpx:TrackPointExtension></extensions></trkpt>
      <trkpt lat="40.711502" lon="-74.015706"><ele>5.8</ele><time>2026-06-25T22:57:24.000Z</time><extensions><gpxtpx:TrackPointExtension><gpxtpx:hr>153</gpxtpx:hr></gpxtpx:TrackPointExtension></extensions></trkpt>
      <trkpt lat="40.711479" lon="-74.015713"><ele>5.8</ele><time>2026-06-25T22:57:25.000Z</time><extensions><gpxtpx:TrackPointExtension><gpxtpx:hr>153</gpxtpx:hr></gpxtpx:TrackPointExtension></extensions></trkpt>
      <trkpt lat="40.711455" lon="-74.015721"><ele>5.8</ele><time>2026-06-25T22:57:26.000Z</time><extensions><gpxtpx:TrackPointExtension><gpxtpx:hr>153</gpxtpx:hr></gpxtpx:TrackPointExtension></extensions></trkpt>
      <trkpt lat="40.711431" lon="-74.01573"><ele>5.8</ele><time>2026-06-25T22:57:27.000Z</time><extensions><gpxtpx:TrackPointExtension><gpxtpx:hr>153</gpxtpx:hr></gpxtpx:TrackPointExtension></extensions></trkpt>
      <trkpt lat="40.711407" lon="-74.015739"><ele>5.8</ele><time>2026-06-25T22:57:28.000Z</time><extensions><gpxtpx:TrackPointExtension><gpxtpx:hr>153</gpxtpx:hr></gpxtpx:TrackPointExtension></extensions></trkpt>
      <trkpt lat="40.711383" lon="-74.015748"><ele>5.8</ele><time>2026-06-25T22:57:29.000Z</time><extensions><gpxtpx:TrackPointExtension><gpxtpx:hr>153</gpxtpx:hr></gpxtpx:TrackPointExtension></extensions></trkpt>
      <trkpt lat="40.711359" lon="-74.015757"><ele>5.8</ele><time>2026-06-25T22:57:30.000Z</time><extensions><gpxtpx:TrackPointExtension><gpxtpx:hr>153</gpxtpx:hr></gpxtpx:TrackPointExtension></extensions></trkpt>
      <trkpt lat="40.711334" lon="-74.015766"><ele>5.8</ele><time>2026-06-25T22:57:31.000Z</time><extensions><gpxtpx:TrackPointExtension><gpxtpx:hr>154</gpxtpx:hr></gpxtpx:TrackPointExtension></extensions></trkpt>
      <trkpt lat="40.71131" lon="-74.015776"><ele>5.8</ele><time>2026-06-25T22:57:32.000Z</time><extensions><gpxtpx:TrackPointExtension><gpxtpx:hr>154</gpxtpx:hr></gpxtpx:TrackPointExtension></extensions></trkpt>
      <trkpt lat="40.711285" lon="-74.015786"><ele>5.8</ele><time>2026-06-25T22:57:33.000Z</time><extensions><gpxtpx:TrackPointExtension><gpxtpx:hr>154</gpxtpx:hr></gpxtpx:TrackPointExtension></extensions></trkpt>
      <trkpt lat="40.711261" lon="-74.015796"><ele>5.8</ele><time>2026-06-25T22:57:34.000Z</time><extensions><gpxtpx:TrackPointExtension><gpxtpx:hr>154</gpxtpx:hr></gpxtpx:TrackPointExtension></extensions></trkpt>
      <trkpt lat="40.711237" lon="-74.015805"><ele>5.8</ele><time>2026-06-25T22:57:35.000Z</time><extensions><gpxtpx:TrackPointExtension><gpxtpx:hr>154</gpxtpx:hr></gpxtpx:TrackPointExtension></extensions></trkpt>
      <trkpt lat="40.711214" lon="-74.015815"><ele>5.8</ele><time>2026-06-25T22:57:36.000Z</time><extensions><gpxtpx:TrackPointExtension><gpxtpx:hr>155</gpxtpx:hr></gpxtpx:TrackPointExtension></extensions></trkpt>
      <trkpt lat="40.711191" lon="-74.015824"><ele>5.8</ele><time>2026-06-25T22:57:37.000Z</time><extensions><gpxtpx:TrackPointExtension><gpxtpx:hr>155</gpxtpx:hr></gpxtpx:TrackPointExtension></extensions></trkpt>
      <trkpt lat="40.711167" lon="-74.015834"><ele>5.8</ele><time>2026-06-25T22:57:38.000Z</time><extensions><gpxtpx:TrackPointExtension><gpxtpx:hr>155</gpxtpx:hr></gpxtpx:TrackPointExtension></extensions></trkpt>
      <trkpt lat="40.711142" lon="-74.015843"><ele>5.8</ele><time>2026-06-25T22:57:39.000Z</time><extensions><gpxtpx:TrackPointExtension><gpxtpx:hr>153</gpxtpx:hr></gpxtpx:TrackPointExtension></extensions></trkpt>
      <trkpt lat="40.711118" lon="-74.015853"><ele>5.8</ele><time>2026-06-25T22:57:40.000Z</time><extensions><gpxtpx:TrackPointExtension><gpxtpx:hr>153</gpxtpx:hr></gpxtpx:TrackPointExtension></extensions></trkpt>
      <trkpt lat="40.711094" lon="-74.015862"><ele>5.8</ele><time>2026-06-25T22:57:41.000Z</time><extensions><gpxtpx:TrackPointExtension><gpxtpx:hr>153</gpxtpx:hr></gpxtpx:TrackPointExtension></extensions></trkpt>
      <trkpt lat="40.711071" lon="-74.015871"><ele>5.8</ele><time>2026-06-25T22:57:42.000Z</time><extensions><gpxtpx:TrackPointExtension><gpxtpx:hr>153</gpxtpx:hr></gpxtpx:TrackPointExtension></extensions></trkpt>
      <trkpt lat="40.711048" lon="-74.015879"><ele>5.8</ele><time>2026-06-25T22:57:43.000Z</time><extensions><gpxtpx:TrackPointExtension><gpxtpx:hr>153</gpxtpx:hr></gpxtpx:TrackPointExtension></extensions></trkpt>
      <trkpt lat="40.711027" lon="-74.015886"><ele>5.8</ele><time>2026-06-25T22:57:44.000Z</time><extensions><gpxtpx:TrackPointExtension><gpxtpx:hr>153</gpxtpx:hr></gpxtpx:TrackPointExtension></extensions></trkpt>
      <trkpt lat="40.711006" lon="-74.015894"><ele>5.8</ele><time>2026-06-25T22:57:45.000Z</time><extensions><gpxtpx:TrackPointExtension><gpxtpx:hr>153</gpxtpx:hr></gpxtpx:TrackPointExtension></extensions></trkpt>
      <trkpt lat="40.710987" lon="-74.015903"><ele>5.8</ele><time>2026-06-25T22:57:46.000Z</time><extensions><gpxtpx:TrackPointExtension><gpxtpx:hr>153</gpxtpx:hr></gpxtpx:TrackPointExtension></extensions></trkpt>
      <trkpt lat="40.710967" lon="-74.015914"><ele>5.8</ele><time>2026-06-25T22:57:47.000Z</time><extensions><gpxtpx:TrackPointExtension><gpxtpx:hr>153</gpxtpx:hr></gpxtpx:TrackPointExtension></extensions></trkpt>
      <trkpt lat="40.710949" lon="-74.015927"><ele>5.8</ele><time>2026-06-25T22:57:48.000Z</time><extensions><gpxtpx:TrackPointExtension><gpxtpx:hr>153</gpxtpx:hr></gpxtpx:TrackPointExtension></extensions></trkpt>
      <trkpt lat="40.71093" lon="-74.015941"><ele>5.8</ele><time>2026-06-25T22:57:49.000Z</time><extensions><gpxtpx:TrackPointExtension><gpxtpx:hr>153</gpxtpx:hr></gpxtpx:TrackPointExtension></extensions></trkpt>
      <trkpt lat="40.710913" lon="-74.015955"><ele>5.8</ele><time>2026-06-25T22:57:50.000Z</time><extensions><gpxtpx:TrackPointExtension><gpxtpx:hr>153</gpxtpx:hr></gpxtpx:TrackPointExtension></extensions></trkpt>
      <trkpt lat="40.710896" lon="-74.01597"><ele>5.8</ele><time>2026-06-25T22:57:51.000Z</time><extensions><gpxtpx:TrackPointExtension><gpxtpx:hr>153</gpxtpx:hr></gpxtpx:TrackPointExtension></extensions></trkpt>
      <trkpt lat="40.71088" lon="-74.015985"><ele>5.8</ele><time>2026-06-25T22:57:52.000Z</time><extensions><gpxtpx:TrackPointExtension><gpxtpx:hr>153</gpxtpx:hr></gpxtpx:TrackPointExtension></extensions></trkpt>
      <trkpt lat="40.710864" lon="-74.016001"><ele>5.8</ele><time>2026-06-25T22:57:53.000Z</time><extensions><gpxtpx:TrackPointExtension><gpxtpx:hr>152</gpxtpx:hr></gpxtpx:TrackPointExtension></extensions></trkpt>
      <trkpt lat="40.710849" lon="-74.016019"><ele>5.8</ele><time>2026-06-25T22:57:54.000Z</time><extensions><gpxtpx:TrackPointExtension><gpxtpx:hr>152</gpxtpx:hr></gpxtpx:TrackPointExtension></extensions></trkpt>
      <trkpt lat="40.710835" lon="-74.016038"><ele>5.6</ele><time>2026-06-25T22:57:55.000Z</time><extensions><gpxtpx:TrackPointExtension><gpxtpx:hr>152</gpxtpx:hr></gpxtpx:TrackPointExtension></extensions></trkpt>
      <trkpt lat="40.710823" lon="-74.016058"><ele>5.6</ele><time>2026-06-25T22:57:56.000Z</time><extensions><gpxtpx:TrackPointExtension><gpxtpx:hr>152</gpxtpx:hr></gpxtpx:TrackPointExtension></extensions></trkpt>
      <trkpt lat="40.710815" lon="-74.01608"><ele>5.6</ele><time>2026-06-25T22:57:57.000Z</time><extensions><gpxtpx:TrackPointExtension><gpxtpx:hr>152</gpxtpx:hr></gpxtpx:TrackPointExtension></extensions></trkpt>
      <trkpt lat="40.710815" lon="-74.016103"><ele>5.6</ele><time>2026-06-25T22:57:58.000Z</time><extensions><gpxtpx:TrackPointExtension><gpxtpx:hr>152</gpxtpx:hr></gpxtpx:TrackPointExtension></extensions></trkpt>
      <trkpt lat="40.71082" lon="-74.01613"><ele>5.6</ele><time>2026-06-25T22:57:59.000Z</time><extensions><gpxtpx:TrackPointExtension><gpxtpx:hr>152</gpxtpx:hr></gpxtpx:TrackPointExtension></extensions></trkpt>
      <trkpt lat="40.710825" lon="-74.016161"><ele>5.6</ele><time>2026-06-25T22:58:00.000Z</time><extensions><gpxtpx:TrackPointExtension><gpxtpx:hr>152</gpxtpx:hr></gpxtpx:TrackPointExtension></extensions></trkpt>
      <trkpt lat="40.71083" lon="-74.016192"><ele>5.6</ele><time>2026-06-25T22:58:01.000Z</time><extensions><gpxtpx:TrackPointExtension><gpxtpx:hr>152</gpxtpx:hr></gpxtpx:TrackPointExtension></extensions></trkpt>
      <trkpt lat="40.710835" lon="-74.016225"><ele>5.6</ele><time>2026-06-25T22:58:02.000Z</time><extensions><gpxtpx:TrackPointExtension><gpxtpx:hr>152</gpxtpx:hr></gpxtpx:TrackPointExtension></extensions></trkpt>
      <trkpt lat="40.71084" lon="-74.016258"><ele>5.6</ele><time>2026-06-25T22:58:03.000Z</time><extensions><gpxtpx:TrackPointExtension><gpxtpx:hr>152</gpxtpx:hr></gpxtpx:TrackPointExtension></extensions></trkpt>
      <trkpt lat="40.710844" lon="-74.016292"><ele>5.6</ele><time>2026-06-25T22:58:04.000Z</time><extensions><gpxtpx:TrackPointExtension><gpxtpx:hr>152</gpxtpx:hr></gpxtpx:TrackPointExtension></extensions></trkpt>
      <trkpt lat="40.710848" lon="-74.016326"><ele>5.4</ele><time>2026-06-25T22:58:05.000Z</time><extensions><gpxtpx:TrackPointExtension><gpxtpx:hr>152</gpxtpx:hr></gpxtpx:TrackPointExtension></extensions></trkpt>
      <trkpt lat="40.710851" lon="-74.016361"><ele>5.4</ele><time>2026-06-25T22:58:06.000Z</time><extensions><gpxtpx:TrackPointExtension><gpxtpx:hr>152</gpxtpx:hr></gpxtpx:TrackPointExtension></extensions></trkpt>
      <trkpt lat="40.710855" lon="-74.016396"><ele>5.4</ele><time>2026-06-25T22:58:07.000Z</time><extensions><gpxtpx:TrackPointExtension><gpxtpx:hr>152</gpxtpx:hr></gpxtpx:TrackPointExtension></extensions></trkpt>
      <trkpt lat="40.710859" lon="-74.016432"><ele>5.4</ele><time>2026-06-25T22:58:08.000Z</time><extensions><gpxtpx:TrackPointExtension><gpxtpx:hr>152</gpxtpx:hr></gpxtpx:TrackPointExtension></extensions></trkpt>
      <trkpt lat="40.710862" lon="-74.016467"><ele>5.4</ele><time>2026-06-25T22:58:09.000Z</time><extensions><gpxtpx:TrackPointExtension><gpxtpx:hr>152</gpxtpx:hr></gpxtpx:TrackPointExtension></extensions></trkpt>
      <trkpt lat="40.710865" lon="-74.016502"><ele>5.4</ele><time>2026-06-25T22:58:10.000Z</time><extensions><gpxtpx:TrackPointExtension><gpxtpx:hr>152</gpxtpx:hr></gpxtpx:TrackPointExtension></extensions></trkpt>
      <trkpt lat="40.71087" lon="-74.016574"><ele>5.4</ele><time>2026-06-25T22:58:11.000Z</time><extensions><gpxtpx:TrackPointExtension><gpxtpx:hr>152</gpxtpx:hr></gpxtpx:TrackPointExtension></extensions></trkpt>
      <trkpt lat="40.710871" lon="-74.016611"><ele>5.4</ele><time>2026-06-25T22:58:12.000Z</time><extensions><gpxtpx:TrackPointExtension><gpxtpx:hr>150</gpxtpx:hr></gpxtpx:TrackPointExtension></extensions></trkpt>
      <trkpt lat="40.710871" lon="-74.016648"><ele>5.2</ele><time>2026-06-25T22:58:13.000Z</time><extensions><gpxtpx:TrackPointExtension><gpxtpx:hr>150</gpxtpx:hr></gpxtpx:TrackPointExtension></extensions></trkpt>
      <trkpt lat="40.710871" lon="-74.016685"><ele>5.2</ele><time>2026-06-25T22:58:14.000Z</time><extensions><gpxtpx:TrackPointExtension><gpxtpx:hr>150</gpxtpx:hr></gpxtpx:TrackPointExtension></extensions></trkpt>
      <trkpt lat="40.710869" lon="-74.016723"><ele>5.2</ele><time>2026-06-25T22:58:15.000Z</time><extensions><gpxtpx:TrackPointExtension><gpxtpx:hr>150</gpxtpx:hr></gpxtpx:TrackPointExtension></extensions></trkpt>
      <trkpt lat="40.710866" lon="-74.01676"><ele>5.2</ele><time>2026-06-25T22:58:16.000Z</time><extensions><gpxtpx:TrackPointExtension><gpxtpx:hr>150</gpxtpx:hr></gpxtpx:TrackPointExtension></extensions></trkpt>
      <trkpt lat="40.710862" lon="-74.016799"><ele>5.2</ele><time>2026-06-25T22:58:17.000Z</time><extensions><gpxtpx:TrackPointExtension><gpxtpx:hr>150</gpxtpx:hr></gpxtpx:TrackPointExtension></extensions></trkpt>
      <trkpt lat="40.710856" lon="-74.016838"><ele>5.2</ele><time>2026-06-25T22:58:18.000Z</time><extensions><gpxtpx:TrackPointExtension><gpxtpx:hr>150</gpxtpx:hr></gpxtpx:TrackPointExtension></extensions></trkpt>
      <trkpt lat="40.710847" lon="-74.016879"><ele>5.2</ele><time>2026-06-25T22:58:19.000Z</time><extensions><gpxtpx:TrackPointExtension><gpxtpx:hr>150</gpxtpx:hr></gpxtpx:TrackPointExtension></extensions></trkpt>
      <trkpt lat="40.710837" lon="-74.016921"><ele>5.2</ele><time>2026-06-25T22:58:20.000Z</time><extensions><gpxtpx:TrackPointExtension><gpxtpx:hr>150</gpxtpx:hr></gpxtpx:TrackPointExtension></extensions></trkpt>
      <trkpt lat="40.710826" lon="-74.016962"><ele>5.2</ele><time>2026-06-25T22:58:21.000Z</time><extensions><gpxtpx:TrackPointExtension><gpxtpx:hr>150</gpxtpx:hr></gpxtpx:TrackPointExtension></extensions></trkpt>
      <trkpt lat="40.710815" lon="-74.017004"><ele>5</ele><time>2026-06-25T22:58:22.000Z</time><extensions><gpxtpx:TrackPointExtension><gpxtpx:hr>150</gpxtpx:hr></gpxtpx:TrackPointExtension></extensions></trkpt>
      <trkpt lat="40.710803" lon="-74.017048"><ele>5</ele><time>2026-06-25T22:58:23.000Z</time><extensions><gpxtpx:TrackPointExtension><gpxtpx:hr>150</gpxtpx:hr></gpxtpx:TrackPointExtension></extensions></trkpt>
      <trkpt lat="40.71079" lon="-74.017093"><ele>5</ele><time>2026-06-25T22:58:24.000Z</time><extensions><gpxtpx:TrackPointExtension><gpxtpx:hr>150</gpxtpx:hr></gpxtpx:TrackPointExtension></extensions></trkpt>
      <trkpt lat="40.710777" lon="-74.017141"><ele>5</ele><time>2026-06-25T22:58:25.000Z</time><extensions><gpxtpx:TrackPointExtension><gpxtpx:hr>150</gpxtpx:hr></gpxtpx:TrackPointExtension></extensions></trkpt>
      <trkpt lat="40.710765" lon="-74.017189"><ele>5</ele><time>2026-06-25T22:58:26.000Z</time><extensions><gpxtpx:TrackPointExtension><gpxtpx:hr>150</gpxtpx:hr></gpxtpx:TrackPointExtension></extensions></trkpt>
      <trkpt lat="40.710753" lon="-74.017238"><ele>5</ele><time>2026-06-25T22:58:27.000Z</time><extensions><gpxtpx:TrackPointExtension><gpxtpx:hr>150</gpxtpx:hr></gpxtpx:TrackPointExtension></extensions></trkpt>
      <trkpt lat="40.710741" lon="-74.017287"><ele>5</ele><time>2026-06-25T22:58:28.000Z</time><extensions><gpxtpx:TrackPointExtension><gpxtpx:hr>150</gpxtpx:hr></gpxtpx:TrackPointExtension></extensions></trkpt>
      <trkpt lat="40.71073" lon="-74.017337"><ele>5</ele><time>2026-06-25T22:58:29.000Z</time><extensions><gpxtpx:TrackPointExtension><gpxtpx:hr>150</gpxtpx:hr></gpxtpx:TrackPointExtension></extensions></trkpt>
      <trkpt lat="40.710718" lon="-74.017385"><ele>5</ele><time>2026-06-25T22:58:30.000Z</time><extensions><gpxtpx:TrackPointExtension><gpxtpx:hr>151</gpxtpx:hr></gpxtpx:TrackPointExtension></extensions></trkpt>
      <trkpt lat="40.710704" lon="-74.017433"><ele>5</ele><time>2026-06-25T22:58:31.000Z</time><extensions><gpxtpx:TrackPointExtension><gpxtpx:hr>151</gpxtpx:hr></gpxtpx:TrackPointExtension></extensions></trkpt>
      <trkpt lat="40.71069" lon="-74.01748"><ele>5</ele><time>2026-06-25T22:58:32.000Z</time><extensions><gpxtpx:TrackPointExtension><gpxtpx:hr>151</gpxtpx:hr></gpxtpx:TrackPointExtension></extensions></trkpt>
      <trkpt lat="40.710674" lon="-74.017528"><ele>5</ele><time>2026-06-25T22:58:33.000Z</time><extensions><gpxtpx:TrackPointExtension><gpxtpx:hr>151</gpxtpx:hr></gpxtpx:TrackPointExtension></extensions></trkpt>
      <trkpt lat="40.710657" lon="-74.017579"><ele>5</ele><time>2026-06-25T22:58:34.000Z</time><extensions><gpxtpx:TrackPointExtension><gpxtpx:hr>151</gpxtpx:hr></gpxtpx:TrackPointExtension></extensions></trkpt>
      <trkpt lat="40.710638" lon="-74.01763"><ele>5</ele><time>2026-06-25T22:58:35.000Z</time><extensions><gpxtpx:TrackPointExtension><gpxtpx:hr>151</gpxtpx:hr></gpxtpx:TrackPointExtension></extensions></trkpt>
      <trkpt lat="40.710618" lon="-74.017679"><ele>5</ele><time>2026-06-25T22:58:36.000Z</time><extensions><gpxtpx:TrackPointExtension><gpxtpx:hr>151</gpxtpx:hr></gpxtpx:TrackPointExtension></extensions></trkpt>
      <trkpt lat="40.710597" lon="-74.017727"><ele>5</ele><time>2026-06-25T22:58:37.000Z</time><extensions><gpxtpx:TrackPointExtension><gpxtpx:hr>151</gpxtpx:hr></gpxtpx:TrackPointExtension></extensions></trkpt>
      <trkpt lat="40.710573" lon="-74.017771"><ele>5</ele><time>2026-06-25T22:58:38.000Z</time><extensions><gpxtpx:TrackPointExtension><gpxtpx:hr>151</gpxtpx:hr></gpxtpx:TrackPointExtension></extensions></trkpt>
      <trkpt lat="40.710547" lon="-74.017813"><ele>4.8</ele><time>2026-06-25T22:58:39.000Z</time><extensions><gpxtpx:TrackPointExtension><gpxtpx:hr>151</gpxtpx:hr></gpxtpx:TrackPointExtension></extensions></trkpt>
      <trkpt lat="40.710521" lon="-74.017852"><ele>4.8</ele><time>2026-06-25T22:58:40.000Z</time><extensions><gpxtpx:TrackPointExtension><gpxtpx:hr>151</gpxtpx:hr></gpxtpx:TrackPointExtension></extensions></trkpt>
      <trkpt lat="40.710495" lon="-74.017888"><ele>4.8</ele><time>2026-06-25T22:58:41.000Z</time><extensions><gpxtpx:TrackPointExtension><gpxtpx:hr>151</gpxtpx:hr></gpxtpx:TrackPointExtension></extensions></trkpt>
      <trkpt lat="40.710467" lon="-74.017923"><ele>4.8</ele><time>2026-06-25T22:58:42.000Z</time><extensions><gpxtpx:TrackPointExtension><gpxtpx:hr>152</gpxtpx:hr></gpxtpx:TrackPointExtension></extensions></trkpt>
      <trkpt lat="40.710438" lon="-74.017958"><ele>4.6</ele><time>2026-06-25T22:58:43.000Z</time><extensions><gpxtpx:TrackPointExtension><gpxtpx:hr>152</gpxtpx:hr></gpxtpx:TrackPointExtension></extensions></trkpt>
      <trkpt lat="40.710408" lon="-74.017991"><ele>4.6</ele><time>2026-06-25T22:58:44.000Z</time><extensions><gpxtpx:TrackPointExtension><gpxtpx:hr>152</gpxtpx:hr></gpxtpx:TrackPointExtension></extensions></trkpt>
      <trkpt lat="40.710378" lon="-74.018021"><ele>4.6</ele><time>2026-06-25T22:58:45.000Z</time><extensions><gpxtpx:TrackPointExtension><gpxtpx:hr>152</gpxtpx:hr></gpxtpx:TrackPointExtension></extensions></trkpt>
      <trkpt lat="40.710348" lon="-74.018044"><ele>4.6</ele><time>2026-06-25T22:58:46.000Z</time><extensions><gpxtpx:TrackPointExtension><gpxtpx:hr>152</gpxtpx:hr></gpxtpx:TrackPointExtension></extensions></trkpt>
      <trkpt lat="40.710319" lon="-74.018062"><ele>4.6</ele><time>2026-06-25T22:58:47.000Z</time><extensions><gpxtpx:TrackPointExtension><gpxtpx:hr>152</gpxtpx:hr></gpxtpx:TrackPointExtension></extensions></trkpt>
      <trkpt lat="40.71029" lon="-74.018079"><ele>4.6</ele><time>2026-06-25T22:58:48.000Z</time><extensions><gpxtpx:TrackPointExtension><gpxtpx:hr>152</gpxtpx:hr></gpxtpx:TrackPointExtension></extensions></trkpt>
      <trkpt lat="40.710262" lon="-74.018093"><ele>4.6</ele><time>2026-06-25T22:58:49.000Z</time><extensions><gpxtpx:TrackPointExtension><gpxtpx:hr>152</gpxtpx:hr></gpxtpx:TrackPointExtension></extensions></trkpt>
      <trkpt lat="40.710233" lon="-74.018106"><ele>4.4</ele><time>2026-06-25T22:58:50.000Z</time><extensions><gpxtpx:TrackPointExtension><gpxtpx:hr>152</gpxtpx:hr></gpxtpx:TrackPointExtension></extensions></trkpt>
      <trkpt lat="40.710203" lon="-74.018119"><ele>4.4</ele><time>2026-06-25T22:58:51.000Z</time><extensions><gpxtpx:TrackPointExtension><gpxtpx:hr>152</gpxtpx:hr></gpxtpx:TrackPointExtension></extensions></trkpt>
      <trkpt lat="40.710171" lon="-74.018132"><ele>4.4</ele><time>2026-06-25T22:58:52.000Z</time><extensions><gpxtpx:TrackPointExtension><gpxtpx:hr>152</gpxtpx:hr></gpxtpx:TrackPointExtension></extensions></trkpt>
      <trkpt lat="40.71014" lon="-74.018144"><ele>4.4</ele><time>2026-06-25T22:58:53.000Z</time><extensions><gpxtpx:TrackPointExtension><gpxtpx:hr>152</gpxtpx:hr></gpxtpx:TrackPointExtension></extensions></trkpt>
      <trkpt lat="40.71011" lon="-74.018155"><ele>4.4</ele><time>2026-06-25T22:58:54.000Z</time><extensions><gpxtpx:TrackPointExtension><gpxtpx:hr>152</gpxtpx:hr></gpxtpx:TrackPointExtension></extensions></trkpt>
      <trkpt lat="40.710082" lon="-74.018166"><ele>4.4</ele><time>2026-06-25T22:58:55.000Z</time><extensions><gpxtpx:TrackPointExtension><gpxtpx:hr>152</gpxtpx:hr></gpxtpx:TrackPointExtension></extensions></trkpt>
      <trkpt lat="40.710054" lon="-74.018176"><ele>4.4</ele><time>2026-06-25T22:58:56.000Z</time><extensions><gpxtpx:TrackPointExtension><gpxtpx:hr>152</gpxtpx:hr></gpxtpx:TrackPointExtension></extensions></trkpt>
      <trkpt lat="40.710027" lon="-74.018185"><ele>4.4</ele><time>2026-06-25T22:58:57.000Z</time><extensions><gpxtpx:TrackPointExtension><gpxtpx:hr>153</gpxtpx:hr></gpxtpx:TrackPointExtension></extensions></trkpt>
      <trkpt lat="40.71" lon="-74.018194"><ele>4.2</ele><time>2026-06-25T22:58:58.000Z</time><extensions><gpxtpx:TrackPointExtension><gpxtpx:hr>153</gpxtpx:hr></gpxtpx:TrackPointExtension></extensions></trkpt>
      <trkpt lat="40.709973" lon="-74.018203"><ele>4.2</ele><time>2026-06-25T22:58:59.000Z</time><extensions><gpxtpx:TrackPointExtension><gpxtpx:hr>153</gpxtpx:hr></gpxtpx:TrackPointExtension></extensions></trkpt>
      <trkpt lat="40.709946" lon="-74.018211"><ele>4.2</ele><time>2026-06-25T22:59:00.000Z</time><extensions><gpxtpx:TrackPointExtension><gpxtpx:hr>153</gpxtpx:hr></gpxtpx:TrackPointExtension></extensions></trkpt>
      <trkpt lat="40.709919" lon="-74.018219"><ele>4.2</ele><time>2026-06-25T22:59:01.000Z</time><extensions><gpxtpx:TrackPointExtension><gpxtpx:hr>153</gpxtpx:hr></gpxtpx:TrackPointExtension></extensions></trkpt>
      <trkpt lat="40.709894" lon="-74.018227"><ele>4.2</ele><time>2026-06-25T22:59:02.000Z</time><extensions><gpxtpx:TrackPointExtension><gpxtpx:hr>153</gpxtpx:hr></gpxtpx:TrackPointExtension></extensions></trkpt>
      <trkpt lat="40.709868" lon="-74.018235"><ele>4.2</ele><time>2026-06-25T22:59:03.000Z</time><extensions><gpxtpx:TrackPointExtension><gpxtpx:hr>153</gpxtpx:hr></gpxtpx:TrackPointExtension></extensions></trkpt>
      <trkpt lat="40.709842" lon="-74.018243"><ele>4.2</ele><time>2026-06-25T22:59:04.000Z</time><extensions><gpxtpx:TrackPointExtension><gpxtpx:hr>153</gpxtpx:hr></gpxtpx:TrackPointExtension></extensions></trkpt>
      <trkpt lat="40.709816" lon="-74.018251"><ele>4.2</ele><time>2026-06-25T22:59:05.000Z</time><extensions><gpxtpx:TrackPointExtension><gpxtpx:hr>153</gpxtpx:hr></gpxtpx:TrackPointExtension></extensions></trkpt>
      <trkpt lat="40.70979" lon="-74.018258"><ele>4.2</ele><time>2026-06-25T22:59:06.000Z</time><extensions><gpxtpx:TrackPointExtension><gpxtpx:hr>152</gpxtpx:hr></gpxtpx:TrackPointExtension></extensions></trkpt>
      <trkpt lat="40.709765" lon="-74.018266"><ele>4.2</ele><time>2026-06-25T22:59:07.000Z</time><extensions><gpxtpx:TrackPointExtension><gpxtpx:hr>152</gpxtpx:hr></gpxtpx:TrackPointExtension></extensions></trkpt>
      <trkpt lat="40.709741" lon="-74.018273"><ele>4</ele><time>2026-06-25T22:59:08.000Z</time><extensions><gpxtpx:TrackPointExtension><gpxtpx:hr>152</gpxtpx:hr></gpxtpx:TrackPointExtension></extensions></trkpt>
      <trkpt lat="40.709716" lon="-74.01828"><ele>4</ele><time>2026-06-25T22:59:09.000Z</time><extensions><gpxtpx:TrackPointExtension><gpxtpx:hr>152</gpxtpx:hr></gpxtpx:TrackPointExtension></extensions></trkpt>
      <trkpt lat="40.709692" lon="-74.018287"><ele>3.8</ele><time>2026-06-25T22:59:10.000Z</time><extensions><gpxtpx:TrackPointExtension><gpxtpx:hr>151</gpxtpx:hr></gpxtpx:TrackPointExtension></extensions></trkpt>
      <trkpt lat="40.709667" lon="-74.018294"><ele>3.6</ele><time>2026-06-25T22:59:11.000Z</time><extensions><gpxtpx:TrackPointExtension><gpxtpx:hr>151</gpxtpx:hr></gpxtpx:TrackPointExtension></extensions></trkpt>
      <trkpt lat="40.709642" lon="-74.018301"><ele>3.4</ele><time>2026-06-25T22:59:12.000Z</time><extensions><gpxtpx:TrackPointExtension><gpxtpx:hr>151</gpxtpx:hr></gpxtpx:TrackPointExtension></extensions></trkpt>
      <trkpt lat="40.709616" lon="-74.018309"><ele>3</ele><time>2026-06-25T22:59:13.000Z</time><extensions><gpxtpx:TrackPointExtension><gpxtpx:hr>151</gpxtpx:hr></gpxtpx:TrackPointExtension></extensions></trkpt>
      <trkpt lat="40.709591" lon="-74.018316"><ele>2.8</ele><time>2026-06-25T22:59:14.000Z</time><extensions><gpxtpx:TrackPointExtension><gpxtpx:hr>151</gpxtpx:hr></gpxtpx:TrackPointExtension></extensions></trkpt>
      <trkpt lat="40.709565" lon="-74.018323"><ele>2.4</ele><time>2026-06-25T22:59:15.000Z</time><extensions><gpxtpx:TrackPointExtension><gpxtpx:hr>151</gpxtpx:hr></gpxtpx:TrackPointExtension></extensions></trkpt>
      <trkpt lat="40.70954" lon="-74.01833"><ele>2.2</ele><time>2026-06-25T22:59:16.000Z</time><extensions><gpxtpx:TrackPointExtension><gpxtpx:hr>151</gpxtpx:hr></gpxtpx:TrackPointExtension></extensions></trkpt>
      <trkpt lat="40.709516" lon="-74.018337"><ele>2</ele><time>2026-06-25T22:59:17.000Z</time><extensions><gpxtpx:TrackPointExtension><gpxtpx:hr>151</gpxtpx:hr></gpxtpx:TrackPointExtension></extensions></trkpt>
      <trkpt lat="40.709492" lon="-74.018344"><ele>1.6</ele><time>2026-06-25T22:59:18.000Z</time><extensions><gpxtpx:TrackPointExtension><gpxtpx:hr>152</gpxtpx:hr></gpxtpx:TrackPointExtension></extensions></trkpt>
      <trkpt lat="40.709467" lon="-74.018351"><ele>1.6</ele><time>2026-06-25T22:59:19.000Z</time><extensions><gpxtpx:TrackPointExtension><gpxtpx:hr>152</gpxtpx:hr></gpxtpx:TrackPointExtension></extensions></trkpt>
      <trkpt lat="40.709442" lon="-74.018358"><ele>1.4</ele><time>2026-06-25T22:59:20.000Z</time><extensions><gpxtpx:TrackPointExtension><gpxtpx:hr>152</gpxtpx:hr></gpxtpx:TrackPointExtension></extensions></trkpt>
      <trkpt lat="40.709416" lon="-74.018364"><ele>1.2</ele><time>2026-06-25T22:59:21.000Z</time><extensions><gpxtpx:TrackPointExtension><gpxtpx:hr>152</gpxtpx:hr></gpxtpx:TrackPointExtension></extensions></trkpt>
      <trkpt lat="40.70939" lon="-74.018369"><ele>1.2</ele><time>2026-06-25T22:59:22.000Z</time><extensions><gpxtpx:TrackPointExtension><gpxtpx:hr>152</gpxtpx:hr></gpxtpx:TrackPointExtension></extensions></trkpt>
      <trkpt lat="40.709363" lon="-74.018374"><ele>1</ele><time>2026-06-25T22:59:23.000Z</time><extensions><gpxtpx:TrackPointExtension><gpxtpx:hr>152</gpxtpx:hr></gpxtpx:TrackPointExtension></extensions></trkpt>
      <trkpt lat="40.709336" lon="-74.01838"><ele>1</ele><time>2026-06-25T22:59:24.000Z</time><extensions><gpxtpx:TrackPointExtension><gpxtpx:hr>152</gpxtpx:hr></gpxtpx:TrackPointExtension></extensions></trkpt>
      <trkpt lat="40.709309" lon="-74.018387"><ele>1</ele><time>2026-06-25T22:59:25.000Z</time><extensions><gpxtpx:TrackPointExtension><gpxtpx:hr>152</gpxtpx:hr></gpxtpx:TrackPointExtension></extensions></trkpt>
      <trkpt lat="40.709281" lon="-74.018394"><ele>1.2</ele><time>2026-06-25T22:59:26.000Z</time><extensions><gpxtpx:TrackPointExtension><gpxtpx:hr>152</gpxtpx:hr></gpxtpx:TrackPointExtension></extensions></trkpt>
      <trkpt lat="40.709254" lon="-74.0184"><ele>1.2</ele><time>2026-06-25T22:59:27.000Z</time><extensions><gpxtpx:TrackPointExtension><gpxtpx:hr>152</gpxtpx:hr></gpxtpx:TrackPointExtension></extensions></trkpt>
      <trkpt lat="40.709225" lon="-74.018406"><ele>1.2</ele><time>2026-06-25T22:59:28.000Z</time><extensions><gpxtpx:TrackPointExtension><gpxtpx:hr>152</gpxtpx:hr></gpxtpx:TrackPointExtension></extensions></trkpt>
      <trkpt lat="40.709197" lon="-74.018412"><ele>1.2</ele><time>2026-06-25T22:59:29.000Z</time><extensions><gpxtpx:TrackPointExtension><gpxtpx:hr>152</gpxtpx:hr></gpxtpx:TrackPointExtension></extensions></trkpt>
      <trkpt lat="40.70917" lon="-74.018419"><ele>1.2</ele><time>2026-06-25T22:59:30.000Z</time><extensions><gpxtpx:TrackPointExtension><gpxtpx:hr>152</gpxtpx:hr></gpxtpx:TrackPointExtension></extensions></trkpt>
      <trkpt lat="40.709144" lon="-74.018427"><ele>1.2</ele><time>2026-06-25T22:59:31.000Z</time><extensions><gpxtpx:TrackPointExtension><gpxtpx:hr>152</gpxtpx:hr></gpxtpx:TrackPointExtension></extensions></trkpt>
      <trkpt lat="40.709118" lon="-74.018436"><ele>1</ele><time>2026-06-25T22:59:32.000Z</time><extensions><gpxtpx:TrackPointExtension><gpxtpx:hr>151</gpxtpx:hr></gpxtpx:TrackPointExtension></extensions></trkpt>
      <trkpt lat="40.709092" lon="-74.018444"><ele>1</ele><time>2026-06-25T22:59:33.000Z</time><extensions><gpxtpx:TrackPointExtension><gpxtpx:hr>151</gpxtpx:hr></gpxtpx:TrackPointExtension></extensions></trkpt>
      <trkpt lat="40.709067" lon="-74.018451"><ele>1</ele><time>2026-06-25T22:59:34.000Z</time><extensions><gpxtpx:TrackPointExtension><gpxtpx:hr>151</gpxtpx:hr></gpxtpx:TrackPointExtension></extensions></trkpt>
      <trkpt lat="40.709042" lon="-74.018457"><ele>1</ele><time>2026-06-25T22:59:35.000Z</time><extensions><gpxtpx:TrackPointExtension><gpxtpx:hr>151</gpxtpx:hr></gpxtpx:TrackPointExtension></extensions></trkpt>
      <trkpt lat="40.709017" lon="-74.018461"><ele>1</ele><time>2026-06-25T22:59:36.000Z</time><extensions><gpxtpx:TrackPointExtension><gpxtpx:hr>151</gpxtpx:hr></gpxtpx:TrackPointExtension></extensions></trkpt>
      <trkpt lat="40.708992" lon="-74.018465"><ele>0.6</ele><time>2026-06-25T22:59:37.000Z</time><extensions><gpxtpx:TrackPointExtension><gpxtpx:hr>153</gpxtpx:hr></gpxtpx:TrackPointExtension></extensions></trkpt>
      <trkpt lat="40.708966" lon="-74.018469"><ele>0.2</ele><time>2026-06-25T22:59:38.000Z</time><extensions><gpxtpx:TrackPointExtension><gpxtpx:hr>153</gpxtpx:hr></gpxtpx:TrackPointExtension></extensions></trkpt>
      <trkpt lat="40.708941" lon="-74.018475"><ele>-0.2</ele><time>2026-06-25T22:59:39.000Z</time><extensions><gpxtpx:TrackPointExtension><gpxtpx:hr>153</gpxtpx:hr></gpxtpx:TrackPointExtension></extensions></trkpt>
      <trkpt lat="40.708916" lon="-74.018482"><ele>-0.8</ele><time>2026-06-25T22:59:40.000Z</time><extensions><gpxtpx:TrackPointExtension><gpxtpx:hr>153</gpxtpx:hr></gpxtpx:TrackPointExtension></extensions></trkpt>
      <trkpt lat="40.708892" lon="-74.018489"><ele>-1.4</ele><time>2026-06-25T22:59:41.000Z</time><extensions><gpxtpx:TrackPointExtension><gpxtpx:hr>153</gpxtpx:hr></gpxtpx:TrackPointExtension></extensions></trkpt>
      <trkpt lat="40.708871" lon="-74.018495"><ele>-2</ele><time>2026-06-25T22:59:42.000Z</time><extensions><gpxtpx:TrackPointExtension><gpxtpx:hr>153</gpxtpx:hr></gpxtpx:TrackPointExtension></extensions></trkpt>
      <trkpt lat="40.708851" lon="-74.018498"><ele>-2.6</ele><time>2026-06-25T22:59:43.000Z</time><extensions><gpxtpx:TrackPointExtension><gpxtpx:hr>153</gpxtpx:hr></gpxtpx:TrackPointExtension></extensions></trkpt>
      <trkpt lat="40.708833" lon="-74.018499"><ele>-3.2</ele><time>2026-06-25T22:59:44.000Z</time><extensions><gpxtpx:TrackPointExtension><gpxtpx:hr>153</gpxtpx:hr></gpxtpx:TrackPointExtension></extensions></trkpt>
      <trkpt lat="40.708817" lon="-74.018494"><ele>-4</ele><time>2026-06-25T22:59:45.000Z</time><extensions><gpxtpx:TrackPointExtension><gpxtpx:hr>155</gpxtpx:hr></gpxtpx:TrackPointExtension></extensions></trkpt>
      <trkpt lat="40.708804" lon="-74.018485"><ele>-4.8</ele><time>2026-06-25T22:59:46.000Z</time><extensions><gpxtpx:TrackPointExtension><gpxtpx:hr>155</gpxtpx:hr></gpxtpx:TrackPointExtension></extensions></trkpt>
      <trkpt lat="40.708804" lon="-74.018485"><ele>-4.8</ele><time>2026-06-25T22:59:47.000Z</time><extensions><gpxtpx:TrackPointExtension><gpxtpx:hr>155</gpxtpx:hr></gpxtpx:TrackPointExtension></extensions></trkpt>
      <trkpt lat="40.708769" lon="-74.018479"><ele>6.6</ele><time>2026-06-25T23:02:37.000Z</time><extensions><gpxtpx:TrackPointExtension><gpxtpx:hr>155</gpxtpx:hr></gpxtpx:TrackPointExtension></extensions></trkpt>
      <trkpt lat="40.708769" lon="-74.018473"><ele>6</ele><time>2026-06-25T23:02:38.000Z</time><extensions><gpxtpx:TrackPointExtension><gpxtpx:hr>101</gpxtpx:hr></gpxtpx:TrackPointExtension></extensions></trkpt>
      <trkpt lat="40.70877" lon="-74.018468"><ele>5.6</ele><time>2026-06-25T23:02:39.000Z</time><extensions><gpxtpx:TrackPointExtension><gpxtpx:hr>101</gpxtpx:hr></gpxtpx:TrackPointExtension></extensions></trkpt>
      <trkpt lat="40.70877" lon="-74.018463"><ele>5.2</ele><time>2026-06-25T23:02:40.000Z</time><extensions><gpxtpx:TrackPointExtension><gpxtpx:hr>101</gpxtpx:hr></gpxtpx:TrackPointExtension></extensions></trkpt>
      <trkpt lat="40.708771" lon="-74.018457"><ele>5</ele><time>2026-06-25T23:02:41.000Z</time><extensions><gpxtpx:TrackPointExtension><gpxtpx:hr>101</gpxtpx:hr></gpxtpx:TrackPointExtension></extensions></trkpt>
      <trkpt lat="40.708772" lon="-74.018449"><ele>4.8</ele><time>2026-06-25T23:02:42.000Z</time><extensions><gpxtpx:TrackPointExtension><gpxtpx:hr>101</gpxtpx:hr></gpxtpx:TrackPointExtension></extensions></trkpt>
      <trkpt lat="40.708773" lon="-74.018432"><ele>4.6</ele><time>2026-06-25T23:02:43.000Z</time><extensions><gpxtpx:TrackPointExtension><gpxtpx:hr>102</gpxtpx:hr></gpxtpx:TrackPointExtension></extensions></trkpt>
      <trkpt lat="40.708774" lon="-74.018407"><ele>4.6</ele><time>2026-06-25T23:02:44.000Z</time><extensions><gpxtpx:TrackPointExtension><gpxtpx:hr>102</gpxtpx:hr></gpxtpx:TrackPointExtension></extensions></trkpt>
      <trkpt lat="40.708772" lon="-74.018377"><ele>4.6</ele><time>2026-06-25T23:02:45.000Z</time><extensions><gpxtpx:TrackPointExtension><gpxtpx:hr>102</gpxtpx:hr></gpxtpx:TrackPointExtension></extensions></trkpt>
      <trkpt lat="40.708768" lon="-74.018347"><ele>4.6</ele><time>2026-06-25T23:02:46.000Z</time><extensions><gpxtpx:TrackPointExtension><gpxtpx:hr>102</gpxtpx:hr></gpxtpx:TrackPointExtension></extensions></trkpt>
      <trkpt lat="40.70876" lon="-74.018317"><ele>4.6</ele><time>2026-06-25T23:02:47.000Z</time><extensions><gpxtpx:TrackPointExtension><gpxtpx:hr>102</gpxtpx:hr></gpxtpx:TrackPointExtension></extensions></trkpt>
      <trkpt lat="40.70875" lon="-74.018287"><ele>4.8</ele><time>2026-06-25T23:02:48.000Z</time><extensions><gpxtpx:TrackPointExtension><gpxtpx:hr>102</gpxtpx:hr></gpxtpx:TrackPointExtension></extensions></trkpt>
      <trkpt lat="40.708739" lon="-74.018257"><ele>4.8</ele><time>2026-06-25T23:02:49.000Z</time><extensions><gpxtpx:TrackPointExtension><gpxtpx:hr>102</gpxtpx:hr></gpxtpx:TrackPointExtension></extensions></trkpt>
      <trkpt lat="40.708729" lon="-74.018226"><ele>4.8</ele><time>2026-06-25T23:02:50.000Z</time><extensions><gpxtpx:TrackPointExtension><gpxtpx:hr>102</gpxtpx:hr></gpxtpx:TrackPointExtension></extensions></trkpt>
      <trkpt lat="40.708718" lon="-74.018195"><ele>5</ele><time>2026-06-25T23:02:51.000Z</time><extensions><gpxtpx:TrackPointExtension><gpxtpx:hr>102</gpxtpx:hr></gpxtpx:TrackPointExtension></extensions></trkpt>
      <trkpt lat="40.708706" lon="-74.018164"><ele>5</ele><time>2026-06-25T23:02:52.000Z</time><extensions><gpxtpx:TrackPointExtension><gpxtpx:hr>118</gpxtpx:hr></gpxtpx:TrackPointExtension></extensions></trkpt>
      <trkpt lat="40.708694" lon="-74.018133"><ele>5.2</ele><time>2026-06-25T23:02:53.000Z</time><extensions><gpxtpx:TrackPointExtension><gpxtpx:hr>119</gpxtpx:hr></gpxtpx:TrackPointExtension></extensions></trkpt>
      <trkpt lat="40.708681" lon="-74.018103"><ele>5.2</ele><time>2026-06-25T23:02:54.000Z</time><extensions><gpxtpx:TrackPointExtension><gpxtpx:hr>119</gpxtpx:hr></gpxtpx:TrackPointExtension></extensions></trkpt>
      <trkpt lat="40.708667" lon="-74.018072"><ele>5.2</ele><time>2026-06-25T23:02:55.000Z</time><extensions><gpxtpx:TrackPointExtension><gpxtpx:hr>119</gpxtpx:hr></gpxtpx:TrackPointExtension></extensions></trkpt>
      <trkpt lat="40.708654" lon="-74.018041"><ele>5.2</ele><time>2026-06-25T23:02:56.000Z</time><extensions><gpxtpx:TrackPointExtension><gpxtpx:hr>119</gpxtpx:hr></gpxtpx:TrackPointExtension></extensions></trkpt>
      <trkpt lat="40.708641" lon="-74.018012"><ele>5.2</ele><time>2026-06-25T23:02:57.000Z</time><extensions><gpxtpx:TrackPointExtension><gpxtpx:hr>119</gpxtpx:hr></gpxtpx:TrackPointExtension></extensions></trkpt>
      <trkpt lat="40.708627" lon="-74.017983"><ele>5.2</ele><time>2026-06-25T23:02:58.000Z</time><extensions><gpxtpx:TrackPointExtension><gpxtpx:hr>119</gpxtpx:hr></gpxtpx:TrackPointExtension></extensions></trkpt>
      <trkpt lat="40.708618" lon="-74.017954"><ele>5.2</ele><time>2026-06-25T23:02:59.000Z</time><extensions><gpxtpx:TrackPointExtension><gpxtpx:hr>119</gpxtpx:hr></gpxtpx:TrackPointExtension></extensions></trkpt>
      <trkpt lat="40.708607" lon="-74.017925"><ele>5.2</ele><time>2026-06-25T23:03:00.000Z</time><extensions><gpxtpx:TrackPointExtension><gpxtpx:hr>119</gpxtpx:hr></gpxtpx:TrackPointExtension></extensions></trkpt>
      <trkpt lat="40.708596" lon="-74.017897"><ele>5.2</ele><time>2026-06-25T23:03:01.000Z</time><extensions><gpxtpx:TrackPointExtension><gpxtpx:hr>119</gpxtpx:hr></gpxtpx:TrackPointExtension></extensions></trkpt>
      <trkpt lat="40.708586" lon="-74.017868"><ele>5.4</ele><time>2026-06-25T23:03:02.000Z</time><extensions><gpxtpx:TrackPointExtension><gpxtpx:hr>130</gpxtpx:hr></gpxtpx:TrackPointExtension></extensions></trkpt>
      <trkpt lat="40.708577" lon="-74.017838"><ele>5.4</ele><time>2026-06-25T23:03:03.000Z</time><extensions><gpxtpx:TrackPointExtension><gpxtpx:hr>131</gpxtpx:hr></gpxtpx:TrackPointExtension></extensions></trkpt>
      <trkpt lat="40.708568" lon="-74.017807"><ele>5.4</ele><time>2026-06-25T23:03:04.000Z</time><extensions><gpxtpx:TrackPointExtension><gpxtpx:hr>131</gpxtpx:hr></gpxtpx:TrackPointExtension></extensions></trkpt>
      <trkpt lat="40.70856" lon="-74.017777"><ele>5.4</ele><time>2026-06-25T23:03:05.000Z</time><extensions><gpxtpx:TrackPointExtension><gpxtpx:hr>131</gpxtpx:hr></gpxtpx:TrackPointExtension></extensions></trkpt>
      <trkpt lat="40.708553" lon="-74.017742"><ele>5.4</ele><time>2026-06-25T23:03:06.000Z</time><extensions><gpxtpx:TrackPointExtension><gpxtpx:hr>131</gpxtpx:hr></gpxtpx:TrackPointExtension></extensions></trkpt>
      <trkpt lat="40.708545" lon="-74.01771"><ele>5.4</ele><time>2026-06-25T23:03:07.000Z</time><extensions><gpxtpx:TrackPointExtension><gpxtpx:hr>131</gpxtpx:hr></gpxtpx:TrackPointExtension></extensions></trkpt>
      <trkpt lat="40.708539" lon="-74.017678"><ele>5.4</ele><time>2026-06-25T23:03:08.000Z</time><extensions><gpxtpx:TrackPointExtension><gpxtpx:hr>131</gpxtpx:hr></gpxtpx:TrackPointExtension></extensions></trkpt>
      <trkpt lat="40.708534" lon="-74.017647"><ele>5.4</ele><time>2026-06-25T23:03:09.000Z</time><extensions><gpxtpx:TrackPointExtension><gpxtpx:hr>131</gpxtpx:hr></gpxtpx:TrackPointExtension></extensions></trkpt>
      <trkpt lat="40.70853" lon="-74.017615"><ele>5.4</ele><time>2026-06-25T23:03:10.000Z</time><extensions><gpxtpx:TrackPointExtension><gpxtpx:hr>137</gpxtpx:hr></gpxtpx:TrackPointExtension></extensions></trkpt>
      <trkpt lat="40.708527" lon="-74.017584"><ele>5.6</ele><time>2026-06-25T23:03:11.000Z</time><extensions><gpxtpx:TrackPointExtension><gpxtpx:hr>137</gpxtpx:hr></gpxtpx:TrackPointExtension></extensions></trkpt>
      <trkpt lat="40.708522" lon="-74.017553"><ele>5.6</ele><time>2026-06-25T23:03:12.000Z</time><extensions><gpxtpx:TrackPointExtension><gpxtpx:hr>137</gpxtpx:hr></gpxtpx:TrackPointExtension></extensions></trkpt>
      <trkpt lat="40.708517" lon="-74.017521"><ele>5.6</ele><time>2026-06-25T23:03:13.000Z</time><extensions><gpxtpx:TrackPointExtension><gpxtpx:hr>137</gpxtpx:hr></gpxtpx:TrackPointExtension></extensions></trkpt>
      <trkpt lat="40.70851" lon="-74.01749"><ele>5.6</ele><time>2026-06-25T23:03:14.000Z</time><extensions><gpxtpx:TrackPointExtension><gpxtpx:hr>138</gpxtpx:hr></gpxtpx:TrackPointExtension></extensions></trkpt>
      <trkpt lat="40.708502" lon="-74.017458"><ele>5.6</ele><time>2026-06-25T23:03:15.000Z</time><extensions><gpxtpx:TrackPointExtension><gpxtpx:hr>138</gpxtpx:hr></gpxtpx:TrackPointExtension></extensions></trkpt>
      <trkpt lat="40.708493" lon="-74.017425"><ele>5.8</ele><time>2026-06-25T23:03:16.000Z</time><extensions><gpxtpx:TrackPointExtension><gpxtpx:hr>138</gpxtpx:hr></gpxtpx:TrackPointExtension></extensions></trkpt>
      <trkpt lat="40.708483" lon="-74.017393"><ele>5.8</ele><time>2026-06-25T23:03:17.000Z</time><extensions><gpxtpx:TrackPointExtension><gpxtpx:hr>138</gpxtpx:hr></gpxtpx:TrackPointExtension></extensions></trkpt>
      <trkpt lat="40.708473" lon="-74.017361"><ele>5.8</ele><time>2026-06-25T23:03:18.000Z</time><extensions><gpxtpx:TrackPointExtension><gpxtpx:hr>138</gpxtpx:hr></gpxtpx:TrackPointExtension></extensions></trkpt>
      <trkpt lat="40.708462" lon="-74.01733"><ele>5.8</ele><time>2026-06-25T23:03:19.000Z</time><extensions><gpxtpx:TrackPointExtension><gpxtpx:hr>138</gpxtpx:hr></gpxtpx:TrackPointExtension></extensions></trkpt>
      <trkpt lat="40.708451" lon="-74.017298"><ele>5.8</ele><time>2026-06-25T23:03:20.000Z</time><extensions><gpxtpx:TrackPointExtension><gpxtpx:hr>138</gpxtpx:hr></gpxtpx:TrackPointExtension></extensions></trkpt>
      <trkpt lat="40.708439" lon="-74.017267"><ele>5.8</ele><time>2026-06-25T23:03:21.000Z</time><extensions><gpxtpx:TrackPointExtension><gpxtpx:hr>139</gpxtpx:hr></gpxtpx:TrackPointExtension></extensions></trkpt>
      <trkpt lat="40.708427" lon="-74.017236"><ele>5.8</ele><time>2026-06-25T23:03:22.000Z</time><extensions><gpxtpx:TrackPointExtension><gpxtpx:hr>139</gpxtpx:hr></gpxtpx:TrackPointExtension></extensions></trkpt>
      <trkpt lat="40.708414" lon="-74.017206"><ele>5.8</ele><time>2026-06-25T23:03:23.000Z</time><extensions><gpxtpx:TrackPointExtension><gpxtpx:hr>139</gpxtpx:hr></gpxtpx:TrackPointExtension></extensions></trkpt>
      <trkpt lat="40.708401" lon="-74.017177"><ele>5.8</ele><time>2026-06-25T23:03:24.000Z</time><extensions><gpxtpx:TrackPointExtension><gpxtpx:hr>139</gpxtpx:hr></gpxtpx:TrackPointExtension></extensions></trkpt>
      <trkpt lat="40.708388" lon="-74.017148"><ele>5.8</ele><time>2026-06-25T23:03:25.000Z</time><extensions><gpxtpx:TrackPointExtension><gpxtpx:hr>141</gpxtpx:hr></gpxtpx:TrackPointExtension></extensions></trkpt>
      <trkpt lat="40.708374" lon="-74.01712"><ele>5.8</ele><time>2026-06-25T23:03:26.000Z</time><extensions><gpxtpx:TrackPointExtension><gpxtpx:hr>141</gpxtpx:hr></gpxtpx:TrackPointExtension></extensions></trkpt>
      <trkpt lat="40.708361" lon="-74.017091"><ele>5.8</ele><time>2026-06-25T23:03:27.000Z</time><extensions><gpxtpx:TrackPointExtension><gpxtpx:hr>141</gpxtpx:hr></gpxtpx:TrackPointExtension></extensions></trkpt>
      <trkpt lat="40.708347" lon="-74.017062"><ele>5.6</ele><time>2026-06-25T23:03:28.000Z</time><extensions><gpxtpx:TrackPointExtension><gpxtpx:hr>141</gpxtpx:hr></gpxtpx:TrackPointExtension></extensions></trkpt>
      <trkpt lat="40.708333" lon="-74.017034"><ele>5.6</ele><time>2026-06-25T23:03:29.000Z</time><extensions><gpxtpx:TrackPointExtension><gpxtpx:hr>141</gpxtpx:hr></gpxtpx:TrackPointExtension></extensions></trkpt>
      <trkpt lat="40.708319" lon="-74.017006"><ele>5.6</ele><time>2026-06-25T23:03:30.000Z</time><extensions><gpxtpx:TrackPointExtension><gpxtpx:hr>141</gpxtpx:hr></gpxtpx:TrackPointExtension></extensions></trkpt>
      <trkpt lat="40.708305" lon="-74.016978"><ele>5.6</ele><time>2026-06-25T23:03:31.000Z</time><extensions><gpxtpx:TrackPointExtension><gpxtpx:hr>145</gpxtpx:hr></gpxtpx:TrackPointExtension></extensions></trkpt>
      <trkpt lat="40.70829" lon="-74.016951"><ele>5.4</ele><time>2026-06-25T23:03:32.000Z</time><extensions><gpxtpx:TrackPointExtension><gpxtpx:hr>145</gpxtpx:hr></gpxtpx:TrackPointExtension></extensions></trkpt>
      <trkpt lat="40.708275" lon="-74.016925"><ele>5.4</ele><time>2026-06-25T23:03:33.000Z</time><extensions><gpxtpx:TrackPointExtension><gpxtpx:hr>145</gpxtpx:hr></gpxtpx:TrackPointExtension></extensions></trkpt>
      <trkpt lat="40.708259" lon="-74.0169"><ele>5.4</ele><time>2026-06-25T23:03:34.000Z</time><extensions><gpxtpx:TrackPointExtension><gpxtpx:hr>145</gpxtpx:hr></gpxtpx:TrackPointExtension></extensions></trkpt>
      <trkpt lat="40.708243" lon="-74.016876"><ele>5.2</ele><time>2026-06-25T23:03:35.000Z</time><extensions><gpxtpx:TrackPointExtension><gpxtpx:hr>145</gpxtpx:hr></gpxtpx:TrackPointExtension></extensions></trkpt>
      <trkpt lat="40.708225" lon="-74.016853"><ele>5.2</ele><time>2026-06-25T23:03:36.000Z</time><extensions><gpxtpx:TrackPointExtension><gpxtpx:hr>145</gpxtpx:hr></gpxtpx:TrackPointExtension></extensions></trkpt>
      <trkpt lat="40.708206" lon="-74.016832"><ele>5.2</ele><time>2026-06-25T23:03:37.000Z</time><extensions><gpxtpx:TrackPointExtension><gpxtpx:hr>147</gpxtpx:hr></gpxtpx:TrackPointExtension></extensions></trkpt>
      <trkpt lat="40.708186" lon="-74.016814"><ele>5.2</ele><time>2026-06-25T23:03:38.000Z</time><extensions><gpxtpx:TrackPointExtension><gpxtpx:hr>147</gpxtpx:hr></gpxtpx:TrackPointExtension></extensions></trkpt>
      <trkpt lat="40.708165" lon="-74.016798"><ele>5.2</ele><time>2026-06-25T23:03:39.000Z</time><extensions><gpxtpx:TrackPointExtension><gpxtpx:hr>147</gpxtpx:hr></gpxtpx:TrackPointExtension></extensions></trkpt>
      <trkpt lat="40.708141" lon="-74.016784"><ele>5.2</ele><time>2026-06-25T23:03:40.000Z</time><extensions><gpxtpx:TrackPointExtension><gpxtpx:hr>147</gpxtpx:hr></gpxtpx:TrackPointExtension></extensions></trkpt>
      <trkpt lat="40.708116" lon="-74.016773"><ele>5.2</ele><time>2026-06-25T23:03:41.000Z</time><extensions><gpxtpx:TrackPointExtension><gpxtpx:hr>148</gpxtpx:hr></gpxtpx:TrackPointExtension></extensions></trkpt>
      <trkpt lat="40.708088" lon="-74.016766"><ele>5.2</ele><time>2026-06-25T23:03:42.000Z</time><extensions><gpxtpx:TrackPointExtension><gpxtpx:hr>148</gpxtpx:hr></gpxtpx:TrackPointExtension></extensions></trkpt>
      <trkpt lat="40.708059" lon="-74.016766"><ele>5.2</ele><time>2026-06-25T23:03:43.000Z</time><extensions><gpxtpx:TrackPointExtension><gpxtpx:hr>148</gpxtpx:hr></gpxtpx:TrackPointExtension></extensions></trkpt>
      <trkpt lat="40.708029" lon="-74.016772"><ele>5.2</ele><time>2026-06-25T23:03:44.000Z</time><extensions><gpxtpx:TrackPointExtension><gpxtpx:hr>148</gpxtpx:hr></gpxtpx:TrackPointExtension></extensions></trkpt>
      <trkpt lat="40.708" lon="-74.016784"><ele>5.2</ele><time>2026-06-25T23:03:45.000Z</time><extensions><gpxtpx:TrackPointExtension><gpxtpx:hr>148</gpxtpx:hr></gpxtpx:TrackPointExtension></extensions></trkpt>
      <trkpt lat="40.70797" lon="-74.016799"><ele>5.2</ele><time>2026-06-25T23:03:46.000Z</time><extensions><gpxtpx:TrackPointExtension><gpxtpx:hr>148</gpxtpx:hr></gpxtpx:TrackPointExtension></extensions></trkpt>
      <trkpt lat="40.707941" lon="-74.016816"><ele>5.2</ele><time>2026-06-25T23:03:47.000Z</time><extensions><gpxtpx:TrackPointExtension><gpxtpx:hr>148</gpxtpx:hr></gpxtpx:TrackPointExtension></extensions></trkpt>
      <trkpt lat="40.707913" lon="-74.016835"><ele>5.2</ele><time>2026-06-25T23:03:48.000Z</time><extensions><gpxtpx:TrackPointExtension><gpxtpx:hr>148</gpxtpx:hr></gpxtpx:TrackPointExtension></extensions></trkpt>
      <trkpt lat="40.707884" lon="-74.016855"><ele>5.2</ele><time>2026-06-25T23:03:49.000Z</time><extensions><gpxtpx:TrackPointExtension><gpxtpx:hr>148</gpxtpx:hr></gpxtpx:TrackPointExtension></extensions></trkpt>
      <trkpt lat="40.707855" lon="-74.016874"><ele>5.2</ele><time>2026-06-25T23:03:50.000Z</time><extensions><gpxtpx:TrackPointExtension><gpxtpx:hr>148</gpxtpx:hr></gpxtpx:TrackPointExtension></extensions></trkpt>
      <trkpt lat="40.707826" lon="-74.016891"><ele>5.2</ele><time>2026-06-25T23:03:51.000Z</time><extensions><gpxtpx:TrackPointExtension><gpxtpx:hr>148</gpxtpx:hr></gpxtpx:TrackPointExtension></extensions></trkpt>
      <trkpt lat="40.707797" lon="-74.016907"><ele>5.2</ele><time>2026-06-25T23:03:52.000Z</time><extensions><gpxtpx:TrackPointExtension><gpxtpx:hr>148</gpxtpx:hr></gpxtpx:TrackPointExtension></extensions></trkpt>
      <trkpt lat="40.707768" lon="-74.016923"><ele>5.2</ele><time>2026-06-25T23:03:53.000Z</time><extensions><gpxtpx:TrackPointExtension><gpxtpx:hr>148</gpxtpx:hr></gpxtpx:TrackPointExtension></extensions></trkpt>
      <trkpt lat="40.70774" lon="-74.016939"><ele>5.2</ele><time>2026-06-25T23:03:54.000Z</time><extensions><gpxtpx:TrackPointExtension><gpxtpx:hr>148</gpxtpx:hr></gpxtpx:TrackPointExtension></extensions></trkpt>
      <trkpt lat="40.707711" lon="-74.016954"><ele>5.2</ele><time>2026-06-25T23:03:55.000Z</time><extensions><gpxtpx:TrackPointExtension><gpxtpx:hr>148</gpxtpx:hr></gpxtpx:TrackPointExtension></extensions></trkpt>
      <trkpt lat="40.707683" lon="-74.016969"><ele>5.2</ele><time>2026-06-25T23:03:56.000Z</time><extensions><gpxtpx:TrackPointExtension><gpxtpx:hr>148</gpxtpx:hr></gpxtpx:TrackPointExtension></extensions></trkpt>
      <trkpt lat="40.707655" lon="-74.016984"><ele>5.4</ele><time>2026-06-25T23:03:57.000Z</time><extensions><gpxtpx:TrackPointExtension><gpxtpx:hr>150</gpxtpx:hr></gpxtpx:TrackPointExtension></extensions></trkpt>
      <trkpt lat="40.707628" lon="-74.016999"><ele>5.4</ele><time>2026-06-25T23:03:58.000Z</time><extensions><gpxtpx:TrackPointExtension><gpxtpx:hr>150</gpxtpx:hr></gpxtpx:TrackPointExtension></extensions></trkpt>
      <trkpt lat="40.7076" lon="-74.017013"><ele>5.4</ele><time>2026-06-25T23:03:59.000Z</time><extensions><gpxtpx:TrackPointExtension><gpxtpx:hr>147</gpxtpx:hr></gpxtpx:TrackPointExtension></extensions></trkpt>
      <trkpt lat="40.707573" lon="-74.017027"><ele>5.4</ele><time>2026-06-25T23:04:00.000Z</time><extensions><gpxtpx:TrackPointExtension><gpxtpx:hr>147</gpxtpx:hr></gpxtpx:TrackPointExtension></extensions></trkpt>
      <trkpt lat="40.707546" lon="-74.017042"><ele>5.4</ele><time>2026-06-25T23:04:01.000Z</time><extensions><gpxtpx:TrackPointExtension><gpxtpx:hr>147</gpxtpx:hr></gpxtpx:TrackPointExtension></extensions></trkpt>
      <trkpt lat="40.707519" lon="-74.017056"><ele>5.4</ele><time>2026-06-25T23:04:02.000Z</time><extensions><gpxtpx:TrackPointExtension><gpxtpx:hr>147</gpxtpx:hr></gpxtpx:TrackPointExtension></extensions></trkpt>
      <trkpt lat="40.707492" lon="-74.017071"><ele>5.6</ele><time>2026-06-25T23:04:03.000Z</time><extensions><gpxtpx:TrackPointExtension><gpxtpx:hr>147</gpxtpx:hr></gpxtpx:TrackPointExtension></extensions></trkpt>
      <trkpt lat="40.707466" lon="-74.017085"><ele>5.6</ele><time>2026-06-25T23:04:04.000Z</time><extensions><gpxtpx:TrackPointExtension><gpxtpx:hr>147</gpxtpx:hr></gpxtpx:TrackPointExtension></extensions></trkpt>
      <trkpt lat="40.707439" lon="-74.017099"><ele>5.6</ele><time>2026-06-25T23:04:05.000Z</time><extensions><gpxtpx:TrackPointExtension><gpxtpx:hr>147</gpxtpx:hr></gpxtpx:TrackPointExtension></extensions></trkpt>
      <trkpt lat="40.707412" lon="-74.017114"><ele>5.6</ele><time>2026-06-25T23:04:06.000Z</time><extensions><gpxtpx:TrackPointExtension><gpxtpx:hr>147</gpxtpx:hr></gpxtpx:TrackPointExtension></extensions></trkpt>
      <trkpt lat="40.707386" lon="-74.017128"><ele>5.6</ele><time>2026-06-25T23:04:07.000Z</time><extensions><gpxtpx:TrackPointExtension><gpxtpx:hr>148</gpxtpx:hr></gpxtpx:TrackPointExtension></extensions></trkpt>
      <trkpt lat="40.70736" lon="-74.017142"><ele>5.6</ele><time>2026-06-25T23:04:08.000Z</time><extensions><gpxtpx:TrackPointExtension><gpxtpx:hr>148</gpxtpx:hr></gpxtpx:TrackPointExtension></extensions></trkpt>
      <trkpt lat="40.707334" lon="-74.017156"><ele>5.6</ele><time>2026-06-25T23:04:09.000Z</time><extensions><gpxtpx:TrackPointExtension><gpxtpx:hr>148</gpxtpx:hr></gpxtpx:TrackPointExtension></extensions></trkpt>
      <trkpt lat="40.707309" lon="-74.017169"><ele>5.6</ele><time>2026-06-25T23:04:10.000Z</time><extensions><gpxtpx:TrackPointExtension><gpxtpx:hr>148</gpxtpx:hr></gpxtpx:TrackPointExtension></extensions></trkpt>
      <trkpt lat="40.707284" lon="-74.017183"><ele>5.4</ele><time>2026-06-25T23:04:11.000Z</time><extensions><gpxtpx:TrackPointExtension><gpxtpx:hr>148</gpxtpx:hr></gpxtpx:TrackPointExtension></extensions></trkpt>
      <trkpt lat="40.707259" lon="-74.017196"><ele>5.4</ele><time>2026-06-25T23:04:12.000Z</time><extensions><gpxtpx:TrackPointExtension><gpxtpx:hr>148</gpxtpx:hr></gpxtpx:TrackPointExtension></extensions></trkpt>
      <trkpt lat="40.707234" lon="-74.017209"><ele>5.4</ele><time>2026-06-25T23:04:13.000Z</time><extensions><gpxtpx:TrackPointExtension><gpxtpx:hr>148</gpxtpx:hr></gpxtpx:TrackPointExtension></extensions></trkpt>
      <trkpt lat="40.707209" lon="-74.017222"><ele>5.4</ele><time>2026-06-25T23:04:14.000Z</time><extensions><gpxtpx:TrackPointExtension><gpxtpx:hr>148</gpxtpx:hr></gpxtpx:TrackPointExtension></extensions></trkpt>
      <trkpt lat="40.707184" lon="-74.017236"><ele>5.4</ele><time>2026-06-25T23:04:15.000Z</time><extensions><gpxtpx:TrackPointExtension><gpxtpx:hr>148</gpxtpx:hr></gpxtpx:TrackPointExtension></extensions></trkpt>
      <trkpt lat="40.70716" lon="-74.017249"><ele>5.4</ele><time>2026-06-25T23:04:16.000Z</time><extensions><gpxtpx:TrackPointExtension><gpxtpx:hr>148</gpxtpx:hr></gpxtpx:TrackPointExtension></extensions></trkpt>
      <trkpt lat="40.707136" lon="-74.017263"><ele>5.2</ele><time>2026-06-25T23:04:17.000Z</time><extensions><gpxtpx:TrackPointExtension><gpxtpx:hr>148</gpxtpx:hr></gpxtpx:TrackPointExtension></extensions></trkpt>
      <trkpt lat="40.707111" lon="-74.017277"><ele>5.2</ele><time>2026-06-25T23:04:18.000Z</time><extensions><gpxtpx:TrackPointExtension><gpxtpx:hr>148</gpxtpx:hr></gpxtpx:TrackPointExtension></extensions></trkpt>
      <trkpt lat="40.707087" lon="-74.017292"><ele>5.2</ele><time>2026-06-25T23:04:19.000Z</time><extensions><gpxtpx:TrackPointExtension><gpxtpx:hr>148</gpxtpx:hr></gpxtpx:TrackPointExtension></extensions></trkpt>
      <trkpt lat="40.707064" lon="-74.017306"><ele>5.2</ele><time>2026-06-25T23:04:20.000Z</time><extensions><gpxtpx:TrackPointExtension><gpxtpx:hr>148</gpxtpx:hr></gpxtpx:TrackPointExtension></extensions></trkpt>
      <trkpt lat="40.707041" lon="-74.01732"><ele>5.2</ele><time>2026-06-25T23:04:21.000Z</time><extensions><gpxtpx:TrackPointExtension><gpxtpx:hr>150</gpxtpx:hr></gpxtpx:TrackPointExtension></extensions></trkpt>
      <trkpt lat="40.70702" lon="-74.017334"><ele>5.2</ele><time>2026-06-25T23:04:22.000Z</time><extensions><gpxtpx:TrackPointExtension><gpxtpx:hr>150</gpxtpx:hr></gpxtpx:TrackPointExtension></extensions></trkpt>
      <trkpt lat="40.706999" lon="-74.017347"><ele>5.2</ele><time>2026-06-25T23:04:23.000Z</time><extensions><gpxtpx:TrackPointExtension><gpxtpx:hr>150</gpxtpx:hr></gpxtpx:TrackPointExtension></extensions></trkpt>
      <trkpt lat="40.706978" lon="-74.01736"><ele>5.2</ele><time>2026-06-25T23:04:24.000Z</time><extensions><gpxtpx:TrackPointExtension><gpxtpx:hr>150</gpxtpx:hr></gpxtpx:TrackPointExtension></extensions></trkpt>
      <trkpt lat="40.706957" lon="-74.017374"><ele>5.4</ele><time>2026-06-25T23:04:25.000Z</time><extensions><gpxtpx:TrackPointExtension><gpxtpx:hr>150</gpxtpx:hr></gpxtpx:TrackPointExtension></extensions></trkpt>
      <trkpt lat="40.706936" lon="-74.017388"><ele>5.4</ele><time>2026-06-25T23:04:26.000Z</time><extensions><gpxtpx:TrackPointExtension><gpxtpx:hr>149</gpxtpx:hr></gpxtpx:TrackPointExtension></extensions></trkpt>
      <trkpt lat="40.706914" lon="-74.017402"><ele>5.4</ele><time>2026-06-25T23:04:27.000Z</time><extensions><gpxtpx:TrackPointExtension><gpxtpx:hr>149</gpxtpx:hr></gpxtpx:TrackPointExtension></extensions></trkpt>
      <trkpt lat="40.706892" lon="-74.017417"><ele>5.6</ele><time>2026-06-25T23:04:28.000Z</time><extensions><gpxtpx:TrackPointExtension><gpxtpx:hr>149</gpxtpx:hr></gpxtpx:TrackPointExtension></extensions></trkpt>
      <trkpt lat="40.706869" lon="-74.017432"><ele>5.6</ele><time>2026-06-25T23:04:29.000Z</time><extensions><gpxtpx:TrackPointExtension><gpxtpx:hr>149</gpxtpx:hr></gpxtpx:TrackPointExtension></extensions></trkpt>
      <trkpt lat="40.706847" lon="-74.017447"><ele>5.8</ele><time>2026-06-25T23:04:30.000Z</time><extensions><gpxtpx:TrackPointExtension><gpxtpx:hr>149</gpxtpx:hr></gpxtpx:TrackPointExtension></extensions></trkpt>
      <trkpt lat="40.706825" lon="-74.017461"><ele>5.8</ele><time>2026-06-25T23:04:31.000Z</time><extensions><gpxtpx:TrackPointExtension><gpxtpx:hr>149</gpxtpx:hr></gpxtpx:TrackPointExtension></extensions></trkpt>
      <trkpt lat="40.706805" lon="-74.017475"><ele>6</ele><time>2026-06-25T23:04:32.000Z</time><extensions><gpxtpx:TrackPointExtension><gpxtpx:hr>149</gpxtpx:hr></gpxtpx:TrackPointExtension></extensions></trkpt>
      <trkpt lat="40.706786" lon="-74.017488"><ele>6</ele><time>2026-06-25T23:04:33.000Z</time><extensions><gpxtpx:TrackPointExtension><gpxtpx:hr>149</gpxtpx:hr></gpxtpx:TrackPointExtension></extensions></trkpt>
      <trkpt lat="40.706768" lon="-74.017499"><ele>6</ele><time>2026-06-25T23:04:34.000Z</time><extensions><gpxtpx:TrackPointExtension><gpxtpx:hr>149</gpxtpx:hr></gpxtpx:TrackPointExtension></extensions></trkpt>
      <trkpt lat="40.706751" lon="-74.017511"><ele>6</ele><time>2026-06-25T23:04:35.000Z</time><extensions><gpxtpx:TrackPointExtension><gpxtpx:hr>149</gpxtpx:hr></gpxtpx:TrackPointExtension></extensions></trkpt>
      <trkpt lat="40.706733" lon="-74.017523"><ele>6</ele><time>2026-06-25T23:04:36.000Z</time><extensions><gpxtpx:TrackPointExtension><gpxtpx:hr>149</gpxtpx:hr></gpxtpx:TrackPointExtension></extensions></trkpt>
      <trkpt lat="40.706713" lon="-74.017535"><ele>5.8</ele><time>2026-06-25T23:04:37.000Z</time><extensions><gpxtpx:TrackPointExtension><gpxtpx:hr>149</gpxtpx:hr></gpxtpx:TrackPointExtension></extensions></trkpt>
      <trkpt lat="40.706692" lon="-74.017549"><ele>5.8</ele><time>2026-06-25T23:04:38.000Z</time><extensions><gpxtpx:TrackPointExtension><gpxtpx:hr>149</gpxtpx:hr></gpxtpx:TrackPointExtension></extensions></trkpt>
      <trkpt lat="40.706669" lon="-74.017563"><ele>5.6</ele><time>2026-06-25T23:04:39.000Z</time><extensions><gpxtpx:TrackPointExtension><gpxtpx:hr>149</gpxtpx:hr></gpxtpx:TrackPointExtension></extensions></trkpt>
      <trkpt lat="40.706645" lon="-74.017578"><ele>5.4</ele><time>2026-06-25T23:04:40.000Z</time><extensions><gpxtpx:TrackPointExtension><gpxtpx:hr>150</gpxtpx:hr></gpxtpx:TrackPointExtension></extensions></trkpt>
      <trkpt lat="40.70662" lon="-74.017593"><ele>5.4</ele><time>2026-06-25T23:04:41.000Z</time><extensions><gpxtpx:TrackPointExtension><gpxtpx:hr>150</gpxtpx:hr></gpxtpx:TrackPointExtension></extensions></trkpt>
      <trkpt lat="40.706594" lon="-74.017607"><ele>5.2</ele><time>2026-06-25T23:04:42.000Z</time><extensions><gpxtpx:TrackPointExtension><gpxtpx:hr>150</gpxtpx:hr></gpxtpx:TrackPointExtension></extensions></trkpt>
      <trkpt lat="40.706568" lon="-74.017621"><ele>5.2</ele><time>2026-06-25T23:04:43.000Z</time><extensions><gpxtpx:TrackPointExtension><gpxtpx:hr>151</gpxtpx:hr></gpxtpx:TrackPointExtension></extensions></trkpt>
      <trkpt lat="40.706542" lon="-74.017635"><ele>5.2</ele><time>2026-06-25T23:04:44.000Z</time><extensions><gpxtpx:TrackPointExtension><gpxtpx:hr>151</gpxtpx:hr></gpxtpx:TrackPointExtension></extensions></trkpt>
      <trkpt lat="40.706515" lon="-74.017649"><ele>5</ele><time>2026-06-25T23:04:45.000Z</time><extensions><gpxtpx:TrackPointExtension><gpxtpx:hr>151</gpxtpx:hr></gpxtpx:TrackPointExtension></extensions></trkpt>
      <trkpt lat="40.706488" lon="-74.017662"><ele>5</ele><time>2026-06-25T23:04:46.000Z</time><extensions><gpxtpx:TrackPointExtension><gpxtpx:hr>151</gpxtpx:hr></gpxtpx:TrackPointExtension></extensions></trkpt>
      <trkpt lat="40.70646" lon="-74.017675"><ele>5</ele><time>2026-06-25T23:04:47.000Z</time><extensions><gpxtpx:TrackPointExtension><gpxtpx:hr>151</gpxtpx:hr></gpxtpx:TrackPointExtension></extensions></trkpt>
      <trkpt lat="40.706432" lon="-74.017687"><ele>5</ele><time>2026-06-25T23:04:48.000Z</time><extensions><gpxtpx:TrackPointExtension><gpxtpx:hr>151</gpxtpx:hr></gpxtpx:TrackPointExtension></extensions></trkpt>
      <trkpt lat="40.706404" lon="-74.017699"><ele>4.8</ele><time>2026-06-25T23:04:49.000Z</time><extensions><gpxtpx:TrackPointExtension><gpxtpx:hr>151</gpxtpx:hr></gpxtpx:TrackPointExtension></extensions></trkpt>
      <trkpt lat="40.706376" lon="-74.01771"><ele>4.8</ele><time>2026-06-25T23:04:50.000Z</time><extensions><gpxtpx:TrackPointExtension><gpxtpx:hr>151</gpxtpx:hr></gpxtpx:TrackPointExtension></extensions></trkpt>
      <trkpt lat="40.706348" lon="-74.01772"><ele>4.8</ele><time>2026-06-25T23:04:51.000Z</time><extensions><gpxtpx:TrackPointExtension><gpxtpx:hr>151</gpxtpx:hr></gpxtpx:TrackPointExtension></extensions></trkpt>
      <trkpt lat="40.706321" lon="-74.017729"><ele>4.6</ele><time>2026-06-25T23:04:52.000Z</time><extensions><gpxtpx:TrackPointExtension><gpxtpx:hr>150</gpxtpx:hr></gpxtpx:TrackPointExtension></extensions></trkpt>
      <trkpt lat="40.706294" lon="-74.017738"><ele>4.6</ele><time>2026-06-25T23:04:53.000Z</time><extensions><gpxtpx:TrackPointExtension><gpxtpx:hr>150</gpxtpx:hr></gpxtpx:TrackPointExtension></extensions></trkpt>
      <trkpt lat="40.706268" lon="-74.017746"><ele>4.6</ele><time>2026-06-25T23:04:54.000Z</time><extensions><gpxtpx:TrackPointExtension><gpxtpx:hr>150</gpxtpx:hr></gpxtpx:TrackPointExtension></extensions></trkpt>
      <trkpt lat="40.706242" lon="-74.017753"><ele>4.6</ele><time>2026-06-25T23:04:55.000Z</time><extensions><gpxtpx:TrackPointExtension><gpxtpx:hr>150</gpxtpx:hr></gpxtpx:TrackPointExtension></extensions></trkpt>
      <trkpt lat="40.706216" lon="-74.017759"><ele>4.6</ele><time>2026-06-25T23:04:56.000Z</time><extensions><gpxtpx:TrackPointExtension><gpxtpx:hr>149</gpxtpx:hr></gpxtpx:TrackPointExtension></extensions></trkpt>
      <trkpt lat="40.706191" lon="-74.017764"><ele>4.6</ele><time>2026-06-25T23:04:57.000Z</time><extensions><gpxtpx:TrackPointExtension><gpxtpx:hr>149</gpxtpx:hr></gpxtpx:TrackPointExtension></extensions></trkpt>
      <trkpt lat="40.706168" lon="-74.017768"><ele>4.6</ele><time>2026-06-25T23:04:58.000Z</time><extensions><gpxtpx:TrackPointExtension><gpxtpx:hr>149</gpxtpx:hr></gpxtpx:TrackPointExtension></extensions></trkpt>
      <trkpt lat="40.706145" lon="-74.017772"><ele>4.6</ele><time>2026-06-25T23:04:59.000Z</time><extensions><gpxtpx:TrackPointExtension><gpxtpx:hr>149</gpxtpx:hr></gpxtpx:TrackPointExtension></extensions></trkpt>
      <trkpt lat="40.706123" lon="-74.017777"><ele>4.6</ele><time>2026-06-25T23:05:00.000Z</time><extensions><gpxtpx:TrackPointExtension><gpxtpx:hr>149</gpxtpx:hr></gpxtpx:TrackPointExtension></extensions></trkpt>
      <trkpt lat="40.706102" lon="-74.017782"><ele>4.8</ele><time>2026-06-25T23:05:01.000Z</time><extensions><gpxtpx:TrackPointExtension><gpxtpx:hr>149</gpxtpx:hr></gpxtpx:TrackPointExtension></extensions></trkpt>
      <trkpt lat="40.706084" lon="-74.017787"><ele>4.8</ele><time>2026-06-25T23:05:02.000Z</time><extensions><gpxtpx:TrackPointExtension><gpxtpx:hr>149</gpxtpx:hr></gpxtpx:TrackPointExtension></extensions></trkpt>
      <trkpt lat="40.706064" lon="-74.01779"><ele>5</ele><time>2026-06-25T23:05:03.000Z</time><extensions><gpxtpx:TrackPointExtension><gpxtpx:hr>149</gpxtpx:hr></gpxtpx:TrackPointExtension></extensions></trkpt>
      <trkpt lat="40.706041" lon="-74.017792"><ele>5</ele><time>2026-06-25T23:05:04.000Z</time><extensions><gpxtpx:TrackPointExtension><gpxtpx:hr>149</gpxtpx:hr></gpxtpx:TrackPointExtension></extensions></trkpt>
      <trkpt lat="40.706015" lon="-74.01779"><ele>5.2</ele><time>2026-06-25T23:05:05.000Z</time><extensions><gpxtpx:TrackPointExtension><gpxtpx:hr>149</gpxtpx:hr></gpxtpx:TrackPointExtension></extensions></trkpt>
      <trkpt lat="40.70599" lon="-74.017786"><ele>5.2</ele><time>2026-06-25T23:05:06.000Z</time><extensions><gpxtpx:TrackPointExtension><gpxtpx:hr>149</gpxtpx:hr></gpxtpx:TrackPointExtension></extensions></trkpt>
      <trkpt lat="40.705968" lon="-74.017782"><ele>5.2</ele><time>2026-06-25T23:05:07.000Z</time><extensions><gpxtpx:TrackPointExtension><gpxtpx:hr>149</gpxtpx:hr></gpxtpx:TrackPointExtension></extensions></trkpt>
      <trkpt lat="40.705948" lon="-74.017781"><ele>5.4</ele><time>2026-06-25T23:05:08.000Z</time><extensions><gpxtpx:TrackPointExtension><gpxtpx:hr>150</gpxtpx:hr></gpxtpx:TrackPointExtension></extensions></trkpt>
      <trkpt lat="40.705929" lon="-74.017781"><ele>5.4</ele><time>2026-06-25T23:05:09.000Z</time><extensions><gpxtpx:TrackPointExtension><gpxtpx:hr>150</gpxtpx:hr></gpxtpx:TrackPointExtension></extensions></trkpt>
      <trkpt lat="40.70591" lon="-74.017781"><ele>5.4</ele><time>2026-06-25T23:05:10.000Z</time><extensions><gpxtpx:TrackPointExtension><gpxtpx:hr>150</gpxtpx:hr></gpxtpx:TrackPointExtension></extensions></trkpt>
      <trkpt lat="40.705889" lon="-74.017782"><ele>5.4</ele><time>2026-06-25T23:05:11.000Z</time><extensions><gpxtpx:TrackPointExtension><gpxtpx:hr>150</gpxtpx:hr></gpxtpx:TrackPointExtension></extensions></trkpt>
      <trkpt lat="40.705868" lon="-74.017781"><ele>5.4</ele><time>2026-06-25T23:05:12.000Z</time><extensions><gpxtpx:TrackPointExtension><gpxtpx:hr>150</gpxtpx:hr></gpxtpx:TrackPointExtension></extensions></trkpt>
      <trkpt lat="40.705847" lon="-74.017778"><ele>5.4</ele><time>2026-06-25T23:05:13.000Z</time><extensions><gpxtpx:TrackPointExtension><gpxtpx:hr>150</gpxtpx:hr></gpxtpx:TrackPointExtension></extensions></trkpt>
      <trkpt lat="40.705826" lon="-74.017774"><ele>5.4</ele><time>2026-06-25T23:05:14.000Z</time><extensions><gpxtpx:TrackPointExtension><gpxtpx:hr>150</gpxtpx:hr></gpxtpx:TrackPointExtension></extensions></trkpt>
      <trkpt lat="40.705805" lon="-74.017769"><ele>5.4</ele><time>2026-06-25T23:05:15.000Z</time><extensions><gpxtpx:TrackPointExtension><gpxtpx:hr>150</gpxtpx:hr></gpxtpx:TrackPointExtension></extensions></trkpt>
      <trkpt lat="40.705781" lon="-74.017765"><ele>5.4</ele><time>2026-06-25T23:05:16.000Z</time><extensions><gpxtpx:TrackPointExtension><gpxtpx:hr>150</gpxtpx:hr></gpxtpx:TrackPointExtension></extensions></trkpt>
      <trkpt lat="40.705757" lon="-74.01776"><ele>5.4</ele><time>2026-06-25T23:05:17.000Z</time><extensions><gpxtpx:TrackPointExtension><gpxtpx:hr>150</gpxtpx:hr></gpxtpx:TrackPointExtension></extensions></trkpt>
      <trkpt lat="40.705731" lon="-74.017753"><ele>5.4</ele><time>2026-06-25T23:05:18.000Z</time><extensions><gpxtpx:TrackPointExtension><gpxtpx:hr>150</gpxtpx:hr></gpxtpx:TrackPointExtension></extensions></trkpt>
      <trkpt lat="40.705705" lon="-74.017744"><ele>5.4</ele><time>2026-06-25T23:05:19.000Z</time><extensions><gpxtpx:TrackPointExtension><gpxtpx:hr>150</gpxtpx:hr></gpxtpx:TrackPointExtension></extensions></trkpt>
      <trkpt lat="40.70568" lon="-74.017735"><ele>5.4</ele><time>2026-06-25T23:05:20.000Z</time><extensions><gpxtpx:TrackPointExtension><gpxtpx:hr>150</gpxtpx:hr></gpxtpx:TrackPointExtension></extensions></trkpt>
      <trkpt lat="40.705656" lon="-74.017728"><ele>5.4</ele><time>2026-06-25T23:05:21.000Z</time><extensions><gpxtpx:TrackPointExtension><gpxtpx:hr>150</gpxtpx:hr></gpxtpx:TrackPointExtension></extensions></trkpt>
      <trkpt lat="40.705635" lon="-74.017722"><ele>5.4</ele><time>2026-06-25T23:05:22.000Z</time><extensions><gpxtpx:TrackPointExtension><gpxtpx:hr>149</gpxtpx:hr></gpxtpx:TrackPointExtension></extensions></trkpt>
      <trkpt lat="40.705617" lon="-74.017719"><ele>5.4</ele><time>2026-06-25T23:05:23.000Z</time><extensions><gpxtpx:TrackPointExtension><gpxtpx:hr>149</gpxtpx:hr></gpxtpx:TrackPointExtension></extensions></trkpt>
      <trkpt lat="40.705599" lon="-74.017716"><ele>5.4</ele><time>2026-06-25T23:05:24.000Z</time><extensions><gpxtpx:TrackPointExtension><gpxtpx:hr>149</gpxtpx:hr></gpxtpx:TrackPointExtension></extensions></trkpt>
      <trkpt lat="40.705581" lon="-74.017713"><ele>5.4</ele><time>2026-06-25T23:05:25.000Z</time><extensions><gpxtpx:TrackPointExtension><gpxtpx:hr>149</gpxtpx:hr></gpxtpx:TrackPointExtension></extensions></trkpt>
      <trkpt lat="40.705563" lon="-74.017709"><ele>5.4</ele><time>2026-06-25T23:05:26.000Z</time><extensions><gpxtpx:TrackPointExtension><gpxtpx:hr>150</gpxtpx:hr></gpxtpx:TrackPointExtension></extensions></trkpt>
      <trkpt lat="40.705545" lon="-74.017703"><ele>5.2</ele><time>2026-06-25T23:05:27.000Z</time><extensions><gpxtpx:TrackPointExtension><gpxtpx:hr>150</gpxtpx:hr></gpxtpx:TrackPointExtension></extensions></trkpt>
      <trkpt lat="40.705529" lon="-74.017697"><ele>5.2</ele><time>2026-06-25T23:05:28.000Z</time><extensions><gpxtpx:TrackPointExtension><gpxtpx:hr>150</gpxtpx:hr></gpxtpx:TrackPointExtension></extensions></trkpt>
      <trkpt lat="40.705513" lon="-74.017691"><ele>5.2</ele><time>2026-06-25T23:05:29.000Z</time><extensions><gpxtpx:TrackPointExtension><gpxtpx:hr>150</gpxtpx:hr></gpxtpx:TrackPointExtension></extensions></trkpt>
      <trkpt lat="40.705496" lon="-74.017685"><ele>5.2</ele><time>2026-06-25T23:05:30.000Z</time><extensions><gpxtpx:TrackPointExtension><gpxtpx:hr>150</gpxtpx:hr></gpxtpx:TrackPointExtension></extensions></trkpt>
      <trkpt lat="40.70548" lon="-74.017679"><ele>5.4</ele><time>2026-06-25T23:05:31.000Z</time><extensions><gpxtpx:TrackPointExtension><gpxtpx:hr>150</gpxtpx:hr></gpxtpx:TrackPointExtension></extensions></trkpt>
      <trkpt lat="40.705463" lon="-74.017673"><ele>5.4</ele><time>2026-06-25T23:05:32.000Z</time><extensions><gpxtpx:TrackPointExtension><gpxtpx:hr>150</gpxtpx:hr></gpxtpx:TrackPointExtension></extensions></trkpt>
      <trkpt lat="40.705446" lon="-74.017666"><ele>5.4</ele><time>2026-06-25T23:05:33.000Z</time><extensions><gpxtpx:TrackPointExtension><gpxtpx:hr>150</gpxtpx:hr></gpxtpx:TrackPointExtension></extensions></trkpt>
      <trkpt lat="40.705428" lon="-74.01766"><ele>5.6</ele><time>2026-06-25T23:05:34.000Z</time><extensions><gpxtpx:TrackPointExtension><gpxtpx:hr>150</gpxtpx:hr></gpxtpx:TrackPointExtension></extensions></trkpt>
      <trkpt lat="40.705409" lon="-74.017653"><ele>5.8</ele><time>2026-06-25T23:05:35.000Z</time><extensions><gpxtpx:TrackPointExtension><gpxtpx:hr>150</gpxtpx:hr></gpxtpx:TrackPointExtension></extensions></trkpt>
      <trkpt lat="40.705393" lon="-74.017647"><ele>6</ele><time>2026-06-25T23:05:36.000Z</time><extensions><gpxtpx:TrackPointExtension><gpxtpx:hr>152</gpxtpx:hr></gpxtpx:TrackPointExtension></extensions></trkpt>
      <trkpt lat="40.705379" lon="-74.017641"><ele>6</ele><time>2026-06-25T23:05:37.000Z</time><extensions><gpxtpx:TrackPointExtension><gpxtpx:hr>152</gpxtpx:hr></gpxtpx:TrackPointExtension></extensions></trkpt>
      <trkpt lat="40.705365" lon="-74.017636"><ele>6.2</ele><time>2026-06-25T23:05:38.000Z</time><extensions><gpxtpx:TrackPointExtension><gpxtpx:hr>152</gpxtpx:hr></gpxtpx:TrackPointExtension></extensions></trkpt>
      <trkpt lat="40.705351" lon="-74.017631"><ele>6.4</ele><time>2026-06-25T23:05:39.000Z</time><extensions><gpxtpx:TrackPointExtension><gpxtpx:hr>152</gpxtpx:hr></gpxtpx:TrackPointExtension></extensions></trkpt>
      <trkpt lat="40.705337" lon="-74.017628"><ele>6.4</ele><time>2026-06-25T23:05:40.000Z</time><extensions><gpxtpx:TrackPointExtension><gpxtpx:hr>152</gpxtpx:hr></gpxtpx:TrackPointExtension></extensions></trkpt>
      <trkpt lat="40.705325" lon="-74.017626"><ele>6.4</ele><time>2026-06-25T23:05:41.000Z</time><extensions><gpxtpx:TrackPointExtension><gpxtpx:hr>152</gpxtpx:hr></gpxtpx:TrackPointExtension></extensions></trkpt>
      <trkpt lat="40.705315" lon="-74.017625"><ele>6.4</ele><time>2026-06-25T23:05:42.000Z</time><extensions><gpxtpx:TrackPointExtension><gpxtpx:hr>152</gpxtpx:hr></gpxtpx:TrackPointExtension></extensions></trkpt>
      <trkpt lat="40.705306" lon="-74.017625"><ele>6.4</ele><time>2026-06-25T23:05:43.000Z</time><extensions><gpxtpx:TrackPointExtension><gpxtpx:hr>152</gpxtpx:hr></gpxtpx:TrackPointExtension></extensions></trkpt>
      <trkpt lat="40.7053" lon="-74.017625"><ele>6.4</ele><time>2026-06-25T23:05:44.000Z</time><extensions><gpxtpx:TrackPointExtension><gpxtpx:hr>152</gpxtpx:hr></gpxtpx:TrackPointExtension></extensions></trkpt>
      <trkpt lat="40.705243" lon="-74.017621"><ele>6.2</ele><time>2026-06-25T23:05:50.000Z</time><extensions><gpxtpx:TrackPointExtension><gpxtpx:hr>152</gpxtpx:hr></gpxtpx:TrackPointExtension></extensions></trkpt>
      <trkpt lat="40.705229" lon="-74.017617"><ele>6.4</ele><time>2026-06-25T23:05:51.000Z</time><extensions><gpxtpx:TrackPointExtension><gpxtpx:hr>152</gpxtpx:hr></gpxtpx:TrackPointExtension></extensions></trkpt>
      <trkpt lat="40.705214" lon="-74.017613"><ele>6.4</ele><time>2026-06-25T23:05:52.000Z</time><extensions><gpxtpx:TrackPointExtension><gpxtpx:hr>152</gpxtpx:hr></gpxtpx:TrackPointExtension></extensions></trkpt>
      <trkpt lat="40.705197" lon="-74.01761"><ele>6.4</ele><time>2026-06-25T23:05:53.000Z</time><extensions><gpxtpx:TrackPointExtension><gpxtpx:hr>153</gpxtpx:hr></gpxtpx:TrackPointExtension></extensions></trkpt>
      <trkpt lat="40.705178" lon="-74.017608"><ele>6.4</ele><time>2026-06-25T23:05:54.000Z</time><extensions><gpxtpx:TrackPointExtension><gpxtpx:hr>153</gpxtpx:hr></gpxtpx:TrackPointExtension></extensions></trkpt>
      <trkpt lat="40.705158" lon="-74.017605"><ele>6.2</ele><time>2026-06-25T23:05:55.000Z</time><extensions><gpxtpx:TrackPointExtension><gpxtpx:hr>153</gpxtpx:hr></gpxtpx:TrackPointExtension></extensions></trkpt>
      <trkpt lat="40.705138" lon="-74.017601"><ele>6.2</ele><time>2026-06-25T23:05:56.000Z</time><extensions><gpxtpx:TrackPointExtension><gpxtpx:hr>153</gpxtpx:hr></gpxtpx:TrackPointExtension></extensions></trkpt>
      <trkpt lat="40.705118" lon="-74.017593"><ele>6</ele><time>2026-06-25T23:05:57.000Z</time><extensions><gpxtpx:TrackPointExtension><gpxtpx:hr>153</gpxtpx:hr></gpxtpx:TrackPointExtension></extensions></trkpt>
      <trkpt lat="40.7051" lon="-74.017584"><ele>5.8</ele><time>2026-06-25T23:05:58.000Z</time><extensions><gpxtpx:TrackPointExtension><gpxtpx:hr>153</gpxtpx:hr></gpxtpx:TrackPointExtension></extensions></trkpt>
      <trkpt lat="40.705082" lon="-74.017574"><ele>5.6</ele><time>2026-06-25T23:05:59.000Z</time><extensions><gpxtpx:TrackPointExtension><gpxtpx:hr>153</gpxtpx:hr></gpxtpx:TrackPointExtension></extensions></trkpt>
      <trkpt lat="40.705066" lon="-74.017562"><ele>5.4</ele><time>2026-06-25T23:06:00.000Z</time><extensions><gpxtpx:TrackPointExtension><gpxtpx:hr>153</gpxtpx:hr></gpxtpx:TrackPointExtension></extensions></trkpt>
      <trkpt lat="40.705049" lon="-74.017546"><ele>5.2</ele><time>2026-06-25T23:06:01.000Z</time><extensions><gpxtpx:TrackPointExtension><gpxtpx:hr>153</gpxtpx:hr></gpxtpx:TrackPointExtension></extensions></trkpt>
      <trkpt lat="40.705033" lon="-74.017531"><ele>5</ele><time>2026-06-25T23:06:02.000Z</time><extensions><gpxtpx:TrackPointExtension><gpxtpx:hr>151</gpxtpx:hr></gpxtpx:TrackPointExtension></extensions></trkpt>
      <trkpt lat="40.705017" lon="-74.017518"><ele>4.8</ele><time>2026-06-25T23:06:03.000Z</time><extensions><gpxtpx:TrackPointExtension><gpxtpx:hr>151</gpxtpx:hr></gpxtpx:TrackPointExtension></extensions></trkpt>
      <trkpt lat="40.704999" lon="-74.017507"><ele>4.6</ele><time>2026-06-25T23:06:04.000Z</time><extensions><gpxtpx:TrackPointExtension><gpxtpx:hr>151</gpxtpx:hr></gpxtpx:TrackPointExtension></extensions></trkpt>
      <trkpt lat="40.704981" lon="-74.017496"><ele>4.4</ele><time>2026-06-25T23:06:05.000Z</time><extensions><gpxtpx:TrackPointExtension><gpxtpx:hr>151</gpxtpx:hr></gpxtpx:TrackPointExtension></extensions></trkpt>
      <trkpt lat="40.704962" lon="-74.017484"><ele>4.2</ele><time>2026-06-25T23:06:06.000Z</time><extensions><gpxtpx:TrackPointExtension><gpxtpx:hr>151</gpxtpx:hr></gpxtpx:TrackPointExtension></extensions></trkpt>
      <trkpt lat="40.704941" lon="-74.017471"><ele>4</ele><time>2026-06-25T23:06:07.000Z</time><extensions><gpxtpx:TrackPointExtension><gpxtpx:hr>151</gpxtpx:hr></gpxtpx:TrackPointExtension></extensions></trkpt>
      <trkpt lat="40.704921" lon="-74.017458"><ele>3.8</ele><time>2026-06-25T23:06:08.000Z</time><extensions><gpxtpx:TrackPointExtension><gpxtpx:hr>151</gpxtpx:hr></gpxtpx:TrackPointExtension></extensions></trkpt>
      <trkpt lat="40.704902" lon="-74.017444"><ele>3.6</ele><time>2026-06-25T23:06:09.000Z</time><extensions><gpxtpx:TrackPointExtension><gpxtpx:hr>151</gpxtpx:hr></gpxtpx:TrackPointExtension></extensions></trkpt>
      <trkpt lat="40.704885" lon="-74.017429"><ele>3.6</ele><time>2026-06-25T23:06:10.000Z</time><extensions><gpxtpx:TrackPointExtension><gpxtpx:hr>153</gpxtpx:hr></gpxtpx:TrackPointExtension></extensions></trkpt>
      <trkpt lat="40.704868" lon="-74.017415"><ele>3.4</ele><time>2026-06-25T23:06:11.000Z</time><extensions><gpxtpx:TrackPointExtension><gpxtpx:hr>153</gpxtpx:hr></gpxtpx:TrackPointExtension></extensions></trkpt>
      <trkpt lat="40.70485" lon="-74.0174"><ele>3.4</ele><time>2026-06-25T23:06:12.000Z</time><extensions><gpxtpx:TrackPointExtension><gpxtpx:hr>153</gpxtpx:hr></gpxtpx:TrackPointExtension></extensions></trkpt>
      <trkpt lat="40.704829" lon="-74.017386"><ele>3.4</ele><time>2026-06-25T23:06:13.000Z</time><extensions><gpxtpx:TrackPointExtension><gpxtpx:hr>153</gpxtpx:hr></gpxtpx:TrackPointExtension></extensions></trkpt>
      <trkpt lat="40.704809" lon="-74.017372"><ele>3.4</ele><time>2026-06-25T23:06:14.000Z</time><extensions><gpxtpx:TrackPointExtension><gpxtpx:hr>153</gpxtpx:hr></gpxtpx:TrackPointExtension></extensions></trkpt>
      <trkpt lat="40.70479" lon="-74.017359"><ele>3.4</ele><time>2026-06-25T23:06:15.000Z</time><extensions><gpxtpx:TrackPointExtension><gpxtpx:hr>153</gpxtpx:hr></gpxtpx:TrackPointExtension></extensions></trkpt>
      <trkpt lat="40.704774" lon="-74.017349"><ele>3.6</ele><time>2026-06-25T23:06:16.000Z</time><extensions><gpxtpx:TrackPointExtension><gpxtpx:hr>153</gpxtpx:hr></gpxtpx:TrackPointExtension></extensions></trkpt>
      <trkpt lat="40.704759" lon="-74.017343"><ele>3.6</ele><time>2026-06-25T23:06:17.000Z</time><extensions><gpxtpx:TrackPointExtension><gpxtpx:hr>149</gpxtpx:hr></gpxtpx:TrackPointExtension></extensions></trkpt>
      <trkpt lat="40.704746" lon="-74.017343"><ele>3.6</ele><time>2026-06-25T23:06:18.000Z</time><extensions><gpxtpx:TrackPointExtension><gpxtpx:hr>149</gpxtpx:hr></gpxtpx:TrackPointExtension></extensions></trkpt>
      <trkpt lat="40.704732" lon="-74.017351"><ele>3.6</ele><time>2026-06-25T23:06:19.000Z</time><extensions><gpxtpx:TrackPointExtension><gpxtpx:hr>149</gpxtpx:hr></gpxtpx:TrackPointExtension></extensions></trkpt>
      <trkpt lat="40.704716" lon="-74.017366"><ele>3.6</ele><time>2026-06-25T23:06:20.000Z</time><extensions><gpxtpx:TrackPointExtension><gpxtpx:hr>148</gpxtpx:hr></gpxtpx:TrackPointExtension></extensions></trkpt>
      <trkpt lat="40.704699" lon="-74.017385"><ele>3.6</ele><time>2026-06-25T23:06:21.000Z</time><extensions><gpxtpx:TrackPointExtension><gpxtpx:hr>148</gpxtpx:hr></gpxtpx:TrackPointExtension></extensions></trkpt>
      <trkpt lat="40.704682" lon="-74.017401"><ele>3.6</ele><time>2026-06-25T23:06:22.000Z</time><extensions><gpxtpx:TrackPointExtension><gpxtpx:hr>148</gpxtpx:hr></gpxtpx:TrackPointExtension></extensions></trkpt>
      <trkpt lat="40.704663" lon="-74.017413"><ele>3.6</ele><time>2026-06-25T23:06:23.000Z</time><extensions><gpxtpx:TrackPointExtension><gpxtpx:hr>146</gpxtpx:hr></gpxtpx:TrackPointExtension></extensions></trkpt>
      <trkpt lat="40.704641" lon="-74.017418"><ele>3.6</ele><time>2026-06-25T23:06:24.000Z</time><extensions><gpxtpx:TrackPointExtension><gpxtpx:hr>146</gpxtpx:hr></gpxtpx:TrackPointExtension></extensions></trkpt>
      <trkpt lat="40.704618" lon="-74.017415"><ele>3.6</ele><time>2026-06-25T23:06:25.000Z</time><extensions><gpxtpx:TrackPointExtension><gpxtpx:hr>146</gpxtpx:hr></gpxtpx:TrackPointExtension></extensions></trkpt>
      <trkpt lat="40.704598" lon="-74.017402"><ele>3.4</ele><time>2026-06-25T23:06:26.000Z</time><extensions><gpxtpx:TrackPointExtension><gpxtpx:hr>146</gpxtpx:hr></gpxtpx:TrackPointExtension></extensions></trkpt>
      <trkpt lat="40.704583" lon="-74.017382"><ele>3.4</ele><time>2026-06-25T23:06:27.000Z</time><extensions><gpxtpx:TrackPointExtension><gpxtpx:hr>146</gpxtpx:hr></gpxtpx:TrackPointExtension></extensions></trkpt>
      <trkpt lat="40.704572" lon="-74.017356"><ele>3.2</ele><time>2026-06-25T23:06:28.000Z</time><extensions><gpxtpx:TrackPointExtension><gpxtpx:hr>146</gpxtpx:hr></gpxtpx:TrackPointExtension></extensions></trkpt>
      <trkpt lat="40.704563" lon="-74.017331"><ele>3.2</ele><time>2026-06-25T23:06:29.000Z</time><extensions><gpxtpx:TrackPointExtension><gpxtpx:hr>146</gpxtpx:hr></gpxtpx:TrackPointExtension></extensions></trkpt>
      <trkpt lat="40.704553" lon="-74.017308"><ele>3.2</ele><time>2026-06-25T23:06:30.000Z</time><extensions><gpxtpx:TrackPointExtension><gpxtpx:hr>144</gpxtpx:hr></gpxtpx:TrackPointExtension></extensions></trkpt>
      <trkpt lat="40.70454" lon="-74.017289"><ele>3</ele><time>2026-06-25T23:06:31.000Z</time><extensions><gpxtpx:TrackPointExtension><gpxtpx:hr>144</gpxtpx:hr></gpxtpx:TrackPointExtension></extensions></trkpt>
      <trkpt lat="40.704523" lon="-74.017277"><ele>3</ele><time>2026-06-25T23:06:32.000Z</time><extensions><gpxtpx:TrackPointExtension><gpxtpx:hr>144</gpxtpx:hr></gpxtpx:TrackPointExtension></extensions></trkpt>
      <trkpt lat="40.704502" lon="-74.017271"><ele>2.8</ele><time>2026-06-25T23:06:33.000Z</time><extensions><gpxtpx:TrackPointExtension><gpxtpx:hr>144</gpxtpx:hr></gpxtpx:TrackPointExtension></extensions></trkpt>
      <trkpt lat="40.704479" lon="-74.017271"><ele>2.8</ele><time>2026-06-25T23:06:34.000Z</time><extensions><gpxtpx:TrackPointExtension><gpxtpx:hr>144</gpxtpx:hr></gpxtpx:TrackPointExtension></extensions></trkpt>
      <trkpt lat="40.704454" lon="-74.017274"><ele>2.8</ele><time>2026-06-25T23:06:35.000Z</time><extensions><gpxtpx:TrackPointExtension><gpxtpx:hr>146</gpxtpx:hr></gpxtpx:TrackPointExtension></extensions></trkpt>
      <trkpt lat="40.70443" lon="-74.01728"><ele>2.6</ele><time>2026-06-25T23:06:36.000Z</time><extensions><gpxtpx:TrackPointExtension><gpxtpx:hr>146</gpxtpx:hr></gpxtpx:TrackPointExtension></extensions></trkpt>
      <trkpt lat="40.704407" lon="-74.017287"><ele>2.6</ele><time>2026-06-25T23:06:37.000Z</time><extensions><gpxtpx:TrackPointExtension><gpxtpx:hr>146</gpxtpx:hr></gpxtpx:TrackPointExtension></extensions></trkpt>
      <trkpt lat="40.704385" lon="-74.017295"><ele>2.6</ele><time>2026-06-25T23:06:38.000Z</time><extensions><gpxtpx:TrackPointExtension><gpxtpx:hr>146</gpxtpx:hr></gpxtpx:TrackPointExtension></extensions></trkpt>
      <trkpt lat="40.704364" lon="-74.017303"><ele>2.6</ele><time>2026-06-25T23:06:39.000Z</time><extensions><gpxtpx:TrackPointExtension><gpxtpx:hr>146</gpxtpx:hr></gpxtpx:TrackPointExtension></extensions></trkpt>
      <trkpt lat="40.704344" lon="-74.017312"><ele>2.6</ele><time>2026-06-25T23:06:40.000Z</time><extensions><gpxtpx:TrackPointExtension><gpxtpx:hr>145</gpxtpx:hr></gpxtpx:TrackPointExtension></extensions></trkpt>
      <trkpt lat="40.704324" lon="-74.017323"><ele>2.6</ele><time>2026-06-25T23:06:41.000Z</time><extensions><gpxtpx:TrackPointExtension><gpxtpx:hr>145</gpxtpx:hr></gpxtpx:TrackPointExtension></extensions></trkpt>
      <trkpt lat="40.704305" lon="-74.017339"><ele>2.6</ele><time>2026-06-25T23:06:42.000Z</time><extensions><gpxtpx:TrackPointExtension><gpxtpx:hr>145</gpxtpx:hr></gpxtpx:TrackPointExtension></extensions></trkpt>
      <trkpt lat="40.704286" lon="-74.017359"><ele>2.4</ele><time>2026-06-25T23:06:43.000Z</time><extensions><gpxtpx:TrackPointExtension><gpxtpx:hr>145</gpxtpx:hr></gpxtpx:TrackPointExtension></extensions></trkpt>
      <trkpt lat="40.704266" lon="-74.017383"><ele>2.4</ele><time>2026-06-25T23:06:44.000Z</time><extensions><gpxtpx:TrackPointExtension><gpxtpx:hr>145</gpxtpx:hr></gpxtpx:TrackPointExtension></extensions></trkpt>
      <trkpt lat="40.704247" lon="-74.017408"><ele>2.4</ele><time>2026-06-25T23:06:45.000Z</time><extensions><gpxtpx:TrackPointExtension><gpxtpx:hr>145</gpxtpx:hr></gpxtpx:TrackPointExtension></extensions></trkpt>
      <trkpt lat="40.704228" lon="-74.017432"><ele>2.4</ele><time>2026-06-25T23:06:46.000Z</time><extensions><gpxtpx:TrackPointExtension><gpxtpx:hr>145</gpxtpx:hr></gpxtpx:TrackPointExtension></extensions></trkpt>
      <trkpt lat="40.704209" lon="-74.017454"><ele>2.4</ele><time>2026-06-25T23:06:47.000Z</time><extensions><gpxtpx:TrackPointExtension><gpxtpx:hr>144</gpxtpx:hr></gpxtpx:TrackPointExtension></extensions></trkpt>
      <trkpt lat="40.70419" lon="-74.017473"><ele>2.4</ele><time>2026-06-25T23:06:48.000Z</time><extensions><gpxtpx:TrackPointExtension><gpxtpx:hr>144</gpxtpx:hr></gpxtpx:TrackPointExtension></extensions></trkpt>
      <trkpt lat="40.70417" lon="-74.01749"><ele>2.2</ele><time>2026-06-25T23:06:49.000Z</time><extensions><gpxtpx:TrackPointExtension><gpxtpx:hr>144</gpxtpx:hr></gpxtpx:TrackPointExtension></extensions></trkpt>
      <trkpt lat="40.704149" lon="-74.017504"><ele>2.2</ele><time>2026-06-25T23:06:50.000Z</time><extensions><gpxtpx:TrackPointExtension><gpxtpx:hr>144</gpxtpx:hr></gpxtpx:TrackPointExtension></extensions></trkpt>
      <trkpt lat="40.704128" lon="-74.017517"><ele>2.2</ele><time>2026-06-25T23:06:51.000Z</time><extensions><gpxtpx:TrackPointExtension><gpxtpx:hr>144</gpxtpx:hr></gpxtpx:TrackPointExtension></extensions></trkpt>
      <trkpt lat="40.704106" lon="-74.017527"><ele>2.2</ele><time>2026-06-25T23:06:52.000Z</time><extensions><gpxtpx:TrackPointExtension><gpxtpx:hr>144</gpxtpx:hr></gpxtpx:TrackPointExtension></extensions></trkpt>
      <trkpt lat="40.704084" lon="-74.017536"><ele>2.2</ele><time>2026-06-25T23:06:53.000Z</time><extensions><gpxtpx:TrackPointExtension><gpxtpx:hr>145</gpxtpx:hr></gpxtpx:TrackPointExtension></extensions></trkpt>
      <trkpt lat="40.704062" lon="-74.017543"><ele>2.2</ele><time>2026-06-25T23:06:54.000Z</time><extensions><gpxtpx:TrackPointExtension><gpxtpx:hr>145</gpxtpx:hr></gpxtpx:TrackPointExtension></extensions></trkpt>
      <trkpt lat="40.704039" lon="-74.017548"><ele>2.2</ele><time>2026-06-25T23:06:55.000Z</time><extensions><gpxtpx:TrackPointExtension><gpxtpx:hr>145</gpxtpx:hr></gpxtpx:TrackPointExtension></extensions></trkpt>
      <trkpt lat="40.704017" lon="-74.017552"><ele>2.4</ele><time>2026-06-25T23:06:56.000Z</time><extensions><gpxtpx:TrackPointExtension><gpxtpx:hr>145</gpxtpx:hr></gpxtpx:TrackPointExtension></extensions></trkpt>
      <trkpt lat="40.703995" lon="-74.017552"><ele>2.4</ele><time>2026-06-25T23:06:57.000Z</time><extensions><gpxtpx:TrackPointExtension><gpxtpx:hr>145</gpxtpx:hr></gpxtpx:TrackPointExtension></extensions></trkpt>
      <trkpt lat="40.703973" lon="-74.01755"><ele>2.6</ele><time>2026-06-25T23:06:58.000Z</time><extensions><gpxtpx:TrackPointExtension><gpxtpx:hr>145</gpxtpx:hr></gpxtpx:TrackPointExtension></extensions></trkpt>
      <trkpt lat="40.70395" lon="-74.017545"><ele>2.8</ele><time>2026-06-25T23:06:59.000Z</time><extensions><gpxtpx:TrackPointExtension><gpxtpx:hr>147</gpxtpx:hr></gpxtpx:TrackPointExtension></extensions></trkpt>
      <trkpt lat="40.703926" lon="-74.017539"><ele>3</ele><time>2026-06-25T23:07:00.000Z</time><extensions><gpxtpx:TrackPointExtension><gpxtpx:hr>147</gpxtpx:hr></gpxtpx:TrackPointExtension></extensions></trkpt>
      <trkpt lat="40.703901" lon="-74.017534"><ele>3</ele><time>2026-06-25T23:07:01.000Z</time><extensions><gpxtpx:TrackPointExtension><gpxtpx:hr>147</gpxtpx:hr></gpxtpx:TrackPointExtension></extensions></trkpt>
      <trkpt lat="40.703877" lon="-74.017529"><ele>3.2</ele><time>2026-06-25T23:07:02.000Z</time><extensions><gpxtpx:TrackPointExtension><gpxtpx:hr>147</gpxtpx:hr></gpxtpx:TrackPointExtension></extensions></trkpt>
      <trkpt lat="40.703853" lon="-74.017524"><ele>3.4</ele><time>2026-06-25T23:07:03.000Z</time><extensions><gpxtpx:TrackPointExtension><gpxtpx:hr>147</gpxtpx:hr></gpxtpx:TrackPointExtension></extensions></trkpt>
      <trkpt lat="40.703829" lon="-74.01752"><ele>3.6</ele><time>2026-06-25T23:07:04.000Z</time><extensions><gpxtpx:TrackPointExtension><gpxtpx:hr>149</gpxtpx:hr></gpxtpx:TrackPointExtension></extensions></trkpt>
      <trkpt lat="40.703805" lon="-74.017517"><ele>3.8</ele><time>2026-06-25T23:07:05.000Z</time><extensions><gpxtpx:TrackPointExtension><gpxtpx:hr>149</gpxtpx:hr></gpxtpx:TrackPointExtension></extensions></trkpt>
      <trkpt lat="40.703781" lon="-74.017514"><ele>4</ele><time>2026-06-25T23:07:06.000Z</time><extensions><gpxtpx:TrackPointExtension><gpxtpx:hr>149</gpxtpx:hr></gpxtpx:TrackPointExtension></extensions></trkpt>
      <trkpt lat="40.703757" lon="-74.017512"><ele>4</ele><time>2026-06-25T23:07:07.000Z</time><extensions><gpxtpx:TrackPointExtension><gpxtpx:hr>149</gpxtpx:hr></gpxtpx:TrackPointExtension></extensions></trkpt>
      <trkpt lat="40.703733" lon="-74.017509"><ele>4.2</ele><time>2026-06-25T23:07:08.000Z</time><extensions><gpxtpx:TrackPointExtension><gpxtpx:hr>149</gpxtpx:hr></gpxtpx:TrackPointExtension></extensions></trkpt>
      <trkpt lat="40.703708" lon="-74.017505"><ele>4.2</ele><time>2026-06-25T23:07:09.000Z</time><extensions><gpxtpx:TrackPointExtension><gpxtpx:hr>149</gpxtpx:hr></gpxtpx:TrackPointExtension></extensions></trkpt>
      <trkpt lat="40.703684" lon="-74.0175"><ele>4.2</ele><time>2026-06-25T23:07:10.000Z</time><extensions><gpxtpx:TrackPointExtension><gpxtpx:hr>149</gpxtpx:hr></gpxtpx:TrackPointExtension></extensions></trkpt>
      <trkpt lat="40.703661" lon="-74.017492"><ele>4.4</ele><time>2026-06-25T23:07:11.000Z</time><extensions><gpxtpx:TrackPointExtension><gpxtpx:hr>148</gpxtpx:hr></gpxtpx:TrackPointExtension></extensions></trkpt>
      <trkpt lat="40.703639" lon="-74.017481"><ele>4.4</ele><time>2026-06-25T23:07:12.000Z</time><extensions><gpxtpx:TrackPointExtension><gpxtpx:hr>148</gpxtpx:hr></gpxtpx:TrackPointExtension></extensions></trkpt>
      <trkpt lat="40.703617" lon="-74.017466"><ele>4.4</ele><time>2026-06-25T23:07:13.000Z</time><extensions><gpxtpx:TrackPointExtension><gpxtpx:hr>148</gpxtpx:hr></gpxtpx:TrackPointExtension></extensions></trkpt>
      <trkpt lat="40.703598" lon="-74.017446"><ele>4.4</ele><time>2026-06-25T23:07:14.000Z</time><extensions><gpxtpx:TrackPointExtension><gpxtpx:hr>148</gpxtpx:hr></gpxtpx:TrackPointExtension></extensions></trkpt>
      <trkpt lat="40.703581" lon="-74.017421"><ele>4.2</ele><time>2026-06-25T23:07:15.000Z</time><extensions><gpxtpx:TrackPointExtension><gpxtpx:hr>148</gpxtpx:hr></gpxtpx:TrackPointExtension></extensions></trkpt>
      <trkpt lat="40.703565" lon="-74.017394"><ele>4.2</ele><time>2026-06-25T23:07:16.000Z</time><extensions><gpxtpx:TrackPointExtension><gpxtpx:hr>148</gpxtpx:hr></gpxtpx:TrackPointExtension></extensions></trkpt>
      <trkpt lat="40.703549" lon="-74.017368"><ele>4.2</ele><time>2026-06-25T23:07:17.000Z</time><extensions><gpxtpx:TrackPointExtension><gpxtpx:hr>148</gpxtpx:hr></gpxtpx:TrackPointExtension></extensions></trkpt>
      <trkpt lat="40.703532" lon="-74.017345"><ele>4</ele><time>2026-06-25T23:07:18.000Z</time><extensions><gpxtpx:TrackPointExtension><gpxtpx:hr>148</gpxtpx:hr></gpxtpx:TrackPointExtension></extensions></trkpt>
      <trkpt lat="40.703513" lon="-74.017325"><ele>4</ele><time>2026-06-25T23:07:19.000Z</time><extensions><gpxtpx:TrackPointExtension><gpxtpx:hr>149</gpxtpx:hr></gpxtpx:TrackPointExtension></extensions></trkpt>
      <trkpt lat="40.703492" lon="-74.017308"><ele>4</ele><time>2026-06-25T23:07:20.000Z</time><extensions><gpxtpx:TrackPointExtension><gpxtpx:hr>149</gpxtpx:hr></gpxtpx:TrackPointExtension></extensions></trkpt>
      <trkpt lat="40.703468" lon="-74.017293"><ele>4</ele><time>2026-06-25T23:07:21.000Z</time><extensions><gpxtpx:TrackPointExtension><gpxtpx:hr>149</gpxtpx:hr></gpxtpx:TrackPointExtension></extensions></trkpt>
      <trkpt lat="40.703445" lon="-74.017277"><ele>4</ele><time>2026-06-25T23:07:22.000Z</time><extensions><gpxtpx:TrackPointExtension><gpxtpx:hr>149</gpxtpx:hr></gpxtpx:TrackPointExtension></extensions></trkpt>
      <trkpt lat="40.703422" lon="-74.01726"><ele>3.8</ele><time>2026-06-25T23:07:23.000Z</time><extensions><gpxtpx:TrackPointExtension><gpxtpx:hr>149</gpxtpx:hr></gpxtpx:TrackPointExtension></extensions></trkpt>
      <trkpt lat="40.7034" lon="-74.017244"><ele>4</ele><time>2026-06-25T23:07:24.000Z</time><extensions><gpxtpx:TrackPointExtension><gpxtpx:hr>149</gpxtpx:hr></gpxtpx:TrackPointExtension></extensions></trkpt>
      <trkpt lat="40.70338" lon="-74.017229"><ele>4</ele><time>2026-06-25T23:07:25.000Z</time><extensions><gpxtpx:TrackPointExtension><gpxtpx:hr>149</gpxtpx:hr></gpxtpx:TrackPointExtension></extensions></trkpt>
      <trkpt lat="40.703359" lon="-74.017213"><ele>4</ele><time>2026-06-25T23:07:26.000Z</time><extensions><gpxtpx:TrackPointExtension><gpxtpx:hr>149</gpxtpx:hr></gpxtpx:TrackPointExtension></extensions></trkpt>
      <trkpt lat="40.703337" lon="-74.017196"><ele>4</ele><time>2026-06-25T23:07:27.000Z</time><extensions><gpxtpx:TrackPointExtension><gpxtpx:hr>150</gpxtpx:hr></gpxtpx:TrackPointExtension></extensions></trkpt>
      <trkpt lat="40.703314" lon="-74.017181"><ele>4</ele><time>2026-06-25T23:07:28.000Z</time><extensions><gpxtpx:TrackPointExtension><gpxtpx:hr>150</gpxtpx:hr></gpxtpx:TrackPointExtension></extensions></trkpt>
      <trkpt lat="40.703291" lon="-74.017167"><ele>4</ele><time>2026-06-25T23:07:29.000Z</time><extensions><gpxtpx:TrackPointExtension><gpxtpx:hr>150</gpxtpx:hr></gpxtpx:TrackPointExtension></extensions></trkpt>
      <trkpt lat="40.703268" lon="-74.017154"><ele>4</ele><time>2026-06-25T23:07:30.000Z</time><extensions><gpxtpx:TrackPointExtension><gpxtpx:hr>150</gpxtpx:hr></gpxtpx:TrackPointExtension></extensions></trkpt>
      <trkpt lat="40.703245" lon="-74.017141"><ele>4</ele><time>2026-06-25T23:07:31.000Z</time><extensions><gpxtpx:TrackPointExtension><gpxtpx:hr>150</gpxtpx:hr></gpxtpx:TrackPointExtension></extensions></trkpt>
      <trkpt lat="40.703221" lon="-74.017128"><ele>4</ele><time>2026-06-25T23:07:32.000Z</time><extensions><gpxtpx:TrackPointExtension><gpxtpx:hr>150</gpxtpx:hr></gpxtpx:TrackPointExtension></extensions></trkpt>
      <trkpt lat="40.703197" lon="-74.017118"><ele>4</ele><time>2026-06-25T23:07:33.000Z</time><extensions><gpxtpx:TrackPointExtension><gpxtpx:hr>150</gpxtpx:hr></gpxtpx:TrackPointExtension></extensions></trkpt>
      <trkpt lat="40.703173" lon="-74.01711"><ele>4</ele><time>2026-06-25T23:07:34.000Z</time><extensions><gpxtpx:TrackPointExtension><gpxtpx:hr>149</gpxtpx:hr></gpxtpx:TrackPointExtension></extensions></trkpt>
      <trkpt lat="40.703151" lon="-74.017105"><ele>3.8</ele><time>2026-06-25T23:07:35.000Z</time><extensions><gpxtpx:TrackPointExtension><gpxtpx:hr>149</gpxtpx:hr></gpxtpx:TrackPointExtension></extensions></trkpt>
      <trkpt lat="40.703128" lon="-74.017101"><ele>3.8</ele><time>2026-06-25T23:07:36.000Z</time><extensions><gpxtpx:TrackPointExtension><gpxtpx:hr>149</gpxtpx:hr></gpxtpx:TrackPointExtension></extensions></trkpt>
      <trkpt lat="40.703104" lon="-74.017101"><ele>3.6</ele><time>2026-06-25T23:07:37.000Z</time><extensions><gpxtpx:TrackPointExtension><gpxtpx:hr>149</gpxtpx:hr></gpxtpx:TrackPointExtension></extensions></trkpt>
      <trkpt lat="40.703079" lon="-74.017105"><ele>3.4</ele><time>2026-06-25T23:07:38.000Z</time><extensions><gpxtpx:TrackPointExtension><gpxtpx:hr>149</gpxtpx:hr></gpxtpx:TrackPointExtension></extensions></trkpt>
      <trkpt lat="40.703054" lon="-74.017111"><ele>3.4</ele><time>2026-06-25T23:07:39.000Z</time><extensions><gpxtpx:TrackPointExtension><gpxtpx:hr>149</gpxtpx:hr></gpxtpx:TrackPointExtension></extensions></trkpt>
      <trkpt lat="40.703029" lon="-74.017118"><ele>3.2</ele><time>2026-06-25T23:07:40.000Z</time><extensions><gpxtpx:TrackPointExtension><gpxtpx:hr>150</gpxtpx:hr></gpxtpx:TrackPointExtension></extensions></trkpt>
      <trkpt lat="40.703004" lon="-74.017124"><ele>3</ele><time>2026-06-25T23:07:41.000Z</time><extensions><gpxtpx:TrackPointExtension><gpxtpx:hr>150</gpxtpx:hr></gpxtpx:TrackPointExtension></extensions></trkpt>
      <trkpt lat="40.702979" lon="-74.017127"><ele>3</ele><time>2026-06-25T23:07:42.000Z</time><extensions><gpxtpx:TrackPointExtension><gpxtpx:hr>150</gpxtpx:hr></gpxtpx:TrackPointExtension></extensions></trkpt>
      <trkpt lat="40.702953" lon="-74.017126"><ele>3</ele><time>2026-06-25T23:07:43.000Z</time><extensions><gpxtpx:TrackPointExtension><gpxtpx:hr>150</gpxtpx:hr></gpxtpx:TrackPointExtension></extensions></trkpt>
      <trkpt lat="40.702929" lon="-74.017121"><ele>3</ele><time>2026-06-25T23:07:44.000Z</time><extensions><gpxtpx:TrackPointExtension><gpxtpx:hr>150</gpxtpx:hr></gpxtpx:TrackPointExtension></extensions></trkpt>
      <trkpt lat="40.702906" lon="-74.017112"><ele>2.8</ele><time>2026-06-25T23:07:45.000Z</time><extensions><gpxtpx:TrackPointExtension><gpxtpx:hr>150</gpxtpx:hr></gpxtpx:TrackPointExtension></extensions></trkpt>
      <trkpt lat="40.702885" lon="-74.0171"><ele>2.8</ele><time>2026-06-25T23:07:46.000Z</time><extensions><gpxtpx:TrackPointExtension><gpxtpx:hr>150</gpxtpx:hr></gpxtpx:TrackPointExtension></extensions></trkpt>
      <trkpt lat="40.702864" lon="-74.017085"><ele>2.8</ele><time>2026-06-25T23:07:47.000Z</time><extensions><gpxtpx:TrackPointExtension><gpxtpx:hr>150</gpxtpx:hr></gpxtpx:TrackPointExtension></extensions></trkpt>
      <trkpt lat="40.702844" lon="-74.017068"><ele>2.8</ele><time>2026-06-25T23:07:48.000Z</time><extensions><gpxtpx:TrackPointExtension><gpxtpx:hr>150</gpxtpx:hr></gpxtpx:TrackPointExtension></extensions></trkpt>
      <trkpt lat="40.702825" lon="-74.01705"><ele>2.8</ele><time>2026-06-25T23:07:49.000Z</time><extensions><gpxtpx:TrackPointExtension><gpxtpx:hr>150</gpxtpx:hr></gpxtpx:TrackPointExtension></extensions></trkpt>
      <trkpt lat="40.702807" lon="-74.017032"><ele>2.8</ele><time>2026-06-25T23:07:50.000Z</time><extensions><gpxtpx:TrackPointExtension><gpxtpx:hr>151</gpxtpx:hr></gpxtpx:TrackPointExtension></extensions></trkpt>
      <trkpt lat="40.702789" lon="-74.017013"><ele>2.8</ele><time>2026-06-25T23:07:51.000Z</time><extensions><gpxtpx:TrackPointExtension><gpxtpx:hr>151</gpxtpx:hr></gpxtpx:TrackPointExtension></extensions></trkpt>
      <trkpt lat="40.702771" lon="-74.016995"><ele>2.8</ele><time>2026-06-25T23:07:52.000Z</time><extensions><gpxtpx:TrackPointExtension><gpxtpx:hr>151</gpxtpx:hr></gpxtpx:TrackPointExtension></extensions></trkpt>
      <trkpt lat="40.702753" lon="-74.016976"><ele>2.8</ele><time>2026-06-25T23:07:53.000Z</time><extensions><gpxtpx:TrackPointExtension><gpxtpx:hr>151</gpxtpx:hr></gpxtpx:TrackPointExtension></extensions></trkpt>
      <trkpt lat="40.702735" lon="-74.016958"><ele>2.8</ele><time>2026-06-25T23:07:54.000Z</time><extensions><gpxtpx:TrackPointExtension><gpxtpx:hr>151</gpxtpx:hr></gpxtpx:TrackPointExtension></extensions></trkpt>
      <trkpt lat="40.702717" lon="-74.016941"><ele>2.8</ele><time>2026-06-25T23:07:55.000Z</time><extensions><gpxtpx:TrackPointExtension><gpxtpx:hr>151</gpxtpx:hr></gpxtpx:TrackPointExtension></extensions></trkpt>
      <trkpt lat="40.702698" lon="-74.016926"><ele>2.8</ele><time>2026-06-25T23:07:56.000Z</time><extensions><gpxtpx:TrackPointExtension><gpxtpx:hr>151</gpxtpx:hr></gpxtpx:TrackPointExtension></extensions></trkpt>
      <trkpt lat="40.702679" lon="-74.016913"><ele>2.8</ele><time>2026-06-25T23:07:57.000Z</time><extensions><gpxtpx:TrackPointExtension><gpxtpx:hr>150</gpxtpx:hr></gpxtpx:TrackPointExtension></extensions></trkpt>
      <trkpt lat="40.702661" lon="-74.016902"><ele>2.6</ele><time>2026-06-25T23:07:58.000Z</time><extensions><gpxtpx:TrackPointExtension><gpxtpx:hr>150</gpxtpx:hr></gpxtpx:TrackPointExtension></extensions></trkpt>
      <trkpt lat="40.702645" lon="-74.016892"><ele>2.6</ele><time>2026-06-25T23:07:59.000Z</time><extensions><gpxtpx:TrackPointExtension><gpxtpx:hr>150</gpxtpx:hr></gpxtpx:TrackPointExtension></extensions></trkpt>
      <trkpt lat="40.702632" lon="-74.016883"><ele>2.6</ele><time>2026-06-25T23:08:00.000Z</time><extensions><gpxtpx:TrackPointExtension><gpxtpx:hr>150</gpxtpx:hr></gpxtpx:TrackPointExtension></extensions></trkpt>
      <trkpt lat="40.702622" lon="-74.016878"><ele>2.4</ele><time>2026-06-25T23:08:01.000Z</time><extensions><gpxtpx:TrackPointExtension><gpxtpx:hr>150</gpxtpx:hr></gpxtpx:TrackPointExtension></extensions></trkpt>
      <trkpt lat="40.702618" lon="-74.016877"><ele>2.4</ele><time>2026-06-25T23:08:02.000Z</time><extensions><gpxtpx:TrackPointExtension><gpxtpx:hr>150</gpxtpx:hr></gpxtpx:TrackPointExtension></extensions></trkpt>
      <trkpt lat="40.702619" lon="-74.016878"><ele>2.2</ele><time>2026-06-25T23:08:03.000Z</time><extensions><gpxtpx:TrackPointExtension><gpxtpx:hr>150</gpxtpx:hr></gpxtpx:TrackPointExtension></extensions></trkpt>
      <trkpt lat="40.70263" lon="-74.016819"><ele>1.4</ele><time>2026-06-25T23:08:14.000Z</time><extensions><gpxtpx:TrackPointExtension><gpxtpx:hr>149</gpxtpx:hr></gpxtpx:TrackPointExtension></extensions></trkpt>
      <trkpt lat="40.702623" lon="-74.016796"><ele>1.6</ele><time>2026-06-25T23:08:15.000Z</time><extensions><gpxtpx:TrackPointExtension><gpxtpx:hr>149</gpxtpx:hr></gpxtpx:TrackPointExtension></extensions></trkpt>
      <trkpt lat="40.70261" lon="-74.016774"><ele>1.6</ele><time>2026-06-25T23:08:16.000Z</time><extensions><gpxtpx:TrackPointExtension><gpxtpx:hr>149</gpxtpx:hr></gpxtpx:TrackPointExtension></extensions></trkpt>
      <trkpt lat="40.702596" lon="-74.016759"><ele>1.6</ele><time>2026-06-25T23:08:17.000Z</time><extensions><gpxtpx:TrackPointExtension><gpxtpx:hr>149</gpxtpx:hr></gpxtpx:TrackPointExtension></extensions></trkpt>
      <trkpt lat="40.702583" lon="-74.016745"><ele>1.6</ele><time>2026-06-25T23:08:18.000Z</time><extensions><gpxtpx:TrackPointExtension><gpxtpx:hr>148</gpxtpx:hr></gpxtpx:TrackPointExtension></extensions></trkpt>
      <trkpt lat="40.702575" lon="-74.016728"><ele>1.8</ele><time>2026-06-25T23:08:19.000Z</time><extensions><gpxtpx:TrackPointExtension><gpxtpx:hr>148</gpxtpx:hr></gpxtpx:TrackPointExtension></extensions></trkpt>
      <trkpt lat="40.70257" lon="-74.016705"><ele>1.8</ele><time>2026-06-25T23:08:20.000Z</time><extensions><gpxtpx:TrackPointExtension><gpxtpx:hr>148</gpxtpx:hr></gpxtpx:TrackPointExtension></extensions></trkpt>
      <trkpt lat="40.702568" lon="-74.016675"><ele>1.8</ele><time>2026-06-25T23:08:21.000Z</time><extensions><gpxtpx:TrackPointExtension><gpxtpx:hr>148</gpxtpx:hr></gpxtpx:TrackPointExtension></extensions></trkpt>
      <trkpt lat="40.702569" lon="-74.016645"><ele>1.8</ele><time>2026-06-25T23:08:22.000Z</time><extensions><gpxtpx:TrackPointExtension><gpxtpx:hr>148</gpxtpx:hr></gpxtpx:TrackPointExtension></extensions></trkpt>
      <trkpt lat="40.702572" lon="-74.016618"><ele>1.8</ele><time>2026-06-25T23:08:23.000Z</time><extensions><gpxtpx:TrackPointExtension><gpxtpx:hr>148</gpxtpx:hr></gpxtpx:TrackPointExtension></extensions></trkpt>
      <trkpt lat="40.702576" lon="-74.016592"><ele>1.8</ele><time>2026-06-25T23:08:24.000Z</time><extensions><gpxtpx:TrackPointExtension><gpxtpx:hr>148</gpxtpx:hr></gpxtpx:TrackPointExtension></extensions></trkpt>
      <trkpt lat="40.702582" lon="-74.016566"><ele>1.8</ele><time>2026-06-25T23:08:25.000Z</time><extensions><gpxtpx:TrackPointExtension><gpxtpx:hr>147</gpxtpx:hr></gpxtpx:TrackPointExtension></extensions></trkpt>
      <trkpt lat="40.702589" lon="-74.016541"><ele>1.6</ele><time>2026-06-25T23:08:26.000Z</time><extensions><gpxtpx:TrackPointExtension><gpxtpx:hr>147</gpxtpx:hr></gpxtpx:TrackPointExtension></extensions></trkpt>
      <trkpt lat="40.702596" lon="-74.016515"><ele>1.6</ele><time>2026-06-25T23:08:27.000Z</time><extensions><gpxtpx:TrackPointExtension><gpxtpx:hr>147</gpxtpx:hr></gpxtpx:TrackPointExtension></extensions></trkpt>
      <trkpt lat="40.702599" lon="-74.016489"><ele>1.6</ele><time>2026-06-25T23:08:28.000Z</time><extensions><gpxtpx:TrackPointExtension><gpxtpx:hr>147</gpxtpx:hr></gpxtpx:TrackPointExtension></extensions></trkpt>
      <trkpt lat="40.702598" lon="-74.016462"><ele>1.4</ele><time>2026-06-25T23:08:29.000Z</time><extensions><gpxtpx:TrackPointExtension><gpxtpx:hr>147</gpxtpx:hr></gpxtpx:TrackPointExtension></extensions></trkpt>
      <trkpt lat="40.702591" lon="-74.016437"><ele>1</ele><time>2026-06-25T23:08:30.000Z</time><extensions><gpxtpx:TrackPointExtension><gpxtpx:hr>147</gpxtpx:hr></gpxtpx:TrackPointExtension></extensions></trkpt>
      <trkpt lat="40.702579" lon="-74.016414"><ele>0.8</ele><time>2026-06-25T23:08:31.000Z</time><extensions><gpxtpx:TrackPointExtension><gpxtpx:hr>147</gpxtpx:hr></gpxtpx:TrackPointExtension></extensions></trkpt>
      <trkpt lat="40.702564" lon="-74.016393"><ele>0.4</ele><time>2026-06-25T23:08:32.000Z</time><extensions><gpxtpx:TrackPointExtension><gpxtpx:hr>143</gpxtpx:hr></gpxtpx:TrackPointExtension></extensions></trkpt>
      <trkpt lat="40.702547" lon="-74.016373"><ele>0</ele><time>2026-06-25T23:08:33.000Z</time><extensions><gpxtpx:TrackPointExtension><gpxtpx:hr>142</gpxtpx:hr></gpxtpx:TrackPointExtension></extensions></trkpt>
      <trkpt lat="40.702529" lon="-74.016354"><ele>-0.6</ele><time>2026-06-25T23:08:34.000Z</time><extensions><gpxtpx:TrackPointExtension><gpxtpx:hr>142</gpxtpx:hr></gpxtpx:TrackPointExtension></extensions></trkpt>
      <trkpt lat="40.702509" lon="-74.016336"><ele>-1</ele><time>2026-06-25T23:08:35.000Z</time><extensions><gpxtpx:TrackPointExtension><gpxtpx:hr>142</gpxtpx:hr></gpxtpx:TrackPointExtension></extensions></trkpt>
      <trkpt lat="40.70249" lon="-74.016319"><ele>-1.6</ele><time>2026-06-25T23:08:36.000Z</time><extensions><gpxtpx:TrackPointExtension><gpxtpx:hr>142</gpxtpx:hr></gpxtpx:TrackPointExtension></extensions></trkpt>
      <trkpt lat="40.702473" lon="-74.016303"><ele>-2.2</ele><time>2026-06-25T23:08:37.000Z</time><extensions><gpxtpx:TrackPointExtension><gpxtpx:hr>142</gpxtpx:hr></gpxtpx:TrackPointExtension></extensions></trkpt>
      <trkpt lat="40.702458" lon="-74.016288"><ele>-2.8</ele><time>2026-06-25T23:08:38.000Z</time><extensions><gpxtpx:TrackPointExtension><gpxtpx:hr>142</gpxtpx:hr></gpxtpx:TrackPointExtension></extensions></trkpt>
      <trkpt lat="40.702294" lon="-74.01623"><ele>4.2</ele><time>2026-06-25T23:10:16.000Z</time><extensions><gpxtpx:TrackPointExtension><gpxtpx:hr>142</gpxtpx:hr></gpxtpx:TrackPointExtension></extensions></trkpt>
      <trkpt lat="40.702291" lon="-74.016226"><ele>3.6</ele><time>2026-06-25T23:10:17.000Z</time><extensions><gpxtpx:TrackPointExtension><gpxtpx:hr>142</gpxtpx:hr></gpxtpx:TrackPointExtension></extensions></trkpt>
      <trkpt lat="40.702287" lon="-74.016221"><ele>3.2</ele><time>2026-06-25T23:10:18.000Z</time><extensions><gpxtpx:TrackPointExtension><gpxtpx:hr>142</gpxtpx:hr></gpxtpx:TrackPointExtension></extensions></trkpt>
      <trkpt lat="40.70228" lon="-74.016214"><ele>2.8</ele><time>2026-06-25T23:10:19.000Z</time><extensions><gpxtpx:TrackPointExtension><gpxtpx:hr>112</gpxtpx:hr></gpxtpx:TrackPointExtension></extensions></trkpt>
      <trkpt lat="40.702271" lon="-74.016202"><ele>2.4</ele><time>2026-06-25T23:10:20.000Z</time><extensions><gpxtpx:TrackPointExtension><gpxtpx:hr>112</gpxtpx:hr></gpxtpx:TrackPointExtension></extensions></trkpt>
      <trkpt lat="40.702259" lon="-74.016189"><ele>2.2</ele><time>2026-06-25T23:10:21.000Z</time><extensions><gpxtpx:TrackPointExtension><gpxtpx:hr>112</gpxtpx:hr></gpxtpx:TrackPointExtension></extensions></trkpt>
      <trkpt lat="40.702245" lon="-74.016175"><ele>2</ele><time>2026-06-25T23:10:22.000Z</time><extensions><gpxtpx:TrackPointExtension><gpxtpx:hr>112</gpxtpx:hr></gpxtpx:TrackPointExtension></extensions></trkpt>
      <trkpt lat="40.702229" lon="-74.01616"><ele>2</ele><time>2026-06-25T23:10:23.000Z</time><extensions><gpxtpx:TrackPointExtension><gpxtpx:hr>112</gpxtpx:hr></gpxtpx:TrackPointExtension></extensions></trkpt>
      <trkpt lat="40.702214" lon="-74.016144"><ele>1.8</ele><time>2026-06-25T23:10:24.000Z</time><extensions><gpxtpx:TrackPointExtension><gpxtpx:hr>112</gpxtpx:hr></gpxtpx:TrackPointExtension></extensions></trkpt>
      <trkpt lat="40.702201" lon="-74.016124"><ele>1.8</ele><time>2026-06-25T23:10:25.000Z</time><extensions><gpxtpx:TrackPointExtension><gpxtpx:hr>112</gpxtpx:hr></gpxtpx:TrackPointExtension></extensions></trkpt>
      <trkpt lat="40.70219" lon="-74.016101"><ele>1.8</ele><time>2026-06-25T23:10:26.000Z</time><extensions><gpxtpx:TrackPointExtension><gpxtpx:hr>112</gpxtpx:hr></gpxtpx:TrackPointExtension></extensions></trkpt>
      <trkpt lat="40.702179" lon="-74.016078"><ele>1.8</ele><time>2026-06-25T23:10:27.000Z</time><extensions><gpxtpx:TrackPointExtension><gpxtpx:hr>114</gpxtpx:hr></gpxtpx:TrackPointExtension></extensions></trkpt>
      <trkpt lat="40.702166" lon="-74.016055"><ele>2</ele><time>2026-06-25T23:10:28.000Z</time><extensions><gpxtpx:TrackPointExtension><gpxtpx:hr>114</gpxtpx:hr></gpxtpx:TrackPointExtension></extensions></trkpt>
      <trkpt lat="40.702154" lon="-74.016033"><ele>2</ele><time>2026-06-25T23:10:29.000Z</time><extensions><gpxtpx:TrackPointExtension><gpxtpx:hr>114</gpxtpx:hr></gpxtpx:TrackPointExtension></extensions></trkpt>
      <trkpt lat="40.702142" lon="-74.016011"><ele>2</ele><time>2026-06-25T23:10:30.000Z</time><extensions><gpxtpx:TrackPointExtension><gpxtpx:hr>114</gpxtpx:hr></gpxtpx:TrackPointExtension></extensions></trkpt>
      <trkpt lat="40.70213" lon="-74.01599"><ele>2</ele><time>2026-06-25T23:10:31.000Z</time><extensions><gpxtpx:TrackPointExtension><gpxtpx:hr>114</gpxtpx:hr></gpxtpx:TrackPointExtension></extensions></trkpt>
      <trkpt lat="40.702118" lon="-74.015969"><ele>2</ele><time>2026-06-25T23:10:32.000Z</time><extensions><gpxtpx:TrackPointExtension><gpxtpx:hr>114</gpxtpx:hr></gpxtpx:TrackPointExtension></extensions></trkpt>
      <trkpt lat="40.702105" lon="-74.015949"><ele>2.2</ele><time>2026-06-25T23:10:33.000Z</time><extensions><gpxtpx:TrackPointExtension><gpxtpx:hr>114</gpxtpx:hr></gpxtpx:TrackPointExtension></extensions></trkpt>
      <trkpt lat="40.702091" lon="-74.01593"><ele>2.2</ele><time>2026-06-25T23:10:34.000Z</time><extensions><gpxtpx:TrackPointExtension><gpxtpx:hr>114</gpxtpx:hr></gpxtpx:TrackPointExtension></extensions></trkpt>
      <trkpt lat="40.702078" lon="-74.01591"><ele>2.2</ele><time>2026-06-25T23:10:35.000Z</time><extensions><gpxtpx:TrackPointExtension><gpxtpx:hr>114</gpxtpx:hr></gpxtpx:TrackPointExtension></extensions></trkpt>
      <trkpt lat="40.702066" lon="-74.01589"><ele>2.2</ele><time>2026-06-25T23:10:36.000Z</time><extensions><gpxtpx:TrackPointExtension><gpxtpx:hr>114</gpxtpx:hr></gpxtpx:TrackPointExtension></extensions></trkpt>
      <trkpt lat="40.702059" lon="-74.015869"><ele>2.4</ele><time>2026-06-25T23:10:37.000Z</time><extensions><gpxtpx:TrackPointExtension><gpxtpx:hr>115</gpxtpx:hr></gpxtpx:TrackPointExtension></extensions></trkpt>
      <trkpt lat="40.702058" lon="-74.015849"><ele>2.4</ele><time>2026-06-25T23:10:38.000Z</time><extensions><gpxtpx:TrackPointExtension><gpxtpx:hr>116</gpxtpx:hr></gpxtpx:TrackPointExtension></extensions></trkpt>
      <trkpt lat="40.702066" lon="-74.01583"><ele>2.4</ele><time>2026-06-25T23:10:39.000Z</time><extensions><gpxtpx:TrackPointExtension><gpxtpx:hr>116</gpxtpx:hr></gpxtpx:TrackPointExtension></extensions></trkpt>
      <trkpt lat="40.70208" lon="-74.015816"><ele>2.6</ele><time>2026-06-25T23:10:40.000Z</time><extensions><gpxtpx:TrackPointExtension><gpxtpx:hr>116</gpxtpx:hr></gpxtpx:TrackPointExtension></extensions></trkpt>
      <trkpt lat="40.702097" lon="-74.015808"><ele>2.6</ele><time>2026-06-25T23:10:41.000Z</time><extensions><gpxtpx:TrackPointExtension><gpxtpx:hr>116</gpxtpx:hr></gpxtpx:TrackPointExtension></extensions></trkpt>
      <trkpt lat="40.702115" lon="-74.015808"><ele>2.6</ele><time>2026-06-25T23:10:42.000Z</time><extensions><gpxtpx:TrackPointExtension><gpxtpx:hr>116</gpxtpx:hr></gpxtpx:TrackPointExtension></extensions></trkpt>
      <trkpt lat="40.702131" lon="-74.015815"><ele>2.6</ele><time>2026-06-25T23:10:43.000Z</time><extensions><gpxtpx:TrackPointExtension><gpxtpx:hr>116</gpxtpx:hr></gpxtpx:TrackPointExtension></extensions></trkpt>
      <trkpt lat="40.702146" lon="-74.01583"><ele>2.8</ele><time>2026-06-25T23:10:44.000Z</time><extensions><gpxtpx:TrackPointExtension><gpxtpx:hr>116</gpxtpx:hr></gpxtpx:TrackPointExtension></extensions></trkpt>
      <trkpt lat="40.702158" lon="-74.015849"><ele>2.8</ele><time>2026-06-25T23:10:45.000Z</time><extensions><gpxtpx:TrackPointExtension><gpxtpx:hr>116</gpxtpx:hr></gpxtpx:TrackPointExtension></extensions></trkpt>
      <trkpt lat="40.702167" lon="-74.015872"><ele>2.8</ele><time>2026-06-25T23:10:46.000Z</time><extensions><gpxtpx:TrackPointExtension><gpxtpx:hr>116</gpxtpx:hr></gpxtpx:TrackPointExtension></extensions></trkpt>
      <trkpt lat="40.702174" lon="-74.015896"><ele>2.8</ele><time>2026-06-25T23:10:47.000Z</time><extensions><gpxtpx:TrackPointExtension><gpxtpx:hr>125</gpxtpx:hr></gpxtpx:TrackPointExtension></extensions></trkpt>
      <trkpt lat="40.70218" lon="-74.015919"><ele>2.8</ele><time>2026-06-25T23:10:48.000Z</time><extensions><gpxtpx:TrackPointExtension><gpxtpx:hr>125</gpxtpx:hr></gpxtpx:TrackPointExtension></extensions></trkpt>
      <trkpt lat="40.702186" lon="-74.015935"><ele>2.8</ele><time>2026-06-25T23:10:49.000Z</time><extensions><gpxtpx:TrackPointExtension><gpxtpx:hr>125</gpxtpx:hr></gpxtpx:TrackPointExtension></extensions></trkpt>
      <trkpt lat="40.702186" lon="-74.015935"><ele>2.8</ele><time>2026-06-25T23:10:50.000Z</time><extensions><gpxtpx:TrackPointExtension><gpxtpx:hr>125</gpxtpx:hr></gpxtpx:TrackPointExtension></extensions></trkpt>
      <trkpt lat="40.702192" lon="-74.015943"><ele>3</ele><time>2026-06-25T23:10:51.000Z</time><extensions><gpxtpx:TrackPointExtension><gpxtpx:hr>125</gpxtpx:hr></gpxtpx:TrackPointExtension></extensions></trkpt>
      <trkpt lat="40.702217" lon="-74.015993"><ele>3.2</ele><time>2026-06-25T23:10:55.000Z</time><extensions><gpxtpx:TrackPointExtension><gpxtpx:hr>125</gpxtpx:hr></gpxtpx:TrackPointExtension></extensions></trkpt>
      <trkpt lat="40.702233" lon="-74.016007"><ele>3.2</ele><time>2026-06-25T23:10:56.000Z</time><extensions><gpxtpx:TrackPointExtension><gpxtpx:hr>125</gpxtpx:hr></gpxtpx:TrackPointExtension></extensions></trkpt>
      <trkpt lat="40.702256" lon="-74.016016"><ele>3.2</ele><time>2026-06-25T23:10:57.000Z</time><extensions><gpxtpx:TrackPointExtension><gpxtpx:hr>125</gpxtpx:hr></gpxtpx:TrackPointExtension></extensions></trkpt>
      <trkpt lat="40.702284" lon="-74.016021"><ele>3.2</ele><time>2026-06-25T23:10:58.000Z</time><extensions><gpxtpx:TrackPointExtension><gpxtpx:hr>125</gpxtpx:hr></gpxtpx:TrackPointExtension></extensions></trkpt>
      <trkpt lat="40.702311" lon="-74.016024"><ele>3.2</ele><time>2026-06-25T23:10:59.000Z</time><extensions><gpxtpx:TrackPointExtension><gpxtpx:hr>128</gpxtpx:hr></gpxtpx:TrackPointExtension></extensions></trkpt>
      <trkpt lat="40.702335" lon="-74.016025"><ele>3</ele><time>2026-06-25T23:11:00.000Z</time><extensions><gpxtpx:TrackPointExtension><gpxtpx:hr>128</gpxtpx:hr></gpxtpx:TrackPointExtension></extensions></trkpt>
      <trkpt lat="40.702359" lon="-74.016023"><ele>3</ele><time>2026-06-25T23:11:01.000Z</time><extensions><gpxtpx:TrackPointExtension><gpxtpx:hr>128</gpxtpx:hr></gpxtpx:TrackPointExtension></extensions></trkpt>
      <trkpt lat="40.702384" lon="-74.016018"><ele>2.8</ele><time>2026-06-25T23:11:02.000Z</time><extensions><gpxtpx:TrackPointExtension><gpxtpx:hr>128</gpxtpx:hr></gpxtpx:TrackPointExtension></extensions></trkpt>
      <trkpt lat="40.702408" lon="-74.016009"><ele>2.8</ele><time>2026-06-25T23:11:03.000Z</time><extensions><gpxtpx:TrackPointExtension><gpxtpx:hr>128</gpxtpx:hr></gpxtpx:TrackPointExtension></extensions></trkpt>
      <trkpt lat="40.70243" lon="-74.015998"><ele>2.6</ele><time>2026-06-25T23:11:04.000Z</time><extensions><gpxtpx:TrackPointExtension><gpxtpx:hr>128</gpxtpx:hr></gpxtpx:TrackPointExtension></extensions></trkpt>
      <trkpt lat="40.702451" lon="-74.015982"><ele>2.6</ele><time>2026-06-25T23:11:05.000Z</time><extensions><gpxtpx:TrackPointExtension><gpxtpx:hr>128</gpxtpx:hr></gpxtpx:TrackPointExtension></extensions></trkpt>
      <trkpt lat="40.702469" lon="-74.015963"><ele>2.4</ele><time>2026-06-25T23:11:06.000Z</time><extensions><gpxtpx:TrackPointExtension><gpxtpx:hr>131</gpxtpx:hr></gpxtpx:TrackPointExtension></extensions></trkpt>
      <trkpt lat="40.702482" lon="-74.015938"><ele>2.2</ele><time>2026-06-25T23:11:07.000Z</time><extensions><gpxtpx:TrackPointExtension><gpxtpx:hr>131</gpxtpx:hr></gpxtpx:TrackPointExtension></extensions></trkpt>
      <trkpt lat="40.70248" lon="-74.015912"><ele>2</ele><time>2026-06-25T23:11:08.000Z</time><extensions><gpxtpx:TrackPointExtension><gpxtpx:hr>131</gpxtpx:hr></gpxtpx:TrackPointExtension></extensions></trkpt>
      <trkpt lat="40.702467" lon="-74.015887"><ele>1.8</ele><time>2026-06-25T23:11:09.000Z</time><extensions><gpxtpx:TrackPointExtension><gpxtpx:hr>131</gpxtpx:hr></gpxtpx:TrackPointExtension></extensions></trkpt>
      <trkpt lat="40.702452" lon="-74.015863"><ele>1.6</ele><time>2026-06-25T23:11:10.000Z</time><extensions><gpxtpx:TrackPointExtension><gpxtpx:hr>131</gpxtpx:hr></gpxtpx:TrackPointExtension></extensions></trkpt>
      <trkpt lat="40.702437" lon="-74.015838"><ele>1.4</ele><time>2026-06-25T23:11:11.000Z</time><extensions><gpxtpx:TrackPointExtension><gpxtpx:hr>131</gpxtpx:hr></gpxtpx:TrackPointExtension></extensions></trkpt>
      <trkpt lat="40.702421" lon="-74.01581"><ele>1.2</ele><time>2026-06-25T23:11:12.000Z</time><extensions><gpxtpx:TrackPointExtension><gpxtpx:hr>131</gpxtpx:hr></gpxtpx:TrackPointExtension></extensions></trkpt>
      <trkpt lat="40.702405" lon="-74.01578"><ele>1</ele><time>2026-06-25T23:11:13.000Z</time><extensions><gpxtpx:TrackPointExtension><gpxtpx:hr>131</gpxtpx:hr></gpxtpx:TrackPointExtension></extensions></trkpt>
      <trkpt lat="40.702387" lon="-74.015749"><ele>0.6</ele><time>2026-06-25T23:11:14.000Z</time><extensions><gpxtpx:TrackPointExtension><gpxtpx:hr>131</gpxtpx:hr></gpxtpx:TrackPointExtension></extensions></trkpt>
      <trkpt lat="40.702368" lon="-74.015716"><ele>0.4</ele><time>2026-06-25T23:11:15.000Z</time><extensions><gpxtpx:TrackPointExtension><gpxtpx:hr>131</gpxtpx:hr></gpxtpx:TrackPointExtension></extensions></trkpt>
      <trkpt lat="40.702348" lon="-74.015682"><ele>0.2</ele><time>2026-06-25T23:11:16.000Z</time><extensions><gpxtpx:TrackPointExtension><gpxtpx:hr>131</gpxtpx:hr></gpxtpx:TrackPointExtension></extensions></trkpt>
      <trkpt lat="40.702328" lon="-74.015648"><ele>0</ele><time>2026-06-25T23:11:17.000Z</time><extensions><gpxtpx:TrackPointExtension><gpxtpx:hr>134</gpxtpx:hr></gpxtpx:TrackPointExtension></extensions></trkpt>
      <trkpt lat="40.70231" lon="-74.015615"><ele>-0.4</ele><time>2026-06-25T23:11:18.000Z</time><extensions><gpxtpx:TrackPointExtension><gpxtpx:hr>134</gpxtpx:hr></gpxtpx:TrackPointExtension></extensions></trkpt>
      <trkpt lat="40.702292" lon="-74.015584"><ele>-0.4</ele><time>2026-06-25T23:11:19.000Z</time><extensions><gpxtpx:TrackPointExtension><gpxtpx:hr>134</gpxtpx:hr></gpxtpx:TrackPointExtension></extensions></trkpt>
      <trkpt lat="40.702276" lon="-74.015555"><ele>-0.6</ele><time>2026-06-25T23:11:20.000Z</time><extensions><gpxtpx:TrackPointExtension><gpxtpx:hr>134</gpxtpx:hr></gpxtpx:TrackPointExtension></extensions></trkpt>
      <trkpt lat="40.70226" lon="-74.015526"><ele>-0.8</ele><time>2026-06-25T23:11:21.000Z</time><extensions><gpxtpx:TrackPointExtension><gpxtpx:hr>134</gpxtpx:hr></gpxtpx:TrackPointExtension></extensions></trkpt>
      <trkpt lat="40.702245" lon="-74.015499"><ele>-1</ele><time>2026-06-25T23:11:22.000Z</time><extensions><gpxtpx:TrackPointExtension><gpxtpx:hr>134</gpxtpx:hr></gpxtpx:TrackPointExtension></extensions></trkpt>
      <trkpt lat="40.70223" lon="-74.015472"><ele>-1</ele><time>2026-06-25T23:11:23.000Z</time><extensions><gpxtpx:TrackPointExtension><gpxtpx:hr>134</gpxtpx:hr></gpxtpx:TrackPointExtension></extensions></trkpt>
      <trkpt lat="40.702215" lon="-74.015445"><ele>-1</ele><time>2026-06-25T23:11:24.000Z</time><extensions><gpxtpx:TrackPointExtension><gpxtpx:hr>134</gpxtpx:hr></gpxtpx:TrackPointExtension></extensions></trkpt>
      <trkpt lat="40.7022" lon="-74.015418"><ele>-1</ele><time>2026-06-25T23:11:25.000Z</time><extensions><gpxtpx:TrackPointExtension><gpxtpx:hr>134</gpxtpx:hr></gpxtpx:TrackPointExtension></extensions></trkpt>
      <trkpt lat="40.702185" lon="-74.015391"><ele>-1</ele><time>2026-06-25T23:11:26.000Z</time><extensions><gpxtpx:TrackPointExtension><gpxtpx:hr>134</gpxtpx:hr></gpxtpx:TrackPointExtension></extensions></trkpt>
      <trkpt lat="40.702168" lon="-74.015364"><ele>-1</ele><time>2026-06-25T23:11:27.000Z</time><extensions><gpxtpx:TrackPointExtension><gpxtpx:hr>137</gpxtpx:hr></gpxtpx:TrackPointExtension></extensions></trkpt>
      <trkpt lat="40.702152" lon="-74.015336"><ele>-1</ele><time>2026-06-25T23:11:28.000Z</time><extensions><gpxtpx:TrackPointExtension><gpxtpx:hr>137</gpxtpx:hr></gpxtpx:TrackPointExtension></extensions></trkpt>
      <trkpt lat="40.702136" lon="-74.01531"><ele>-1</ele><time>2026-06-25T23:11:29.000Z</time><extensions><gpxtpx:TrackPointExtension><gpxtpx:hr>139</gpxtpx:hr></gpxtpx:TrackPointExtension></extensions></trkpt>
      <trkpt lat="40.702119" lon="-74.015286"><ele>-1</ele><time>2026-06-25T23:11:30.000Z</time><extensions><gpxtpx:TrackPointExtension><gpxtpx:hr>139</gpxtpx:hr></gpxtpx:TrackPointExtension></extensions></trkpt>
      <trkpt lat="40.702102" lon="-74.015262"><ele>-1</ele><time>2026-06-25T23:11:31.000Z</time><extensions><gpxtpx:TrackPointExtension><gpxtpx:hr>139</gpxtpx:hr></gpxtpx:TrackPointExtension></extensions></trkpt>
      <trkpt lat="40.702084" lon="-74.015239"><ele>-1</ele><time>2026-06-25T23:11:32.000Z</time><extensions><gpxtpx:TrackPointExtension><gpxtpx:hr>139</gpxtpx:hr></gpxtpx:TrackPointExtension></extensions></trkpt>
      <trkpt lat="40.702064" lon="-74.015217"><ele>-0.8</ele><time>2026-06-25T23:11:33.000Z</time><extensions><gpxtpx:TrackPointExtension><gpxtpx:hr>139</gpxtpx:hr></gpxtpx:TrackPointExtension></extensions></trkpt>
      <trkpt lat="40.702045" lon="-74.015196"><ele>-0.8</ele><time>2026-06-25T23:11:34.000Z</time><extensions><gpxtpx:TrackPointExtension><gpxtpx:hr>139</gpxtpx:hr></gpxtpx:TrackPointExtension></extensions></trkpt>
      <trkpt lat="40.702025" lon="-74.015176"><ele>-0.8</ele><time>2026-06-25T23:11:35.000Z</time><extensions><gpxtpx:TrackPointExtension><gpxtpx:hr>139</gpxtpx:hr></gpxtpx:TrackPointExtension></extensions></trkpt>
      <trkpt lat="40.702005" lon="-74.015157"><ele>-0.8</ele><time>2026-06-25T23:11:36.000Z</time><extensions><gpxtpx:TrackPointExtension><gpxtpx:hr>139</gpxtpx:hr></gpxtpx:TrackPointExtension></extensions></trkpt>
      <trkpt lat="40.701984" lon="-74.015139"><ele>-0.8</ele><time>2026-06-25T23:11:37.000Z</time><extensions><gpxtpx:TrackPointExtension><gpxtpx:hr>139</gpxtpx:hr></gpxtpx:TrackPointExtension></extensions></trkpt>
      <trkpt lat="40.701961" lon="-74.01512"><ele>-0.6</ele><time>2026-06-25T23:11:38.000Z</time><extensions><gpxtpx:TrackPointExtension><gpxtpx:hr>139</gpxtpx:hr></gpxtpx:TrackPointExtension></extensions></trkpt>
      <trkpt lat="40.701937" lon="-74.015102"><ele>-0.6</ele><time>2026-06-25T23:11:39.000Z</time><extensions><gpxtpx:TrackPointExtension><gpxtpx:hr>139</gpxtpx:hr></gpxtpx:TrackPointExtension></extensions></trkpt>
      <trkpt lat="40.701916" lon="-74.015086"><ele>-0.4</ele><time>2026-06-25T23:11:40.000Z</time><extensions><gpxtpx:TrackPointExtension><gpxtpx:hr>140</gpxtpx:hr></gpxtpx:TrackPointExtension></extensions></trkpt>
      <trkpt lat="40.701897" lon="-74.015069"><ele>-0.4</ele><time>2026-06-25T23:11:41.000Z</time><extensions><gpxtpx:TrackPointExtension><gpxtpx:hr>140</gpxtpx:hr></gpxtpx:TrackPointExtension></extensions></trkpt>
      <trkpt lat="40.70188" lon="-74.01505"><ele>-0.2</ele><time>2026-06-25T23:11:42.000Z</time><extensions><gpxtpx:TrackPointExtension><gpxtpx:hr>140</gpxtpx:hr></gpxtpx:TrackPointExtension></extensions></trkpt>
      <trkpt lat="40.701864" lon="-74.015028"><ele>-0.2</ele><time>2026-06-25T23:11:43.000Z</time><extensions><gpxtpx:TrackPointExtension><gpxtpx:hr>140</gpxtpx:hr></gpxtpx:TrackPointExtension></extensions></trkpt>
      <trkpt lat="40.701851" lon="-74.015002"><ele>0</ele><time>2026-06-25T23:11:44.000Z</time><extensions><gpxtpx:TrackPointExtension><gpxtpx:hr>140</gpxtpx:hr></gpxtpx:TrackPointExtension></extensions></trkpt>
      <trkpt lat="40.701844" lon="-74.014972"><ele>0.2</ele><time>2026-06-25T23:11:45.000Z</time><extensions><gpxtpx:TrackPointExtension><gpxtpx:hr>138</gpxtpx:hr></gpxtpx:TrackPointExtension></extensions></trkpt>
      <trkpt lat="40.701844" lon="-74.014938"><ele>0.2</ele><time>2026-06-25T23:11:46.000Z</time><extensions><gpxtpx:TrackPointExtension><gpxtpx:hr>138</gpxtpx:hr></gpxtpx:TrackPointExtension></extensions></trkpt>
      <trkpt lat="40.70185" lon="-74.014904"><ele>0.4</ele><time>2026-06-25T23:11:47.000Z</time><extensions><gpxtpx:TrackPointExtension><gpxtpx:hr>138</gpxtpx:hr></gpxtpx:TrackPointExtension></extensions></trkpt>
      <trkpt lat="40.701862" lon="-74.014872"><ele>0.6</ele><time>2026-06-25T23:11:48.000Z</time><extensions><gpxtpx:TrackPointExtension><gpxtpx:hr>140</gpxtpx:hr></gpxtpx:TrackPointExtension></extensions></trkpt>
      <trkpt lat="40.701878" lon="-74.014847"><ele>0.8</ele><time>2026-06-25T23:11:49.000Z</time><extensions><gpxtpx:TrackPointExtension><gpxtpx:hr>140</gpxtpx:hr></gpxtpx:TrackPointExtension></extensions></trkpt>
      <trkpt lat="40.701896" lon="-74.014826"><ele>1</ele><time>2026-06-25T23:11:50.000Z</time><extensions><gpxtpx:TrackPointExtension><gpxtpx:hr>140</gpxtpx:hr></gpxtpx:TrackPointExtension></extensions></trkpt>
      <trkpt lat="40.701913" lon="-74.014807"><ele>1</ele><time>2026-06-25T23:11:51.000Z</time><extensions><gpxtpx:TrackPointExtension><gpxtpx:hr>140</gpxtpx:hr></gpxtpx:TrackPointExtension></extensions></trkpt>
      <trkpt lat="40.701929" lon="-74.014786"><ele>1.2</ele><time>2026-06-25T23:11:52.000Z</time><extensions><gpxtpx:TrackPointExtension><gpxtpx:hr>140</gpxtpx:hr></gpxtpx:TrackPointExtension></extensions></trkpt>
      <trkpt lat="40.701944" lon="-74.01476"><ele>1.4</ele><time>2026-06-25T23:11:53.000Z</time><extensions><gpxtpx:TrackPointExtension><gpxtpx:hr>140</gpxtpx:hr></gpxtpx:TrackPointExtension></extensions></trkpt>
      <trkpt lat="40.701957" lon="-74.014734"><ele>1.4</ele><time>2026-06-25T23:11:54.000Z</time><extensions><gpxtpx:TrackPointExtension><gpxtpx:hr>140</gpxtpx:hr></gpxtpx:TrackPointExtension></extensions></trkpt>
      <trkpt lat="40.701969" lon="-74.014708"><ele>1.6</ele><time>2026-06-25T23:11:55.000Z</time><extensions><gpxtpx:TrackPointExtension><gpxtpx:hr>142</gpxtpx:hr></gpxtpx:TrackPointExtension></extensions></trkpt>
      <trkpt lat="40.701982" lon="-74.014685"><ele>1.6</ele><time>2026-06-25T23:11:56.000Z</time><extensions><gpxtpx:TrackPointExtension><gpxtpx:hr>142</gpxtpx:hr></gpxtpx:TrackPointExtension></extensions></trkpt>
      <trkpt lat="40.701996" lon="-74.014665"><ele>1.8</ele><time>2026-06-25T23:11:57.000Z</time><extensions><gpxtpx:TrackPointExtension><gpxtpx:hr>142</gpxtpx:hr></gpxtpx:TrackPointExtension></extensions></trkpt>
      <trkpt lat="40.702009" lon="-74.014647"><ele>1.8</ele><time>2026-06-25T23:11:58.000Z</time><extensions><gpxtpx:TrackPointExtension><gpxtpx:hr>142</gpxtpx:hr></gpxtpx:TrackPointExtension></extensions></trkpt>
      <trkpt lat="40.702019" lon="-74.014632"><ele>1.8</ele><time>2026-06-25T23:11:59.000Z</time><extensions><gpxtpx:TrackPointExtension><gpxtpx:hr>143</gpxtpx:hr></gpxtpx:TrackPointExtension></extensions></trkpt>
      <trkpt lat="40.702025" lon="-74.014623"><ele>2</ele><time>2026-06-25T23:12:00.000Z</time><extensions><gpxtpx:TrackPointExtension><gpxtpx:hr>143</gpxtpx:hr></gpxtpx:TrackPointExtension></extensions></trkpt>
      <trkpt lat="40.702021" lon="-74.014623"><ele>2</ele><time>2026-06-25T23:12:01.000Z</time><extensions><gpxtpx:TrackPointExtension><gpxtpx:hr>143</gpxtpx:hr></gpxtpx:TrackPointExtension></extensions></trkpt>
      <trkpt lat="40.702011" lon="-74.014629"><ele>2</ele><time>2026-06-25T23:12:02.000Z</time><extensions><gpxtpx:TrackPointExtension><gpxtpx:hr>143</gpxtpx:hr></gpxtpx:TrackPointExtension></extensions></trkpt>
      <trkpt lat="40.702005" lon="-74.014631"><ele>2</ele><time>2026-06-25T23:12:03.000Z</time><extensions><gpxtpx:TrackPointExtension><gpxtpx:hr>143</gpxtpx:hr></gpxtpx:TrackPointExtension></extensions></trkpt>
      <trkpt lat="40.702008" lon="-74.014626"><ele>2</ele><time>2026-06-25T23:12:04.000Z</time><extensions><gpxtpx:TrackPointExtension><gpxtpx:hr>143</gpxtpx:hr></gpxtpx:TrackPointExtension></extensions></trkpt>
      <trkpt lat="40.702019" lon="-74.014616"><ele>2.2</ele><time>2026-06-25T23:12:05.000Z</time><extensions><gpxtpx:TrackPointExtension><gpxtpx:hr>143</gpxtpx:hr></gpxtpx:TrackPointExtension></extensions></trkpt>
      <trkpt lat="40.702038" lon="-74.014604"><ele>2.2</ele><time>2026-06-25T23:12:06.000Z</time><extensions><gpxtpx:TrackPointExtension><gpxtpx:hr>143</gpxtpx:hr></gpxtpx:TrackPointExtension></extensions></trkpt>
      <trkpt lat="40.70206" lon="-74.014591"><ele>2.2</ele><time>2026-06-25T23:12:07.000Z</time><extensions><gpxtpx:TrackPointExtension><gpxtpx:hr>143</gpxtpx:hr></gpxtpx:TrackPointExtension></extensions></trkpt>
      <trkpt lat="40.70208" lon="-74.014576"><ele>2.2</ele><time>2026-06-25T23:12:08.000Z</time><extensions><gpxtpx:TrackPointExtension><gpxtpx:hr>146</gpxtpx:hr></gpxtpx:TrackPointExtension></extensions></trkpt>
      <trkpt lat="40.702098" lon="-74.014558"><ele>2.2</ele><time>2026-06-25T23:12:09.000Z</time><extensions><gpxtpx:TrackPointExtension><gpxtpx:hr>146</gpxtpx:hr></gpxtpx:TrackPointExtension></extensions></trkpt>
      <trkpt lat="40.702115" lon="-74.014539"><ele>2.2</ele><time>2026-06-25T23:12:10.000Z</time><extensions><gpxtpx:TrackPointExtension><gpxtpx:hr>146</gpxtpx:hr></gpxtpx:TrackPointExtension></extensions></trkpt>
      <trkpt lat="40.70213" lon="-74.014518"><ele>2.2</ele><time>2026-06-25T23:12:11.000Z</time><extensions><gpxtpx:TrackPointExtension><gpxtpx:hr>146</gpxtpx:hr></gpxtpx:TrackPointExtension></extensions></trkpt>
      <trkpt lat="40.702145" lon="-74.014497"><ele>2.2</ele><time>2026-06-25T23:12:12.000Z</time><extensions><gpxtpx:TrackPointExtension><gpxtpx:hr>146</gpxtpx:hr></gpxtpx:TrackPointExtension></extensions></trkpt>
      <trkpt lat="40.702159" lon="-74.014478"><ele>2.2</ele><time>2026-06-25T23:12:13.000Z</time><extensions><gpxtpx:TrackPointExtension><gpxtpx:hr>146</gpxtpx:hr></gpxtpx:TrackPointExtension></extensions></trkpt>
      <trkpt lat="40.702173" lon="-74.01446"><ele>2.4</ele><time>2026-06-25T23:12:14.000Z</time><extensions><gpxtpx:TrackPointExtension><gpxtpx:hr>143</gpxtpx:hr></gpxtpx:TrackPointExtension></extensions></trkpt>
      <trkpt lat="40.702188" lon="-74.014444"><ele>2.4</ele><time>2026-06-25T23:12:15.000Z</time><extensions><gpxtpx:TrackPointExtension><gpxtpx:hr>143</gpxtpx:hr></gpxtpx:TrackPointExtension></extensions></trkpt>
      <trkpt lat="40.702203" lon="-74.014427"><ele>2.4</ele><time>2026-06-25T23:12:16.000Z</time><extensions><gpxtpx:TrackPointExtension><gpxtpx:hr>143</gpxtpx:hr></gpxtpx:TrackPointExtension></extensions></trkpt>
      <trkpt lat="40.702219" lon="-74.014411"><ele>2.4</ele><time>2026-06-25T23:12:17.000Z</time><extensions><gpxtpx:TrackPointExtension><gpxtpx:hr>143</gpxtpx:hr></gpxtpx:TrackPointExtension></extensions></trkpt>
      <trkpt lat="40.702236" lon="-74.014396"><ele>2.6</ele><time>2026-06-25T23:12:18.000Z</time><extensions><gpxtpx:TrackPointExtension><gpxtpx:hr>143</gpxtpx:hr></gpxtpx:TrackPointExtension></extensions></trkpt>
      <trkpt lat="40.702252" lon="-74.01438"><ele>2.6</ele><time>2026-06-25T23:12:19.000Z</time><extensions><gpxtpx:TrackPointExtension><gpxtpx:hr>141</gpxtpx:hr></gpxtpx:TrackPointExtension></extensions></trkpt>
      <trkpt lat="40.70227" lon="-74.014365"><ele>2.8</ele><time>2026-06-25T23:12:20.000Z</time><extensions><gpxtpx:TrackPointExtension><gpxtpx:hr>141</gpxtpx:hr></gpxtpx:TrackPointExtension></extensions></trkpt>
      <trkpt lat="40.702289" lon="-74.014349"><ele>3</ele><time>2026-06-25T23:12:21.000Z</time><extensions><gpxtpx:TrackPointExtension><gpxtpx:hr>141</gpxtpx:hr></gpxtpx:TrackPointExtension></extensions></trkpt>
      <trkpt lat="40.702308" lon="-74.014334"><ele>3.2</ele><time>2026-06-25T23:12:22.000Z</time><extensions><gpxtpx:TrackPointExtension><gpxtpx:hr>141</gpxtpx:hr></gpxtpx:TrackPointExtension></extensions></trkpt>
      <trkpt lat="40.702327" lon="-74.014319"><ele>3.4</ele><time>2026-06-25T23:12:23.000Z</time><extensions><gpxtpx:TrackPointExtension><gpxtpx:hr>141</gpxtpx:hr></gpxtpx:TrackPointExtension></extensions></trkpt>
      <trkpt lat="40.702345" lon="-74.014305"><ele>3.4</ele><time>2026-06-25T23:12:24.000Z</time><extensions><gpxtpx:TrackPointExtension><gpxtpx:hr>141</gpxtpx:hr></gpxtpx:TrackPointExtension></extensions></trkpt>
      <trkpt lat="40.702362" lon="-74.01429"><ele>3.6</ele><time>2026-06-25T23:12:25.000Z</time><extensions><gpxtpx:TrackPointExtension><gpxtpx:hr>141</gpxtpx:hr></gpxtpx:TrackPointExtension></extensions></trkpt>
      <trkpt lat="40.702375" lon="-74.014274"><ele>3.8</ele><time>2026-06-25T23:12:26.000Z</time><extensions><gpxtpx:TrackPointExtension><gpxtpx:hr>141</gpxtpx:hr></gpxtpx:TrackPointExtension></extensions></trkpt>
      <trkpt lat="40.702381" lon="-74.014255"><ele>3.8</ele><time>2026-06-25T23:12:27.000Z</time><extensions><gpxtpx:TrackPointExtension><gpxtpx:hr>140</gpxtpx:hr></gpxtpx:TrackPointExtension></extensions></trkpt>
      <trkpt lat="40.702384" lon="-74.014232"><ele>3.8</ele><time>2026-06-25T23:12:28.000Z</time><extensions><gpxtpx:TrackPointExtension><gpxtpx:hr>140</gpxtpx:hr></gpxtpx:TrackPointExtension></extensions></trkpt>
      <trkpt lat="40.702384" lon="-74.014205"><ele>4</ele><time>2026-06-25T23:12:29.000Z</time><extensions><gpxtpx:TrackPointExtension><gpxtpx:hr>140</gpxtpx:hr></gpxtpx:TrackPointExtension></extensions></trkpt>
      <trkpt lat="40.70238" lon="-74.014177"><ele>4</ele><time>2026-06-25T23:12:30.000Z</time><extensions><gpxtpx:TrackPointExtension><gpxtpx:hr>140</gpxtpx:hr></gpxtpx:TrackPointExtension></extensions></trkpt>
      <trkpt lat="40.702371" lon="-74.01415"><ele>4</ele><time>2026-06-25T23:12:31.000Z</time><extensions><gpxtpx:TrackPointExtension><gpxtpx:hr>140</gpxtpx:hr></gpxtpx:TrackPointExtension></extensions></trkpt>
      <trkpt lat="40.70236" lon="-74.014122"><ele>4</ele><time>2026-06-25T23:12:32.000Z</time><extensions><gpxtpx:TrackPointExtension><gpxtpx:hr>142</gpxtpx:hr></gpxtpx:TrackPointExtension></extensions></trkpt>
      <trkpt lat="40.702347" lon="-74.014094"><ele>4</ele><time>2026-06-25T23:12:33.000Z</time><extensions><gpxtpx:TrackPointExtension><gpxtpx:hr>142</gpxtpx:hr></gpxtpx:TrackPointExtension></extensions></trkpt>
      <trkpt lat="40.702335" lon="-74.014065"><ele>4</ele><time>2026-06-25T23:12:34.000Z</time><extensions><gpxtpx:TrackPointExtension><gpxtpx:hr>142</gpxtpx:hr></gpxtpx:TrackPointExtension></extensions></trkpt>
      <trkpt lat="40.702322" lon="-74.014035"><ele>4</ele><time>2026-06-25T23:12:35.000Z</time><extensions><gpxtpx:TrackPointExtension><gpxtpx:hr>142</gpxtpx:hr></gpxtpx:TrackPointExtension></extensions></trkpt>
      <trkpt lat="40.702309" lon="-74.014005"><ele>4</ele><time>2026-06-25T23:12:36.000Z</time><extensions><gpxtpx:TrackPointExtension><gpxtpx:hr>142</gpxtpx:hr></gpxtpx:TrackPointExtension></extensions></trkpt>
      <trkpt lat="40.702297" lon="-74.013974"><ele>4</ele><time>2026-06-25T23:12:37.000Z</time><extensions><gpxtpx:TrackPointExtension><gpxtpx:hr>142</gpxtpx:hr></gpxtpx:TrackPointExtension></extensions></trkpt>
      <trkpt lat="40.702286" lon="-74.013947"><ele>4.2</ele><time>2026-06-25T23:12:38.000Z</time><extensions><gpxtpx:TrackPointExtension><gpxtpx:hr>142</gpxtpx:hr></gpxtpx:TrackPointExtension></extensions></trkpt>
      <trkpt lat="40.702276" lon="-74.013915"><ele>4.2</ele><time>2026-06-25T23:12:39.000Z</time><extensions><gpxtpx:TrackPointExtension><gpxtpx:hr>142</gpxtpx:hr></gpxtpx:TrackPointExtension></extensions></trkpt>
      <trkpt lat="40.702269" lon="-74.013883"><ele>4.2</ele><time>2026-06-25T23:12:40.000Z</time><extensions><gpxtpx:TrackPointExtension><gpxtpx:hr>142</gpxtpx:hr></gpxtpx:TrackPointExtension></extensions></trkpt>
      <trkpt lat="40.702263" lon="-74.013848"><ele>4.2</ele><time>2026-06-25T23:12:41.000Z</time><extensions><gpxtpx:TrackPointExtension><gpxtpx:hr>143</gpxtpx:hr></gpxtpx:TrackPointExtension></extensions></trkpt>
      <trkpt lat="40.702259" lon="-74.013812"><ele>4.4</ele><time>2026-06-25T23:12:42.000Z</time><extensions><gpxtpx:TrackPointExtension><gpxtpx:hr>143</gpxtpx:hr></gpxtpx:TrackPointExtension></extensions></trkpt>
      <trkpt lat="40.702256" lon="-74.013776"><ele>4.4</ele><time>2026-06-25T23:12:43.000Z</time><extensions><gpxtpx:TrackPointExtension><gpxtpx:hr>143</gpxtpx:hr></gpxtpx:TrackPointExtension></extensions></trkpt>
      <trkpt lat="40.702255" lon="-74.01374"><ele>4.4</ele><time>2026-06-25T23:12:44.000Z</time><extensions><gpxtpx:TrackPointExtension><gpxtpx:hr>143</gpxtpx:hr></gpxtpx:TrackPointExtension></extensions></trkpt>
      <trkpt lat="40.702254" lon="-74.013705"><ele>4.6</ele><time>2026-06-25T23:12:45.000Z</time><extensions><gpxtpx:TrackPointExtension><gpxtpx:hr>143</gpxtpx:hr></gpxtpx:TrackPointExtension></extensions></trkpt>
      <trkpt lat="40.702253" lon="-74.013671"><ele>4.6</ele><time>2026-06-25T23:12:46.000Z</time><extensions><gpxtpx:TrackPointExtension><gpxtpx:hr>143</gpxtpx:hr></gpxtpx:TrackPointExtension></extensions></trkpt>
      <trkpt lat="40.70225" lon="-74.013641"><ele>4.6</ele><time>2026-06-25T23:12:47.000Z</time><extensions><gpxtpx:TrackPointExtension><gpxtpx:hr>143</gpxtpx:hr></gpxtpx:TrackPointExtension></extensions></trkpt>
      <trkpt lat="40.702248" lon="-74.013619"><ele>4.6</ele><time>2026-06-25T23:12:48.000Z</time><extensions><gpxtpx:TrackPointExtension><gpxtpx:hr>143</gpxtpx:hr></gpxtpx:TrackPointExtension></extensions></trkpt>
      <trkpt lat="40.702246" lon="-74.013603"><ele>4.4</ele><time>2026-06-25T23:12:49.000Z</time><extensions><gpxtpx:TrackPointExtension><gpxtpx:hr>145</gpxtpx:hr></gpxtpx:TrackPointExtension></extensions></trkpt>
      <trkpt lat="40.702245" lon="-74.013586"><ele>4.4</ele><time>2026-06-25T23:12:50.000Z</time><extensions><gpxtpx:TrackPointExtension><gpxtpx:hr>145</gpxtpx:hr></gpxtpx:TrackPointExtension></extensions></trkpt>
      <trkpt lat="40.702245" lon="-74.013565"><ele>4.2</ele><time>2026-06-25T23:12:51.000Z</time><extensions><gpxtpx:TrackPointExtension><gpxtpx:hr>145</gpxtpx:hr></gpxtpx:TrackPointExtension></extensions></trkpt>
      <trkpt lat="40.702244" lon="-74.013542"><ele>4</ele><time>2026-06-25T23:12:52.000Z</time><extensions><gpxtpx:TrackPointExtension><gpxtpx:hr>145</gpxtpx:hr></gpxtpx:TrackPointExtension></extensions></trkpt>
      <trkpt lat="40.702242" lon="-74.013517"><ele>4</ele><time>2026-06-25T23:12:53.000Z</time><extensions><gpxtpx:TrackPointExtension><gpxtpx:hr>145</gpxtpx:hr></gpxtpx:TrackPointExtension></extensions></trkpt>
      <trkpt lat="40.702239" lon="-74.01349"><ele>3.8</ele><time>2026-06-25T23:12:54.000Z</time><extensions><gpxtpx:TrackPointExtension><gpxtpx:hr>145</gpxtpx:hr></gpxtpx:TrackPointExtension></extensions></trkpt>
      <trkpt lat="40.702235" lon="-74.013464"><ele>3.8</ele><time>2026-06-25T23:12:55.000Z</time><extensions><gpxtpx:TrackPointExtension><gpxtpx:hr>145</gpxtpx:hr></gpxtpx:TrackPointExtension></extensions></trkpt>
      <trkpt lat="40.70223" lon="-74.013438"><ele>3.8</ele><time>2026-06-25T23:12:56.000Z</time><extensions><gpxtpx:TrackPointExtension><gpxtpx:hr>145</gpxtpx:hr></gpxtpx:TrackPointExtension></extensions></trkpt>
      <trkpt lat="40.702224" lon="-74.013413"><ele>3.6</ele><time>2026-06-25T23:12:57.000Z</time><extensions><gpxtpx:TrackPointExtension><gpxtpx:hr>144</gpxtpx:hr></gpxtpx:TrackPointExtension></extensions></trkpt>
      <trkpt lat="40.702215" lon="-74.013388"><ele>3.6</ele><time>2026-06-25T23:12:58.000Z</time><extensions><gpxtpx:TrackPointExtension><gpxtpx:hr>144</gpxtpx:hr></gpxtpx:TrackPointExtension></extensions></trkpt>
      <trkpt lat="40.702202" lon="-74.013364"><ele>3.6</ele><time>2026-06-25T23:12:59.000Z</time><extensions><gpxtpx:TrackPointExtension><gpxtpx:hr>144</gpxtpx:hr></gpxtpx:TrackPointExtension></extensions></trkpt>
      <trkpt lat="40.702185" lon="-74.013341"><ele>3.6</ele><time>2026-06-25T23:13:00.000Z</time><extensions><gpxtpx:TrackPointExtension><gpxtpx:hr>144</gpxtpx:hr></gpxtpx:TrackPointExtension></extensions></trkpt>
      <trkpt lat="40.702169" lon="-74.013317"><ele>3.8</ele><time>2026-06-25T23:13:01.000Z</time><extensions><gpxtpx:TrackPointExtension><gpxtpx:hr>144</gpxtpx:hr></gpxtpx:TrackPointExtension></extensions></trkpt>
      <trkpt lat="40.702153" lon="-74.013293"><ele>3.8</ele><time>2026-06-25T23:13:02.000Z</time><extensions><gpxtpx:TrackPointExtension><gpxtpx:hr>144</gpxtpx:hr></gpxtpx:TrackPointExtension></extensions></trkpt>
      <trkpt lat="40.702136" lon="-74.013268"><ele>3.8</ele><time>2026-06-25T23:13:03.000Z</time><extensions><gpxtpx:TrackPointExtension><gpxtpx:hr>144</gpxtpx:hr></gpxtpx:TrackPointExtension></extensions></trkpt>
      <trkpt lat="40.702116" lon="-74.013245"><ele>4</ele><time>2026-06-25T23:13:04.000Z</time><extensions><gpxtpx:TrackPointExtension><gpxtpx:hr>144</gpxtpx:hr></gpxtpx:TrackPointExtension></extensions></trkpt>
      <trkpt lat="40.702092" lon="-74.013228"><ele>4</ele><time>2026-06-25T23:13:05.000Z</time><extensions><gpxtpx:TrackPointExtension><gpxtpx:hr>144</gpxtpx:hr></gpxtpx:TrackPointExtension></extensions></trkpt>
      <trkpt lat="40.702069" lon="-74.013216"><ele>4</ele><time>2026-06-25T23:13:06.000Z</time><extensions><gpxtpx:TrackPointExtension><gpxtpx:hr>144</gpxtpx:hr></gpxtpx:TrackPointExtension></extensions></trkpt>
      <trkpt lat="40.702048" lon="-74.013208"><ele>4.2</ele><time>2026-06-25T23:13:07.000Z</time><extensions><gpxtpx:TrackPointExtension><gpxtpx:hr>144</gpxtpx:hr></gpxtpx:TrackPointExtension></extensions></trkpt>
      <trkpt lat="40.702031" lon="-74.013201"><ele>4.2</ele><time>2026-06-25T23:13:08.000Z</time><extensions><gpxtpx:TrackPointExtension><gpxtpx:hr>144</gpxtpx:hr></gpxtpx:TrackPointExtension></extensions></trkpt>
      <trkpt lat="40.702014" lon="-74.013193"><ele>4.4</ele><time>2026-06-25T23:13:09.000Z</time><extensions><gpxtpx:TrackPointExtension><gpxtpx:hr>145</gpxtpx:hr></gpxtpx:TrackPointExtension></extensions></trkpt>
      <trkpt lat="40.701996" lon="-74.013182"><ele>4.4</ele><time>2026-06-25T23:13:10.000Z</time><extensions><gpxtpx:TrackPointExtension><gpxtpx:hr>145</gpxtpx:hr></gpxtpx:TrackPointExtension></extensions></trkpt>
      <trkpt lat="40.701977" lon="-74.013168"><ele>4.4</ele><time>2026-06-25T23:13:11.000Z</time><extensions><gpxtpx:TrackPointExtension><gpxtpx:hr>145</gpxtpx:hr></gpxtpx:TrackPointExtension></extensions></trkpt>
      <trkpt lat="40.701957" lon="-74.013151"><ele>4.4</ele><time>2026-06-25T23:13:12.000Z</time><extensions><gpxtpx:TrackPointExtension><gpxtpx:hr>145</gpxtpx:hr></gpxtpx:TrackPointExtension></extensions></trkpt>
      <trkpt lat="40.701936" lon="-74.013129"><ele>4.4</ele><time>2026-06-25T23:13:13.000Z</time><extensions><gpxtpx:TrackPointExtension><gpxtpx:hr>145</gpxtpx:hr></gpxtpx:TrackPointExtension></extensions></trkpt>
      <trkpt lat="40.701916" lon="-74.013105"><ele>4.4</ele><time>2026-06-25T23:13:14.000Z</time><extensions><gpxtpx:TrackPointExtension><gpxtpx:hr>145</gpxtpx:hr></gpxtpx:TrackPointExtension></extensions></trkpt>
      <trkpt lat="40.7019" lon="-74.013079"><ele>4.4</ele><time>2026-06-25T23:13:15.000Z</time><extensions><gpxtpx:TrackPointExtension><gpxtpx:hr>145</gpxtpx:hr></gpxtpx:TrackPointExtension></extensions></trkpt>
      <trkpt lat="40.701886" lon="-74.013056"><ele>4.4</ele><time>2026-06-25T23:13:16.000Z</time><extensions><gpxtpx:TrackPointExtension><gpxtpx:hr>145</gpxtpx:hr></gpxtpx:TrackPointExtension></extensions></trkpt>
      <trkpt lat="40.701874" lon="-74.013036"><ele>4.4</ele><time>2026-06-25T23:13:17.000Z</time><extensions><gpxtpx:TrackPointExtension><gpxtpx:hr>145</gpxtpx:hr></gpxtpx:TrackPointExtension></extensions></trkpt>
      <trkpt lat="40.701861" lon="-74.013018"><ele>4.4</ele><time>2026-06-25T23:13:18.000Z</time><extensions><gpxtpx:TrackPointExtension><gpxtpx:hr>145</gpxtpx:hr></gpxtpx:TrackPointExtension></extensions></trkpt>
      <trkpt lat="40.701845" lon="-74.012997"><ele>4.4</ele><time>2026-06-25T23:13:19.000Z</time><extensions><gpxtpx:TrackPointExtension><gpxtpx:hr>145</gpxtpx:hr></gpxtpx:TrackPointExtension></extensions></trkpt>
      <trkpt lat="40.701825" lon="-74.012971"><ele>4.6</ele><time>2026-06-25T23:13:20.000Z</time><extensions><gpxtpx:TrackPointExtension><gpxtpx:hr>145</gpxtpx:hr></gpxtpx:TrackPointExtension></extensions></trkpt>
      <trkpt lat="40.701801" lon="-74.012945"><ele>4.6</ele><time>2026-06-25T23:13:21.000Z</time><extensions><gpxtpx:TrackPointExtension><gpxtpx:hr>145</gpxtpx:hr></gpxtpx:TrackPointExtension></extensions></trkpt>
      <trkpt lat="40.701774" lon="-74.012917"><ele>4.4</ele><time>2026-06-25T23:13:22.000Z</time><extensions><gpxtpx:TrackPointExtension><gpxtpx:hr>145</gpxtpx:hr></gpxtpx:TrackPointExtension></extensions></trkpt>
      <trkpt lat="40.701747" lon="-74.012889"><ele>4.4</ele><time>2026-06-25T23:13:23.000Z</time><extensions><gpxtpx:TrackPointExtension><gpxtpx:hr>145</gpxtpx:hr></gpxtpx:TrackPointExtension></extensions></trkpt>
      <trkpt lat="40.701721" lon="-74.012859"><ele>4.4</ele><time>2026-06-25T23:13:24.000Z</time><extensions><gpxtpx:TrackPointExtension><gpxtpx:hr>145</gpxtpx:hr></gpxtpx:TrackPointExtension></extensions></trkpt>
      <trkpt lat="40.701697" lon="-74.012829"><ele>4.2</ele><time>2026-06-25T23:13:25.000Z</time><extensions><gpxtpx:TrackPointExtension><gpxtpx:hr>145</gpxtpx:hr></gpxtpx:TrackPointExtension></extensions></trkpt>
      <trkpt lat="40.701679" lon="-74.012799"><ele>4.2</ele><time>2026-06-25T23:13:26.000Z</time><extensions><gpxtpx:TrackPointExtension><gpxtpx:hr>145</gpxtpx:hr></gpxtpx:TrackPointExtension></extensions></trkpt>
      <trkpt lat="40.701666" lon="-74.012774"><ele>4</ele><time>2026-06-25T23:13:27.000Z</time><extensions><gpxtpx:TrackPointExtension><gpxtpx:hr>145</gpxtpx:hr></gpxtpx:TrackPointExtension></extensions></trkpt>
      <trkpt lat="40.701654" lon="-74.012753"><ele>4</ele><time>2026-06-25T23:13:28.000Z</time><extensions><gpxtpx:TrackPointExtension><gpxtpx:hr>145</gpxtpx:hr></gpxtpx:TrackPointExtension></extensions></trkpt>
      <trkpt lat="40.701638" lon="-74.012732"><ele>3.8</ele><time>2026-06-25T23:13:29.000Z</time><extensions><gpxtpx:TrackPointExtension><gpxtpx:hr>145</gpxtpx:hr></gpxtpx:TrackPointExtension></extensions></trkpt>
      <trkpt lat="40.701619" lon="-74.012709"><ele>3.8</ele><time>2026-06-25T23:13:30.000Z</time><extensions><gpxtpx:TrackPointExtension><gpxtpx:hr>145</gpxtpx:hr></gpxtpx:TrackPointExtension></extensions></trkpt>
      <trkpt lat="40.7016" lon="-74.012684"><ele>4</ele><time>2026-06-25T23:13:31.000Z</time><extensions><gpxtpx:TrackPointExtension><gpxtpx:hr>145</gpxtpx:hr></gpxtpx:TrackPointExtension></extensions></trkpt>
      <trkpt lat="40.701582" lon="-74.012658"><ele>4</ele><time>2026-06-25T23:13:32.000Z</time><extensions><gpxtpx:TrackPointExtension><gpxtpx:hr>146</gpxtpx:hr></gpxtpx:TrackPointExtension></extensions></trkpt>
      <trkpt lat="40.701566" lon="-74.012632"><ele>4</ele><time>2026-06-25T23:13:33.000Z</time><extensions><gpxtpx:TrackPointExtension><gpxtpx:hr>146</gpxtpx:hr></gpxtpx:TrackPointExtension></extensions></trkpt>
      <trkpt lat="40.701551" lon="-74.012605"><ele>4</ele><time>2026-06-25T23:13:34.000Z</time><extensions><gpxtpx:TrackPointExtension><gpxtpx:hr>146</gpxtpx:hr></gpxtpx:TrackPointExtension></extensions></trkpt>
      <trkpt lat="40.701537" lon="-74.012579"><ele>4.2</ele><time>2026-06-25T23:13:35.000Z</time><extensions><gpxtpx:TrackPointExtension><gpxtpx:hr>146</gpxtpx:hr></gpxtpx:TrackPointExtension></extensions></trkpt>
      <trkpt lat="40.701522" lon="-74.012552"><ele>4.2</ele><time>2026-06-25T23:13:36.000Z</time><extensions><gpxtpx:TrackPointExtension><gpxtpx:hr>146</gpxtpx:hr></gpxtpx:TrackPointExtension></extensions></trkpt>
      <trkpt lat="40.701508" lon="-74.012525"><ele>4.2</ele><time>2026-06-25T23:13:37.000Z</time><extensions><gpxtpx:TrackPointExtension><gpxtpx:hr>146</gpxtpx:hr></gpxtpx:TrackPointExtension></extensions></trkpt>
      <trkpt lat="40.701496" lon="-74.012497"><ele>4.2</ele><time>2026-06-25T23:13:38.000Z</time><extensions><gpxtpx:TrackPointExtension><gpxtpx:hr>147</gpxtpx:hr></gpxtpx:TrackPointExtension></extensions></trkpt>
      <trkpt lat="40.701485" lon="-74.012468"><ele>4.2</ele><time>2026-06-25T23:13:39.000Z</time><extensions><gpxtpx:TrackPointExtension><gpxtpx:hr>147</gpxtpx:hr></gpxtpx:TrackPointExtension></extensions></trkpt>
      <trkpt lat="40.701477" lon="-74.012439"><ele>4.2</ele><time>2026-06-25T23:13:40.000Z</time><extensions><gpxtpx:TrackPointExtension><gpxtpx:hr>147</gpxtpx:hr></gpxtpx:TrackPointExtension></extensions></trkpt>
      <trkpt lat="40.70147" lon="-74.012411"><ele>4.2</ele><time>2026-06-25T23:13:41.000Z</time><extensions><gpxtpx:TrackPointExtension><gpxtpx:hr>147</gpxtpx:hr></gpxtpx:TrackPointExtension></extensions></trkpt>
      <trkpt lat="40.701465" lon="-74.012386"><ele>4.4</ele><time>2026-06-25T23:13:42.000Z</time><extensions><gpxtpx:TrackPointExtension><gpxtpx:hr>147</gpxtpx:hr></gpxtpx:TrackPointExtension></extensions></trkpt>
      <trkpt lat="40.701462" lon="-74.012365"><ele>4.4</ele><time>2026-06-25T23:13:43.000Z</time><extensions><gpxtpx:TrackPointExtension><gpxtpx:hr>147</gpxtpx:hr></gpxtpx:TrackPointExtension></extensions></trkpt>
      <trkpt lat="40.701461" lon="-74.012348"><ele>4.4</ele><time>2026-06-25T23:13:44.000Z</time><extensions><gpxtpx:TrackPointExtension><gpxtpx:hr>147</gpxtpx:hr></gpxtpx:TrackPointExtension></extensions></trkpt>
      <trkpt lat="40.70146" lon="-74.012333"><ele>4.4</ele><time>2026-06-25T23:13:45.000Z</time><extensions><gpxtpx:TrackPointExtension><gpxtpx:hr>144</gpxtpx:hr></gpxtpx:TrackPointExtension></extensions></trkpt>
      <trkpt lat="40.701458" lon="-74.012317"><ele>4.2</ele><time>2026-06-25T23:13:46.000Z</time><extensions><gpxtpx:TrackPointExtension><gpxtpx:hr>144</gpxtpx:hr></gpxtpx:TrackPointExtension></extensions></trkpt>
      <trkpt lat="40.701455" lon="-74.012299"><ele>4.2</ele><time>2026-06-25T23:13:47.000Z</time><extensions><gpxtpx:TrackPointExtension><gpxtpx:hr>144</gpxtpx:hr></gpxtpx:TrackPointExtension></extensions></trkpt>
      <trkpt lat="40.701452" lon="-74.012278"><ele>4</ele><time>2026-06-25T23:13:48.000Z</time><extensions><gpxtpx:TrackPointExtension><gpxtpx:hr>144</gpxtpx:hr></gpxtpx:TrackPointExtension></extensions></trkpt>
      <trkpt lat="40.701449" lon="-74.012254"><ele>3.8</ele><time>2026-06-25T23:13:49.000Z</time><extensions><gpxtpx:TrackPointExtension><gpxtpx:hr>144</gpxtpx:hr></gpxtpx:TrackPointExtension></extensions></trkpt>
      <trkpt lat="40.701446" lon="-74.012228"><ele>3.6</ele><time>2026-06-25T23:13:50.000Z</time><extensions><gpxtpx:TrackPointExtension><gpxtpx:hr>144</gpxtpx:hr></gpxtpx:TrackPointExtension></extensions></trkpt>
      <trkpt lat="40.701444" lon="-74.0122"><ele>3.4</ele><time>2026-06-25T23:13:51.000Z</time><extensions><gpxtpx:TrackPointExtension><gpxtpx:hr>143</gpxtpx:hr></gpxtpx:TrackPointExtension></extensions></trkpt>
      <trkpt lat="40.701443" lon="-74.012171"><ele>3.2</ele><time>2026-06-25T23:13:52.000Z</time><extensions><gpxtpx:TrackPointExtension><gpxtpx:hr>143</gpxtpx:hr></gpxtpx:TrackPointExtension></extensions></trkpt>
      <trkpt lat="40.701441" lon="-74.012143"><ele>3</ele><time>2026-06-25T23:13:53.000Z</time><extensions><gpxtpx:TrackPointExtension><gpxtpx:hr>143</gpxtpx:hr></gpxtpx:TrackPointExtension></extensions></trkpt>
      <trkpt lat="40.701438" lon="-74.012117"><ele>3</ele><time>2026-06-25T23:13:54.000Z</time><extensions><gpxtpx:TrackPointExtension><gpxtpx:hr>143</gpxtpx:hr></gpxtpx:TrackPointExtension></extensions></trkpt>
      <trkpt lat="40.701434" lon="-74.012092"><ele>2.8</ele><time>2026-06-25T23:13:55.000Z</time><extensions><gpxtpx:TrackPointExtension><gpxtpx:hr>143</gpxtpx:hr></gpxtpx:TrackPointExtension></extensions></trkpt>
      <trkpt lat="40.70143" lon="-74.012069"><ele>2.8</ele><time>2026-06-25T23:13:56.000Z</time><extensions><gpxtpx:TrackPointExtension><gpxtpx:hr>142</gpxtpx:hr></gpxtpx:TrackPointExtension></extensions></trkpt>
      <trkpt lat="40.701424" lon="-74.012043"><ele>2.6</ele><time>2026-06-25T23:13:57.000Z</time><extensions><gpxtpx:TrackPointExtension><gpxtpx:hr>142</gpxtpx:hr></gpxtpx:TrackPointExtension></extensions></trkpt>
      <trkpt lat="40.70142" lon="-74.012016"><ele>2.6</ele><time>2026-06-25T23:13:58.000Z</time><extensions><gpxtpx:TrackPointExtension><gpxtpx:hr>142</gpxtpx:hr></gpxtpx:TrackPointExtension></extensions></trkpt>
      <trkpt lat="40.701419" lon="-74.011987"><ele>2.6</ele><time>2026-06-25T23:13:59.000Z</time><extensions><gpxtpx:TrackPointExtension><gpxtpx:hr>143</gpxtpx:hr></gpxtpx:TrackPointExtension></extensions></trkpt>
      <trkpt lat="40.701419" lon="-74.011957"><ele>2.6</ele><time>2026-06-25T23:14:00.000Z</time><extensions><gpxtpx:TrackPointExtension><gpxtpx:hr>143</gpxtpx:hr></gpxtpx:TrackPointExtension></extensions></trkpt>
      <trkpt lat="40.70142" lon="-74.011928"><ele>2.6</ele><time>2026-06-25T23:14:01.000Z</time><extensions><gpxtpx:TrackPointExtension><gpxtpx:hr>143</gpxtpx:hr></gpxtpx:TrackPointExtension></extensions></trkpt>
      <trkpt lat="40.701422" lon="-74.011899"><ele>2.6</ele><time>2026-06-25T23:14:02.000Z</time><extensions><gpxtpx:TrackPointExtension><gpxtpx:hr>143</gpxtpx:hr></gpxtpx:TrackPointExtension></extensions></trkpt>
      <trkpt lat="40.701425" lon="-74.01187"><ele>2.4</ele><time>2026-06-25T23:14:03.000Z</time><extensions><gpxtpx:TrackPointExtension><gpxtpx:hr>143</gpxtpx:hr></gpxtpx:TrackPointExtension></extensions></trkpt>
      <trkpt lat="40.701428" lon="-74.011839"><ele>2.4</ele><time>2026-06-25T23:14:04.000Z</time><extensions><gpxtpx:TrackPointExtension><gpxtpx:hr>143</gpxtpx:hr></gpxtpx:TrackPointExtension></extensions></trkpt>
      <trkpt lat="40.701433" lon="-74.011805"><ele>2.4</ele><time>2026-06-25T23:14:05.000Z</time><extensions><gpxtpx:TrackPointExtension><gpxtpx:hr>143</gpxtpx:hr></gpxtpx:TrackPointExtension></extensions></trkpt>
      <trkpt lat="40.70144" lon="-74.011771"><ele>2.2</ele><time>2026-06-25T23:14:06.000Z</time><extensions><gpxtpx:TrackPointExtension><gpxtpx:hr>143</gpxtpx:hr></gpxtpx:TrackPointExtension></extensions></trkpt>
      <trkpt lat="40.701447" lon="-74.011738"><ele>2.2</ele><time>2026-06-25T23:14:07.000Z</time><extensions><gpxtpx:TrackPointExtension><gpxtpx:hr>143</gpxtpx:hr></gpxtpx:TrackPointExtension></extensions></trkpt>
      <trkpt lat="40.701455" lon="-74.011707"><ele>2</ele><time>2026-06-25T23:14:08.000Z</time><extensions><gpxtpx:TrackPointExtension><gpxtpx:hr>143</gpxtpx:hr></gpxtpx:TrackPointExtension></extensions></trkpt>
      <trkpt lat="40.701461" lon="-74.011677"><ele>2</ele><time>2026-06-25T23:14:09.000Z</time><extensions><gpxtpx:TrackPointExtension><gpxtpx:hr>143</gpxtpx:hr></gpxtpx:TrackPointExtension></extensions></trkpt>
      <trkpt lat="40.701465" lon="-74.011648"><ele>2</ele><time>2026-06-25T23:14:10.000Z</time><extensions><gpxtpx:TrackPointExtension><gpxtpx:hr>143</gpxtpx:hr></gpxtpx:TrackPointExtension></extensions></trkpt>
      <trkpt lat="40.70147" lon="-74.01162"><ele>1.8</ele><time>2026-06-25T23:14:11.000Z</time><extensions><gpxtpx:TrackPointExtension><gpxtpx:hr>145</gpxtpx:hr></gpxtpx:TrackPointExtension></extensions></trkpt>
      <trkpt lat="40.701476" lon="-74.01159"><ele>1.8</ele><time>2026-06-25T23:14:12.000Z</time><extensions><gpxtpx:TrackPointExtension><gpxtpx:hr>145</gpxtpx:hr></gpxtpx:TrackPointExtension></extensions></trkpt>
      <trkpt lat="40.701485" lon="-74.011558"><ele>1.8</ele><time>2026-06-25T23:14:13.000Z</time><extensions><gpxtpx:TrackPointExtension><gpxtpx:hr>145</gpxtpx:hr></gpxtpx:TrackPointExtension></extensions></trkpt>
      <trkpt lat="40.701493" lon="-74.011523"><ele>1.8</ele><time>2026-06-25T23:14:14.000Z</time><extensions><gpxtpx:TrackPointExtension><gpxtpx:hr>145</gpxtpx:hr></gpxtpx:TrackPointExtension></extensions></trkpt>
      <trkpt lat="40.7015" lon="-74.011488"><ele>1.8</ele><time>2026-06-25T23:14:15.000Z</time><extensions><gpxtpx:TrackPointExtension><gpxtpx:hr>145</gpxtpx:hr></gpxtpx:TrackPointExtension></extensions></trkpt>
      <trkpt lat="40.701507" lon="-74.011452"><ele>1.8</ele><time>2026-06-25T23:14:16.000Z</time><extensions><gpxtpx:TrackPointExtension><gpxtpx:hr>145</gpxtpx:hr></gpxtpx:TrackPointExtension></extensions></trkpt>
      <trkpt lat="40.701516" lon="-74.011417"><ele>1.8</ele><time>2026-06-25T23:14:17.000Z</time><extensions><gpxtpx:TrackPointExtension><gpxtpx:hr>145</gpxtpx:hr></gpxtpx:TrackPointExtension></extensions></trkpt>
      <trkpt lat="40.701526" lon="-74.011381"><ele>1.8</ele><time>2026-06-25T23:14:18.000Z</time><extensions><gpxtpx:TrackPointExtension><gpxtpx:hr>145</gpxtpx:hr></gpxtpx:TrackPointExtension></extensions></trkpt>
      <trkpt lat="40.701538" lon="-74.011348"><ele>1.8</ele><time>2026-06-25T23:14:19.000Z</time><extensions><gpxtpx:TrackPointExtension><gpxtpx:hr>145</gpxtpx:hr></gpxtpx:TrackPointExtension></extensions></trkpt>
      <trkpt lat="40.701548" lon="-74.011315"><ele>1.8</ele><time>2026-06-25T23:14:20.000Z</time><extensions><gpxtpx:TrackPointExtension><gpxtpx:hr>145</gpxtpx:hr></gpxtpx:TrackPointExtension></extensions></trkpt>
      <trkpt lat="40.701556" lon="-74.011283"><ele>1.8</ele><time>2026-06-25T23:14:21.000Z</time><extensions><gpxtpx:TrackPointExtension><gpxtpx:hr>145</gpxtpx:hr></gpxtpx:TrackPointExtension></extensions></trkpt>
      <trkpt lat="40.701564" lon="-74.011251"><ele>1.8</ele><time>2026-06-25T23:14:22.000Z</time><extensions><gpxtpx:TrackPointExtension><gpxtpx:hr>145</gpxtpx:hr></gpxtpx:TrackPointExtension></extensions></trkpt>
      <trkpt lat="40.701572" lon="-74.011219"><ele>1.8</ele><time>2026-06-25T23:14:23.000Z</time><extensions><gpxtpx:TrackPointExtension><gpxtpx:hr>145</gpxtpx:hr></gpxtpx:TrackPointExtension></extensions></trkpt>
      <trkpt lat="40.701581" lon="-74.011187"><ele>2</ele><time>2026-06-25T23:14:24.000Z</time><extensions><gpxtpx:TrackPointExtension><gpxtpx:hr>145</gpxtpx:hr></gpxtpx:TrackPointExtension></extensions></trkpt>
      <trkpt lat="40.701589" lon="-74.011156"><ele>2</ele><time>2026-06-25T23:14:25.000Z</time><extensions><gpxtpx:TrackPointExtension><gpxtpx:hr>145</gpxtpx:hr></gpxtpx:TrackPointExtension></extensions></trkpt>
      <trkpt lat="40.701598" lon="-74.011128"><ele>2</ele><time>2026-06-25T23:14:26.000Z</time><extensions><gpxtpx:TrackPointExtension><gpxtpx:hr>145</gpxtpx:hr></gpxtpx:TrackPointExtension></extensions></trkpt>
      <trkpt lat="40.701606" lon="-74.0111"><ele>2</ele><time>2026-06-25T23:14:27.000Z</time><extensions><gpxtpx:TrackPointExtension><gpxtpx:hr>147</gpxtpx:hr></gpxtpx:TrackPointExtension></extensions></trkpt>
      <trkpt lat="40.701613" lon="-74.011072"><ele>2.2</ele><time>2026-06-25T23:14:28.000Z</time><extensions><gpxtpx:TrackPointExtension><gpxtpx:hr>147</gpxtpx:hr></gpxtpx:TrackPointExtension></extensions></trkpt>
      <trkpt lat="40.701618" lon="-74.011042"><ele>2.2</ele><time>2026-06-25T23:14:29.000Z</time><extensions><gpxtpx:TrackPointExtension><gpxtpx:hr>147</gpxtpx:hr></gpxtpx:TrackPointExtension></extensions></trkpt>
      <trkpt lat="40.701621" lon="-74.01101"><ele>2.2</ele><time>2026-06-25T23:14:30.000Z</time><extensions><gpxtpx:TrackPointExtension><gpxtpx:hr>147</gpxtpx:hr></gpxtpx:TrackPointExtension></extensions></trkpt>
      <trkpt lat="40.70162" lon="-74.010978"><ele>2.2</ele><time>2026-06-25T23:14:31.000Z</time><extensions><gpxtpx:TrackPointExtension><gpxtpx:hr>147</gpxtpx:hr></gpxtpx:TrackPointExtension></extensions></trkpt>
      <trkpt lat="40.701619" lon="-74.010949"><ele>2.2</ele><time>2026-06-25T23:14:32.000Z</time><extensions><gpxtpx:TrackPointExtension><gpxtpx:hr>147</gpxtpx:hr></gpxtpx:TrackPointExtension></extensions></trkpt>
      <trkpt lat="40.701618" lon="-74.010923"><ele>2.2</ele><time>2026-06-25T23:14:33.000Z</time><extensions><gpxtpx:TrackPointExtension><gpxtpx:hr>147</gpxtpx:hr></gpxtpx:TrackPointExtension></extensions></trkpt>
      <trkpt lat="40.701619" lon="-74.0109"><ele>2.2</ele><time>2026-06-25T23:14:34.000Z</time><extensions><gpxtpx:TrackPointExtension><gpxtpx:hr>147</gpxtpx:hr></gpxtpx:TrackPointExtension></extensions></trkpt>
      <trkpt lat="40.701623" lon="-74.010874"><ele>2.2</ele><time>2026-06-25T23:14:35.000Z</time><extensions><gpxtpx:TrackPointExtension><gpxtpx:hr>147</gpxtpx:hr></gpxtpx:TrackPointExtension></extensions></trkpt>
      <trkpt lat="40.701627" lon="-74.010841"><ele>2.2</ele><time>2026-06-25T23:14:36.000Z</time><extensions><gpxtpx:TrackPointExtension><gpxtpx:hr>147</gpxtpx:hr></gpxtpx:TrackPointExtension></extensions></trkpt>
      <trkpt lat="40.701634" lon="-74.010804"><ele>2.2</ele><time>2026-06-25T23:14:37.000Z</time><extensions><gpxtpx:TrackPointExtension><gpxtpx:hr>147</gpxtpx:hr></gpxtpx:TrackPointExtension></extensions></trkpt>
      <trkpt lat="40.701641" lon="-74.010767"><ele>2.2</ele><time>2026-06-25T23:14:38.000Z</time><extensions><gpxtpx:TrackPointExtension><gpxtpx:hr>147</gpxtpx:hr></gpxtpx:TrackPointExtension></extensions></trkpt>
      <trkpt lat="40.701647" lon="-74.01073"><ele>2</ele><time>2026-06-25T23:14:39.000Z</time><extensions><gpxtpx:TrackPointExtension><gpxtpx:hr>147</gpxtpx:hr></gpxtpx:TrackPointExtension></extensions></trkpt>
      <trkpt lat="40.701654" lon="-74.010695"><ele>2</ele><time>2026-06-25T23:14:40.000Z</time><extensions><gpxtpx:TrackPointExtension><gpxtpx:hr>146</gpxtpx:hr></gpxtpx:TrackPointExtension></extensions></trkpt>
      <trkpt lat="40.701659" lon="-74.010659"><ele>1.8</ele><time>2026-06-25T23:14:41.000Z</time><extensions><gpxtpx:TrackPointExtension><gpxtpx:hr>146</gpxtpx:hr></gpxtpx:TrackPointExtension></extensions></trkpt>
      <trkpt lat="40.701666" lon="-74.010624"><ele>1.6</ele><time>2026-06-25T23:14:42.000Z</time><extensions><gpxtpx:TrackPointExtension><gpxtpx:hr>146</gpxtpx:hr></gpxtpx:TrackPointExtension></extensions></trkpt>
      <trkpt lat="40.701674" lon="-74.010588"><ele>1.6</ele><time>2026-06-25T23:14:43.000Z</time><extensions><gpxtpx:TrackPointExtension><gpxtpx:hr>146</gpxtpx:hr></gpxtpx:TrackPointExtension></extensions></trkpt>
      <trkpt lat="40.701683" lon="-74.010551"><ele>1.4</ele><time>2026-06-25T23:14:44.000Z</time><extensions><gpxtpx:TrackPointExtension><gpxtpx:hr>146</gpxtpx:hr></gpxtpx:TrackPointExtension></extensions></trkpt>
      <trkpt lat="40.701692" lon="-74.010514"><ele>1.4</ele><time>2026-06-25T23:14:45.000Z</time><extensions><gpxtpx:TrackPointExtension><gpxtpx:hr>146</gpxtpx:hr></gpxtpx:TrackPointExtension></extensions></trkpt>
      <trkpt lat="40.701701" lon="-74.010476"><ele>1.4</ele><time>2026-06-25T23:14:46.000Z</time><extensions><gpxtpx:TrackPointExtension><gpxtpx:hr>146</gpxtpx:hr></gpxtpx:TrackPointExtension></extensions></trkpt>
      <trkpt lat="40.70171" lon="-74.01044"><ele>1.4</ele><time>2026-06-25T23:14:47.000Z</time><extensions><gpxtpx:TrackPointExtension><gpxtpx:hr>148</gpxtpx:hr></gpxtpx:TrackPointExtension></extensions></trkpt>
      <trkpt lat="40.701719" lon="-74.010405"><ele>1.4</ele><time>2026-06-25T23:14:48.000Z</time><extensions><gpxtpx:TrackPointExtension><gpxtpx:hr>148</gpxtpx:hr></gpxtpx:TrackPointExtension></extensions></trkpt>
      <trkpt lat="40.701727" lon="-74.010371"><ele>1.4</ele><time>2026-06-25T23:14:49.000Z</time><extensions><gpxtpx:TrackPointExtension><gpxtpx:hr>148</gpxtpx:hr></gpxtpx:TrackPointExtension></extensions></trkpt>
      <trkpt lat="40.701735" lon="-74.010339"><ele>1.4</ele><time>2026-06-25T23:14:50.000Z</time><extensions><gpxtpx:TrackPointExtension><gpxtpx:hr>148</gpxtpx:hr></gpxtpx:TrackPointExtension></extensions></trkpt>
      <trkpt lat="40.701742" lon="-74.010307"><ele>1.4</ele><time>2026-06-25T23:14:51.000Z</time><extensions><gpxtpx:TrackPointExtension><gpxtpx:hr>148</gpxtpx:hr></gpxtpx:TrackPointExtension></extensions></trkpt>
      <trkpt lat="40.70175" lon="-74.010275"><ele>1.4</ele><time>2026-06-25T23:14:52.000Z</time><extensions><gpxtpx:TrackPointExtension><gpxtpx:hr>148</gpxtpx:hr></gpxtpx:TrackPointExtension></extensions></trkpt>
      <trkpt lat="40.701757" lon="-74.010242"><ele>1.6</ele><time>2026-06-25T23:14:53.000Z</time><extensions><gpxtpx:TrackPointExtension><gpxtpx:hr>148</gpxtpx:hr></gpxtpx:TrackPointExtension></extensions></trkpt>
      <trkpt lat="40.701764" lon="-74.01021"><ele>1.6</ele><time>2026-06-25T23:14:54.000Z</time><extensions><gpxtpx:TrackPointExtension><gpxtpx:hr>148</gpxtpx:hr></gpxtpx:TrackPointExtension></extensions></trkpt>
      <trkpt lat="40.701771" lon="-74.010178"><ele>1.6</ele><time>2026-06-25T23:14:55.000Z</time><extensions><gpxtpx:TrackPointExtension><gpxtpx:hr>149</gpxtpx:hr></gpxtpx:TrackPointExtension></extensions></trkpt>
      <trkpt lat="40.701779" lon="-74.010145"><ele>1.6</ele><time>2026-06-25T23:14:56.000Z</time><extensions><gpxtpx:TrackPointExtension><gpxtpx:hr>149</gpxtpx:hr></gpxtpx:TrackPointExtension></extensions></trkpt>
      <trkpt lat="40.701786" lon="-74.010112"><ele>1.8</ele><time>2026-06-25T23:14:57.000Z</time><extensions><gpxtpx:TrackPointExtension><gpxtpx:hr>149</gpxtpx:hr></gpxtpx:TrackPointExtension></extensions></trkpt>
      <trkpt lat="40.701793" lon="-74.010078"><ele>1.8</ele><time>2026-06-25T23:14:58.000Z</time><extensions><gpxtpx:TrackPointExtension><gpxtpx:hr>149</gpxtpx:hr></gpxtpx:TrackPointExtension></extensions></trkpt>
      <trkpt lat="40.701799" lon="-74.010046"><ele>1.8</ele><time>2026-06-25T23:14:59.000Z</time><extensions><gpxtpx:TrackPointExtension><gpxtpx:hr>149</gpxtpx:hr></gpxtpx:TrackPointExtension></extensions></trkpt>
      <trkpt lat="40.701803" lon="-74.010015"><ele>1.6</ele><time>2026-06-25T23:15:00.000Z</time><extensions><gpxtpx:TrackPointExtension><gpxtpx:hr>149</gpxtpx:hr></gpxtpx:TrackPointExtension></extensions></trkpt>
      <trkpt lat="40.701808" lon="-74.009985"><ele>1.6</ele><time>2026-06-25T23:15:01.000Z</time><extensions><gpxtpx:TrackPointExtension><gpxtpx:hr>148</gpxtpx:hr></gpxtpx:TrackPointExtension></extensions></trkpt>
      <trkpt lat="40.701813" lon="-74.009955"><ele>1.4</ele><time>2026-06-25T23:15:02.000Z</time><extensions><gpxtpx:TrackPointExtension><gpxtpx:hr>148</gpxtpx:hr></gpxtpx:TrackPointExtension></extensions></trkpt>
      <trkpt lat="40.701818" lon="-74.009926"><ele>1.2</ele><time>2026-06-25T23:15:03.000Z</time><extensions><gpxtpx:TrackPointExtension><gpxtpx:hr>148</gpxtpx:hr></gpxtpx:TrackPointExtension></extensions></trkpt>
      <trkpt lat="40.701824" lon="-74.009896"><ele>1</ele><time>2026-06-25T23:15:04.000Z</time><extensions><gpxtpx:TrackPointExtension><gpxtpx:hr>148</gpxtpx:hr></gpxtpx:TrackPointExtension></extensions></trkpt>
      <trkpt lat="40.70183" lon="-74.009866"><ele>0.6</ele><time>2026-06-25T23:15:05.000Z</time><extensions><gpxtpx:TrackPointExtension><gpxtpx:hr>148</gpxtpx:hr></gpxtpx:TrackPointExtension></extensions></trkpt>
      <trkpt lat="40.701837" lon="-74.009838"><ele>0.2</ele><time>2026-06-25T23:15:06.000Z</time><extensions><gpxtpx:TrackPointExtension><gpxtpx:hr>148</gpxtpx:hr></gpxtpx:TrackPointExtension></extensions></trkpt>
      <trkpt lat="40.701844" lon="-74.009809"><ele>-0.2</ele><time>2026-06-25T23:15:07.000Z</time><extensions><gpxtpx:TrackPointExtension><gpxtpx:hr>147</gpxtpx:hr></gpxtpx:TrackPointExtension></extensions></trkpt>
      <trkpt lat="40.701851" lon="-74.009779"><ele>-0.6</ele><time>2026-06-25T23:15:08.000Z</time><extensions><gpxtpx:TrackPointExtension><gpxtpx:hr>147</gpxtpx:hr></gpxtpx:TrackPointExtension></extensions></trkpt>
      <trkpt lat="40.701857" lon="-74.009751"><ele>-1.2</ele><time>2026-06-25T23:15:09.000Z</time><extensions><gpxtpx:TrackPointExtension><gpxtpx:hr>147</gpxtpx:hr></gpxtpx:TrackPointExtension></extensions></trkpt>
    </trkseg>
  </trk>
</gpx>
