<?xml version="1.0" encoding="UTF-8"?>
<gpx version="1.1" creator="pull-strava.mjs"
  xmlns="http://www.topografix.com/GPX/1/1"
  xmlns:gpxtpx="http://www.garmin.com/xmlschemas/TrackPointExtension/v1">
  <metadata><name>Evening Run</name><time>2026-06-17T03:44:10.000Z</time></metadata>
  <trk><name>Evening Run</name><type>running</type>
    <trkseg>
      <trkpt lat="50.67594" lon="-120.33203"><ele>369.8</ele><time>2026-06-17T03:44:10.000Z</time><extensions><gpxtpx:TrackPointExtension><gpxtpx:hr>83</gpxtpx:hr></gpxtpx:TrackPointExtension></extensions></trkpt>
      <trkpt lat="50.675968" lon="-120.332044"><ele>368.8</ele><time>2026-06-17T03:44:11.000Z</time><extensions><gpxtpx:TrackPointExtension><gpxtpx:hr>83</gpxtpx:hr></gpxtpx:TrackPointExtension></extensions></trkpt>
      <trkpt lat="50.67598" lon="-120.33205"><ele>368</ele><time>2026-06-17T03:44:12.000Z</time><extensions><gpxtpx:TrackPointExtension><gpxtpx:hr>83</gpxtpx:hr></gpxtpx:TrackPointExtension></extensions></trkpt>
      <trkpt lat="50.675991" lon="-120.332055"><ele>367.2</ele><time>2026-06-17T03:44:13.000Z</time><extensions><gpxtpx:TrackPointExtension><gpxtpx:hr>83</gpxtpx:hr></gpxtpx:TrackPointExtension></extensions></trkpt>
      <trkpt lat="50.676021" lon="-120.332064"><ele>366.4</ele><time>2026-06-17T03:44:14.000Z</time><extensions><gpxtpx:TrackPointExtension><gpxtpx:hr>83</gpxtpx:hr></gpxtpx:TrackPointExtension></extensions></trkpt>
      <trkpt lat="50.676033" lon="-120.332067"><ele>365.8</ele><time>2026-06-17T03:44:15.000Z</time><extensions><gpxtpx:TrackPointExtension><gpxtpx:hr>83</gpxtpx:hr></gpxtpx:TrackPointExtension></extensions></trkpt>
      <trkpt lat="50.676046" lon="-120.33207"><ele>365.4</ele><time>2026-06-17T03:44:16.000Z</time><extensions><gpxtpx:TrackPointExtension><gpxtpx:hr>83</gpxtpx:hr></gpxtpx:TrackPointExtension></extensions></trkpt>
      <trkpt lat="50.676077" lon="-120.332073"><ele>365</ele><time>2026-06-17T03:44:17.000Z</time><extensions><gpxtpx:TrackPointExtension><gpxtpx:hr>83</gpxtpx:hr></gpxtpx:TrackPointExtension></extensions></trkpt>
      <trkpt lat="50.676087" lon="-120.332074"><ele>364.8</ele><time>2026-06-17T03:44:18.000Z</time><extensions><gpxtpx:TrackPointExtension><gpxtpx:hr>83</gpxtpx:hr></gpxtpx:TrackPointExtension></extensions></trkpt>
      <trkpt lat="50.676125" lon="-120.332074"><ele>364.6</ele><time>2026-06-17T03:44:19.000Z</time><extensions><gpxtpx:TrackPointExtension><gpxtpx:hr>83</gpxtpx:hr></gpxtpx:TrackPointExtension></extensions></trkpt>
      <trkpt lat="50.676141" lon="-120.332074"><ele>364.6</ele><time>2026-06-17T03:44:20.000Z</time><extensions><gpxtpx:TrackPointExtension><gpxtpx:hr>83</gpxtpx:hr></gpxtpx:TrackPointExtension></extensions></trkpt>
      <trkpt lat="50.676157" lon="-120.332073"><ele>364.4</ele><time>2026-06-17T03:44:21.000Z</time><extensions><gpxtpx:TrackPointExtension><gpxtpx:hr>83</gpxtpx:hr></gpxtpx:TrackPointExtension></extensions></trkpt>
      <trkpt lat="50.676194" lon="-120.33207"><ele>364.4</ele><time>2026-06-17T03:44:22.000Z</time><extensions><gpxtpx:TrackPointExtension><gpxtpx:hr>83</gpxtpx:hr></gpxtpx:TrackPointExtension></extensions></trkpt>
      <trkpt lat="50.676206" lon="-120.332068"><ele>364.4</ele><time>2026-06-17T03:44:23.000Z</time><extensions><gpxtpx:TrackPointExtension><gpxtpx:hr>83</gpxtpx:hr></gpxtpx:TrackPointExtension></extensions></trkpt>
      <trkpt lat="50.676246" lon="-120.332061"><ele>364.2</ele><time>2026-06-17T03:44:24.000Z</time><extensions><gpxtpx:TrackPointExtension><gpxtpx:hr>83</gpxtpx:hr></gpxtpx:TrackPointExtension></extensions></trkpt>
      <trkpt lat="50.676262" lon="-120.332058"><ele>364.2</ele><time>2026-06-17T03:44:25.000Z</time><extensions><gpxtpx:TrackPointExtension><gpxtpx:hr>83</gpxtpx:hr></gpxtpx:TrackPointExtension></extensions></trkpt>
      <trkpt lat="50.676278" lon="-120.332056"><ele>364.2</ele><time>2026-06-17T03:44:26.000Z</time><extensions><gpxtpx:TrackPointExtension><gpxtpx:hr>83</gpxtpx:hr></gpxtpx:TrackPointExtension></extensions></trkpt>
      <trkpt lat="50.676316" lon="-120.332052"><ele>364.2</ele><time>2026-06-17T03:44:27.000Z</time><extensions><gpxtpx:TrackPointExtension><gpxtpx:hr>83</gpxtpx:hr></gpxtpx:TrackPointExtension></extensions></trkpt>
      <trkpt lat="50.676328" lon="-120.332051"><ele>364</ele><time>2026-06-17T03:44:28.000Z</time><extensions><gpxtpx:TrackPointExtension><gpxtpx:hr>83</gpxtpx:hr></gpxtpx:TrackPointExtension></extensions></trkpt>
      <trkpt lat="50.676371" lon="-120.332044"><ele>364</ele><time>2026-06-17T03:44:29.000Z</time><extensions><gpxtpx:TrackPointExtension><gpxtpx:hr>83</gpxtpx:hr></gpxtpx:TrackPointExtension></extensions></trkpt>
      <trkpt lat="50.676388" lon="-120.332042"><ele>364</ele><time>2026-06-17T03:44:30.000Z</time><extensions><gpxtpx:TrackPointExtension><gpxtpx:hr>83</gpxtpx:hr></gpxtpx:TrackPointExtension></extensions></trkpt>
      <trkpt lat="50.676405" lon="-120.332039"><ele>363.8</ele><time>2026-06-17T03:44:31.000Z</time><extensions><gpxtpx:TrackPointExtension><gpxtpx:hr>83</gpxtpx:hr></gpxtpx:TrackPointExtension></extensions></trkpt>
      <trkpt lat="50.676445" lon="-120.332032"><ele>363.8</ele><time>2026-06-17T03:44:32.000Z</time><extensions><gpxtpx:TrackPointExtension><gpxtpx:hr>83</gpxtpx:hr></gpxtpx:TrackPointExtension></extensions></trkpt>
      <trkpt lat="50.676458" lon="-120.332028"><ele>363.8</ele><time>2026-06-17T03:44:33.000Z</time><extensions><gpxtpx:TrackPointExtension><gpxtpx:hr>83</gpxtpx:hr></gpxtpx:TrackPointExtension></extensions></trkpt>
      <trkpt lat="50.676496" lon="-120.332046"><ele>363.6</ele><time>2026-06-17T03:44:34.000Z</time><extensions><gpxtpx:TrackPointExtension><gpxtpx:hr>83</gpxtpx:hr></gpxtpx:TrackPointExtension></extensions></trkpt>
      <trkpt lat="50.676511" lon="-120.332056"><ele>363.6</ele><time>2026-06-17T03:44:35.000Z</time><extensions><gpxtpx:TrackPointExtension><gpxtpx:hr>83</gpxtpx:hr></gpxtpx:TrackPointExtension></extensions></trkpt>
      <trkpt lat="50.676525" lon="-120.332066"><ele>363.4</ele><time>2026-06-17T03:44:36.000Z</time><extensions><gpxtpx:TrackPointExtension><gpxtpx:hr>83</gpxtpx:hr></gpxtpx:TrackPointExtension></extensions></trkpt>
      <trkpt lat="50.676544" lon="-120.332113"><ele>363.4</ele><time>2026-06-17T03:44:37.000Z</time><extensions><gpxtpx:TrackPointExtension><gpxtpx:hr>83</gpxtpx:hr></gpxtpx:TrackPointExtension></extensions></trkpt>
      <trkpt lat="50.67655" lon="-120.332135"><ele>363.4</ele><time>2026-06-17T03:44:38.000Z</time><extensions><gpxtpx:TrackPointExtension><gpxtpx:hr>83</gpxtpx:hr></gpxtpx:TrackPointExtension></extensions></trkpt>
      <trkpt lat="50.676555" lon="-120.332156"><ele>363.4</ele><time>2026-06-17T03:44:39.000Z</time><extensions><gpxtpx:TrackPointExtension><gpxtpx:hr>83</gpxtpx:hr></gpxtpx:TrackPointExtension></extensions></trkpt>
      <trkpt lat="50.676564" lon="-120.332203"><ele>363.2</ele><time>2026-06-17T03:44:40.000Z</time><extensions><gpxtpx:TrackPointExtension><gpxtpx:hr>83</gpxtpx:hr></gpxtpx:TrackPointExtension></extensions></trkpt>
      <trkpt lat="50.676566" lon="-120.332219"><ele>363.2</ele><time>2026-06-17T03:44:41.000Z</time><extensions><gpxtpx:TrackPointExtension><gpxtpx:hr>83</gpxtpx:hr></gpxtpx:TrackPointExtension></extensions></trkpt>
      <trkpt lat="50.676571" lon="-120.332248"><ele>363.2</ele><time>2026-06-17T03:44:42.000Z</time><extensions><gpxtpx:TrackPointExtension><gpxtpx:hr>83</gpxtpx:hr></gpxtpx:TrackPointExtension></extensions></trkpt>
      <trkpt lat="50.676577" lon="-120.332268"><ele>363.2</ele><time>2026-06-17T03:44:43.000Z</time><extensions><gpxtpx:TrackPointExtension><gpxtpx:hr>83</gpxtpx:hr></gpxtpx:TrackPointExtension></extensions></trkpt>
      <trkpt lat="50.676582" lon="-120.332279"><ele>363.2</ele><time>2026-06-17T03:44:44.000Z</time><extensions><gpxtpx:TrackPointExtension><gpxtpx:hr>83</gpxtpx:hr></gpxtpx:TrackPointExtension></extensions></trkpt>
      <trkpt lat="50.676586" lon="-120.332311"><ele>363.2</ele><time>2026-06-17T03:44:45.000Z</time><extensions><gpxtpx:TrackPointExtension><gpxtpx:hr>83</gpxtpx:hr></gpxtpx:TrackPointExtension></extensions></trkpt>
      <trkpt lat="50.676586" lon="-120.332327"><ele>363.2</ele><time>2026-06-17T03:44:46.000Z</time><extensions><gpxtpx:TrackPointExtension><gpxtpx:hr>83</gpxtpx:hr></gpxtpx:TrackPointExtension></extensions></trkpt>
      <trkpt lat="50.676587" lon="-120.332398"><ele>363.2</ele><time>2026-06-17T03:44:47.000Z</time><extensions><gpxtpx:TrackPointExtension><gpxtpx:hr>83</gpxtpx:hr></gpxtpx:TrackPointExtension></extensions></trkpt>
      <trkpt lat="50.676587" lon="-120.332428"><ele>363.2</ele><time>2026-06-17T03:44:48.000Z</time><extensions><gpxtpx:TrackPointExtension><gpxtpx:hr>83</gpxtpx:hr></gpxtpx:TrackPointExtension></extensions></trkpt>
      <trkpt lat="50.676587" lon="-120.332459"><ele>363.2</ele><time>2026-06-17T03:44:49.000Z</time><extensions><gpxtpx:TrackPointExtension><gpxtpx:hr>83</gpxtpx:hr></gpxtpx:TrackPointExtension></extensions></trkpt>
      <trkpt lat="50.676586" lon="-120.332529"><ele>363.2</ele><time>2026-06-17T03:44:50.000Z</time><extensions><gpxtpx:TrackPointExtension><gpxtpx:hr>83</gpxtpx:hr></gpxtpx:TrackPointExtension></extensions></trkpt>
      <trkpt lat="50.676585" lon="-120.332552"><ele>363.2</ele><time>2026-06-17T03:44:51.000Z</time><extensions><gpxtpx:TrackPointExtension><gpxtpx:hr>83</gpxtpx:hr></gpxtpx:TrackPointExtension></extensions></trkpt>
      <trkpt lat="50.676587" lon="-120.33263"><ele>363.2</ele><time>2026-06-17T03:44:52.000Z</time><extensions><gpxtpx:TrackPointExtension><gpxtpx:hr>83</gpxtpx:hr></gpxtpx:TrackPointExtension></extensions></trkpt>
      <trkpt lat="50.676588" lon="-120.332662"><ele>363</ele><time>2026-06-17T03:44:53.000Z</time><extensions><gpxtpx:TrackPointExtension><gpxtpx:hr>83</gpxtpx:hr></gpxtpx:TrackPointExtension></extensions></trkpt>
      <trkpt lat="50.676589" lon="-120.332693"><ele>363</ele><time>2026-06-17T03:44:54.000Z</time><extensions><gpxtpx:TrackPointExtension><gpxtpx:hr>83</gpxtpx:hr></gpxtpx:TrackPointExtension></extensions></trkpt>
      <trkpt lat="50.67659" lon="-120.332758"><ele>363</ele><time>2026-06-17T03:44:55.000Z</time><extensions><gpxtpx:TrackPointExtension><gpxtpx:hr>83</gpxtpx:hr></gpxtpx:TrackPointExtension></extensions></trkpt>
      <trkpt lat="50.676591" lon="-120.332779"><ele>363</ele><time>2026-06-17T03:44:56.000Z</time><extensions><gpxtpx:TrackPointExtension><gpxtpx:hr>83</gpxtpx:hr></gpxtpx:TrackPointExtension></extensions></trkpt>
      <trkpt lat="50.676592" lon="-120.332845"><ele>363</ele><time>2026-06-17T03:44:57.000Z</time><extensions><gpxtpx:TrackPointExtension><gpxtpx:hr>83</gpxtpx:hr></gpxtpx:TrackPointExtension></extensions></trkpt>
      <trkpt lat="50.676592" lon="-120.332871"><ele>363</ele><time>2026-06-17T03:44:58.000Z</time><extensions><gpxtpx:TrackPointExtension><gpxtpx:hr>83</gpxtpx:hr></gpxtpx:TrackPointExtension></extensions></trkpt>
      <trkpt lat="50.676592" lon="-120.332896"><ele>363</ele><time>2026-06-17T03:44:59.000Z</time><extensions><gpxtpx:TrackPointExtension><gpxtpx:hr>83</gpxtpx:hr></gpxtpx:TrackPointExtension></extensions></trkpt>
      <trkpt lat="50.676591" lon="-120.332958"><ele>363</ele><time>2026-06-17T03:45:00.000Z</time><extensions><gpxtpx:TrackPointExtension><gpxtpx:hr>83</gpxtpx:hr></gpxtpx:TrackPointExtension></extensions></trkpt>
      <trkpt lat="50.676591" lon="-120.332982"><ele>363</ele><time>2026-06-17T03:45:01.000Z</time><extensions><gpxtpx:TrackPointExtension><gpxtpx:hr>83</gpxtpx:hr></gpxtpx:TrackPointExtension></extensions></trkpt>
      <trkpt lat="50.676591" lon="-120.333007"><ele>363</ele><time>2026-06-17T03:45:02.000Z</time><extensions><gpxtpx:TrackPointExtension><gpxtpx:hr>83</gpxtpx:hr></gpxtpx:TrackPointExtension></extensions></trkpt>
      <trkpt lat="50.676595" lon="-120.333065"><ele>363</ele><time>2026-06-17T03:45:03.000Z</time><extensions><gpxtpx:TrackPointExtension><gpxtpx:hr>83</gpxtpx:hr></gpxtpx:TrackPointExtension></extensions></trkpt>
      <trkpt lat="50.676597" lon="-120.333085"><ele>363</ele><time>2026-06-17T03:45:04.000Z</time><extensions><gpxtpx:TrackPointExtension><gpxtpx:hr>83</gpxtpx:hr></gpxtpx:TrackPointExtension></extensions></trkpt>
      <trkpt lat="50.676604" lon="-120.333156"><ele>363</ele><time>2026-06-17T03:45:05.000Z</time><extensions><gpxtpx:TrackPointExtension><gpxtpx:hr>83</gpxtpx:hr></gpxtpx:TrackPointExtension></extensions></trkpt>
      <trkpt lat="50.676607" lon="-120.333184"><ele>363</ele><time>2026-06-17T03:45:06.000Z</time><extensions><gpxtpx:TrackPointExtension><gpxtpx:hr>83</gpxtpx:hr></gpxtpx:TrackPointExtension></extensions></trkpt>
      <trkpt lat="50.67661" lon="-120.333212"><ele>363</ele><time>2026-06-17T03:45:07.000Z</time><extensions><gpxtpx:TrackPointExtension><gpxtpx:hr>83</gpxtpx:hr></gpxtpx:TrackPointExtension></extensions></trkpt>
      <trkpt lat="50.676613" lon="-120.333273"><ele>363</ele><time>2026-06-17T03:45:08.000Z</time><extensions><gpxtpx:TrackPointExtension><gpxtpx:hr>83</gpxtpx:hr></gpxtpx:TrackPointExtension></extensions></trkpt>
      <trkpt lat="50.676613" lon="-120.333293"><ele>363</ele><time>2026-06-17T03:45:09.000Z</time><extensions><gpxtpx:TrackPointExtension><gpxtpx:hr>83</gpxtpx:hr></gpxtpx:TrackPointExtension></extensions></trkpt>
      <trkpt lat="50.676611" lon="-120.333356"><ele>362.8</ele><time>2026-06-17T03:45:10.000Z</time><extensions><gpxtpx:TrackPointExtension><gpxtpx:hr>83</gpxtpx:hr></gpxtpx:TrackPointExtension></extensions></trkpt>
      <trkpt lat="50.676611" lon="-120.333382"><ele>362.8</ele><time>2026-06-17T03:45:11.000Z</time><extensions><gpxtpx:TrackPointExtension><gpxtpx:hr>83</gpxtpx:hr></gpxtpx:TrackPointExtension></extensions></trkpt>
      <trkpt lat="50.67661" lon="-120.333407"><ele>362.8</ele><time>2026-06-17T03:45:12.000Z</time><extensions><gpxtpx:TrackPointExtension><gpxtpx:hr>83</gpxtpx:hr></gpxtpx:TrackPointExtension></extensions></trkpt>
      <trkpt lat="50.676607" lon="-120.333461"><ele>362.8</ele><time>2026-06-17T03:45:13.000Z</time><extensions><gpxtpx:TrackPointExtension><gpxtpx:hr>83</gpxtpx:hr></gpxtpx:TrackPointExtension></extensions></trkpt>
      <trkpt lat="50.676606" lon="-120.333479"><ele>362.8</ele><time>2026-06-17T03:45:14.000Z</time><extensions><gpxtpx:TrackPointExtension><gpxtpx:hr>83</gpxtpx:hr></gpxtpx:TrackPointExtension></extensions></trkpt>
      <trkpt lat="50.6766" lon="-120.333536"><ele>362.8</ele><time>2026-06-17T03:45:15.000Z</time><extensions><gpxtpx:TrackPointExtension><gpxtpx:hr>83</gpxtpx:hr></gpxtpx:TrackPointExtension></extensions></trkpt>
      <trkpt lat="50.676597" lon="-120.333559"><ele>362.8</ele><time>2026-06-17T03:45:16.000Z</time><extensions><gpxtpx:TrackPointExtension><gpxtpx:hr>83</gpxtpx:hr></gpxtpx:TrackPointExtension></extensions></trkpt>
      <trkpt lat="50.676594" lon="-120.333581"><ele>362.8</ele><time>2026-06-17T03:45:17.000Z</time><extensions><gpxtpx:TrackPointExtension><gpxtpx:hr>83</gpxtpx:hr></gpxtpx:TrackPointExtension></extensions></trkpt>
      <trkpt lat="50.676587" lon="-120.333634"><ele>362.8</ele><time>2026-06-17T03:45:18.000Z</time><extensions><gpxtpx:TrackPointExtension><gpxtpx:hr>83</gpxtpx:hr></gpxtpx:TrackPointExtension></extensions></trkpt>
      <trkpt lat="50.676584" lon="-120.333651"><ele>362.6</ele><time>2026-06-17T03:45:19.000Z</time><extensions><gpxtpx:TrackPointExtension><gpxtpx:hr>83</gpxtpx:hr></gpxtpx:TrackPointExtension></extensions></trkpt>
      <trkpt lat="50.676575" lon="-120.333714"><ele>362.6</ele><time>2026-06-17T03:45:20.000Z</time><extensions><gpxtpx:TrackPointExtension><gpxtpx:hr>83</gpxtpx:hr></gpxtpx:TrackPointExtension></extensions></trkpt>
      <trkpt lat="50.676572" lon="-120.333741"><ele>362.6</ele><time>2026-06-17T03:45:21.000Z</time><extensions><gpxtpx:TrackPointExtension><gpxtpx:hr>83</gpxtpx:hr></gpxtpx:TrackPointExtension></extensions></trkpt>
      <trkpt lat="50.676569" lon="-120.333767"><ele>362.4</ele><time>2026-06-17T03:45:22.000Z</time><extensions><gpxtpx:TrackPointExtension><gpxtpx:hr>83</gpxtpx:hr></gpxtpx:TrackPointExtension></extensions></trkpt>
      <trkpt lat="50.676567" lon="-120.333834"><ele>362.4</ele><time>2026-06-17T03:45:23.000Z</time><extensions><gpxtpx:TrackPointExtension><gpxtpx:hr>83</gpxtpx:hr></gpxtpx:TrackPointExtension></extensions></trkpt>
      <trkpt lat="50.676567" lon="-120.333856"><ele>362.4</ele><time>2026-06-17T03:45:24.000Z</time><extensions><gpxtpx:TrackPointExtension><gpxtpx:hr>83</gpxtpx:hr></gpxtpx:TrackPointExtension></extensions></trkpt>
      <trkpt lat="50.67657" lon="-120.333925"><ele>362.4</ele><time>2026-06-17T03:45:25.000Z</time><extensions><gpxtpx:TrackPointExtension><gpxtpx:hr>83</gpxtpx:hr></gpxtpx:TrackPointExtension></extensions></trkpt>
      <trkpt lat="50.676572" lon="-120.333952"><ele>362.2</ele><time>2026-06-17T03:45:26.000Z</time><extensions><gpxtpx:TrackPointExtension><gpxtpx:hr>83</gpxtpx:hr></gpxtpx:TrackPointExtension></extensions></trkpt>
      <trkpt lat="50.676573" lon="-120.333978"><ele>362.2</ele><time>2026-06-17T03:45:27.000Z</time><extensions><gpxtpx:TrackPointExtension><gpxtpx:hr>83</gpxtpx:hr></gpxtpx:TrackPointExtension></extensions></trkpt>
      <trkpt lat="50.676579" lon="-120.334046"><ele>362.2</ele><time>2026-06-17T03:45:28.000Z</time><extensions><gpxtpx:TrackPointExtension><gpxtpx:hr>83</gpxtpx:hr></gpxtpx:TrackPointExtension></extensions></trkpt>
      <trkpt lat="50.676582" lon="-120.334075"><ele>362.2</ele><time>2026-06-17T03:45:29.000Z</time><extensions><gpxtpx:TrackPointExtension><gpxtpx:hr>83</gpxtpx:hr></gpxtpx:TrackPointExtension></extensions></trkpt>
      <trkpt lat="50.676586" lon="-120.334103"><ele>362.2</ele><time>2026-06-17T03:45:30.000Z</time><extensions><gpxtpx:TrackPointExtension><gpxtpx:hr>83</gpxtpx:hr></gpxtpx:TrackPointExtension></extensions></trkpt>
      <trkpt lat="50.676597" lon="-120.334168"><ele>362.2</ele><time>2026-06-17T03:45:31.000Z</time><extensions><gpxtpx:TrackPointExtension><gpxtpx:hr>83</gpxtpx:hr></gpxtpx:TrackPointExtension></extensions></trkpt>
      <trkpt lat="50.6766" lon="-120.33419"><ele>362.2</ele><time>2026-06-17T03:45:32.000Z</time><extensions><gpxtpx:TrackPointExtension><gpxtpx:hr>83</gpxtpx:hr></gpxtpx:TrackPointExtension></extensions></trkpt>
      <trkpt lat="50.67661" lon="-120.334257"><ele>362.2</ele><time>2026-06-17T03:45:33.000Z</time><extensions><gpxtpx:TrackPointExtension><gpxtpx:hr>83</gpxtpx:hr></gpxtpx:TrackPointExtension></extensions></trkpt>
      <trkpt lat="50.676616" lon="-120.334283"><ele>362.2</ele><time>2026-06-17T03:45:34.000Z</time><extensions><gpxtpx:TrackPointExtension><gpxtpx:hr>83</gpxtpx:hr></gpxtpx:TrackPointExtension></extensions></trkpt>
      <trkpt lat="50.676621" lon="-120.334309"><ele>362.2</ele><time>2026-06-17T03:45:35.000Z</time><extensions><gpxtpx:TrackPointExtension><gpxtpx:hr>83</gpxtpx:hr></gpxtpx:TrackPointExtension></extensions></trkpt>
      <trkpt lat="50.67668" lon="-120.334373"><ele>362.2</ele><time>2026-06-17T03:45:36.000Z</time><extensions><gpxtpx:TrackPointExtension><gpxtpx:hr>155</gpxtpx:hr></gpxtpx:TrackPointExtension></extensions></trkpt>
      <trkpt lat="50.676696" lon="-120.334381"><ele>362.2</ele><time>2026-06-17T03:45:37.000Z</time><extensions><gpxtpx:TrackPointExtension><gpxtpx:hr>155</gpxtpx:hr></gpxtpx:TrackPointExtension></extensions></trkpt>
      <trkpt lat="50.676754" lon="-120.334391"><ele>362.2</ele><time>2026-06-17T03:45:38.000Z</time><extensions><gpxtpx:TrackPointExtension><gpxtpx:hr>155</gpxtpx:hr></gpxtpx:TrackPointExtension></extensions></trkpt>
      <trkpt lat="50.676775" lon="-120.334391"><ele>362.2</ele><time>2026-06-17T03:45:39.000Z</time><extensions><gpxtpx:TrackPointExtension><gpxtpx:hr>155</gpxtpx:hr></gpxtpx:TrackPointExtension></extensions></trkpt>
      <trkpt lat="50.676797" lon="-120.334392"><ele>362</ele><time>2026-06-17T03:45:40.000Z</time><extensions><gpxtpx:TrackPointExtension><gpxtpx:hr>155</gpxtpx:hr></gpxtpx:TrackPointExtension></extensions></trkpt>
      <trkpt lat="50.676837" lon="-120.334382"><ele>362</ele><time>2026-06-17T03:45:41.000Z</time><extensions><gpxtpx:TrackPointExtension><gpxtpx:hr>155</gpxtpx:hr></gpxtpx:TrackPointExtension></extensions></trkpt>
      <trkpt lat="50.676848" lon="-120.334378"><ele>362</ele><time>2026-06-17T03:45:42.000Z</time><extensions><gpxtpx:TrackPointExtension><gpxtpx:hr>155</gpxtpx:hr></gpxtpx:TrackPointExtension></extensions></trkpt>
      <trkpt lat="50.676868" lon="-120.334375"><ele>361.8</ele><time>2026-06-17T03:45:43.000Z</time><extensions><gpxtpx:TrackPointExtension><gpxtpx:hr>155</gpxtpx:hr></gpxtpx:TrackPointExtension></extensions></trkpt>
      <trkpt lat="50.676887" lon="-120.334375"><ele>361.6</ele><time>2026-06-17T03:45:44.000Z</time><extensions><gpxtpx:TrackPointExtension><gpxtpx:hr>155</gpxtpx:hr></gpxtpx:TrackPointExtension></extensions></trkpt>
      <trkpt lat="50.676906" lon="-120.334377"><ele>361.6</ele><time>2026-06-17T03:45:45.000Z</time><extensions><gpxtpx:TrackPointExtension><gpxtpx:hr>155</gpxtpx:hr></gpxtpx:TrackPointExtension></extensions></trkpt>
      <trkpt lat="50.676944" lon="-120.334379"><ele>361.4</ele><time>2026-06-17T03:45:46.000Z</time><extensions><gpxtpx:TrackPointExtension><gpxtpx:hr>155</gpxtpx:hr></gpxtpx:TrackPointExtension></extensions></trkpt>
      <trkpt lat="50.676958" lon="-120.334379"><ele>361.2</ele><time>2026-06-17T03:45:47.000Z</time><extensions><gpxtpx:TrackPointExtension><gpxtpx:hr>155</gpxtpx:hr></gpxtpx:TrackPointExtension></extensions></trkpt>
      <trkpt lat="50.677005" lon="-120.334378"><ele>361</ele><time>2026-06-17T03:45:48.000Z</time><extensions><gpxtpx:TrackPointExtension><gpxtpx:hr>155</gpxtpx:hr></gpxtpx:TrackPointExtension></extensions></trkpt>
      <trkpt lat="50.677024" lon="-120.334377"><ele>360.8</ele><time>2026-06-17T03:45:49.000Z</time><extensions><gpxtpx:TrackPointExtension><gpxtpx:hr>155</gpxtpx:hr></gpxtpx:TrackPointExtension></extensions></trkpt>
      <trkpt lat="50.677042" lon="-120.334377"><ele>360.8</ele><time>2026-06-17T03:45:50.000Z</time><extensions><gpxtpx:TrackPointExtension><gpxtpx:hr>157</gpxtpx:hr></gpxtpx:TrackPointExtension></extensions></trkpt>
      <trkpt lat="50.677083" lon="-120.334378"><ele>360.6</ele><time>2026-06-17T03:45:51.000Z</time><extensions><gpxtpx:TrackPointExtension><gpxtpx:hr>157</gpxtpx:hr></gpxtpx:TrackPointExtension></extensions></trkpt>
      <trkpt lat="50.677096" lon="-120.334379"><ele>360.4</ele><time>2026-06-17T03:45:52.000Z</time><extensions><gpxtpx:TrackPointExtension><gpxtpx:hr>157</gpxtpx:hr></gpxtpx:TrackPointExtension></extensions></trkpt>
      <trkpt lat="50.677145" lon="-120.334384"><ele>360.2</ele><time>2026-06-17T03:45:53.000Z</time><extensions><gpxtpx:TrackPointExtension><gpxtpx:hr>157</gpxtpx:hr></gpxtpx:TrackPointExtension></extensions></trkpt>
      <trkpt lat="50.677164" lon="-120.334387"><ele>360</ele><time>2026-06-17T03:45:54.000Z</time><extensions><gpxtpx:TrackPointExtension><gpxtpx:hr>157</gpxtpx:hr></gpxtpx:TrackPointExtension></extensions></trkpt>
      <trkpt lat="50.677184" lon="-120.334389"><ele>360</ele><time>2026-06-17T03:45:55.000Z</time><extensions><gpxtpx:TrackPointExtension><gpxtpx:hr>158</gpxtpx:hr></gpxtpx:TrackPointExtension></extensions></trkpt>
      <trkpt lat="50.677231" lon="-120.334389"><ele>359.8</ele><time>2026-06-17T03:45:56.000Z</time><extensions><gpxtpx:TrackPointExtension><gpxtpx:hr>158</gpxtpx:hr></gpxtpx:TrackPointExtension></extensions></trkpt>
      <trkpt lat="50.67725" lon="-120.334388"><ele>359.6</ele><time>2026-06-17T03:45:57.000Z</time><extensions><gpxtpx:TrackPointExtension><gpxtpx:hr>158</gpxtpx:hr></gpxtpx:TrackPointExtension></extensions></trkpt>
      <trkpt lat="50.677268" lon="-120.334387"><ele>359.6</ele><time>2026-06-17T03:45:58.000Z</time><extensions><gpxtpx:TrackPointExtension><gpxtpx:hr>158</gpxtpx:hr></gpxtpx:TrackPointExtension></extensions></trkpt>
      <trkpt lat="50.677309" lon="-120.334381"><ele>359.6</ele><time>2026-06-17T03:45:59.000Z</time><extensions><gpxtpx:TrackPointExtension><gpxtpx:hr>158</gpxtpx:hr></gpxtpx:TrackPointExtension></extensions></trkpt>
      <trkpt lat="50.677322" lon="-120.334378"><ele>359.4</ele><time>2026-06-17T03:46:00.000Z</time><extensions><gpxtpx:TrackPointExtension><gpxtpx:hr>158</gpxtpx:hr></gpxtpx:TrackPointExtension></extensions></trkpt>
      <trkpt lat="50.677366" lon="-120.334377"><ele>359.4</ele><time>2026-06-17T03:46:01.000Z</time><extensions><gpxtpx:TrackPointExtension><gpxtpx:hr>158</gpxtpx:hr></gpxtpx:TrackPointExtension></extensions></trkpt>
      <trkpt lat="50.677384" lon="-120.334378"><ele>359.4</ele><time>2026-06-17T03:46:02.000Z</time><extensions><gpxtpx:TrackPointExtension><gpxtpx:hr>158</gpxtpx:hr></gpxtpx:TrackPointExtension></extensions></trkpt>
      <trkpt lat="50.677401" lon="-120.334379"><ele>359.2</ele><time>2026-06-17T03:46:03.000Z</time><extensions><gpxtpx:TrackPointExtension><gpxtpx:hr>165</gpxtpx:hr></gpxtpx:TrackPointExtension></extensions></trkpt>
      <trkpt lat="50.677437" lon="-120.334387"><ele>359.2</ele><time>2026-06-17T03:46:04.000Z</time><extensions><gpxtpx:TrackPointExtension><gpxtpx:hr>165</gpxtpx:hr></gpxtpx:TrackPointExtension></extensions></trkpt>
      <trkpt lat="50.677449" lon="-120.33439"><ele>359.2</ele><time>2026-06-17T03:46:05.000Z</time><extensions><gpxtpx:TrackPointExtension><gpxtpx:hr>165</gpxtpx:hr></gpxtpx:TrackPointExtension></extensions></trkpt>
      <trkpt lat="50.677492" lon="-120.3344"><ele>359</ele><time>2026-06-17T03:46:06.000Z</time><extensions><gpxtpx:TrackPointExtension><gpxtpx:hr>165</gpxtpx:hr></gpxtpx:TrackPointExtension></extensions></trkpt>
      <trkpt lat="50.677509" lon="-120.334403"><ele>359</ele><time>2026-06-17T03:46:07.000Z</time><extensions><gpxtpx:TrackPointExtension><gpxtpx:hr>165</gpxtpx:hr></gpxtpx:TrackPointExtension></extensions></trkpt>
      <trkpt lat="50.677527" lon="-120.334407"><ele>358.8</ele><time>2026-06-17T03:46:08.000Z</time><extensions><gpxtpx:TrackPointExtension><gpxtpx:hr>165</gpxtpx:hr></gpxtpx:TrackPointExtension></extensions></trkpt>
      <trkpt lat="50.677571" lon="-120.334413"><ele>358.8</ele><time>2026-06-17T03:46:09.000Z</time><extensions><gpxtpx:TrackPointExtension><gpxtpx:hr>165</gpxtpx:hr></gpxtpx:TrackPointExtension></extensions></trkpt>
      <trkpt lat="50.677585" lon="-120.334415"><ele>358.6</ele><time>2026-06-17T03:46:10.000Z</time><extensions><gpxtpx:TrackPointExtension><gpxtpx:hr>166</gpxtpx:hr></gpxtpx:TrackPointExtension></extensions></trkpt>
      <trkpt lat="50.677633" lon="-120.334413"><ele>358.6</ele><time>2026-06-17T03:46:11.000Z</time><extensions><gpxtpx:TrackPointExtension><gpxtpx:hr>164</gpxtpx:hr></gpxtpx:TrackPointExtension></extensions></trkpt>
      <trkpt lat="50.677651" lon="-120.334413"><ele>358.4</ele><time>2026-06-17T03:46:12.000Z</time><extensions><gpxtpx:TrackPointExtension><gpxtpx:hr>164</gpxtpx:hr></gpxtpx:TrackPointExtension></extensions></trkpt>
      <trkpt lat="50.67767" lon="-120.334412"><ele>358.2</ele><time>2026-06-17T03:46:13.000Z</time><extensions><gpxtpx:TrackPointExtension><gpxtpx:hr>164</gpxtpx:hr></gpxtpx:TrackPointExtension></extensions></trkpt>
      <trkpt lat="50.677713" lon="-120.33441"><ele>358.2</ele><time>2026-06-17T03:46:14.000Z</time><extensions><gpxtpx:TrackPointExtension><gpxtpx:hr>164</gpxtpx:hr></gpxtpx:TrackPointExtension></extensions></trkpt>
      <trkpt lat="50.677728" lon="-120.334409"><ele>358</ele><time>2026-06-17T03:46:15.000Z</time><extensions><gpxtpx:TrackPointExtension><gpxtpx:hr>164</gpxtpx:hr></gpxtpx:TrackPointExtension></extensions></trkpt>
      <trkpt lat="50.677773" lon="-120.33441"><ele>358</ele><time>2026-06-17T03:46:16.000Z</time><extensions><gpxtpx:TrackPointExtension><gpxtpx:hr>167</gpxtpx:hr></gpxtpx:TrackPointExtension></extensions></trkpt>
      <trkpt lat="50.677792" lon="-120.334412"><ele>357.8</ele><time>2026-06-17T03:46:17.000Z</time><extensions><gpxtpx:TrackPointExtension><gpxtpx:hr>167</gpxtpx:hr></gpxtpx:TrackPointExtension></extensions></trkpt>
      <trkpt lat="50.67781" lon="-120.334414"><ele>357.6</ele><time>2026-06-17T03:46:18.000Z</time><extensions><gpxtpx:TrackPointExtension><gpxtpx:hr>167</gpxtpx:hr></gpxtpx:TrackPointExtension></extensions></trkpt>
      <trkpt lat="50.677852" lon="-120.33441"><ele>357.6</ele><time>2026-06-17T03:46:19.000Z</time><extensions><gpxtpx:TrackPointExtension><gpxtpx:hr>167</gpxtpx:hr></gpxtpx:TrackPointExtension></extensions></trkpt>
      <trkpt lat="50.677868" lon="-120.334404"><ele>357.4</ele><time>2026-06-17T03:46:20.000Z</time><extensions><gpxtpx:TrackPointExtension><gpxtpx:hr>167</gpxtpx:hr></gpxtpx:TrackPointExtension></extensions></trkpt>
      <trkpt lat="50.677883" lon="-120.334399"><ele>357.4</ele><time>2026-06-17T03:46:21.000Z</time><extensions><gpxtpx:TrackPointExtension><gpxtpx:hr>167</gpxtpx:hr></gpxtpx:TrackPointExtension></extensions></trkpt>
      <trkpt lat="50.677902" lon="-120.334384"><ele>357.4</ele><time>2026-06-17T03:46:22.000Z</time><extensions><gpxtpx:TrackPointExtension><gpxtpx:hr>167</gpxtpx:hr></gpxtpx:TrackPointExtension></extensions></trkpt>
      <trkpt lat="50.67792" lon="-120.334364"><ele>357.2</ele><time>2026-06-17T03:46:23.000Z</time><extensions><gpxtpx:TrackPointExtension><gpxtpx:hr>165</gpxtpx:hr></gpxtpx:TrackPointExtension></extensions></trkpt>
      <trkpt lat="50.67795" lon="-120.334328"><ele>357.2</ele><time>2026-06-17T03:46:24.000Z</time><extensions><gpxtpx:TrackPointExtension><gpxtpx:hr>165</gpxtpx:hr></gpxtpx:TrackPointExtension></extensions></trkpt>
      <trkpt lat="50.677961" lon="-120.334314"><ele>357.2</ele><time>2026-06-17T03:46:25.000Z</time><extensions><gpxtpx:TrackPointExtension><gpxtpx:hr>165</gpxtpx:hr></gpxtpx:TrackPointExtension></extensions></trkpt>
      <trkpt lat="50.677973" lon="-120.3343"><ele>357</ele><time>2026-06-17T03:46:26.000Z</time><extensions><gpxtpx:TrackPointExtension><gpxtpx:hr>165</gpxtpx:hr></gpxtpx:TrackPointExtension></extensions></trkpt>
      <trkpt lat="50.677996" lon="-120.334272"><ele>357</ele><time>2026-06-17T03:46:27.000Z</time><extensions><gpxtpx:TrackPointExtension><gpxtpx:hr>165</gpxtpx:hr></gpxtpx:TrackPointExtension></extensions></trkpt>
      <trkpt lat="50.678002" lon="-120.334264"><ele>357</ele><time>2026-06-17T03:46:28.000Z</time><extensions><gpxtpx:TrackPointExtension><gpxtpx:hr>168</gpxtpx:hr></gpxtpx:TrackPointExtension></extensions></trkpt>
      <trkpt lat="50.678012" lon="-120.33425"><ele>357</ele><time>2026-06-17T03:46:29.000Z</time><extensions><gpxtpx:TrackPointExtension><gpxtpx:hr>168</gpxtpx:hr></gpxtpx:TrackPointExtension></extensions></trkpt>
      <trkpt lat="50.678021" lon="-120.334241"><ele>357</ele><time>2026-06-17T03:46:30.000Z</time><extensions><gpxtpx:TrackPointExtension><gpxtpx:hr>168</gpxtpx:hr></gpxtpx:TrackPointExtension></extensions></trkpt>
      <trkpt lat="50.678027" lon="-120.334236"><ele>357</ele><time>2026-06-17T03:46:31.000Z</time><extensions><gpxtpx:TrackPointExtension><gpxtpx:hr>168</gpxtpx:hr></gpxtpx:TrackPointExtension></extensions></trkpt>
      <trkpt lat="50.678068" lon="-120.334238"><ele>357</ele><time>2026-06-17T03:46:32.000Z</time><extensions><gpxtpx:TrackPointExtension><gpxtpx:hr>168</gpxtpx:hr></gpxtpx:TrackPointExtension></extensions></trkpt>
      <trkpt lat="50.678107" lon="-120.334241"><ele>357</ele><time>2026-06-17T03:46:40.000Z</time><extensions><gpxtpx:TrackPointExtension><gpxtpx:hr>168</gpxtpx:hr></gpxtpx:TrackPointExtension></extensions></trkpt>
      <trkpt lat="50.678145" lon="-120.334245"><ele>356.8</ele><time>2026-06-17T03:46:41.000Z</time><extensions><gpxtpx:TrackPointExtension><gpxtpx:hr>168</gpxtpx:hr></gpxtpx:TrackPointExtension></extensions></trkpt>
      <trkpt lat="50.678181" lon="-120.334279"><ele>356.8</ele><time>2026-06-17T03:46:42.000Z</time><extensions><gpxtpx:TrackPointExtension><gpxtpx:hr>168</gpxtpx:hr></gpxtpx:TrackPointExtension></extensions></trkpt>
      <trkpt lat="50.678192" lon="-120.334294"><ele>356.8</ele><time>2026-06-17T03:46:43.000Z</time><extensions><gpxtpx:TrackPointExtension><gpxtpx:hr>168</gpxtpx:hr></gpxtpx:TrackPointExtension></extensions></trkpt>
      <trkpt lat="50.678227" lon="-120.334352"><ele>356.8</ele><time>2026-06-17T03:46:44.000Z</time><extensions><gpxtpx:TrackPointExtension><gpxtpx:hr>119</gpxtpx:hr></gpxtpx:TrackPointExtension></extensions></trkpt>
      <trkpt lat="50.67824" lon="-120.334374"><ele>356.6</ele><time>2026-06-17T03:46:45.000Z</time><extensions><gpxtpx:TrackPointExtension><gpxtpx:hr>119</gpxtpx:hr></gpxtpx:TrackPointExtension></extensions></trkpt>
      <trkpt lat="50.678252" lon="-120.334396"><ele>356.6</ele><time>2026-06-17T03:46:46.000Z</time><extensions><gpxtpx:TrackPointExtension><gpxtpx:hr>120</gpxtpx:hr></gpxtpx:TrackPointExtension></extensions></trkpt>
      <trkpt lat="50.678283" lon="-120.334427"><ele>356.6</ele><time>2026-06-17T03:46:47.000Z</time><extensions><gpxtpx:TrackPointExtension><gpxtpx:hr>120</gpxtpx:hr></gpxtpx:TrackPointExtension></extensions></trkpt>
      <trkpt lat="50.678297" lon="-120.334436"><ele>356.4</ele><time>2026-06-17T03:46:48.000Z</time><extensions><gpxtpx:TrackPointExtension><gpxtpx:hr>120</gpxtpx:hr></gpxtpx:TrackPointExtension></extensions></trkpt>
      <trkpt lat="50.67831" lon="-120.334445"><ele>356.4</ele><time>2026-06-17T03:46:49.000Z</time><extensions><gpxtpx:TrackPointExtension><gpxtpx:hr>120</gpxtpx:hr></gpxtpx:TrackPointExtension></extensions></trkpt>
      <trkpt lat="50.678343" lon="-120.334455"><ele>356.2</ele><time>2026-06-17T03:46:50.000Z</time><extensions><gpxtpx:TrackPointExtension><gpxtpx:hr>120</gpxtpx:hr></gpxtpx:TrackPointExtension></extensions></trkpt>
      <trkpt lat="50.678353" lon="-120.334457"><ele>356.2</ele><time>2026-06-17T03:46:51.000Z</time><extensions><gpxtpx:TrackPointExtension><gpxtpx:hr>121</gpxtpx:hr></gpxtpx:TrackPointExtension></extensions></trkpt>
      <trkpt lat="50.678386" lon="-120.334459"><ele>356</ele><time>2026-06-17T03:46:52.000Z</time><extensions><gpxtpx:TrackPointExtension><gpxtpx:hr>121</gpxtpx:hr></gpxtpx:TrackPointExtension></extensions></trkpt>
      <trkpt lat="50.678398" lon="-120.334459"><ele>355.8</ele><time>2026-06-17T03:46:53.000Z</time><extensions><gpxtpx:TrackPointExtension><gpxtpx:hr>121</gpxtpx:hr></gpxtpx:TrackPointExtension></extensions></trkpt>
      <trkpt lat="50.678411" lon="-120.33446"><ele>355.8</ele><time>2026-06-17T03:46:54.000Z</time><extensions><gpxtpx:TrackPointExtension><gpxtpx:hr>121</gpxtpx:hr></gpxtpx:TrackPointExtension></extensions></trkpt>
      <trkpt lat="50.678441" lon="-120.334471"><ele>355.6</ele><time>2026-06-17T03:46:55.000Z</time><extensions><gpxtpx:TrackPointExtension><gpxtpx:hr>121</gpxtpx:hr></gpxtpx:TrackPointExtension></extensions></trkpt>
      <trkpt lat="50.678452" lon="-120.334476"><ele>355.4</ele><time>2026-06-17T03:46:56.000Z</time><extensions><gpxtpx:TrackPointExtension><gpxtpx:hr>122</gpxtpx:hr></gpxtpx:TrackPointExtension></extensions></trkpt>
      <trkpt lat="50.678488" lon="-120.334491"><ele>355.2</ele><time>2026-06-17T03:46:57.000Z</time><extensions><gpxtpx:TrackPointExtension><gpxtpx:hr>122</gpxtpx:hr></gpxtpx:TrackPointExtension></extensions></trkpt>
      <trkpt lat="50.678503" lon="-120.334496"><ele>355.2</ele><time>2026-06-17T03:46:58.000Z</time><extensions><gpxtpx:TrackPointExtension><gpxtpx:hr>122</gpxtpx:hr></gpxtpx:TrackPointExtension></extensions></trkpt>
      <trkpt lat="50.678517" lon="-120.334502"><ele>355</ele><time>2026-06-17T03:46:59.000Z</time><extensions><gpxtpx:TrackPointExtension><gpxtpx:hr>122</gpxtpx:hr></gpxtpx:TrackPointExtension></extensions></trkpt>
      <trkpt lat="50.67855" lon="-120.334512"><ele>354.8</ele><time>2026-06-17T03:47:00.000Z</time><extensions><gpxtpx:TrackPointExtension><gpxtpx:hr>122</gpxtpx:hr></gpxtpx:TrackPointExtension></extensions></trkpt>
      <trkpt lat="50.67856" lon="-120.334516"><ele>354.6</ele><time>2026-06-17T03:47:01.000Z</time><extensions><gpxtpx:TrackPointExtension><gpxtpx:hr>126</gpxtpx:hr></gpxtpx:TrackPointExtension></extensions></trkpt>
      <trkpt lat="50.678597" lon="-120.334531"><ele>354.4</ele><time>2026-06-17T03:47:02.000Z</time><extensions><gpxtpx:TrackPointExtension><gpxtpx:hr>126</gpxtpx:hr></gpxtpx:TrackPointExtension></extensions></trkpt>
      <trkpt lat="50.678611" lon="-120.334537"><ele>354.2</ele><time>2026-06-17T03:47:03.000Z</time><extensions><gpxtpx:TrackPointExtension><gpxtpx:hr>126</gpxtpx:hr></gpxtpx:TrackPointExtension></extensions></trkpt>
      <trkpt lat="50.678626" lon="-120.334544"><ele>354</ele><time>2026-06-17T03:47:04.000Z</time><extensions><gpxtpx:TrackPointExtension><gpxtpx:hr>126</gpxtpx:hr></gpxtpx:TrackPointExtension></extensions></trkpt>
      <trkpt lat="50.67866" lon="-120.334559"><ele>353.6</ele><time>2026-06-17T03:47:05.000Z</time><extensions><gpxtpx:TrackPointExtension><gpxtpx:hr>126</gpxtpx:hr></gpxtpx:TrackPointExtension></extensions></trkpt>
      <trkpt lat="50.678671" lon="-120.334565"><ele>353.2</ele><time>2026-06-17T03:47:06.000Z</time><extensions><gpxtpx:TrackPointExtension><gpxtpx:hr>129</gpxtpx:hr></gpxtpx:TrackPointExtension></extensions></trkpt>
      <trkpt lat="50.678707" lon="-120.334579"><ele>352.8</ele><time>2026-06-17T03:47:07.000Z</time><extensions><gpxtpx:TrackPointExtension><gpxtpx:hr>129</gpxtpx:hr></gpxtpx:TrackPointExtension></extensions></trkpt>
      <trkpt lat="50.678722" lon="-120.334585"><ele>352.2</ele><time>2026-06-17T03:47:08.000Z</time><extensions><gpxtpx:TrackPointExtension><gpxtpx:hr>129</gpxtpx:hr></gpxtpx:TrackPointExtension></extensions></trkpt>
      <trkpt lat="50.678737" lon="-120.33459"><ele>351.6</ele><time>2026-06-17T03:47:09.000Z</time><extensions><gpxtpx:TrackPointExtension><gpxtpx:hr>129</gpxtpx:hr></gpxtpx:TrackPointExtension></extensions></trkpt>
      <trkpt lat="50.678776" lon="-120.334606"><ele>350.8</ele><time>2026-06-17T03:47:10.000Z</time><extensions><gpxtpx:TrackPointExtension><gpxtpx:hr>129</gpxtpx:hr></gpxtpx:TrackPointExtension></extensions></trkpt>
      <trkpt lat="50.678792" lon="-120.334613"><ele>350</ele><time>2026-06-17T03:47:11.000Z</time><extensions><gpxtpx:TrackPointExtension><gpxtpx:hr>129</gpxtpx:hr></gpxtpx:TrackPointExtension></extensions></trkpt>
      <trkpt lat="50.678808" lon="-120.33462"><ele>349.4</ele><time>2026-06-17T03:47:12.000Z</time><extensions><gpxtpx:TrackPointExtension><gpxtpx:hr>129</gpxtpx:hr></gpxtpx:TrackPointExtension></extensions></trkpt>
      <trkpt lat="50.678841" lon="-120.334635"><ele>348.6</ele><time>2026-06-17T03:47:13.000Z</time><extensions><gpxtpx:TrackPointExtension><gpxtpx:hr>129</gpxtpx:hr></gpxtpx:TrackPointExtension></extensions></trkpt>
      <trkpt lat="50.678852" lon="-120.33464"><ele>348</ele><time>2026-06-17T03:47:14.000Z</time><extensions><gpxtpx:TrackPointExtension><gpxtpx:hr>129</gpxtpx:hr></gpxtpx:TrackPointExtension></extensions></trkpt>
      <trkpt lat="50.678886" lon="-120.334651"><ele>347.4</ele><time>2026-06-17T03:47:15.000Z</time><extensions><gpxtpx:TrackPointExtension><gpxtpx:hr>129</gpxtpx:hr></gpxtpx:TrackPointExtension></extensions></trkpt>
      <trkpt lat="50.678898" lon="-120.334656"><ele>347</ele><time>2026-06-17T03:47:16.000Z</time><extensions><gpxtpx:TrackPointExtension><gpxtpx:hr>129</gpxtpx:hr></gpxtpx:TrackPointExtension></extensions></trkpt>
      <trkpt lat="50.67891" lon="-120.33466"><ele>346.6</ele><time>2026-06-17T03:47:17.000Z</time><extensions><gpxtpx:TrackPointExtension><gpxtpx:hr>129</gpxtpx:hr></gpxtpx:TrackPointExtension></extensions></trkpt>
      <trkpt lat="50.678924" lon="-120.33466"><ele>346.2</ele><time>2026-06-17T03:47:18.000Z</time><extensions><gpxtpx:TrackPointExtension><gpxtpx:hr>129</gpxtpx:hr></gpxtpx:TrackPointExtension></extensions></trkpt>
      <trkpt lat="50.678931" lon="-120.334657"><ele>346</ele><time>2026-06-17T03:47:19.000Z</time><extensions><gpxtpx:TrackPointExtension><gpxtpx:hr>129</gpxtpx:hr></gpxtpx:TrackPointExtension></extensions></trkpt>
      <trkpt lat="50.678993" lon="-120.334638"><ele>347</ele><time>2026-06-17T03:47:33.000Z</time><extensions><gpxtpx:TrackPointExtension><gpxtpx:hr>115</gpxtpx:hr></gpxtpx:TrackPointExtension></extensions></trkpt>
      <trkpt lat="50.679001" lon="-120.33464"><ele>347.4</ele><time>2026-06-17T03:47:34.000Z</time><extensions><gpxtpx:TrackPointExtension><gpxtpx:hr>115</gpxtpx:hr></gpxtpx:TrackPointExtension></extensions></trkpt>
      <trkpt lat="50.679015" lon="-120.334643"><ele>347.4</ele><time>2026-06-17T03:47:35.000Z</time><extensions><gpxtpx:TrackPointExtension><gpxtpx:hr>115</gpxtpx:hr></gpxtpx:TrackPointExtension></extensions></trkpt>
      <trkpt lat="50.679032" lon="-120.334646"><ele>347.6</ele><time>2026-06-17T03:47:36.000Z</time><extensions><gpxtpx:TrackPointExtension><gpxtpx:hr>115</gpxtpx:hr></gpxtpx:TrackPointExtension></extensions></trkpt>
      <trkpt lat="50.679049" lon="-120.334652"><ele>347.6</ele><time>2026-06-17T03:47:37.000Z</time><extensions><gpxtpx:TrackPointExtension><gpxtpx:hr>115</gpxtpx:hr></gpxtpx:TrackPointExtension></extensions></trkpt>
      <trkpt lat="50.679075" lon="-120.334672"><ele>347.8</ele><time>2026-06-17T03:47:38.000Z</time><extensions><gpxtpx:TrackPointExtension><gpxtpx:hr>115</gpxtpx:hr></gpxtpx:TrackPointExtension></extensions></trkpt>
      <trkpt lat="50.679084" lon="-120.334683"><ele>347.8</ele><time>2026-06-17T03:47:39.000Z</time><extensions><gpxtpx:TrackPointExtension><gpxtpx:hr>115</gpxtpx:hr></gpxtpx:TrackPointExtension></extensions></trkpt>
      <trkpt lat="50.679092" lon="-120.334695"><ele>348</ele><time>2026-06-17T03:47:40.000Z</time><extensions><gpxtpx:TrackPointExtension><gpxtpx:hr>115</gpxtpx:hr></gpxtpx:TrackPointExtension></extensions></trkpt>
      <trkpt lat="50.679097" lon="-120.334724"><ele>348</ele><time>2026-06-17T03:47:41.000Z</time><extensions><gpxtpx:TrackPointExtension><gpxtpx:hr>115</gpxtpx:hr></gpxtpx:TrackPointExtension></extensions></trkpt>
      <trkpt lat="50.679098" lon="-120.334758"><ele>348</ele><time>2026-06-17T03:47:42.000Z</time><extensions><gpxtpx:TrackPointExtension><gpxtpx:hr>116</gpxtpx:hr></gpxtpx:TrackPointExtension></extensions></trkpt>
      <trkpt lat="50.67909" lon="-120.334817"><ele>348</ele><time>2026-06-17T03:47:43.000Z</time><extensions><gpxtpx:TrackPointExtension><gpxtpx:hr>116</gpxtpx:hr></gpxtpx:TrackPointExtension></extensions></trkpt>
      <trkpt lat="50.679084" lon="-120.334841"><ele>348</ele><time>2026-06-17T03:47:44.000Z</time><extensions><gpxtpx:TrackPointExtension><gpxtpx:hr>116</gpxtpx:hr></gpxtpx:TrackPointExtension></extensions></trkpt>
      <trkpt lat="50.679079" lon="-120.334865"><ele>348</ele><time>2026-06-17T03:47:45.000Z</time><extensions><gpxtpx:TrackPointExtension><gpxtpx:hr>116</gpxtpx:hr></gpxtpx:TrackPointExtension></extensions></trkpt>
      <trkpt lat="50.679065" lon="-120.334926"><ele>348</ele><time>2026-06-17T03:47:46.000Z</time><extensions><gpxtpx:TrackPointExtension><gpxtpx:hr>117</gpxtpx:hr></gpxtpx:TrackPointExtension></extensions></trkpt>
      <trkpt lat="50.67906" lon="-120.334948"><ele>348</ele><time>2026-06-17T03:47:47.000Z</time><extensions><gpxtpx:TrackPointExtension><gpxtpx:hr>117</gpxtpx:hr></gpxtpx:TrackPointExtension></extensions></trkpt>
      <trkpt lat="50.679049" lon="-120.33503"><ele>348</ele><time>2026-06-17T03:47:48.000Z</time><extensions><gpxtpx:TrackPointExtension><gpxtpx:hr>117</gpxtpx:hr></gpxtpx:TrackPointExtension></extensions></trkpt>
      <trkpt lat="50.679046" lon="-120.335065"><ele>348</ele><time>2026-06-17T03:47:49.000Z</time><extensions><gpxtpx:TrackPointExtension><gpxtpx:hr>117</gpxtpx:hr></gpxtpx:TrackPointExtension></extensions></trkpt>
      <trkpt lat="50.679042" lon="-120.3351"><ele>348</ele><time>2026-06-17T03:47:50.000Z</time><extensions><gpxtpx:TrackPointExtension><gpxtpx:hr>117</gpxtpx:hr></gpxtpx:TrackPointExtension></extensions></trkpt>
      <trkpt lat="50.679039" lon="-120.335183"><ele>348</ele><time>2026-06-17T03:47:51.000Z</time><extensions><gpxtpx:TrackPointExtension><gpxtpx:hr>117</gpxtpx:hr></gpxtpx:TrackPointExtension></extensions></trkpt>
      <trkpt lat="50.679039" lon="-120.335212"><ele>348</ele><time>2026-06-17T03:47:52.000Z</time><extensions><gpxtpx:TrackPointExtension><gpxtpx:hr>117</gpxtpx:hr></gpxtpx:TrackPointExtension></extensions></trkpt>
      <trkpt lat="50.679044" lon="-120.335312"><ele>348.2</ele><time>2026-06-17T03:47:53.000Z</time><extensions><gpxtpx:TrackPointExtension><gpxtpx:hr>117</gpxtpx:hr></gpxtpx:TrackPointExtension></extensions></trkpt>
      <trkpt lat="50.679046" lon="-120.335352"><ele>348.2</ele><time>2026-06-17T03:47:54.000Z</time><extensions><gpxtpx:TrackPointExtension><gpxtpx:hr>117</gpxtpx:hr></gpxtpx:TrackPointExtension></extensions></trkpt>
      <trkpt lat="50.679048" lon="-120.335393"><ele>348.2</ele><time>2026-06-17T03:47:55.000Z</time><extensions><gpxtpx:TrackPointExtension><gpxtpx:hr>123</gpxtpx:hr></gpxtpx:TrackPointExtension></extensions></trkpt>
      <trkpt lat="50.679051" lon="-120.335486"><ele>348.2</ele><time>2026-06-17T03:47:56.000Z</time><extensions><gpxtpx:TrackPointExtension><gpxtpx:hr>124</gpxtpx:hr></gpxtpx:TrackPointExtension></extensions></trkpt>
      <trkpt lat="50.679053" lon="-120.335516"><ele>348.2</ele><time>2026-06-17T03:47:57.000Z</time><extensions><gpxtpx:TrackPointExtension><gpxtpx:hr>124</gpxtpx:hr></gpxtpx:TrackPointExtension></extensions></trkpt>
      <trkpt lat="50.679059" lon="-120.335614"><ele>348.4</ele><time>2026-06-17T03:47:58.000Z</time><extensions><gpxtpx:TrackPointExtension><gpxtpx:hr>124</gpxtpx:hr></gpxtpx:TrackPointExtension></extensions></trkpt>
      <trkpt lat="50.679062" lon="-120.335653"><ele>348.4</ele><time>2026-06-17T03:47:59.000Z</time><extensions><gpxtpx:TrackPointExtension><gpxtpx:hr>124</gpxtpx:hr></gpxtpx:TrackPointExtension></extensions></trkpt>
      <trkpt lat="50.679065" lon="-120.335691"><ele>348.4</ele><time>2026-06-17T03:48:00.000Z</time><extensions><gpxtpx:TrackPointExtension><gpxtpx:hr>124</gpxtpx:hr></gpxtpx:TrackPointExtension></extensions></trkpt>
      <trkpt lat="50.679071" lon="-120.335778"><ele>348.4</ele><time>2026-06-17T03:48:01.000Z</time><extensions><gpxtpx:TrackPointExtension><gpxtpx:hr>124</gpxtpx:hr></gpxtpx:TrackPointExtension></extensions></trkpt>
      <trkpt lat="50.679072" lon="-120.335808"><ele>348.4</ele><time>2026-06-17T03:48:02.000Z</time><extensions><gpxtpx:TrackPointExtension><gpxtpx:hr>124</gpxtpx:hr></gpxtpx:TrackPointExtension></extensions></trkpt>
      <trkpt lat="50.679065" lon="-120.335905"><ele>348.6</ele><time>2026-06-17T03:48:03.000Z</time><extensions><gpxtpx:TrackPointExtension><gpxtpx:hr>133</gpxtpx:hr></gpxtpx:TrackPointExtension></extensions></trkpt>
      <trkpt lat="50.679059" lon="-120.335943"><ele>348.6</ele><time>2026-06-17T03:48:04.000Z</time><extensions><gpxtpx:TrackPointExtension><gpxtpx:hr>133</gpxtpx:hr></gpxtpx:TrackPointExtension></extensions></trkpt>
      <trkpt lat="50.679054" lon="-120.335982"><ele>348.6</ele><time>2026-06-17T03:48:05.000Z</time><extensions><gpxtpx:TrackPointExtension><gpxtpx:hr>133</gpxtpx:hr></gpxtpx:TrackPointExtension></extensions></trkpt>
      <trkpt lat="50.679041" lon="-120.336054"><ele>348.4</ele><time>2026-06-17T03:48:06.000Z</time><extensions><gpxtpx:TrackPointExtension><gpxtpx:hr>135</gpxtpx:hr></gpxtpx:TrackPointExtension></extensions></trkpt>
      <trkpt lat="50.679041" lon="-120.336073"><ele>348.4</ele><time>2026-06-17T03:48:07.000Z</time><extensions><gpxtpx:TrackPointExtension><gpxtpx:hr>135</gpxtpx:hr></gpxtpx:TrackPointExtension></extensions></trkpt>
      <trkpt lat="50.67904" lon="-120.336092"><ele>348.4</ele><time>2026-06-17T03:48:08.000Z</time><extensions><gpxtpx:TrackPointExtension><gpxtpx:hr>135</gpxtpx:hr></gpxtpx:TrackPointExtension></extensions></trkpt>
      <trkpt lat="50.679051" lon="-120.33609"><ele>348.4</ele><time>2026-06-17T03:48:09.000Z</time><extensions><gpxtpx:TrackPointExtension><gpxtpx:hr>135</gpxtpx:hr></gpxtpx:TrackPointExtension></extensions></trkpt>
      <trkpt lat="50.679063" lon="-120.336074"><ele>348.2</ele><time>2026-06-17T03:48:10.000Z</time><extensions><gpxtpx:TrackPointExtension><gpxtpx:hr>135</gpxtpx:hr></gpxtpx:TrackPointExtension></extensions></trkpt>
      <trkpt lat="50.679071" lon="-120.336058"><ele>348.2</ele><time>2026-06-17T03:48:11.000Z</time><extensions><gpxtpx:TrackPointExtension><gpxtpx:hr>135</gpxtpx:hr></gpxtpx:TrackPointExtension></extensions></trkpt>
      <trkpt lat="50.679075" lon="-120.336049"><ele>348.2</ele><time>2026-06-17T03:48:12.000Z</time><extensions><gpxtpx:TrackPointExtension><gpxtpx:hr>135</gpxtpx:hr></gpxtpx:TrackPointExtension></extensions></trkpt>
      <trkpt lat="50.679074" lon="-120.336048"><ele>348.2</ele><time>2026-06-17T03:48:13.000Z</time><extensions><gpxtpx:TrackPointExtension><gpxtpx:hr>135</gpxtpx:hr></gpxtpx:TrackPointExtension></extensions></trkpt>
      <trkpt lat="50.679057" lon="-120.336099"><ele>348.2</ele><time>2026-06-17T03:48:14.000Z</time><extensions><gpxtpx:TrackPointExtension><gpxtpx:hr>135</gpxtpx:hr></gpxtpx:TrackPointExtension></extensions></trkpt>
      <trkpt lat="50.679042" lon="-120.336148"><ele>348.2</ele><time>2026-06-17T03:48:22.000Z</time><extensions><gpxtpx:TrackPointExtension><gpxtpx:hr>135</gpxtpx:hr></gpxtpx:TrackPointExtension></extensions></trkpt>
      <trkpt lat="50.679026" lon="-120.336197"><ele>348.2</ele><time>2026-06-17T03:48:23.000Z</time><extensions><gpxtpx:TrackPointExtension><gpxtpx:hr>135</gpxtpx:hr></gpxtpx:TrackPointExtension></extensions></trkpt>
      <trkpt lat="50.679037" lon="-120.33628"><ele>348</ele><time>2026-06-17T03:48:24.000Z</time><extensions><gpxtpx:TrackPointExtension><gpxtpx:hr>135</gpxtpx:hr></gpxtpx:TrackPointExtension></extensions></trkpt>
      <trkpt lat="50.679043" lon="-120.336308"><ele>348</ele><time>2026-06-17T03:48:25.000Z</time><extensions><gpxtpx:TrackPointExtension><gpxtpx:hr>135</gpxtpx:hr></gpxtpx:TrackPointExtension></extensions></trkpt>
      <trkpt lat="50.679082" lon="-120.336384"><ele>348</ele><time>2026-06-17T03:48:26.000Z</time><extensions><gpxtpx:TrackPointExtension><gpxtpx:hr>140</gpxtpx:hr></gpxtpx:TrackPointExtension></extensions></trkpt>
      <trkpt lat="50.6791" lon="-120.33641"><ele>348</ele><time>2026-06-17T03:48:27.000Z</time><extensions><gpxtpx:TrackPointExtension><gpxtpx:hr>140</gpxtpx:hr></gpxtpx:TrackPointExtension></extensions></trkpt>
      <trkpt lat="50.679118" lon="-120.336435"><ele>348</ele><time>2026-06-17T03:48:28.000Z</time><extensions><gpxtpx:TrackPointExtension><gpxtpx:hr>140</gpxtpx:hr></gpxtpx:TrackPointExtension></extensions></trkpt>
      <trkpt lat="50.679151" lon="-120.336481"><ele>348</ele><time>2026-06-17T03:48:29.000Z</time><extensions><gpxtpx:TrackPointExtension><gpxtpx:hr>140</gpxtpx:hr></gpxtpx:TrackPointExtension></extensions></trkpt>
      <trkpt lat="50.67916" lon="-120.336502"><ele>348</ele><time>2026-06-17T03:48:30.000Z</time><extensions><gpxtpx:TrackPointExtension><gpxtpx:hr>140</gpxtpx:hr></gpxtpx:TrackPointExtension></extensions></trkpt>
      <trkpt lat="50.679169" lon="-120.336523"><ele>347.8</ele><time>2026-06-17T03:48:31.000Z</time><extensions><gpxtpx:TrackPointExtension><gpxtpx:hr>137</gpxtpx:hr></gpxtpx:TrackPointExtension></extensions></trkpt>
      <trkpt lat="50.679171" lon="-120.336598"><ele>347.8</ele><time>2026-06-17T03:48:32.000Z</time><extensions><gpxtpx:TrackPointExtension><gpxtpx:hr>137</gpxtpx:hr></gpxtpx:TrackPointExtension></extensions></trkpt>
      <trkpt lat="50.67917" lon="-120.336624"><ele>347.8</ele><time>2026-06-17T03:48:33.000Z</time><extensions><gpxtpx:TrackPointExtension><gpxtpx:hr>137</gpxtpx:hr></gpxtpx:TrackPointExtension></extensions></trkpt>
      <trkpt lat="50.679161" lon="-120.336716"><ele>347.8</ele><time>2026-06-17T03:48:34.000Z</time><extensions><gpxtpx:TrackPointExtension><gpxtpx:hr>137</gpxtpx:hr></gpxtpx:TrackPointExtension></extensions></trkpt>
      <trkpt lat="50.679158" lon="-120.336753"><ele>347.8</ele><time>2026-06-17T03:48:35.000Z</time><extensions><gpxtpx:TrackPointExtension><gpxtpx:hr>137</gpxtpx:hr></gpxtpx:TrackPointExtension></extensions></trkpt>
      <trkpt lat="50.679154" lon="-120.336791"><ele>347.6</ele><time>2026-06-17T03:48:36.000Z</time><extensions><gpxtpx:TrackPointExtension><gpxtpx:hr>140</gpxtpx:hr></gpxtpx:TrackPointExtension></extensions></trkpt>
      <trkpt lat="50.679149" lon="-120.336877"><ele>347.6</ele><time>2026-06-17T03:48:37.000Z</time><extensions><gpxtpx:TrackPointExtension><gpxtpx:hr>140</gpxtpx:hr></gpxtpx:TrackPointExtension></extensions></trkpt>
      <trkpt lat="50.679147" lon="-120.336904"><ele>347.6</ele><time>2026-06-17T03:48:38.000Z</time><extensions><gpxtpx:TrackPointExtension><gpxtpx:hr>140</gpxtpx:hr></gpxtpx:TrackPointExtension></extensions></trkpt>
      <trkpt lat="50.679134" lon="-120.336987"><ele>347.6</ele><time>2026-06-17T03:48:39.000Z</time><extensions><gpxtpx:TrackPointExtension><gpxtpx:hr>140</gpxtpx:hr></gpxtpx:TrackPointExtension></extensions></trkpt>
      <trkpt lat="50.679128" lon="-120.337018"><ele>347.6</ele><time>2026-06-17T03:48:40.000Z</time><extensions><gpxtpx:TrackPointExtension><gpxtpx:hr>140</gpxtpx:hr></gpxtpx:TrackPointExtension></extensions></trkpt>
      <trkpt lat="50.679121" lon="-120.337049"><ele>347.6</ele><time>2026-06-17T03:48:41.000Z</time><extensions><gpxtpx:TrackPointExtension><gpxtpx:hr>140</gpxtpx:hr></gpxtpx:TrackPointExtension></extensions></trkpt>
      <trkpt lat="50.679103" lon="-120.337127"><ele>347.6</ele><time>2026-06-17T03:48:42.000Z</time><extensions><gpxtpx:TrackPointExtension><gpxtpx:hr>144</gpxtpx:hr></gpxtpx:TrackPointExtension></extensions></trkpt>
      <trkpt lat="50.679097" lon="-120.337154"><ele>347.6</ele><time>2026-06-17T03:48:43.000Z</time><extensions><gpxtpx:TrackPointExtension><gpxtpx:hr>144</gpxtpx:hr></gpxtpx:TrackPointExtension></extensions></trkpt>
      <trkpt lat="50.679099" lon="-120.337255"><ele>347.6</ele><time>2026-06-17T03:48:44.000Z</time><extensions><gpxtpx:TrackPointExtension><gpxtpx:hr>144</gpxtpx:hr></gpxtpx:TrackPointExtension></extensions></trkpt>
      <trkpt lat="50.679105" lon="-120.337295"><ele>347.6</ele><time>2026-06-17T03:48:45.000Z</time><extensions><gpxtpx:TrackPointExtension><gpxtpx:hr>144</gpxtpx:hr></gpxtpx:TrackPointExtension></extensions></trkpt>
      <trkpt lat="50.679111" lon="-120.337336"><ele>347.6</ele><time>2026-06-17T03:48:46.000Z</time><extensions><gpxtpx:TrackPointExtension><gpxtpx:hr>147</gpxtpx:hr></gpxtpx:TrackPointExtension></extensions></trkpt>
      <trkpt lat="50.679136" lon="-120.337428"><ele>347.6</ele><time>2026-06-17T03:48:47.000Z</time><extensions><gpxtpx:TrackPointExtension><gpxtpx:hr>147</gpxtpx:hr></gpxtpx:TrackPointExtension></extensions></trkpt>
      <trkpt lat="50.679143" lon="-120.337458"><ele>347.6</ele><time>2026-06-17T03:48:48.000Z</time><extensions><gpxtpx:TrackPointExtension><gpxtpx:hr>147</gpxtpx:hr></gpxtpx:TrackPointExtension></extensions></trkpt>
      <trkpt lat="50.679159" lon="-120.337558"><ele>347.6</ele><time>2026-06-17T03:48:49.000Z</time><extensions><gpxtpx:TrackPointExtension><gpxtpx:hr>147</gpxtpx:hr></gpxtpx:TrackPointExtension></extensions></trkpt>
      <trkpt lat="50.67916" lon="-120.337597"><ele>347.6</ele><time>2026-06-17T03:48:50.000Z</time><extensions><gpxtpx:TrackPointExtension><gpxtpx:hr>147</gpxtpx:hr></gpxtpx:TrackPointExtension></extensions></trkpt>
      <trkpt lat="50.679162" lon="-120.337636"><ele>347.6</ele><time>2026-06-17T03:48:51.000Z</time><extensions><gpxtpx:TrackPointExtension><gpxtpx:hr>147</gpxtpx:hr></gpxtpx:TrackPointExtension></extensions></trkpt>
      <trkpt lat="50.679161" lon="-120.337721"><ele>347.6</ele><time>2026-06-17T03:48:52.000Z</time><extensions><gpxtpx:TrackPointExtension><gpxtpx:hr>147</gpxtpx:hr></gpxtpx:TrackPointExtension></extensions></trkpt>
      <trkpt lat="50.679159" lon="-120.337749"><ele>347.6</ele><time>2026-06-17T03:48:53.000Z</time><extensions><gpxtpx:TrackPointExtension><gpxtpx:hr>147</gpxtpx:hr></gpxtpx:TrackPointExtension></extensions></trkpt>
      <trkpt lat="50.679154" lon="-120.337841"><ele>347.6</ele><time>2026-06-17T03:48:54.000Z</time><extensions><gpxtpx:TrackPointExtension><gpxtpx:hr>147</gpxtpx:hr></gpxtpx:TrackPointExtension></extensions></trkpt>
      <trkpt lat="50.679153" lon="-120.337878"><ele>347.6</ele><time>2026-06-17T03:48:55.000Z</time><extensions><gpxtpx:TrackPointExtension><gpxtpx:hr>152</gpxtpx:hr></gpxtpx:TrackPointExtension></extensions></trkpt>
      <trkpt lat="50.679151" lon="-120.337914"><ele>347.6</ele><time>2026-06-17T03:48:56.000Z</time><extensions><gpxtpx:TrackPointExtension><gpxtpx:hr>152</gpxtpx:hr></gpxtpx:TrackPointExtension></extensions></trkpt>
      <trkpt lat="50.679147" lon="-120.338005"><ele>347.6</ele><time>2026-06-17T03:48:57.000Z</time><extensions><gpxtpx:TrackPointExtension><gpxtpx:hr>152</gpxtpx:hr></gpxtpx:TrackPointExtension></extensions></trkpt>
      <trkpt lat="50.679146" lon="-120.338041"><ele>347.6</ele><time>2026-06-17T03:48:58.000Z</time><extensions><gpxtpx:TrackPointExtension><gpxtpx:hr>152</gpxtpx:hr></gpxtpx:TrackPointExtension></extensions></trkpt>
      <trkpt lat="50.679145" lon="-120.338078"><ele>347.6</ele><time>2026-06-17T03:48:59.000Z</time><extensions><gpxtpx:TrackPointExtension><gpxtpx:hr>152</gpxtpx:hr></gpxtpx:TrackPointExtension></extensions></trkpt>
      <trkpt lat="50.679143" lon="-120.338158"><ele>347.6</ele><time>2026-06-17T03:49:00.000Z</time><extensions><gpxtpx:TrackPointExtension><gpxtpx:hr>152</gpxtpx:hr></gpxtpx:TrackPointExtension></extensions></trkpt>
      <trkpt lat="50.679142" lon="-120.33818"><ele>347.6</ele><time>2026-06-17T03:49:01.000Z</time><extensions><gpxtpx:TrackPointExtension><gpxtpx:hr>152</gpxtpx:hr></gpxtpx:TrackPointExtension></extensions></trkpt>
      <trkpt lat="50.67914" lon="-120.33824"><ele>347.6</ele><time>2026-06-17T03:49:02.000Z</time><extensions><gpxtpx:TrackPointExtension><gpxtpx:hr>152</gpxtpx:hr></gpxtpx:TrackPointExtension></extensions></trkpt>
      <trkpt lat="50.67914" lon="-120.338254"><ele>347.6</ele><time>2026-06-17T03:49:03.000Z</time><extensions><gpxtpx:TrackPointExtension><gpxtpx:hr>152</gpxtpx:hr></gpxtpx:TrackPointExtension></extensions></trkpt>
      <trkpt lat="50.679141" lon="-120.338269"><ele>347.8</ele><time>2026-06-17T03:49:04.000Z</time><extensions><gpxtpx:TrackPointExtension><gpxtpx:hr>152</gpxtpx:hr></gpxtpx:TrackPointExtension></extensions></trkpt>
      <trkpt lat="50.679137" lon="-120.338318"><ele>347.8</ele><time>2026-06-17T03:49:05.000Z</time><extensions><gpxtpx:TrackPointExtension><gpxtpx:hr>152</gpxtpx:hr></gpxtpx:TrackPointExtension></extensions></trkpt>
      <trkpt lat="50.679129" lon="-120.338361"><ele>347.8</ele><time>2026-06-17T03:49:11.000Z</time><extensions><gpxtpx:TrackPointExtension><gpxtpx:hr>152</gpxtpx:hr></gpxtpx:TrackPointExtension></extensions></trkpt>
      <trkpt lat="50.679122" lon="-120.338403"><ele>347.8</ele><time>2026-06-17T03:49:12.000Z</time><extensions><gpxtpx:TrackPointExtension><gpxtpx:hr>152</gpxtpx:hr></gpxtpx:TrackPointExtension></extensions></trkpt>
      <trkpt lat="50.679114" lon="-120.338446"><ele>347.8</ele><time>2026-06-17T03:49:13.000Z</time><extensions><gpxtpx:TrackPointExtension><gpxtpx:hr>152</gpxtpx:hr></gpxtpx:TrackPointExtension></extensions></trkpt>
      <trkpt lat="50.679106" lon="-120.338489"><ele>347.8</ele><time>2026-06-17T03:49:14.000Z</time><extensions><gpxtpx:TrackPointExtension><gpxtpx:hr>151</gpxtpx:hr></gpxtpx:TrackPointExtension></extensions></trkpt>
      <trkpt lat="50.679084" lon="-120.338571"><ele>347.8</ele><time>2026-06-17T03:49:15.000Z</time><extensions><gpxtpx:TrackPointExtension><gpxtpx:hr>151</gpxtpx:hr></gpxtpx:TrackPointExtension></extensions></trkpt>
      <trkpt lat="50.679077" lon="-120.3386"><ele>347.6</ele><time>2026-06-17T03:49:16.000Z</time><extensions><gpxtpx:TrackPointExtension><gpxtpx:hr>151</gpxtpx:hr></gpxtpx:TrackPointExtension></extensions></trkpt>
      <trkpt lat="50.679066" lon="-120.338689"><ele>347.6</ele><time>2026-06-17T03:49:17.000Z</time><extensions><gpxtpx:TrackPointExtension><gpxtpx:hr>151</gpxtpx:hr></gpxtpx:TrackPointExtension></extensions></trkpt>
      <trkpt lat="50.679068" lon="-120.33872"><ele>347.6</ele><time>2026-06-17T03:49:18.000Z</time><extensions><gpxtpx:TrackPointExtension><gpxtpx:hr>151</gpxtpx:hr></gpxtpx:TrackPointExtension></extensions></trkpt>
      <trkpt lat="50.679071" lon="-120.338752"><ele>347.6</ele><time>2026-06-17T03:49:19.000Z</time><extensions><gpxtpx:TrackPointExtension><gpxtpx:hr>151</gpxtpx:hr></gpxtpx:TrackPointExtension></extensions></trkpt>
      <trkpt lat="50.679113" lon="-120.338794"><ele>347.6</ele><time>2026-06-17T03:49:20.000Z</time><extensions><gpxtpx:TrackPointExtension><gpxtpx:hr>151</gpxtpx:hr></gpxtpx:TrackPointExtension></extensions></trkpt>
      <trkpt lat="50.679129" lon="-120.338804"><ele>347.4</ele><time>2026-06-17T03:49:21.000Z</time><extensions><gpxtpx:TrackPointExtension><gpxtpx:hr>150</gpxtpx:hr></gpxtpx:TrackPointExtension></extensions></trkpt>
      <trkpt lat="50.679188" lon="-120.33881"><ele>347.4</ele><time>2026-06-17T03:49:22.000Z</time><extensions><gpxtpx:TrackPointExtension><gpxtpx:hr>150</gpxtpx:hr></gpxtpx:TrackPointExtension></extensions></trkpt>
      <trkpt lat="50.67921" lon="-120.338808"><ele>347.4</ele><time>2026-06-17T03:49:23.000Z</time><extensions><gpxtpx:TrackPointExtension><gpxtpx:hr>150</gpxtpx:hr></gpxtpx:TrackPointExtension></extensions></trkpt>
      <trkpt lat="50.679233" lon="-120.338806"><ele>347.4</ele><time>2026-06-17T03:49:24.000Z</time><extensions><gpxtpx:TrackPointExtension><gpxtpx:hr>150</gpxtpx:hr></gpxtpx:TrackPointExtension></extensions></trkpt>
      <trkpt lat="50.679284" lon="-120.338802"><ele>347.4</ele><time>2026-06-17T03:49:25.000Z</time><extensions><gpxtpx:TrackPointExtension><gpxtpx:hr>150</gpxtpx:hr></gpxtpx:TrackPointExtension></extensions></trkpt>
      <trkpt lat="50.679304" lon="-120.338803"><ele>347.2</ele><time>2026-06-17T03:49:26.000Z</time><extensions><gpxtpx:TrackPointExtension><gpxtpx:hr>150</gpxtpx:hr></gpxtpx:TrackPointExtension></extensions></trkpt>
      <trkpt lat="50.679324" lon="-120.338803"><ele>347.2</ele><time>2026-06-17T03:49:27.000Z</time><extensions><gpxtpx:TrackPointExtension><gpxtpx:hr>150</gpxtpx:hr></gpxtpx:TrackPointExtension></extensions></trkpt>
      <trkpt lat="50.679362" lon="-120.33881"><ele>347.2</ele><time>2026-06-17T03:49:28.000Z</time><extensions><gpxtpx:TrackPointExtension><gpxtpx:hr>150</gpxtpx:hr></gpxtpx:TrackPointExtension></extensions></trkpt>
      <trkpt lat="50.679373" lon="-120.338814"><ele>347.2</ele><time>2026-06-17T03:49:29.000Z</time><extensions><gpxtpx:TrackPointExtension><gpxtpx:hr>150</gpxtpx:hr></gpxtpx:TrackPointExtension></extensions></trkpt>
      <trkpt lat="50.679407" lon="-120.338826"><ele>347.2</ele><time>2026-06-17T03:49:30.000Z</time><extensions><gpxtpx:TrackPointExtension><gpxtpx:hr>150</gpxtpx:hr></gpxtpx:TrackPointExtension></extensions></trkpt>
      <trkpt lat="50.679418" lon="-120.338831"><ele>347</ele><time>2026-06-17T03:49:31.000Z</time><extensions><gpxtpx:TrackPointExtension><gpxtpx:hr>152</gpxtpx:hr></gpxtpx:TrackPointExtension></extensions></trkpt>
      <trkpt lat="50.67943" lon="-120.338835"><ele>347</ele><time>2026-06-17T03:49:32.000Z</time><extensions><gpxtpx:TrackPointExtension><gpxtpx:hr>152</gpxtpx:hr></gpxtpx:TrackPointExtension></extensions></trkpt>
      <trkpt lat="50.67944" lon="-120.338843"><ele>347</ele><time>2026-06-17T03:49:33.000Z</time><extensions><gpxtpx:TrackPointExtension><gpxtpx:hr>152</gpxtpx:hr></gpxtpx:TrackPointExtension></extensions></trkpt>
      <trkpt lat="50.679444" lon="-120.33885"><ele>347</ele><time>2026-06-17T03:49:34.000Z</time><extensions><gpxtpx:TrackPointExtension><gpxtpx:hr>152</gpxtpx:hr></gpxtpx:TrackPointExtension></extensions></trkpt>
      <trkpt lat="50.679432" lon="-120.338844"><ele>347</ele><time>2026-06-17T03:49:35.000Z</time><extensions><gpxtpx:TrackPointExtension><gpxtpx:hr>152</gpxtpx:hr></gpxtpx:TrackPointExtension></extensions></trkpt>
      <trkpt lat="50.679419" lon="-120.33883"><ele>347</ele><time>2026-06-17T03:49:36.000Z</time><extensions><gpxtpx:TrackPointExtension><gpxtpx:hr>152</gpxtpx:hr></gpxtpx:TrackPointExtension></extensions></trkpt>
      <trkpt lat="50.679406" lon="-120.338817"><ele>347</ele><time>2026-06-17T03:49:37.000Z</time><extensions><gpxtpx:TrackPointExtension><gpxtpx:hr>152</gpxtpx:hr></gpxtpx:TrackPointExtension></extensions></trkpt>
      <trkpt lat="50.679393" lon="-120.338803"><ele>347</ele><time>2026-06-17T03:49:44.000Z</time><extensions><gpxtpx:TrackPointExtension><gpxtpx:hr>152</gpxtpx:hr></gpxtpx:TrackPointExtension></extensions></trkpt>
      <trkpt lat="50.67938" lon="-120.33879"><ele>347</ele><time>2026-06-17T03:49:45.000Z</time><extensions><gpxtpx:TrackPointExtension><gpxtpx:hr>145</gpxtpx:hr></gpxtpx:TrackPointExtension></extensions></trkpt>
      <trkpt lat="50.679367" lon="-120.338776"><ele>346.8</ele><time>2026-06-17T03:49:46.000Z</time><extensions><gpxtpx:TrackPointExtension><gpxtpx:hr>145</gpxtpx:hr></gpxtpx:TrackPointExtension></extensions></trkpt>
      <trkpt lat="50.679354" lon="-120.338763"><ele>346.8</ele><time>2026-06-17T03:49:47.000Z</time><extensions><gpxtpx:TrackPointExtension><gpxtpx:hr>145</gpxtpx:hr></gpxtpx:TrackPointExtension></extensions></trkpt>
      <trkpt lat="50.679316" lon="-120.338763"><ele>346.8</ele><time>2026-06-17T03:49:48.000Z</time><extensions><gpxtpx:TrackPointExtension><gpxtpx:hr>145</gpxtpx:hr></gpxtpx:TrackPointExtension></extensions></trkpt>
      <trkpt lat="50.679304" lon="-120.338765"><ele>346.8</ele><time>2026-06-17T03:49:49.000Z</time><extensions><gpxtpx:TrackPointExtension><gpxtpx:hr>145</gpxtpx:hr></gpxtpx:TrackPointExtension></extensions></trkpt>
      <trkpt lat="50.679291" lon="-120.338766"><ele>346.8</ele><time>2026-06-17T03:49:50.000Z</time><extensions><gpxtpx:TrackPointExtension><gpxtpx:hr>145</gpxtpx:hr></gpxtpx:TrackPointExtension></extensions></trkpt>
      <trkpt lat="50.679261" lon="-120.338771"><ele>346.8</ele><time>2026-06-17T03:49:51.000Z</time><extensions><gpxtpx:TrackPointExtension><gpxtpx:hr>145</gpxtpx:hr></gpxtpx:TrackPointExtension></extensions></trkpt>
      <trkpt lat="50.679251" lon="-120.338772"><ele>346.8</ele><time>2026-06-17T03:49:52.000Z</time><extensions><gpxtpx:TrackPointExtension><gpxtpx:hr>145</gpxtpx:hr></gpxtpx:TrackPointExtension></extensions></trkpt>
      <trkpt lat="50.679213" lon="-120.338793"><ele>346.8</ele><time>2026-06-17T03:49:53.000Z</time><extensions><gpxtpx:TrackPointExtension><gpxtpx:hr>145</gpxtpx:hr></gpxtpx:TrackPointExtension></extensions></trkpt>
      <trkpt lat="50.679196" lon="-120.338806"><ele>346.8</ele><time>2026-06-17T03:49:54.000Z</time><extensions><gpxtpx:TrackPointExtension><gpxtpx:hr>145</gpxtpx:hr></gpxtpx:TrackPointExtension></extensions></trkpt>
      <trkpt lat="50.67918" lon="-120.33882"><ele>346.8</ele><time>2026-06-17T03:49:55.000Z</time><extensions><gpxtpx:TrackPointExtension><gpxtpx:hr>141</gpxtpx:hr></gpxtpx:TrackPointExtension></extensions></trkpt>
      <trkpt lat="50.679155" lon="-120.338855"><ele>347</ele><time>2026-06-17T03:49:56.000Z</time><extensions><gpxtpx:TrackPointExtension><gpxtpx:hr>141</gpxtpx:hr></gpxtpx:TrackPointExtension></extensions></trkpt>
      <trkpt lat="50.679154" lon="-120.338865"><ele>347</ele><time>2026-06-17T03:49:57.000Z</time><extensions><gpxtpx:TrackPointExtension><gpxtpx:hr>141</gpxtpx:hr></gpxtpx:TrackPointExtension></extensions></trkpt>
      <trkpt lat="50.679143" lon="-120.338877"><ele>347</ele><time>2026-06-17T03:49:58.000Z</time><extensions><gpxtpx:TrackPointExtension><gpxtpx:hr>141</gpxtpx:hr></gpxtpx:TrackPointExtension></extensions></trkpt>
      <trkpt lat="50.679124" lon="-120.338883"><ele>347</ele><time>2026-06-17T03:49:59.000Z</time><extensions><gpxtpx:TrackPointExtension><gpxtpx:hr>141</gpxtpx:hr></gpxtpx:TrackPointExtension></extensions></trkpt>
      <trkpt lat="50.679105" lon="-120.338888"><ele>347</ele><time>2026-06-17T03:50:00.000Z</time><extensions><gpxtpx:TrackPointExtension><gpxtpx:hr>141</gpxtpx:hr></gpxtpx:TrackPointExtension></extensions></trkpt>
      <trkpt lat="50.679085" lon="-120.338893"><ele>347</ele><time>2026-06-17T03:50:01.000Z</time><extensions><gpxtpx:TrackPointExtension><gpxtpx:hr>141</gpxtpx:hr></gpxtpx:TrackPointExtension></extensions></trkpt>
      <trkpt lat="50.679066" lon="-120.338899"><ele>346.8</ele><time>2026-06-17T03:50:09.000Z</time><extensions><gpxtpx:TrackPointExtension><gpxtpx:hr>141</gpxtpx:hr></gpxtpx:TrackPointExtension></extensions></trkpt>
      <trkpt lat="50.679047" lon="-120.338904"><ele>347</ele><time>2026-06-17T03:50:10.000Z</time><extensions><gpxtpx:TrackPointExtension><gpxtpx:hr>141</gpxtpx:hr></gpxtpx:TrackPointExtension></extensions></trkpt>
      <trkpt lat="50.678995" lon="-120.338949"><ele>347</ele><time>2026-06-17T03:50:11.000Z</time><extensions><gpxtpx:TrackPointExtension><gpxtpx:hr>141</gpxtpx:hr></gpxtpx:TrackPointExtension></extensions></trkpt>
      <trkpt lat="50.678979" lon="-120.338966"><ele>347</ele><time>2026-06-17T03:50:12.000Z</time><extensions><gpxtpx:TrackPointExtension><gpxtpx:hr>141</gpxtpx:hr></gpxtpx:TrackPointExtension></extensions></trkpt>
      <trkpt lat="50.678934" lon="-120.339031"><ele>347.2</ele><time>2026-06-17T03:50:13.000Z</time><extensions><gpxtpx:TrackPointExtension><gpxtpx:hr>141</gpxtpx:hr></gpxtpx:TrackPointExtension></extensions></trkpt>
      <trkpt lat="50.678921" lon="-120.33906"><ele>347.2</ele><time>2026-06-17T03:50:14.000Z</time><extensions><gpxtpx:TrackPointExtension><gpxtpx:hr>141</gpxtpx:hr></gpxtpx:TrackPointExtension></extensions></trkpt>
      <trkpt lat="50.678907" lon="-120.33909"><ele>347.2</ele><time>2026-06-17T03:50:15.000Z</time><extensions><gpxtpx:TrackPointExtension><gpxtpx:hr>141</gpxtpx:hr></gpxtpx:TrackPointExtension></extensions></trkpt>
      <trkpt lat="50.678887" lon="-120.339174"><ele>347.4</ele><time>2026-06-17T03:50:16.000Z</time><extensions><gpxtpx:TrackPointExtension><gpxtpx:hr>141</gpxtpx:hr></gpxtpx:TrackPointExtension></extensions></trkpt>
      <trkpt lat="50.67888" lon="-120.339209"><ele>347.4</ele><time>2026-06-17T03:50:17.000Z</time><extensions><gpxtpx:TrackPointExtension><gpxtpx:hr>141</gpxtpx:hr></gpxtpx:TrackPointExtension></extensions></trkpt>
      <trkpt lat="50.678874" lon="-120.339244"><ele>347.4</ele><time>2026-06-17T03:50:18.000Z</time><extensions><gpxtpx:TrackPointExtension><gpxtpx:hr>141</gpxtpx:hr></gpxtpx:TrackPointExtension></extensions></trkpt>
      <trkpt lat="50.678862" lon="-120.339332"><ele>347.4</ele><time>2026-06-17T03:50:19.000Z</time><extensions><gpxtpx:TrackPointExtension><gpxtpx:hr>141</gpxtpx:hr></gpxtpx:TrackPointExtension></extensions></trkpt>
      <trkpt lat="50.678857" lon="-120.339361"><ele>347.6</ele><time>2026-06-17T03:50:20.000Z</time><extensions><gpxtpx:TrackPointExtension><gpxtpx:hr>141</gpxtpx:hr></gpxtpx:TrackPointExtension></extensions></trkpt>
      <trkpt lat="50.678842" lon="-120.339456"><ele>347.6</ele><time>2026-06-17T03:50:21.000Z</time><extensions><gpxtpx:TrackPointExtension><gpxtpx:hr>142</gpxtpx:hr></gpxtpx:TrackPointExtension></extensions></trkpt>
      <trkpt lat="50.678837" lon="-120.339493"><ele>347.6</ele><time>2026-06-17T03:50:22.000Z</time><extensions><gpxtpx:TrackPointExtension><gpxtpx:hr>142</gpxtpx:hr></gpxtpx:TrackPointExtension></extensions></trkpt>
      <trkpt lat="50.678831" lon="-120.339531"><ele>347.6</ele><time>2026-06-17T03:50:23.000Z</time><extensions><gpxtpx:TrackPointExtension><gpxtpx:hr>142</gpxtpx:hr></gpxtpx:TrackPointExtension></extensions></trkpt>
      <trkpt lat="50.678822" lon="-120.339619"><ele>347.6</ele><time>2026-06-17T03:50:24.000Z</time><extensions><gpxtpx:TrackPointExtension><gpxtpx:hr>142</gpxtpx:hr></gpxtpx:TrackPointExtension></extensions></trkpt>
      <trkpt lat="50.678819" lon="-120.339648"><ele>347.6</ele><time>2026-06-17T03:50:25.000Z</time><extensions><gpxtpx:TrackPointExtension><gpxtpx:hr>142</gpxtpx:hr></gpxtpx:TrackPointExtension></extensions></trkpt>
      <trkpt lat="50.678805" lon="-120.339738"><ele>347.6</ele><time>2026-06-17T03:50:26.000Z</time><extensions><gpxtpx:TrackPointExtension><gpxtpx:hr>142</gpxtpx:hr></gpxtpx:TrackPointExtension></extensions></trkpt>
      <trkpt lat="50.678799" lon="-120.339771"><ele>347.6</ele><time>2026-06-17T03:50:27.000Z</time><extensions><gpxtpx:TrackPointExtension><gpxtpx:hr>142</gpxtpx:hr></gpxtpx:TrackPointExtension></extensions></trkpt>
      <trkpt lat="50.678792" lon="-120.339805"><ele>347.6</ele><time>2026-06-17T03:50:28.000Z</time><extensions><gpxtpx:TrackPointExtension><gpxtpx:hr>142</gpxtpx:hr></gpxtpx:TrackPointExtension></extensions></trkpt>
      <trkpt lat="50.678775" lon="-120.33988"><ele>347.6</ele><time>2026-06-17T03:50:29.000Z</time><extensions><gpxtpx:TrackPointExtension><gpxtpx:hr>148</gpxtpx:hr></gpxtpx:TrackPointExtension></extensions></trkpt>
      <trkpt lat="50.678769" lon="-120.339905"><ele>347.6</ele><time>2026-06-17T03:50:30.000Z</time><extensions><gpxtpx:TrackPointExtension><gpxtpx:hr>148</gpxtpx:hr></gpxtpx:TrackPointExtension></extensions></trkpt>
      <trkpt lat="50.678749" lon="-120.339994"><ele>347.6</ele><time>2026-06-17T03:50:31.000Z</time><extensions><gpxtpx:TrackPointExtension><gpxtpx:hr>148</gpxtpx:hr></gpxtpx:TrackPointExtension></extensions></trkpt>
      <trkpt lat="50.678742" lon="-120.34003"><ele>347.6</ele><time>2026-06-17T03:50:32.000Z</time><extensions><gpxtpx:TrackPointExtension><gpxtpx:hr>148</gpxtpx:hr></gpxtpx:TrackPointExtension></extensions></trkpt>
      <trkpt lat="50.678734" lon="-120.340066"><ele>347.6</ele><time>2026-06-17T03:50:33.000Z</time><extensions><gpxtpx:TrackPointExtension><gpxtpx:hr>148</gpxtpx:hr></gpxtpx:TrackPointExtension></extensions></trkpt>
      <trkpt lat="50.67872" lon="-120.340145"><ele>347.6</ele><time>2026-06-17T03:50:34.000Z</time><extensions><gpxtpx:TrackPointExtension><gpxtpx:hr>150</gpxtpx:hr></gpxtpx:TrackPointExtension></extensions></trkpt>
      <trkpt lat="50.678715" lon="-120.340171"><ele>347.6</ele><time>2026-06-17T03:50:35.000Z</time><extensions><gpxtpx:TrackPointExtension><gpxtpx:hr>150</gpxtpx:hr></gpxtpx:TrackPointExtension></extensions></trkpt>
      <trkpt lat="50.678699" lon="-120.340256"><ele>347.6</ele><time>2026-06-17T03:50:36.000Z</time><extensions><gpxtpx:TrackPointExtension><gpxtpx:hr>150</gpxtpx:hr></gpxtpx:TrackPointExtension></extensions></trkpt>
      <trkpt lat="50.678693" lon="-120.34029"><ele>347.6</ele><time>2026-06-17T03:50:37.000Z</time><extensions><gpxtpx:TrackPointExtension><gpxtpx:hr>150</gpxtpx:hr></gpxtpx:TrackPointExtension></extensions></trkpt>
      <trkpt lat="50.678687" lon="-120.340325"><ele>347.6</ele><time>2026-06-17T03:50:38.000Z</time><extensions><gpxtpx:TrackPointExtension><gpxtpx:hr>150</gpxtpx:hr></gpxtpx:TrackPointExtension></extensions></trkpt>
      <trkpt lat="50.678671" lon="-120.340408"><ele>347.6</ele><time>2026-06-17T03:50:39.000Z</time><extensions><gpxtpx:TrackPointExtension><gpxtpx:hr>150</gpxtpx:hr></gpxtpx:TrackPointExtension></extensions></trkpt>
      <trkpt lat="50.678665" lon="-120.340437"><ele>347.6</ele><time>2026-06-17T03:50:40.000Z</time><extensions><gpxtpx:TrackPointExtension><gpxtpx:hr>154</gpxtpx:hr></gpxtpx:TrackPointExtension></extensions></trkpt>
      <trkpt lat="50.678643" lon="-120.340535"><ele>347.6</ele><time>2026-06-17T03:50:41.000Z</time><extensions><gpxtpx:TrackPointExtension><gpxtpx:hr>154</gpxtpx:hr></gpxtpx:TrackPointExtension></extensions></trkpt>
      <trkpt lat="50.678635" lon="-120.340575"><ele>347.6</ele><time>2026-06-17T03:50:42.000Z</time><extensions><gpxtpx:TrackPointExtension><gpxtpx:hr>154</gpxtpx:hr></gpxtpx:TrackPointExtension></extensions></trkpt>
      <trkpt lat="50.678626" lon="-120.340616"><ele>347.6</ele><time>2026-06-17T03:50:43.000Z</time><extensions><gpxtpx:TrackPointExtension><gpxtpx:hr>154</gpxtpx:hr></gpxtpx:TrackPointExtension></extensions></trkpt>
      <trkpt lat="50.6786" lon="-120.340711"><ele>347.6</ele><time>2026-06-17T03:50:44.000Z</time><extensions><gpxtpx:TrackPointExtension><gpxtpx:hr>154</gpxtpx:hr></gpxtpx:TrackPointExtension></extensions></trkpt>
      <trkpt lat="50.678587" lon="-120.340746"><ele>347.6</ele><time>2026-06-17T03:50:45.000Z</time><extensions><gpxtpx:TrackPointExtension><gpxtpx:hr>154</gpxtpx:hr></gpxtpx:TrackPointExtension></extensions></trkpt>
      <trkpt lat="50.678575" lon="-120.340782"><ele>347.6</ele><time>2026-06-17T03:50:46.000Z</time><extensions><gpxtpx:TrackPointExtension><gpxtpx:hr>155</gpxtpx:hr></gpxtpx:TrackPointExtension></extensions></trkpt>
      <trkpt lat="50.678543" lon="-120.340858"><ele>347.6</ele><time>2026-06-17T03:50:47.000Z</time><extensions><gpxtpx:TrackPointExtension><gpxtpx:hr>155</gpxtpx:hr></gpxtpx:TrackPointExtension></extensions></trkpt>
      <trkpt lat="50.678532" lon="-120.340884"><ele>347.6</ele><time>2026-06-17T03:50:48.000Z</time><extensions><gpxtpx:TrackPointExtension><gpxtpx:hr>155</gpxtpx:hr></gpxtpx:TrackPointExtension></extensions></trkpt>
      <trkpt lat="50.678497" lon="-120.340965"><ele>347.6</ele><time>2026-06-17T03:50:49.000Z</time><extensions><gpxtpx:TrackPointExtension><gpxtpx:hr>155</gpxtpx:hr></gpxtpx:TrackPointExtension></extensions></trkpt>
      <trkpt lat="50.678485" lon="-120.340996"><ele>347.6</ele><time>2026-06-17T03:50:50.000Z</time><extensions><gpxtpx:TrackPointExtension><gpxtpx:hr>155</gpxtpx:hr></gpxtpx:TrackPointExtension></extensions></trkpt>
      <trkpt lat="50.678473" lon="-120.341028"><ele>347.6</ele><time>2026-06-17T03:50:51.000Z</time><extensions><gpxtpx:TrackPointExtension><gpxtpx:hr>156</gpxtpx:hr></gpxtpx:TrackPointExtension></extensions></trkpt>
      <trkpt lat="50.678451" lon="-120.341095"><ele>347.6</ele><time>2026-06-17T03:50:52.000Z</time><extensions><gpxtpx:TrackPointExtension><gpxtpx:hr>156</gpxtpx:hr></gpxtpx:TrackPointExtension></extensions></trkpt>
      <trkpt lat="50.678445" lon="-120.341118"><ele>347.6</ele><time>2026-06-17T03:50:53.000Z</time><extensions><gpxtpx:TrackPointExtension><gpxtpx:hr>156</gpxtpx:hr></gpxtpx:TrackPointExtension></extensions></trkpt>
      <trkpt lat="50.67844" lon="-120.341212"><ele>347.6</ele><time>2026-06-17T03:50:54.000Z</time><extensions><gpxtpx:TrackPointExtension><gpxtpx:hr>156</gpxtpx:hr></gpxtpx:TrackPointExtension></extensions></trkpt>
      <trkpt lat="50.678442" lon="-120.341253"><ele>347.6</ele><time>2026-06-17T03:50:55.000Z</time><extensions><gpxtpx:TrackPointExtension><gpxtpx:hr>156</gpxtpx:hr></gpxtpx:TrackPointExtension></extensions></trkpt>
      <trkpt lat="50.678443" lon="-120.341294"><ele>347.6</ele><time>2026-06-17T03:50:56.000Z</time><extensions><gpxtpx:TrackPointExtension><gpxtpx:hr>156</gpxtpx:hr></gpxtpx:TrackPointExtension></extensions></trkpt>
      <trkpt lat="50.678428" lon="-120.341382"><ele>347.6</ele><time>2026-06-17T03:50:57.000Z</time><extensions><gpxtpx:TrackPointExtension><gpxtpx:hr>158</gpxtpx:hr></gpxtpx:TrackPointExtension></extensions></trkpt>
      <trkpt lat="50.678419" lon="-120.341408"><ele>347.6</ele><time>2026-06-17T03:50:58.000Z</time><extensions><gpxtpx:TrackPointExtension><gpxtpx:hr>158</gpxtpx:hr></gpxtpx:TrackPointExtension></extensions></trkpt>
      <trkpt lat="50.678377" lon="-120.341485"><ele>347.6</ele><time>2026-06-17T03:50:59.000Z</time><extensions><gpxtpx:TrackPointExtension><gpxtpx:hr>158</gpxtpx:hr></gpxtpx:TrackPointExtension></extensions></trkpt>
      <trkpt lat="50.678354" lon="-120.341509"><ele>347.6</ele><time>2026-06-17T03:51:00.000Z</time><extensions><gpxtpx:TrackPointExtension><gpxtpx:hr>158</gpxtpx:hr></gpxtpx:TrackPointExtension></extensions></trkpt>
      <trkpt lat="50.678332" lon="-120.341534"><ele>347.6</ele><time>2026-06-17T03:51:01.000Z</time><extensions><gpxtpx:TrackPointExtension><gpxtpx:hr>158</gpxtpx:hr></gpxtpx:TrackPointExtension></extensions></trkpt>
      <trkpt lat="50.678283" lon="-120.341584"><ele>347.6</ele><time>2026-06-17T03:51:02.000Z</time><extensions><gpxtpx:TrackPointExtension><gpxtpx:hr>158</gpxtpx:hr></gpxtpx:TrackPointExtension></extensions></trkpt>
      <trkpt lat="50.678269" lon="-120.3416"><ele>347.6</ele><time>2026-06-17T03:51:03.000Z</time><extensions><gpxtpx:TrackPointExtension><gpxtpx:hr>158</gpxtpx:hr></gpxtpx:TrackPointExtension></extensions></trkpt>
      <trkpt lat="50.678233" lon="-120.341651"><ele>347.6</ele><time>2026-06-17T03:51:04.000Z</time><extensions><gpxtpx:TrackPointExtension><gpxtpx:hr>158</gpxtpx:hr></gpxtpx:TrackPointExtension></extensions></trkpt>
      <trkpt lat="50.678221" lon="-120.341668"><ele>347.6</ele><time>2026-06-17T03:51:05.000Z</time><extensions><gpxtpx:TrackPointExtension><gpxtpx:hr>158</gpxtpx:hr></gpxtpx:TrackPointExtension></extensions></trkpt>
      <trkpt lat="50.678208" lon="-120.341685"><ele>347.6</ele><time>2026-06-17T03:51:06.000Z</time><extensions><gpxtpx:TrackPointExtension><gpxtpx:hr>158</gpxtpx:hr></gpxtpx:TrackPointExtension></extensions></trkpt>
      <trkpt lat="50.678175" lon="-120.341697"><ele>347.6</ele><time>2026-06-17T03:51:07.000Z</time><extensions><gpxtpx:TrackPointExtension><gpxtpx:hr>158</gpxtpx:hr></gpxtpx:TrackPointExtension></extensions></trkpt>
      <trkpt lat="50.678161" lon="-120.341697"><ele>347.6</ele><time>2026-06-17T03:51:08.000Z</time><extensions><gpxtpx:TrackPointExtension><gpxtpx:hr>158</gpxtpx:hr></gpxtpx:TrackPointExtension></extensions></trkpt>
      <trkpt lat="50.678148" lon="-120.341698"><ele>347.6</ele><time>2026-06-17T03:51:09.000Z</time><extensions><gpxtpx:TrackPointExtension><gpxtpx:hr>158</gpxtpx:hr></gpxtpx:TrackPointExtension></extensions></trkpt>
      <trkpt lat="50.678145" lon="-120.341706"><ele>347.6</ele><time>2026-06-17T03:51:10.000Z</time><extensions><gpxtpx:TrackPointExtension><gpxtpx:hr>158</gpxtpx:hr></gpxtpx:TrackPointExtension></extensions></trkpt>
      <trkpt lat="50.678147" lon="-120.341712"><ele>347.8</ele><time>2026-06-17T03:51:11.000Z</time><extensions><gpxtpx:TrackPointExtension><gpxtpx:hr>158</gpxtpx:hr></gpxtpx:TrackPointExtension></extensions></trkpt>
      <trkpt lat="50.678157" lon="-120.341771"><ele>347.8</ele><time>2026-06-17T03:51:12.000Z</time><extensions><gpxtpx:TrackPointExtension><gpxtpx:hr>158</gpxtpx:hr></gpxtpx:TrackPointExtension></extensions></trkpt>
      <trkpt lat="50.678159" lon="-120.341808"><ele>347.8</ele><time>2026-06-17T03:51:13.000Z</time><extensions><gpxtpx:TrackPointExtension><gpxtpx:hr>157</gpxtpx:hr></gpxtpx:TrackPointExtension></extensions></trkpt>
      <trkpt lat="50.678162" lon="-120.341844"><ele>347.8</ele><time>2026-06-17T03:51:14.000Z</time><extensions><gpxtpx:TrackPointExtension><gpxtpx:hr>157</gpxtpx:hr></gpxtpx:TrackPointExtension></extensions></trkpt>
      <trkpt lat="50.678164" lon="-120.341881"><ele>347.6</ele><time>2026-06-17T03:51:15.000Z</time><extensions><gpxtpx:TrackPointExtension><gpxtpx:hr>157</gpxtpx:hr></gpxtpx:TrackPointExtension></extensions></trkpt>
      <trkpt lat="50.678166" lon="-120.341917"><ele>347.6</ele><time>2026-06-17T03:51:16.000Z</time><extensions><gpxtpx:TrackPointExtension><gpxtpx:hr>156</gpxtpx:hr></gpxtpx:TrackPointExtension></extensions></trkpt>
      <trkpt lat="50.678174" lon="-120.341998"><ele>347.6</ele><time>2026-06-17T03:51:17.000Z</time><extensions><gpxtpx:TrackPointExtension><gpxtpx:hr>156</gpxtpx:hr></gpxtpx:TrackPointExtension></extensions></trkpt>
      <trkpt lat="50.678179" lon="-120.342029"><ele>347.6</ele><time>2026-06-17T03:51:18.000Z</time><extensions><gpxtpx:TrackPointExtension><gpxtpx:hr>156</gpxtpx:hr></gpxtpx:TrackPointExtension></extensions></trkpt>
      <trkpt lat="50.678183" lon="-120.342061"><ele>347.6</ele><time>2026-06-17T03:51:19.000Z</time><extensions><gpxtpx:TrackPointExtension><gpxtpx:hr>156</gpxtpx:hr></gpxtpx:TrackPointExtension></extensions></trkpt>
      <trkpt lat="50.678191" lon="-120.342131"><ele>347.4</ele><time>2026-06-17T03:51:20.000Z</time><extensions><gpxtpx:TrackPointExtension><gpxtpx:hr>156</gpxtpx:hr></gpxtpx:TrackPointExtension></extensions></trkpt>
      <trkpt lat="50.678193" lon="-120.342155"><ele>347.4</ele><time>2026-06-17T03:51:21.000Z</time><extensions><gpxtpx:TrackPointExtension><gpxtpx:hr>156</gpxtpx:hr></gpxtpx:TrackPointExtension></extensions></trkpt>
      <trkpt lat="50.67819" lon="-120.342234"><ele>347.4</ele><time>2026-06-17T03:51:22.000Z</time><extensions><gpxtpx:TrackPointExtension><gpxtpx:hr>156</gpxtpx:hr></gpxtpx:TrackPointExtension></extensions></trkpt>
      <trkpt lat="50.678187" lon="-120.342265"><ele>347.4</ele><time>2026-06-17T03:51:23.000Z</time><extensions><gpxtpx:TrackPointExtension><gpxtpx:hr>156</gpxtpx:hr></gpxtpx:TrackPointExtension></extensions></trkpt>
      <trkpt lat="50.678184" lon="-120.342296"><ele>347.4</ele><time>2026-06-17T03:51:24.000Z</time><extensions><gpxtpx:TrackPointExtension><gpxtpx:hr>156</gpxtpx:hr></gpxtpx:TrackPointExtension></extensions></trkpt>
      <trkpt lat="50.678177" lon="-120.342362"><ele>347.4</ele><time>2026-06-17T03:51:25.000Z</time><extensions><gpxtpx:TrackPointExtension><gpxtpx:hr>154</gpxtpx:hr></gpxtpx:TrackPointExtension></extensions></trkpt>
      <trkpt lat="50.678174" lon="-120.342384"><ele>347.4</ele><time>2026-06-17T03:51:26.000Z</time><extensions><gpxtpx:TrackPointExtension><gpxtpx:hr>154</gpxtpx:hr></gpxtpx:TrackPointExtension></extensions></trkpt>
      <trkpt lat="50.67817" lon="-120.342459"><ele>347.4</ele><time>2026-06-17T03:51:27.000Z</time><extensions><gpxtpx:TrackPointExtension><gpxtpx:hr>154</gpxtpx:hr></gpxtpx:TrackPointExtension></extensions></trkpt>
      <trkpt lat="50.67817" lon="-120.342489"><ele>347.4</ele><time>2026-06-17T03:51:28.000Z</time><extensions><gpxtpx:TrackPointExtension><gpxtpx:hr>154</gpxtpx:hr></gpxtpx:TrackPointExtension></extensions></trkpt>
      <trkpt lat="50.678169" lon="-120.342519"><ele>347.4</ele><time>2026-06-17T03:51:29.000Z</time><extensions><gpxtpx:TrackPointExtension><gpxtpx:hr>154</gpxtpx:hr></gpxtpx:TrackPointExtension></extensions></trkpt>
      <trkpt lat="50.678166" lon="-120.342587"><ele>347.4</ele><time>2026-06-17T03:51:30.000Z</time><extensions><gpxtpx:TrackPointExtension><gpxtpx:hr>154</gpxtpx:hr></gpxtpx:TrackPointExtension></extensions></trkpt>
      <trkpt lat="50.678165" lon="-120.342609"><ele>347.4</ele><time>2026-06-17T03:51:31.000Z</time><extensions><gpxtpx:TrackPointExtension><gpxtpx:hr>154</gpxtpx:hr></gpxtpx:TrackPointExtension></extensions></trkpt>
      <trkpt lat="50.678167" lon="-120.342681"><ele>347.4</ele><time>2026-06-17T03:51:32.000Z</time><extensions><gpxtpx:TrackPointExtension><gpxtpx:hr>154</gpxtpx:hr></gpxtpx:TrackPointExtension></extensions></trkpt>
      <trkpt lat="50.678169" lon="-120.342709"><ele>347.4</ele><time>2026-06-17T03:51:33.000Z</time><extensions><gpxtpx:TrackPointExtension><gpxtpx:hr>154</gpxtpx:hr></gpxtpx:TrackPointExtension></extensions></trkpt>
      <trkpt lat="50.678171" lon="-120.342737"><ele>347.4</ele><time>2026-06-17T03:51:34.000Z</time><extensions><gpxtpx:TrackPointExtension><gpxtpx:hr>154</gpxtpx:hr></gpxtpx:TrackPointExtension></extensions></trkpt>
      <trkpt lat="50.678179" lon="-120.342805"><ele>347.4</ele><time>2026-06-17T03:51:35.000Z</time><extensions><gpxtpx:TrackPointExtension><gpxtpx:hr>155</gpxtpx:hr></gpxtpx:TrackPointExtension></extensions></trkpt>
      <trkpt lat="50.678183" lon="-120.342831"><ele>347.4</ele><time>2026-06-17T03:51:36.000Z</time><extensions><gpxtpx:TrackPointExtension><gpxtpx:hr>155</gpxtpx:hr></gpxtpx:TrackPointExtension></extensions></trkpt>
      <trkpt lat="50.678187" lon="-120.342858"><ele>347.4</ele><time>2026-06-17T03:51:37.000Z</time><extensions><gpxtpx:TrackPointExtension><gpxtpx:hr>155</gpxtpx:hr></gpxtpx:TrackPointExtension></extensions></trkpt>
      <trkpt lat="50.678198" lon="-120.342913"><ele>347.4</ele><time>2026-06-17T03:51:38.000Z</time><extensions><gpxtpx:TrackPointExtension><gpxtpx:hr>155</gpxtpx:hr></gpxtpx:TrackPointExtension></extensions></trkpt>
      <trkpt lat="50.678201" lon="-120.34293"><ele>347.4</ele><time>2026-06-17T03:51:39.000Z</time><extensions><gpxtpx:TrackPointExtension><gpxtpx:hr>155</gpxtpx:hr></gpxtpx:TrackPointExtension></extensions></trkpt>
      <trkpt lat="50.678209" lon="-120.34298"><ele>347.4</ele><time>2026-06-17T03:51:40.000Z</time><extensions><gpxtpx:TrackPointExtension><gpxtpx:hr>155</gpxtpx:hr></gpxtpx:TrackPointExtension></extensions></trkpt>
      <trkpt lat="50.67821" lon="-120.342997"><ele>347.4</ele><time>2026-06-17T03:51:41.000Z</time><extensions><gpxtpx:TrackPointExtension><gpxtpx:hr>155</gpxtpx:hr></gpxtpx:TrackPointExtension></extensions></trkpt>
      <trkpt lat="50.678212" lon="-120.343015"><ele>347.4</ele><time>2026-06-17T03:51:42.000Z</time><extensions><gpxtpx:TrackPointExtension><gpxtpx:hr>155</gpxtpx:hr></gpxtpx:TrackPointExtension></extensions></trkpt>
      <trkpt lat="50.678221" lon="-120.343059"><ele>347.4</ele><time>2026-06-17T03:51:43.000Z</time><extensions><gpxtpx:TrackPointExtension><gpxtpx:hr>155</gpxtpx:hr></gpxtpx:TrackPointExtension></extensions></trkpt>
      <trkpt lat="50.678228" lon="-120.343086"><ele>347.4</ele><time>2026-06-17T03:51:44.000Z</time><extensions><gpxtpx:TrackPointExtension><gpxtpx:hr>155</gpxtpx:hr></gpxtpx:TrackPointExtension></extensions></trkpt>
      <trkpt lat="50.678236" lon="-120.343113"><ele>347.4</ele><time>2026-06-17T03:51:45.000Z</time><extensions><gpxtpx:TrackPointExtension><gpxtpx:hr>153</gpxtpx:hr></gpxtpx:TrackPointExtension></extensions></trkpt>
      <trkpt lat="50.678243" lon="-120.34314"><ele>347.6</ele><time>2026-06-17T03:51:46.000Z</time><extensions><gpxtpx:TrackPointExtension><gpxtpx:hr>153</gpxtpx:hr></gpxtpx:TrackPointExtension></extensions></trkpt>
      <trkpt lat="50.678251" lon="-120.343167"><ele>347.6</ele><time>2026-06-17T03:51:47.000Z</time><extensions><gpxtpx:TrackPointExtension><gpxtpx:hr>153</gpxtpx:hr></gpxtpx:TrackPointExtension></extensions></trkpt>
      <trkpt lat="50.678258" lon="-120.343194"><ele>347.8</ele><time>2026-06-17T03:51:58.000Z</time><extensions><gpxtpx:TrackPointExtension><gpxtpx:hr>153</gpxtpx:hr></gpxtpx:TrackPointExtension></extensions></trkpt>
      <trkpt lat="50.678266" lon="-120.343221"><ele>347.8</ele><time>2026-06-17T03:51:59.000Z</time><extensions><gpxtpx:TrackPointExtension><gpxtpx:hr>153</gpxtpx:hr></gpxtpx:TrackPointExtension></extensions></trkpt>
      <trkpt lat="50.67827" lon="-120.343282"><ele>347.8</ele><time>2026-06-17T03:52:00.000Z</time><extensions><gpxtpx:TrackPointExtension><gpxtpx:hr>153</gpxtpx:hr></gpxtpx:TrackPointExtension></extensions></trkpt>
      <trkpt lat="50.678269" lon="-120.343304"><ele>347.6</ele><time>2026-06-17T03:52:01.000Z</time><extensions><gpxtpx:TrackPointExtension><gpxtpx:hr>153</gpxtpx:hr></gpxtpx:TrackPointExtension></extensions></trkpt>
      <trkpt lat="50.678268" lon="-120.343327"><ele>347.6</ele><time>2026-06-17T03:52:02.000Z</time><extensions><gpxtpx:TrackPointExtension><gpxtpx:hr>139</gpxtpx:hr></gpxtpx:TrackPointExtension></extensions></trkpt>
      <trkpt lat="50.678253" lon="-120.343385"><ele>347.6</ele><time>2026-06-17T03:52:03.000Z</time><extensions><gpxtpx:TrackPointExtension><gpxtpx:hr>139</gpxtpx:hr></gpxtpx:TrackPointExtension></extensions></trkpt>
      <trkpt lat="50.678245" lon="-120.343407"><ele>347.4</ele><time>2026-06-17T03:52:04.000Z</time><extensions><gpxtpx:TrackPointExtension><gpxtpx:hr>139</gpxtpx:hr></gpxtpx:TrackPointExtension></extensions></trkpt>
      <trkpt lat="50.678237" lon="-120.343429"><ele>347.4</ele><time>2026-06-17T03:52:05.000Z</time><extensions><gpxtpx:TrackPointExtension><gpxtpx:hr>139</gpxtpx:hr></gpxtpx:TrackPointExtension></extensions></trkpt>
      <trkpt lat="50.67821" lon="-120.343467"><ele>347.4</ele><time>2026-06-17T03:52:06.000Z</time><extensions><gpxtpx:TrackPointExtension><gpxtpx:hr>139</gpxtpx:hr></gpxtpx:TrackPointExtension></extensions></trkpt>
      <trkpt lat="50.6782" lon="-120.343479"><ele>347.4</ele><time>2026-06-17T03:52:07.000Z</time><extensions><gpxtpx:TrackPointExtension><gpxtpx:hr>139</gpxtpx:hr></gpxtpx:TrackPointExtension></extensions></trkpt>
      <trkpt lat="50.678168" lon="-120.343518"><ele>347.4</ele><time>2026-06-17T03:52:08.000Z</time><extensions><gpxtpx:TrackPointExtension><gpxtpx:hr>139</gpxtpx:hr></gpxtpx:TrackPointExtension></extensions></trkpt>
      <trkpt lat="50.678155" lon="-120.343534"><ele>347.4</ele><time>2026-06-17T03:52:09.000Z</time><extensions><gpxtpx:TrackPointExtension><gpxtpx:hr>139</gpxtpx:hr></gpxtpx:TrackPointExtension></extensions></trkpt>
      <trkpt lat="50.678142" lon="-120.34355"><ele>347.4</ele><time>2026-06-17T03:52:10.000Z</time><extensions><gpxtpx:TrackPointExtension><gpxtpx:hr>139</gpxtpx:hr></gpxtpx:TrackPointExtension></extensions></trkpt>
      <trkpt lat="50.678112" lon="-120.343587"><ele>347.4</ele><time>2026-06-17T03:52:11.000Z</time><extensions><gpxtpx:TrackPointExtension><gpxtpx:hr>139</gpxtpx:hr></gpxtpx:TrackPointExtension></extensions></trkpt>
      <trkpt lat="50.678102" lon="-120.343599"><ele>347.4</ele><time>2026-06-17T03:52:12.000Z</time><extensions><gpxtpx:TrackPointExtension><gpxtpx:hr>139</gpxtpx:hr></gpxtpx:TrackPointExtension></extensions></trkpt>
      <trkpt lat="50.678069" lon="-120.343643"><ele>347.4</ele><time>2026-06-17T03:52:13.000Z</time><extensions><gpxtpx:TrackPointExtension><gpxtpx:hr>139</gpxtpx:hr></gpxtpx:TrackPointExtension></extensions></trkpt>
      <trkpt lat="50.678056" lon="-120.343661"><ele>347.6</ele><time>2026-06-17T03:52:14.000Z</time><extensions><gpxtpx:TrackPointExtension><gpxtpx:hr>139</gpxtpx:hr></gpxtpx:TrackPointExtension></extensions></trkpt>
      <trkpt lat="50.678043" lon="-120.343679"><ele>347.6</ele><time>2026-06-17T03:52:15.000Z</time><extensions><gpxtpx:TrackPointExtension><gpxtpx:hr>139</gpxtpx:hr></gpxtpx:TrackPointExtension></extensions></trkpt>
      <trkpt lat="50.678018" lon="-120.343724"><ele>347.8</ele><time>2026-06-17T03:52:16.000Z</time><extensions><gpxtpx:TrackPointExtension><gpxtpx:hr>139</gpxtpx:hr></gpxtpx:TrackPointExtension></extensions></trkpt>
      <trkpt lat="50.67801" lon="-120.34374"><ele>347.8</ele><time>2026-06-17T03:52:17.000Z</time><extensions><gpxtpx:TrackPointExtension><gpxtpx:hr>139</gpxtpx:hr></gpxtpx:TrackPointExtension></extensions></trkpt>
      <trkpt lat="50.677996" lon="-120.343802"><ele>348</ele><time>2026-06-17T03:52:18.000Z</time><extensions><gpxtpx:TrackPointExtension><gpxtpx:hr>139</gpxtpx:hr></gpxtpx:TrackPointExtension></extensions></trkpt>
      <trkpt lat="50.677992" lon="-120.343829"><ele>348.2</ele><time>2026-06-17T03:52:19.000Z</time><extensions><gpxtpx:TrackPointExtension><gpxtpx:hr>139</gpxtpx:hr></gpxtpx:TrackPointExtension></extensions></trkpt>
      <trkpt lat="50.677989" lon="-120.343856"><ele>348.4</ele><time>2026-06-17T03:52:20.000Z</time><extensions><gpxtpx:TrackPointExtension><gpxtpx:hr>141</gpxtpx:hr></gpxtpx:TrackPointExtension></extensions></trkpt>
      <trkpt lat="50.677993" lon="-120.343921"><ele>348.6</ele><time>2026-06-17T03:52:21.000Z</time><extensions><gpxtpx:TrackPointExtension><gpxtpx:hr>141</gpxtpx:hr></gpxtpx:TrackPointExtension></extensions></trkpt>
      <trkpt lat="50.677996" lon="-120.343942"><ele>348.8</ele><time>2026-06-17T03:52:22.000Z</time><extensions><gpxtpx:TrackPointExtension><gpxtpx:hr>141</gpxtpx:hr></gpxtpx:TrackPointExtension></extensions></trkpt>
      <trkpt lat="50.67801" lon="-120.344009"><ele>348.8</ele><time>2026-06-17T03:52:23.000Z</time><extensions><gpxtpx:TrackPointExtension><gpxtpx:hr>141</gpxtpx:hr></gpxtpx:TrackPointExtension></extensions></trkpt>
      <trkpt lat="50.678015" lon="-120.344036"><ele>349</ele><time>2026-06-17T03:52:24.000Z</time><extensions><gpxtpx:TrackPointExtension><gpxtpx:hr>141</gpxtpx:hr></gpxtpx:TrackPointExtension></extensions></trkpt>
      <trkpt lat="50.678021" lon="-120.344062"><ele>349.2</ele><time>2026-06-17T03:52:25.000Z</time><extensions><gpxtpx:TrackPointExtension><gpxtpx:hr>141</gpxtpx:hr></gpxtpx:TrackPointExtension></extensions></trkpt>
      <trkpt lat="50.678035" lon="-120.344128"><ele>349.4</ele><time>2026-06-17T03:52:26.000Z</time><extensions><gpxtpx:TrackPointExtension><gpxtpx:hr>144</gpxtpx:hr></gpxtpx:TrackPointExtension></extensions></trkpt>
      <trkpt lat="50.678039" lon="-120.344155"><ele>349.4</ele><time>2026-06-17T03:52:27.000Z</time><extensions><gpxtpx:TrackPointExtension><gpxtpx:hr>144</gpxtpx:hr></gpxtpx:TrackPointExtension></extensions></trkpt>
      <trkpt lat="50.678044" lon="-120.344182"><ele>349.6</ele><time>2026-06-17T03:52:28.000Z</time><extensions><gpxtpx:TrackPointExtension><gpxtpx:hr>144</gpxtpx:hr></gpxtpx:TrackPointExtension></extensions></trkpt>
      <trkpt lat="50.678049" lon="-120.344241"><ele>349.6</ele><time>2026-06-17T03:52:29.000Z</time><extensions><gpxtpx:TrackPointExtension><gpxtpx:hr>144</gpxtpx:hr></gpxtpx:TrackPointExtension></extensions></trkpt>
      <trkpt lat="50.67805" lon="-120.344261"><ele>349.8</ele><time>2026-06-17T03:52:30.000Z</time><extensions><gpxtpx:TrackPointExtension><gpxtpx:hr>144</gpxtpx:hr></gpxtpx:TrackPointExtension></extensions></trkpt>
      <trkpt lat="50.678056" lon="-120.344325"><ele>349.8</ele><time>2026-06-17T03:52:31.000Z</time><extensions><gpxtpx:TrackPointExtension><gpxtpx:hr>144</gpxtpx:hr></gpxtpx:TrackPointExtension></extensions></trkpt>
      <trkpt lat="50.678059" lon="-120.344351"><ele>350</ele><time>2026-06-17T03:52:32.000Z</time><extensions><gpxtpx:TrackPointExtension><gpxtpx:hr>144</gpxtpx:hr></gpxtpx:TrackPointExtension></extensions></trkpt>
      <trkpt lat="50.678062" lon="-120.344377"><ele>350</ele><time>2026-06-17T03:52:33.000Z</time><extensions><gpxtpx:TrackPointExtension><gpxtpx:hr>144</gpxtpx:hr></gpxtpx:TrackPointExtension></extensions></trkpt>
      <trkpt lat="50.678071" lon="-120.344434"><ele>350.2</ele><time>2026-06-17T03:52:34.000Z</time><extensions><gpxtpx:TrackPointExtension><gpxtpx:hr>144</gpxtpx:hr></gpxtpx:TrackPointExtension></extensions></trkpt>
      <trkpt lat="50.678074" lon="-120.344454"><ele>350.2</ele><time>2026-06-17T03:52:35.000Z</time><extensions><gpxtpx:TrackPointExtension><gpxtpx:hr>144</gpxtpx:hr></gpxtpx:TrackPointExtension></extensions></trkpt>
      <trkpt lat="50.678086" lon="-120.344521"><ele>350.4</ele><time>2026-06-17T03:52:36.000Z</time><extensions><gpxtpx:TrackPointExtension><gpxtpx:hr>144</gpxtpx:hr></gpxtpx:TrackPointExtension></extensions></trkpt>
      <trkpt lat="50.678091" lon="-120.344548"><ele>350.4</ele><time>2026-06-17T03:52:37.000Z</time><extensions><gpxtpx:TrackPointExtension><gpxtpx:hr>144</gpxtpx:hr></gpxtpx:TrackPointExtension></extensions></trkpt>
      <trkpt lat="50.678096" lon="-120.344575"><ele>350.6</ele><time>2026-06-17T03:52:38.000Z</time><extensions><gpxtpx:TrackPointExtension><gpxtpx:hr>144</gpxtpx:hr></gpxtpx:TrackPointExtension></extensions></trkpt>
      <trkpt lat="50.678107" lon="-120.344631"><ele>350.6</ele><time>2026-06-17T03:52:39.000Z</time><extensions><gpxtpx:TrackPointExtension><gpxtpx:hr>144</gpxtpx:hr></gpxtpx:TrackPointExtension></extensions></trkpt>
      <trkpt lat="50.67811" lon="-120.34465"><ele>350.8</ele><time>2026-06-17T03:52:40.000Z</time><extensions><gpxtpx:TrackPointExtension><gpxtpx:hr>145</gpxtpx:hr></gpxtpx:TrackPointExtension></extensions></trkpt>
      <trkpt lat="50.67812" lon="-120.344711"><ele>350.8</ele><time>2026-06-17T03:52:41.000Z</time><extensions><gpxtpx:TrackPointExtension><gpxtpx:hr>144</gpxtpx:hr></gpxtpx:TrackPointExtension></extensions></trkpt>
      <trkpt lat="50.678124" lon="-120.344736"><ele>351</ele><time>2026-06-17T03:52:42.000Z</time><extensions><gpxtpx:TrackPointExtension><gpxtpx:hr>144</gpxtpx:hr></gpxtpx:TrackPointExtension></extensions></trkpt>
      <trkpt lat="50.678128" lon="-120.344761"><ele>351</ele><time>2026-06-17T03:52:43.000Z</time><extensions><gpxtpx:TrackPointExtension><gpxtpx:hr>144</gpxtpx:hr></gpxtpx:TrackPointExtension></extensions></trkpt>
      <trkpt lat="50.678138" lon="-120.344815"><ele>351.2</ele><time>2026-06-17T03:52:44.000Z</time><extensions><gpxtpx:TrackPointExtension><gpxtpx:hr>144</gpxtpx:hr></gpxtpx:TrackPointExtension></extensions></trkpt>
      <trkpt lat="50.678141" lon="-120.344834"><ele>351.2</ele><time>2026-06-17T03:52:45.000Z</time><extensions><gpxtpx:TrackPointExtension><gpxtpx:hr>144</gpxtpx:hr></gpxtpx:TrackPointExtension></extensions></trkpt>
      <trkpt lat="50.678153" lon="-120.344898"><ele>351.4</ele><time>2026-06-17T03:52:46.000Z</time><extensions><gpxtpx:TrackPointExtension><gpxtpx:hr>145</gpxtpx:hr></gpxtpx:TrackPointExtension></extensions></trkpt>
      <trkpt lat="50.678159" lon="-120.344924"><ele>351.4</ele><time>2026-06-17T03:52:47.000Z</time><extensions><gpxtpx:TrackPointExtension><gpxtpx:hr>145</gpxtpx:hr></gpxtpx:TrackPointExtension></extensions></trkpt>
      <trkpt lat="50.678164" lon="-120.34495"><ele>351.6</ele><time>2026-06-17T03:52:48.000Z</time><extensions><gpxtpx:TrackPointExtension><gpxtpx:hr>145</gpxtpx:hr></gpxtpx:TrackPointExtension></extensions></trkpt>
      <trkpt lat="50.678175" lon="-120.345006"><ele>351.6</ele><time>2026-06-17T03:52:49.000Z</time><extensions><gpxtpx:TrackPointExtension><gpxtpx:hr>145</gpxtpx:hr></gpxtpx:TrackPointExtension></extensions></trkpt>
      <trkpt lat="50.678178" lon="-120.345024"><ele>351.6</ele><time>2026-06-17T03:52:50.000Z</time><extensions><gpxtpx:TrackPointExtension><gpxtpx:hr>145</gpxtpx:hr></gpxtpx:TrackPointExtension></extensions></trkpt>
      <trkpt lat="50.678191" lon="-120.345085"><ele>351.8</ele><time>2026-06-17T03:52:51.000Z</time><extensions><gpxtpx:TrackPointExtension><gpxtpx:hr>145</gpxtpx:hr></gpxtpx:TrackPointExtension></extensions></trkpt>
      <trkpt lat="50.678196" lon="-120.345109"><ele>351.8</ele><time>2026-06-17T03:52:52.000Z</time><extensions><gpxtpx:TrackPointExtension><gpxtpx:hr>145</gpxtpx:hr></gpxtpx:TrackPointExtension></extensions></trkpt>
      <trkpt lat="50.678201" lon="-120.345133"><ele>352</ele><time>2026-06-17T03:52:53.000Z</time><extensions><gpxtpx:TrackPointExtension><gpxtpx:hr>144</gpxtpx:hr></gpxtpx:TrackPointExtension></extensions></trkpt>
      <trkpt lat="50.678215" lon="-120.345195"><ele>352</ele><time>2026-06-17T03:52:54.000Z</time><extensions><gpxtpx:TrackPointExtension><gpxtpx:hr>144</gpxtpx:hr></gpxtpx:TrackPointExtension></extensions></trkpt>
      <trkpt lat="50.67822" lon="-120.34522"><ele>352.2</ele><time>2026-06-17T03:52:55.000Z</time><extensions><gpxtpx:TrackPointExtension><gpxtpx:hr>144</gpxtpx:hr></gpxtpx:TrackPointExtension></extensions></trkpt>
      <trkpt lat="50.678226" lon="-120.345245"><ele>352.2</ele><time>2026-06-17T03:52:56.000Z</time><extensions><gpxtpx:TrackPointExtension><gpxtpx:hr>144</gpxtpx:hr></gpxtpx:TrackPointExtension></extensions></trkpt>
      <trkpt lat="50.678239" lon="-120.345299"><ele>352.4</ele><time>2026-06-17T03:52:57.000Z</time><extensions><gpxtpx:TrackPointExtension><gpxtpx:hr>143</gpxtpx:hr></gpxtpx:TrackPointExtension></extensions></trkpt>
      <trkpt lat="50.678243" lon="-120.345318"><ele>352.4</ele><time>2026-06-17T03:52:58.000Z</time><extensions><gpxtpx:TrackPointExtension><gpxtpx:hr>143</gpxtpx:hr></gpxtpx:TrackPointExtension></extensions></trkpt>
      <trkpt lat="50.67826" lon="-120.34538"><ele>352.6</ele><time>2026-06-17T03:52:59.000Z</time><extensions><gpxtpx:TrackPointExtension><gpxtpx:hr>143</gpxtpx:hr></gpxtpx:TrackPointExtension></extensions></trkpt>
      <trkpt lat="50.678266" lon="-120.345405"><ele>352.6</ele><time>2026-06-17T03:53:00.000Z</time><extensions><gpxtpx:TrackPointExtension><gpxtpx:hr>143</gpxtpx:hr></gpxtpx:TrackPointExtension></extensions></trkpt>
      <trkpt lat="50.678273" lon="-120.34543"><ele>352.8</ele><time>2026-06-17T03:53:01.000Z</time><extensions><gpxtpx:TrackPointExtension><gpxtpx:hr>143</gpxtpx:hr></gpxtpx:TrackPointExtension></extensions></trkpt>
      <trkpt lat="50.678286" lon="-120.345488"><ele>352.8</ele><time>2026-06-17T03:53:02.000Z</time><extensions><gpxtpx:TrackPointExtension><gpxtpx:hr>143</gpxtpx:hr></gpxtpx:TrackPointExtension></extensions></trkpt>
      <trkpt lat="50.67829" lon="-120.345508"><ele>352.8</ele><time>2026-06-17T03:53:03.000Z</time><extensions><gpxtpx:TrackPointExtension><gpxtpx:hr>143</gpxtpx:hr></gpxtpx:TrackPointExtension></extensions></trkpt>
      <trkpt lat="50.678304" lon="-120.345575"><ele>352.8</ele><time>2026-06-17T03:53:04.000Z</time><extensions><gpxtpx:TrackPointExtension><gpxtpx:hr>143</gpxtpx:hr></gpxtpx:TrackPointExtension></extensions></trkpt>
      <trkpt lat="50.678309" lon="-120.345601"><ele>353</ele><time>2026-06-17T03:53:05.000Z</time><extensions><gpxtpx:TrackPointExtension><gpxtpx:hr>142</gpxtpx:hr></gpxtpx:TrackPointExtension></extensions></trkpt>
      <trkpt lat="50.678315" lon="-120.345628"><ele>353</ele><time>2026-06-17T03:53:06.000Z</time><extensions><gpxtpx:TrackPointExtension><gpxtpx:hr>142</gpxtpx:hr></gpxtpx:TrackPointExtension></extensions></trkpt>
      <trkpt lat="50.678328" lon="-120.345688"><ele>353</ele><time>2026-06-17T03:53:07.000Z</time><extensions><gpxtpx:TrackPointExtension><gpxtpx:hr>142</gpxtpx:hr></gpxtpx:TrackPointExtension></extensions></trkpt>
      <trkpt lat="50.678332" lon="-120.345709"><ele>353</ele><time>2026-06-17T03:53:08.000Z</time><extensions><gpxtpx:TrackPointExtension><gpxtpx:hr>142</gpxtpx:hr></gpxtpx:TrackPointExtension></extensions></trkpt>
      <trkpt lat="50.678347" lon="-120.345777"><ele>353</ele><time>2026-06-17T03:53:09.000Z</time><extensions><gpxtpx:TrackPointExtension><gpxtpx:hr>142</gpxtpx:hr></gpxtpx:TrackPointExtension></extensions></trkpt>
      <trkpt lat="50.678353" lon="-120.345804"><ele>353</ele><time>2026-06-17T03:53:10.000Z</time><extensions><gpxtpx:TrackPointExtension><gpxtpx:hr>142</gpxtpx:hr></gpxtpx:TrackPointExtension></extensions></trkpt>
      <trkpt lat="50.67836" lon="-120.345832"><ele>353</ele><time>2026-06-17T03:53:11.000Z</time><extensions><gpxtpx:TrackPointExtension><gpxtpx:hr>142</gpxtpx:hr></gpxtpx:TrackPointExtension></extensions></trkpt>
      <trkpt lat="50.678375" lon="-120.345894"><ele>353</ele><time>2026-06-17T03:53:12.000Z</time><extensions><gpxtpx:TrackPointExtension><gpxtpx:hr>142</gpxtpx:hr></gpxtpx:TrackPointExtension></extensions></trkpt>
      <trkpt lat="50.678379" lon="-120.345915"><ele>353</ele><time>2026-06-17T03:53:13.000Z</time><extensions><gpxtpx:TrackPointExtension><gpxtpx:hr>142</gpxtpx:hr></gpxtpx:TrackPointExtension></extensions></trkpt>
      <trkpt lat="50.678392" lon="-120.345985"><ele>353</ele><time>2026-06-17T03:53:14.000Z</time><extensions><gpxtpx:TrackPointExtension><gpxtpx:hr>144</gpxtpx:hr></gpxtpx:TrackPointExtension></extensions></trkpt>
      <trkpt lat="50.678398" lon="-120.346014"><ele>352.8</ele><time>2026-06-17T03:53:15.000Z</time><extensions><gpxtpx:TrackPointExtension><gpxtpx:hr>144</gpxtpx:hr></gpxtpx:TrackPointExtension></extensions></trkpt>
      <trkpt lat="50.678403" lon="-120.346042"><ele>352.8</ele><time>2026-06-17T03:53:16.000Z</time><extensions><gpxtpx:TrackPointExtension><gpxtpx:hr>143</gpxtpx:hr></gpxtpx:TrackPointExtension></extensions></trkpt>
      <trkpt lat="50.678417" lon="-120.346105"><ele>352.8</ele><time>2026-06-17T03:53:17.000Z</time><extensions><gpxtpx:TrackPointExtension><gpxtpx:hr>143</gpxtpx:hr></gpxtpx:TrackPointExtension></extensions></trkpt>
      <trkpt lat="50.678422" lon="-120.346126"><ele>352.8</ele><time>2026-06-17T03:53:18.000Z</time><extensions><gpxtpx:TrackPointExtension><gpxtpx:hr>143</gpxtpx:hr></gpxtpx:TrackPointExtension></extensions></trkpt>
      <trkpt lat="50.678439" lon="-120.346196"><ele>352.8</ele><time>2026-06-17T03:53:19.000Z</time><extensions><gpxtpx:TrackPointExtension><gpxtpx:hr>143</gpxtpx:hr></gpxtpx:TrackPointExtension></extensions></trkpt>
      <trkpt lat="50.678446" lon="-120.346224"><ele>352.8</ele><time>2026-06-17T03:53:20.000Z</time><extensions><gpxtpx:TrackPointExtension><gpxtpx:hr>143</gpxtpx:hr></gpxtpx:TrackPointExtension></extensions></trkpt>
      <trkpt lat="50.678452" lon="-120.346251"><ele>352.8</ele><time>2026-06-17T03:53:21.000Z</time><extensions><gpxtpx:TrackPointExtension><gpxtpx:hr>143</gpxtpx:hr></gpxtpx:TrackPointExtension></extensions></trkpt>
      <trkpt lat="50.67847" lon="-120.346321"><ele>352.6</ele><time>2026-06-17T03:53:22.000Z</time><extensions><gpxtpx:TrackPointExtension><gpxtpx:hr>143</gpxtpx:hr></gpxtpx:TrackPointExtension></extensions></trkpt>
      <trkpt lat="50.678477" lon="-120.346348"><ele>352.6</ele><time>2026-06-17T03:53:23.000Z</time><extensions><gpxtpx:TrackPointExtension><gpxtpx:hr>143</gpxtpx:hr></gpxtpx:TrackPointExtension></extensions></trkpt>
      <trkpt lat="50.678484" lon="-120.346376"><ele>352.6</ele><time>2026-06-17T03:53:24.000Z</time><extensions><gpxtpx:TrackPointExtension><gpxtpx:hr>143</gpxtpx:hr></gpxtpx:TrackPointExtension></extensions></trkpt>
      <trkpt lat="50.678498" lon="-120.346438"><ele>352.6</ele><time>2026-06-17T03:53:25.000Z</time><extensions><gpxtpx:TrackPointExtension><gpxtpx:hr>144</gpxtpx:hr></gpxtpx:TrackPointExtension></extensions></trkpt>
      <trkpt lat="50.678502" lon="-120.346459"><ele>352.6</ele><time>2026-06-17T03:53:26.000Z</time><extensions><gpxtpx:TrackPointExtension><gpxtpx:hr>145</gpxtpx:hr></gpxtpx:TrackPointExtension></extensions></trkpt>
      <trkpt lat="50.67852" lon="-120.346533"><ele>352.6</ele><time>2026-06-17T03:53:27.000Z</time><extensions><gpxtpx:TrackPointExtension><gpxtpx:hr>145</gpxtpx:hr></gpxtpx:TrackPointExtension></extensions></trkpt>
      <trkpt lat="50.678527" lon="-120.346563"><ele>352.4</ele><time>2026-06-17T03:53:28.000Z</time><extensions><gpxtpx:TrackPointExtension><gpxtpx:hr>145</gpxtpx:hr></gpxtpx:TrackPointExtension></extensions></trkpt>
      <trkpt lat="50.678534" lon="-120.346593"><ele>352.4</ele><time>2026-06-17T03:53:29.000Z</time><extensions><gpxtpx:TrackPointExtension><gpxtpx:hr>145</gpxtpx:hr></gpxtpx:TrackPointExtension></extensions></trkpt>
      <trkpt lat="50.678547" lon="-120.34666"><ele>352.4</ele><time>2026-06-17T03:53:30.000Z</time><extensions><gpxtpx:TrackPointExtension><gpxtpx:hr>145</gpxtpx:hr></gpxtpx:TrackPointExtension></extensions></trkpt>
      <trkpt lat="50.678551" lon="-120.346683"><ele>352.4</ele><time>2026-06-17T03:53:31.000Z</time><extensions><gpxtpx:TrackPointExtension><gpxtpx:hr>145</gpxtpx:hr></gpxtpx:TrackPointExtension></extensions></trkpt>
      <trkpt lat="50.678568" lon="-120.346759"><ele>352.4</ele><time>2026-06-17T03:53:32.000Z</time><extensions><gpxtpx:TrackPointExtension><gpxtpx:hr>145</gpxtpx:hr></gpxtpx:TrackPointExtension></extensions></trkpt>
      <trkpt lat="50.678576" lon="-120.346789"><ele>352.4</ele><time>2026-06-17T03:53:33.000Z</time><extensions><gpxtpx:TrackPointExtension><gpxtpx:hr>143</gpxtpx:hr></gpxtpx:TrackPointExtension></extensions></trkpt>
      <trkpt lat="50.678583" lon="-120.34682"><ele>352.4</ele><time>2026-06-17T03:53:34.000Z</time><extensions><gpxtpx:TrackPointExtension><gpxtpx:hr>143</gpxtpx:hr></gpxtpx:TrackPointExtension></extensions></trkpt>
      <trkpt lat="50.6786" lon="-120.34689"><ele>352.4</ele><time>2026-06-17T03:53:35.000Z</time><extensions><gpxtpx:TrackPointExtension><gpxtpx:hr>143</gpxtpx:hr></gpxtpx:TrackPointExtension></extensions></trkpt>
      <trkpt lat="50.678606" lon="-120.346913"><ele>352.4</ele><time>2026-06-17T03:53:36.000Z</time><extensions><gpxtpx:TrackPointExtension><gpxtpx:hr>143</gpxtpx:hr></gpxtpx:TrackPointExtension></extensions></trkpt>
      <trkpt lat="50.678625" lon="-120.34699"><ele>352.4</ele><time>2026-06-17T03:53:37.000Z</time><extensions><gpxtpx:TrackPointExtension><gpxtpx:hr>143</gpxtpx:hr></gpxtpx:TrackPointExtension></extensions></trkpt>
      <trkpt lat="50.678633" lon="-120.347019"><ele>352.4</ele><time>2026-06-17T03:53:38.000Z</time><extensions><gpxtpx:TrackPointExtension><gpxtpx:hr>143</gpxtpx:hr></gpxtpx:TrackPointExtension></extensions></trkpt>
      <trkpt lat="50.67864" lon="-120.347049"><ele>352.4</ele><time>2026-06-17T03:53:39.000Z</time><extensions><gpxtpx:TrackPointExtension><gpxtpx:hr>143</gpxtpx:hr></gpxtpx:TrackPointExtension></extensions></trkpt>
      <trkpt lat="50.678655" lon="-120.347117"><ele>352.4</ele><time>2026-06-17T03:53:40.000Z</time><extensions><gpxtpx:TrackPointExtension><gpxtpx:hr>143</gpxtpx:hr></gpxtpx:TrackPointExtension></extensions></trkpt>
      <trkpt lat="50.67866" lon="-120.347141"><ele>352.2</ele><time>2026-06-17T03:53:41.000Z</time><extensions><gpxtpx:TrackPointExtension><gpxtpx:hr>143</gpxtpx:hr></gpxtpx:TrackPointExtension></extensions></trkpt>
      <trkpt lat="50.678677" lon="-120.347217"><ele>352.2</ele><time>2026-06-17T03:53:42.000Z</time><extensions><gpxtpx:TrackPointExtension><gpxtpx:hr>143</gpxtpx:hr></gpxtpx:TrackPointExtension></extensions></trkpt>
      <trkpt lat="50.678683" lon="-120.347246"><ele>352.2</ele><time>2026-06-17T03:53:43.000Z</time><extensions><gpxtpx:TrackPointExtension><gpxtpx:hr>143</gpxtpx:hr></gpxtpx:TrackPointExtension></extensions></trkpt>
      <trkpt lat="50.67869" lon="-120.347276"><ele>352.2</ele><time>2026-06-17T03:53:44.000Z</time><extensions><gpxtpx:TrackPointExtension><gpxtpx:hr>146</gpxtpx:hr></gpxtpx:TrackPointExtension></extensions></trkpt>
      <trkpt lat="50.678708" lon="-120.347349"><ele>352.2</ele><time>2026-06-17T03:53:45.000Z</time><extensions><gpxtpx:TrackPointExtension><gpxtpx:hr>146</gpxtpx:hr></gpxtpx:TrackPointExtension></extensions></trkpt>
      <trkpt lat="50.678715" lon="-120.347379"><ele>352.2</ele><time>2026-06-17T03:53:46.000Z</time><extensions><gpxtpx:TrackPointExtension><gpxtpx:hr>146</gpxtpx:hr></gpxtpx:TrackPointExtension></extensions></trkpt>
      <trkpt lat="50.678722" lon="-120.34741"><ele>352.2</ele><time>2026-06-17T03:53:47.000Z</time><extensions><gpxtpx:TrackPointExtension><gpxtpx:hr>146</gpxtpx:hr></gpxtpx:TrackPointExtension></extensions></trkpt>
      <trkpt lat="50.678739" lon="-120.347483"><ele>352.2</ele><time>2026-06-17T03:53:48.000Z</time><extensions><gpxtpx:TrackPointExtension><gpxtpx:hr>146</gpxtpx:hr></gpxtpx:TrackPointExtension></extensions></trkpt>
      <trkpt lat="50.678744" lon="-120.347508"><ele>352.2</ele><time>2026-06-17T03:53:49.000Z</time><extensions><gpxtpx:TrackPointExtension><gpxtpx:hr>146</gpxtpx:hr></gpxtpx:TrackPointExtension></extensions></trkpt>
      <trkpt lat="50.678761" lon="-120.347586"><ele>352.2</ele><time>2026-06-17T03:53:50.000Z</time><extensions><gpxtpx:TrackPointExtension><gpxtpx:hr>147</gpxtpx:hr></gpxtpx:TrackPointExtension></extensions></trkpt>
      <trkpt lat="50.678767" lon="-120.347617"><ele>352.2</ele><time>2026-06-17T03:53:51.000Z</time><extensions><gpxtpx:TrackPointExtension><gpxtpx:hr>147</gpxtpx:hr></gpxtpx:TrackPointExtension></extensions></trkpt>
      <trkpt lat="50.678773" lon="-120.347648"><ele>352.2</ele><time>2026-06-17T03:53:52.000Z</time><extensions><gpxtpx:TrackPointExtension><gpxtpx:hr>147</gpxtpx:hr></gpxtpx:TrackPointExtension></extensions></trkpt>
      <trkpt lat="50.678786" lon="-120.34772"><ele>352.2</ele><time>2026-06-17T03:53:53.000Z</time><extensions><gpxtpx:TrackPointExtension><gpxtpx:hr>147</gpxtpx:hr></gpxtpx:TrackPointExtension></extensions></trkpt>
      <trkpt lat="50.67879" lon="-120.347744"><ele>352.2</ele><time>2026-06-17T03:53:54.000Z</time><extensions><gpxtpx:TrackPointExtension><gpxtpx:hr>147</gpxtpx:hr></gpxtpx:TrackPointExtension></extensions></trkpt>
      <trkpt lat="50.678804" lon="-120.34782"><ele>352.2</ele><time>2026-06-17T03:53:55.000Z</time><extensions><gpxtpx:TrackPointExtension><gpxtpx:hr>147</gpxtpx:hr></gpxtpx:TrackPointExtension></extensions></trkpt>
      <trkpt lat="50.67881" lon="-120.34785"><ele>352.2</ele><time>2026-06-17T03:53:56.000Z</time><extensions><gpxtpx:TrackPointExtension><gpxtpx:hr>147</gpxtpx:hr></gpxtpx:TrackPointExtension></extensions></trkpt>
      <trkpt lat="50.678816" lon="-120.347879"><ele>352.2</ele><time>2026-06-17T03:53:57.000Z</time><extensions><gpxtpx:TrackPointExtension><gpxtpx:hr>147</gpxtpx:hr></gpxtpx:TrackPointExtension></extensions></trkpt>
      <trkpt lat="50.678831" lon="-120.34794"><ele>352.2</ele><time>2026-06-17T03:53:58.000Z</time><extensions><gpxtpx:TrackPointExtension><gpxtpx:hr>147</gpxtpx:hr></gpxtpx:TrackPointExtension></extensions></trkpt>
      <trkpt lat="50.678836" lon="-120.347961"><ele>352.2</ele><time>2026-06-17T03:53:59.000Z</time><extensions><gpxtpx:TrackPointExtension><gpxtpx:hr>147</gpxtpx:hr></gpxtpx:TrackPointExtension></extensions></trkpt>
      <trkpt lat="50.678856" lon="-120.348032"><ele>352.2</ele><time>2026-06-17T03:54:00.000Z</time><extensions><gpxtpx:TrackPointExtension><gpxtpx:hr>148</gpxtpx:hr></gpxtpx:TrackPointExtension></extensions></trkpt>
      <trkpt lat="50.678864" lon="-120.348061"><ele>352.2</ele><time>2026-06-17T03:54:01.000Z</time><extensions><gpxtpx:TrackPointExtension><gpxtpx:hr>148</gpxtpx:hr></gpxtpx:TrackPointExtension></extensions></trkpt>
      <trkpt lat="50.678872" lon="-120.348089"><ele>352.2</ele><time>2026-06-17T03:54:02.000Z</time><extensions><gpxtpx:TrackPointExtension><gpxtpx:hr>148</gpxtpx:hr></gpxtpx:TrackPointExtension></extensions></trkpt>
      <trkpt lat="50.678889" lon="-120.348151"><ele>352.2</ele><time>2026-06-17T03:54:03.000Z</time><extensions><gpxtpx:TrackPointExtension><gpxtpx:hr>148</gpxtpx:hr></gpxtpx:TrackPointExtension></extensions></trkpt>
      <trkpt lat="50.678894" lon="-120.348171"><ele>352</ele><time>2026-06-17T03:54:04.000Z</time><extensions><gpxtpx:TrackPointExtension><gpxtpx:hr>148</gpxtpx:hr></gpxtpx:TrackPointExtension></extensions></trkpt>
      <trkpt lat="50.678911" lon="-120.348241"><ele>352</ele><time>2026-06-17T03:54:05.000Z</time><extensions><gpxtpx:TrackPointExtension><gpxtpx:hr>147</gpxtpx:hr></gpxtpx:TrackPointExtension></extensions></trkpt>
      <trkpt lat="50.678917" lon="-120.34827"><ele>352</ele><time>2026-06-17T03:54:06.000Z</time><extensions><gpxtpx:TrackPointExtension><gpxtpx:hr>147</gpxtpx:hr></gpxtpx:TrackPointExtension></extensions></trkpt>
      <trkpt lat="50.678924" lon="-120.348299"><ele>352</ele><time>2026-06-17T03:54:07.000Z</time><extensions><gpxtpx:TrackPointExtension><gpxtpx:hr>147</gpxtpx:hr></gpxtpx:TrackPointExtension></extensions></trkpt>
      <trkpt lat="50.678941" lon="-120.348362"><ele>352</ele><time>2026-06-17T03:54:08.000Z</time><extensions><gpxtpx:TrackPointExtension><gpxtpx:hr>147</gpxtpx:hr></gpxtpx:TrackPointExtension></extensions></trkpt>
      <trkpt lat="50.678947" lon="-120.348383"><ele>352</ele><time>2026-06-17T03:54:09.000Z</time><extensions><gpxtpx:TrackPointExtension><gpxtpx:hr>147</gpxtpx:hr></gpxtpx:TrackPointExtension></extensions></trkpt>
      <trkpt lat="50.67897" lon="-120.348448"><ele>352</ele><time>2026-06-17T03:54:10.000Z</time><extensions><gpxtpx:TrackPointExtension><gpxtpx:hr>147</gpxtpx:hr></gpxtpx:TrackPointExtension></extensions></trkpt>
      <trkpt lat="50.67898" lon="-120.348474"><ele>352</ele><time>2026-06-17T03:54:11.000Z</time><extensions><gpxtpx:TrackPointExtension><gpxtpx:hr>147</gpxtpx:hr></gpxtpx:TrackPointExtension></extensions></trkpt>
      <trkpt lat="50.678989" lon="-120.348499"><ele>352</ele><time>2026-06-17T03:54:12.000Z</time><extensions><gpxtpx:TrackPointExtension><gpxtpx:hr>146</gpxtpx:hr></gpxtpx:TrackPointExtension></extensions></trkpt>
      <trkpt lat="50.679008" lon="-120.348561"><ele>352</ele><time>2026-06-17T03:54:13.000Z</time><extensions><gpxtpx:TrackPointExtension><gpxtpx:hr>146</gpxtpx:hr></gpxtpx:TrackPointExtension></extensions></trkpt>
      <trkpt lat="50.679014" lon="-120.348586"><ele>352</ele><time>2026-06-17T03:54:14.000Z</time><extensions><gpxtpx:TrackPointExtension><gpxtpx:hr>146</gpxtpx:hr></gpxtpx:TrackPointExtension></extensions></trkpt>
      <trkpt lat="50.679021" lon="-120.348611"><ele>352</ele><time>2026-06-17T03:54:15.000Z</time><extensions><gpxtpx:TrackPointExtension><gpxtpx:hr>146</gpxtpx:hr></gpxtpx:TrackPointExtension></extensions></trkpt>
      <trkpt lat="50.679037" lon="-120.348668"><ele>352</ele><time>2026-06-17T03:54:16.000Z</time><extensions><gpxtpx:TrackPointExtension><gpxtpx:hr>146</gpxtpx:hr></gpxtpx:TrackPointExtension></extensions></trkpt>
      <trkpt lat="50.679042" lon="-120.348688"><ele>352</ele><time>2026-06-17T03:54:17.000Z</time><extensions><gpxtpx:TrackPointExtension><gpxtpx:hr>145</gpxtpx:hr></gpxtpx:TrackPointExtension></extensions></trkpt>
      <trkpt lat="50.67906" lon="-120.348752"><ele>352</ele><time>2026-06-17T03:54:18.000Z</time><extensions><gpxtpx:TrackPointExtension><gpxtpx:hr>145</gpxtpx:hr></gpxtpx:TrackPointExtension></extensions></trkpt>
      <trkpt lat="50.679068" lon="-120.348778"><ele>352</ele><time>2026-06-17T03:54:19.000Z</time><extensions><gpxtpx:TrackPointExtension><gpxtpx:hr>145</gpxtpx:hr></gpxtpx:TrackPointExtension></extensions></trkpt>
      <trkpt lat="50.679075" lon="-120.348803"><ele>352</ele><time>2026-06-17T03:54:20.000Z</time><extensions><gpxtpx:TrackPointExtension><gpxtpx:hr>145</gpxtpx:hr></gpxtpx:TrackPointExtension></extensions></trkpt>
      <trkpt lat="50.679091" lon="-120.348859"><ele>351.8</ele><time>2026-06-17T03:54:21.000Z</time><extensions><gpxtpx:TrackPointExtension><gpxtpx:hr>144</gpxtpx:hr></gpxtpx:TrackPointExtension></extensions></trkpt>
      <trkpt lat="50.679096" lon="-120.348879"><ele>351.8</ele><time>2026-06-17T03:54:22.000Z</time><extensions><gpxtpx:TrackPointExtension><gpxtpx:hr>144</gpxtpx:hr></gpxtpx:TrackPointExtension></extensions></trkpt>
      <trkpt lat="50.679113" lon="-120.348945"><ele>351.8</ele><time>2026-06-17T03:54:23.000Z</time><extensions><gpxtpx:TrackPointExtension><gpxtpx:hr>144</gpxtpx:hr></gpxtpx:TrackPointExtension></extensions></trkpt>
      <trkpt lat="50.679121" lon="-120.348972"><ele>351.8</ele><time>2026-06-17T03:54:24.000Z</time><extensions><gpxtpx:TrackPointExtension><gpxtpx:hr>144</gpxtpx:hr></gpxtpx:TrackPointExtension></extensions></trkpt>
      <trkpt lat="50.679128" lon="-120.348999"><ele>351.8</ele><time>2026-06-17T03:54:25.000Z</time><extensions><gpxtpx:TrackPointExtension><gpxtpx:hr>144</gpxtpx:hr></gpxtpx:TrackPointExtension></extensions></trkpt>
      <trkpt lat="50.679149" lon="-120.349055"><ele>351.8</ele><time>2026-06-17T03:54:26.000Z</time><extensions><gpxtpx:TrackPointExtension><gpxtpx:hr>144</gpxtpx:hr></gpxtpx:TrackPointExtension></extensions></trkpt>
      <trkpt lat="50.679157" lon="-120.349073"><ele>351.8</ele><time>2026-06-17T03:54:27.000Z</time><extensions><gpxtpx:TrackPointExtension><gpxtpx:hr>144</gpxtpx:hr></gpxtpx:TrackPointExtension></extensions></trkpt>
      <trkpt lat="50.679188" lon="-120.349127"><ele>352</ele><time>2026-06-17T03:54:28.000Z</time><extensions><gpxtpx:TrackPointExtension><gpxtpx:hr>144</gpxtpx:hr></gpxtpx:TrackPointExtension></extensions></trkpt>
      <trkpt lat="50.6792" lon="-120.349148"><ele>352</ele><time>2026-06-17T03:54:29.000Z</time><extensions><gpxtpx:TrackPointExtension><gpxtpx:hr>144</gpxtpx:hr></gpxtpx:TrackPointExtension></extensions></trkpt>
      <trkpt lat="50.679213" lon="-120.349169"><ele>352</ele><time>2026-06-17T03:54:30.000Z</time><extensions><gpxtpx:TrackPointExtension><gpxtpx:hr>144</gpxtpx:hr></gpxtpx:TrackPointExtension></extensions></trkpt>
      <trkpt lat="50.679245" lon="-120.349224"><ele>352</ele><time>2026-06-17T03:54:31.000Z</time><extensions><gpxtpx:TrackPointExtension><gpxtpx:hr>144</gpxtpx:hr></gpxtpx:TrackPointExtension></extensions></trkpt>
      <trkpt lat="50.679255" lon="-120.349244"><ele>352</ele><time>2026-06-17T03:54:32.000Z</time><extensions><gpxtpx:TrackPointExtension><gpxtpx:hr>144</gpxtpx:hr></gpxtpx:TrackPointExtension></extensions></trkpt>
      <trkpt lat="50.679285" lon="-120.349307"><ele>352.2</ele><time>2026-06-17T03:54:33.000Z</time><extensions><gpxtpx:TrackPointExtension><gpxtpx:hr>144</gpxtpx:hr></gpxtpx:TrackPointExtension></extensions></trkpt>
      <trkpt lat="50.679295" lon="-120.349331"><ele>352.2</ele><time>2026-06-17T03:54:34.000Z</time><extensions><gpxtpx:TrackPointExtension><gpxtpx:hr>144</gpxtpx:hr></gpxtpx:TrackPointExtension></extensions></trkpt>
      <trkpt lat="50.679306" lon="-120.349356"><ele>352.2</ele><time>2026-06-17T03:54:35.000Z</time><extensions><gpxtpx:TrackPointExtension><gpxtpx:hr>146</gpxtpx:hr></gpxtpx:TrackPointExtension></extensions></trkpt>
      <trkpt lat="50.679327" lon="-120.349414"><ele>352.2</ele><time>2026-06-17T03:54:36.000Z</time><extensions><gpxtpx:TrackPointExtension><gpxtpx:hr>146</gpxtpx:hr></gpxtpx:TrackPointExtension></extensions></trkpt>
      <trkpt lat="50.679333" lon="-120.349434"><ele>352.2</ele><time>2026-06-17T03:54:37.000Z</time><extensions><gpxtpx:TrackPointExtension><gpxtpx:hr>146</gpxtpx:hr></gpxtpx:TrackPointExtension></extensions></trkpt>
      <trkpt lat="50.679355" lon="-120.349495"><ele>352.2</ele><time>2026-06-17T03:54:38.000Z</time><extensions><gpxtpx:TrackPointExtension><gpxtpx:hr>146</gpxtpx:hr></gpxtpx:TrackPointExtension></extensions></trkpt>
      <trkpt lat="50.679364" lon="-120.349517"><ele>352.4</ele><time>2026-06-17T03:54:39.000Z</time><extensions><gpxtpx:TrackPointExtension><gpxtpx:hr>146</gpxtpx:hr></gpxtpx:TrackPointExtension></extensions></trkpt>
      <trkpt lat="50.679373" lon="-120.34954"><ele>352.4</ele><time>2026-06-17T03:54:40.000Z</time><extensions><gpxtpx:TrackPointExtension><gpxtpx:hr>146</gpxtpx:hr></gpxtpx:TrackPointExtension></extensions></trkpt>
      <trkpt lat="50.679393" lon="-120.349599"><ele>352.4</ele><time>2026-06-17T03:54:41.000Z</time><extensions><gpxtpx:TrackPointExtension><gpxtpx:hr>146</gpxtpx:hr></gpxtpx:TrackPointExtension></extensions></trkpt>
      <trkpt lat="50.6794" lon="-120.349622"><ele>352.6</ele><time>2026-06-17T03:54:42.000Z</time><extensions><gpxtpx:TrackPointExtension><gpxtpx:hr>146</gpxtpx:hr></gpxtpx:TrackPointExtension></extensions></trkpt>
      <trkpt lat="50.679407" lon="-120.349646"><ele>352.6</ele><time>2026-06-17T03:54:43.000Z</time><extensions><gpxtpx:TrackPointExtension><gpxtpx:hr>146</gpxtpx:hr></gpxtpx:TrackPointExtension></extensions></trkpt>
      <trkpt lat="50.679423" lon="-120.3497"><ele>352.8</ele><time>2026-06-17T03:54:44.000Z</time><extensions><gpxtpx:TrackPointExtension><gpxtpx:hr>146</gpxtpx:hr></gpxtpx:TrackPointExtension></extensions></trkpt>
      <trkpt lat="50.679428" lon="-120.349718"><ele>352.8</ele><time>2026-06-17T03:54:45.000Z</time><extensions><gpxtpx:TrackPointExtension><gpxtpx:hr>145</gpxtpx:hr></gpxtpx:TrackPointExtension></extensions></trkpt>
      <trkpt lat="50.679446" lon="-120.349774"><ele>353</ele><time>2026-06-17T03:54:46.000Z</time><extensions><gpxtpx:TrackPointExtension><gpxtpx:hr>145</gpxtpx:hr></gpxtpx:TrackPointExtension></extensions></trkpt>
      <trkpt lat="50.679453" lon="-120.349794"><ele>353.2</ele><time>2026-06-17T03:54:47.000Z</time><extensions><gpxtpx:TrackPointExtension><gpxtpx:hr>145</gpxtpx:hr></gpxtpx:TrackPointExtension></extensions></trkpt>
      <trkpt lat="50.67946" lon="-120.349815"><ele>353.2</ele><time>2026-06-17T03:54:48.000Z</time><extensions><gpxtpx:TrackPointExtension><gpxtpx:hr>145</gpxtpx:hr></gpxtpx:TrackPointExtension></extensions></trkpt>
      <trkpt lat="50.679477" lon="-120.349858"><ele>353.4</ele><time>2026-06-17T03:54:49.000Z</time><extensions><gpxtpx:TrackPointExtension><gpxtpx:hr>147</gpxtpx:hr></gpxtpx:TrackPointExtension></extensions></trkpt>
      <trkpt lat="50.679482" lon="-120.349873"><ele>353.6</ele><time>2026-06-17T03:54:50.000Z</time><extensions><gpxtpx:TrackPointExtension><gpxtpx:hr>147</gpxtpx:hr></gpxtpx:TrackPointExtension></extensions></trkpt>
      <trkpt lat="50.6795" lon="-120.349922"><ele>353.8</ele><time>2026-06-17T03:54:51.000Z</time><extensions><gpxtpx:TrackPointExtension><gpxtpx:hr>147</gpxtpx:hr></gpxtpx:TrackPointExtension></extensions></trkpt>
      <trkpt lat="50.679507" lon="-120.349942"><ele>354</ele><time>2026-06-17T03:54:52.000Z</time><extensions><gpxtpx:TrackPointExtension><gpxtpx:hr>147</gpxtpx:hr></gpxtpx:TrackPointExtension></extensions></trkpt>
      <trkpt lat="50.679515" lon="-120.349961"><ele>354</ele><time>2026-06-17T03:54:53.000Z</time><extensions><gpxtpx:TrackPointExtension><gpxtpx:hr>147</gpxtpx:hr></gpxtpx:TrackPointExtension></extensions></trkpt>
      <trkpt lat="50.679532" lon="-120.350004"><ele>354.2</ele><time>2026-06-17T03:54:54.000Z</time><extensions><gpxtpx:TrackPointExtension><gpxtpx:hr>147</gpxtpx:hr></gpxtpx:TrackPointExtension></extensions></trkpt>
      <trkpt lat="50.679537" lon="-120.350018"><ele>354.4</ele><time>2026-06-17T03:54:55.000Z</time><extensions><gpxtpx:TrackPointExtension><gpxtpx:hr>147</gpxtpx:hr></gpxtpx:TrackPointExtension></extensions></trkpt>
      <trkpt lat="50.679555" lon="-120.350063"><ele>354.6</ele><time>2026-06-17T03:54:56.000Z</time><extensions><gpxtpx:TrackPointExtension><gpxtpx:hr>147</gpxtpx:hr></gpxtpx:TrackPointExtension></extensions></trkpt>
      <trkpt lat="50.679562" lon="-120.350081"><ele>354.8</ele><time>2026-06-17T03:54:57.000Z</time><extensions><gpxtpx:TrackPointExtension><gpxtpx:hr>147</gpxtpx:hr></gpxtpx:TrackPointExtension></extensions></trkpt>
      <trkpt lat="50.67957" lon="-120.350098"><ele>355</ele><time>2026-06-17T03:54:58.000Z</time><extensions><gpxtpx:TrackPointExtension><gpxtpx:hr>147</gpxtpx:hr></gpxtpx:TrackPointExtension></extensions></trkpt>
      <trkpt lat="50.679586" lon="-120.350139"><ele>355</ele><time>2026-06-17T03:54:59.000Z</time><extensions><gpxtpx:TrackPointExtension><gpxtpx:hr>146</gpxtpx:hr></gpxtpx:TrackPointExtension></extensions></trkpt>
      <trkpt lat="50.679591" lon="-120.350153"><ele>355.2</ele><time>2026-06-17T03:55:00.000Z</time><extensions><gpxtpx:TrackPointExtension><gpxtpx:hr>146</gpxtpx:hr></gpxtpx:TrackPointExtension></extensions></trkpt>
      <trkpt lat="50.679607" lon="-120.350202"><ele>355.4</ele><time>2026-06-17T03:55:01.000Z</time><extensions><gpxtpx:TrackPointExtension><gpxtpx:hr>146</gpxtpx:hr></gpxtpx:TrackPointExtension></extensions></trkpt>
      <trkpt lat="50.679613" lon="-120.350222"><ele>355.6</ele><time>2026-06-17T03:55:02.000Z</time><extensions><gpxtpx:TrackPointExtension><gpxtpx:hr>146</gpxtpx:hr></gpxtpx:TrackPointExtension></extensions></trkpt>
      <trkpt lat="50.679619" lon="-120.350241"><ele>355.6</ele><time>2026-06-17T03:55:03.000Z</time><extensions><gpxtpx:TrackPointExtension><gpxtpx:hr>144</gpxtpx:hr></gpxtpx:TrackPointExtension></extensions></trkpt>
      <trkpt lat="50.679634" lon="-120.350291"><ele>355.8</ele><time>2026-06-17T03:55:04.000Z</time><extensions><gpxtpx:TrackPointExtension><gpxtpx:hr>144</gpxtpx:hr></gpxtpx:TrackPointExtension></extensions></trkpt>
      <trkpt lat="50.67964" lon="-120.350312"><ele>356</ele><time>2026-06-17T03:55:05.000Z</time><extensions><gpxtpx:TrackPointExtension><gpxtpx:hr>144</gpxtpx:hr></gpxtpx:TrackPointExtension></extensions></trkpt>
      <trkpt lat="50.679645" lon="-120.350332"><ele>356.2</ele><time>2026-06-17T03:55:06.000Z</time><extensions><gpxtpx:TrackPointExtension><gpxtpx:hr>145</gpxtpx:hr></gpxtpx:TrackPointExtension></extensions></trkpt>
      <trkpt lat="50.679657" lon="-120.350377"><ele>356.2</ele><time>2026-06-17T03:55:07.000Z</time><extensions><gpxtpx:TrackPointExtension><gpxtpx:hr>145</gpxtpx:hr></gpxtpx:TrackPointExtension></extensions></trkpt>
      <trkpt lat="50.679661" lon="-120.350393"><ele>356.4</ele><time>2026-06-17T03:55:08.000Z</time><extensions><gpxtpx:TrackPointExtension><gpxtpx:hr>145</gpxtpx:hr></gpxtpx:TrackPointExtension></extensions></trkpt>
      <trkpt lat="50.679676" lon="-120.350441"><ele>356.6</ele><time>2026-06-17T03:55:09.000Z</time><extensions><gpxtpx:TrackPointExtension><gpxtpx:hr>145</gpxtpx:hr></gpxtpx:TrackPointExtension></extensions></trkpt>
      <trkpt lat="50.679681" lon="-120.35046"><ele>356.8</ele><time>2026-06-17T03:55:10.000Z</time><extensions><gpxtpx:TrackPointExtension><gpxtpx:hr>145</gpxtpx:hr></gpxtpx:TrackPointExtension></extensions></trkpt>
      <trkpt lat="50.679687" lon="-120.350478"><ele>356.8</ele><time>2026-06-17T03:55:11.000Z</time><extensions><gpxtpx:TrackPointExtension><gpxtpx:hr>145</gpxtpx:hr></gpxtpx:TrackPointExtension></extensions></trkpt>
      <trkpt lat="50.679701" lon="-120.350517"><ele>357</ele><time>2026-06-17T03:55:12.000Z</time><extensions><gpxtpx:TrackPointExtension><gpxtpx:hr>145</gpxtpx:hr></gpxtpx:TrackPointExtension></extensions></trkpt>
      <trkpt lat="50.679705" lon="-120.350531"><ele>357.2</ele><time>2026-06-17T03:55:13.000Z</time><extensions><gpxtpx:TrackPointExtension><gpxtpx:hr>145</gpxtpx:hr></gpxtpx:TrackPointExtension></extensions></trkpt>
      <trkpt lat="50.679722" lon="-120.35058"><ele>357.4</ele><time>2026-06-17T03:55:14.000Z</time><extensions><gpxtpx:TrackPointExtension><gpxtpx:hr>145</gpxtpx:hr></gpxtpx:TrackPointExtension></extensions></trkpt>
      <trkpt lat="50.679728" lon="-120.350599"><ele>357.4</ele><time>2026-06-17T03:55:15.000Z</time><extensions><gpxtpx:TrackPointExtension><gpxtpx:hr>145</gpxtpx:hr></gpxtpx:TrackPointExtension></extensions></trkpt>
      <trkpt lat="50.679735" lon="-120.350619"><ele>357.6</ele><time>2026-06-17T03:55:16.000Z</time><extensions><gpxtpx:TrackPointExtension><gpxtpx:hr>145</gpxtpx:hr></gpxtpx:TrackPointExtension></extensions></trkpt>
      <trkpt lat="50.679751" lon="-120.350663"><ele>357.8</ele><time>2026-06-17T03:55:17.000Z</time><extensions><gpxtpx:TrackPointExtension><gpxtpx:hr>145</gpxtpx:hr></gpxtpx:TrackPointExtension></extensions></trkpt>
      <trkpt lat="50.679756" lon="-120.350678"><ele>358</ele><time>2026-06-17T03:55:18.000Z</time><extensions><gpxtpx:TrackPointExtension><gpxtpx:hr>145</gpxtpx:hr></gpxtpx:TrackPointExtension></extensions></trkpt>
      <trkpt lat="50.679771" lon="-120.350727"><ele>358</ele><time>2026-06-17T03:55:19.000Z</time><extensions><gpxtpx:TrackPointExtension><gpxtpx:hr>145</gpxtpx:hr></gpxtpx:TrackPointExtension></extensions></trkpt>
      <trkpt lat="50.679778" lon="-120.350746"><ele>358.2</ele><time>2026-06-17T03:55:20.000Z</time><extensions><gpxtpx:TrackPointExtension><gpxtpx:hr>146</gpxtpx:hr></gpxtpx:TrackPointExtension></extensions></trkpt>
      <trkpt lat="50.679784" lon="-120.350765"><ele>358.4</ele><time>2026-06-17T03:55:21.000Z</time><extensions><gpxtpx:TrackPointExtension><gpxtpx:hr>146</gpxtpx:hr></gpxtpx:TrackPointExtension></extensions></trkpt>
      <trkpt lat="50.6798" lon="-120.350807"><ele>358.4</ele><time>2026-06-17T03:55:22.000Z</time><extensions><gpxtpx:TrackPointExtension><gpxtpx:hr>146</gpxtpx:hr></gpxtpx:TrackPointExtension></extensions></trkpt>
      <trkpt lat="50.679805" lon="-120.350821"><ele>358.6</ele><time>2026-06-17T03:55:23.000Z</time><extensions><gpxtpx:TrackPointExtension><gpxtpx:hr>146</gpxtpx:hr></gpxtpx:TrackPointExtension></extensions></trkpt>
      <trkpt lat="50.679824" lon="-120.350866"><ele>358.8</ele><time>2026-06-17T03:55:24.000Z</time><extensions><gpxtpx:TrackPointExtension><gpxtpx:hr>146</gpxtpx:hr></gpxtpx:TrackPointExtension></extensions></trkpt>
      <trkpt lat="50.679831" lon="-120.350884"><ele>359</ele><time>2026-06-17T03:55:25.000Z</time><extensions><gpxtpx:TrackPointExtension><gpxtpx:hr>146</gpxtpx:hr></gpxtpx:TrackPointExtension></extensions></trkpt>
      <trkpt lat="50.679839" lon="-120.350901"><ele>359.2</ele><time>2026-06-17T03:55:26.000Z</time><extensions><gpxtpx:TrackPointExtension><gpxtpx:hr>145</gpxtpx:hr></gpxtpx:TrackPointExtension></extensions></trkpt>
      <trkpt lat="50.679853" lon="-120.350941"><ele>359.2</ele><time>2026-06-17T03:55:27.000Z</time><extensions><gpxtpx:TrackPointExtension><gpxtpx:hr>145</gpxtpx:hr></gpxtpx:TrackPointExtension></extensions></trkpt>
      <trkpt lat="50.679857" lon="-120.350955"><ele>359.4</ele><time>2026-06-17T03:55:28.000Z</time><extensions><gpxtpx:TrackPointExtension><gpxtpx:hr>145</gpxtpx:hr></gpxtpx:TrackPointExtension></extensions></trkpt>
      <trkpt lat="50.679871" lon="-120.351"><ele>359.6</ele><time>2026-06-17T03:55:29.000Z</time><extensions><gpxtpx:TrackPointExtension><gpxtpx:hr>145</gpxtpx:hr></gpxtpx:TrackPointExtension></extensions></trkpt>
      <trkpt lat="50.679877" lon="-120.351018"><ele>359.6</ele><time>2026-06-17T03:55:30.000Z</time><extensions><gpxtpx:TrackPointExtension><gpxtpx:hr>145</gpxtpx:hr></gpxtpx:TrackPointExtension></extensions></trkpt>
      <trkpt lat="50.679883" lon="-120.351035"><ele>359.8</ele><time>2026-06-17T03:55:31.000Z</time><extensions><gpxtpx:TrackPointExtension><gpxtpx:hr>145</gpxtpx:hr></gpxtpx:TrackPointExtension></extensions></trkpt>
      <trkpt lat="50.679902" lon="-120.351072"><ele>360</ele><time>2026-06-17T03:55:32.000Z</time><extensions><gpxtpx:TrackPointExtension><gpxtpx:hr>145</gpxtpx:hr></gpxtpx:TrackPointExtension></extensions></trkpt>
      <trkpt lat="50.679911" lon="-120.351086"><ele>360</ele><time>2026-06-17T03:55:33.000Z</time><extensions><gpxtpx:TrackPointExtension><gpxtpx:hr>145</gpxtpx:hr></gpxtpx:TrackPointExtension></extensions></trkpt>
      <trkpt lat="50.679919" lon="-120.3511"><ele>360.2</ele><time>2026-06-17T03:55:34.000Z</time><extensions><gpxtpx:TrackPointExtension><gpxtpx:hr>146</gpxtpx:hr></gpxtpx:TrackPointExtension></extensions></trkpt>
      <trkpt lat="50.679945" lon="-120.351118"><ele>360.4</ele><time>2026-06-17T03:55:35.000Z</time><extensions><gpxtpx:TrackPointExtension><gpxtpx:hr>146</gpxtpx:hr></gpxtpx:TrackPointExtension></extensions></trkpt>
      <trkpt lat="50.679954" lon="-120.351121"><ele>360.4</ele><time>2026-06-17T03:55:36.000Z</time><extensions><gpxtpx:TrackPointExtension><gpxtpx:hr>146</gpxtpx:hr></gpxtpx:TrackPointExtension></extensions></trkpt>
      <trkpt lat="50.679991" lon="-120.351101"><ele>360.6</ele><time>2026-06-17T03:55:37.000Z</time><extensions><gpxtpx:TrackPointExtension><gpxtpx:hr>146</gpxtpx:hr></gpxtpx:TrackPointExtension></extensions></trkpt>
      <trkpt lat="50.680005" lon="-120.351089"><ele>360.6</ele><time>2026-06-17T03:55:38.000Z</time><extensions><gpxtpx:TrackPointExtension><gpxtpx:hr>146</gpxtpx:hr></gpxtpx:TrackPointExtension></extensions></trkpt>
      <trkpt lat="50.68002" lon="-120.351076"><ele>360.8</ele><time>2026-06-17T03:55:39.000Z</time><extensions><gpxtpx:TrackPointExtension><gpxtpx:hr>147</gpxtpx:hr></gpxtpx:TrackPointExtension></extensions></trkpt>
      <trkpt lat="50.680056" lon="-120.351046"><ele>361</ele><time>2026-06-17T03:55:40.000Z</time><extensions><gpxtpx:TrackPointExtension><gpxtpx:hr>147</gpxtpx:hr></gpxtpx:TrackPointExtension></extensions></trkpt>
      <trkpt lat="50.680068" lon="-120.351036"><ele>361</ele><time>2026-06-17T03:55:41.000Z</time><extensions><gpxtpx:TrackPointExtension><gpxtpx:hr>147</gpxtpx:hr></gpxtpx:TrackPointExtension></extensions></trkpt>
      <trkpt lat="50.68011" lon="-120.351006"><ele>361.2</ele><time>2026-06-17T03:55:42.000Z</time><extensions><gpxtpx:TrackPointExtension><gpxtpx:hr>147</gpxtpx:hr></gpxtpx:TrackPointExtension></extensions></trkpt>
      <trkpt lat="50.680128" lon="-120.350994"><ele>361.2</ele><time>2026-06-17T03:55:43.000Z</time><extensions><gpxtpx:TrackPointExtension><gpxtpx:hr>147</gpxtpx:hr></gpxtpx:TrackPointExtension></extensions></trkpt>
      <trkpt lat="50.680145" lon="-120.350982"><ele>361.4</ele><time>2026-06-17T03:55:44.000Z</time><extensions><gpxtpx:TrackPointExtension><gpxtpx:hr>147</gpxtpx:hr></gpxtpx:TrackPointExtension></extensions></trkpt>
      <trkpt lat="50.680184" lon="-120.350956"><ele>361.4</ele><time>2026-06-17T03:55:45.000Z</time><extensions><gpxtpx:TrackPointExtension><gpxtpx:hr>147</gpxtpx:hr></gpxtpx:TrackPointExtension></extensions></trkpt>
      <trkpt lat="50.680196" lon="-120.350948"><ele>361.6</ele><time>2026-06-17T03:55:46.000Z</time><extensions><gpxtpx:TrackPointExtension><gpxtpx:hr>147</gpxtpx:hr></gpxtpx:TrackPointExtension></extensions></trkpt>
      <trkpt lat="50.680239" lon="-120.350918"><ele>361.6</ele><time>2026-06-17T03:55:47.000Z</time><extensions><gpxtpx:TrackPointExtension><gpxtpx:hr>147</gpxtpx:hr></gpxtpx:TrackPointExtension></extensions></trkpt>
      <trkpt lat="50.680255" lon="-120.350906"><ele>361.6</ele><time>2026-06-17T03:55:48.000Z</time><extensions><gpxtpx:TrackPointExtension><gpxtpx:hr>147</gpxtpx:hr></gpxtpx:TrackPointExtension></extensions></trkpt>
      <trkpt lat="50.680272" lon="-120.350894"><ele>361.6</ele><time>2026-06-17T03:55:49.000Z</time><extensions><gpxtpx:TrackPointExtension><gpxtpx:hr>145</gpxtpx:hr></gpxtpx:TrackPointExtension></extensions></trkpt>
      <trkpt lat="50.680306" lon="-120.350865"><ele>361.4</ele><time>2026-06-17T03:55:50.000Z</time><extensions><gpxtpx:TrackPointExtension><gpxtpx:hr>145</gpxtpx:hr></gpxtpx:TrackPointExtension></extensions></trkpt>
      <trkpt lat="50.680317" lon="-120.350855"><ele>361.4</ele><time>2026-06-17T03:55:51.000Z</time><extensions><gpxtpx:TrackPointExtension><gpxtpx:hr>145</gpxtpx:hr></gpxtpx:TrackPointExtension></extensions></trkpt>
      <trkpt lat="50.680353" lon="-120.350826"><ele>361.2</ele><time>2026-06-17T03:55:52.000Z</time><extensions><gpxtpx:TrackPointExtension><gpxtpx:hr>145</gpxtpx:hr></gpxtpx:TrackPointExtension></extensions></trkpt>
      <trkpt lat="50.680368" lon="-120.350816"><ele>361</ele><time>2026-06-17T03:55:53.000Z</time><extensions><gpxtpx:TrackPointExtension><gpxtpx:hr>145</gpxtpx:hr></gpxtpx:TrackPointExtension></extensions></trkpt>
      <trkpt lat="50.680382" lon="-120.350805"><ele>360.8</ele><time>2026-06-17T03:55:54.000Z</time><extensions><gpxtpx:TrackPointExtension><gpxtpx:hr>145</gpxtpx:hr></gpxtpx:TrackPointExtension></extensions></trkpt>
      <trkpt lat="50.680412" lon="-120.350783"><ele>360.4</ele><time>2026-06-17T03:55:55.000Z</time><extensions><gpxtpx:TrackPointExtension><gpxtpx:hr>145</gpxtpx:hr></gpxtpx:TrackPointExtension></extensions></trkpt>
      <trkpt lat="50.680421" lon="-120.350775"><ele>360.2</ele><time>2026-06-17T03:55:56.000Z</time><extensions><gpxtpx:TrackPointExtension><gpxtpx:hr>145</gpxtpx:hr></gpxtpx:TrackPointExtension></extensions></trkpt>
      <trkpt lat="50.68043" lon="-120.350768"><ele>361.6</ele><time>2026-06-17T03:59:27.000Z</time><extensions><gpxtpx:TrackPointExtension><gpxtpx:hr>93</gpxtpx:hr></gpxtpx:TrackPointExtension></extensions></trkpt>
      <trkpt lat="50.680439" lon="-120.35076"><ele>361</ele><time>2026-06-17T03:59:28.000Z</time><extensions><gpxtpx:TrackPointExtension><gpxtpx:hr>93</gpxtpx:hr></gpxtpx:TrackPointExtension></extensions></trkpt>
      <trkpt lat="50.680448" lon="-120.350753"><ele>360.4</ele><time>2026-06-17T03:59:29.000Z</time><extensions><gpxtpx:TrackPointExtension><gpxtpx:hr>93</gpxtpx:hr></gpxtpx:TrackPointExtension></extensions></trkpt>
      <trkpt lat="50.680457" lon="-120.350745"><ele>360</ele><time>2026-06-17T03:59:30.000Z</time><extensions><gpxtpx:TrackPointExtension><gpxtpx:hr>93</gpxtpx:hr></gpxtpx:TrackPointExtension></extensions></trkpt>
      <trkpt lat="50.680466" lon="-120.350738"><ele>359.6</ele><time>2026-06-17T03:59:31.000Z</time><extensions><gpxtpx:TrackPointExtension><gpxtpx:hr>95</gpxtpx:hr></gpxtpx:TrackPointExtension></extensions></trkpt>
      <trkpt lat="50.680448" lon="-120.350755"><ele>359.2</ele><time>2026-06-17T03:59:32.000Z</time><extensions><gpxtpx:TrackPointExtension><gpxtpx:hr>95</gpxtpx:hr></gpxtpx:TrackPointExtension></extensions></trkpt>
      <trkpt lat="50.680441" lon="-120.350761"><ele>359</ele><time>2026-06-17T03:59:33.000Z</time><extensions><gpxtpx:TrackPointExtension><gpxtpx:hr>95</gpxtpx:hr></gpxtpx:TrackPointExtension></extensions></trkpt>
      <trkpt lat="50.680413" lon="-120.350784"><ele>358.8</ele><time>2026-06-17T03:59:34.000Z</time><extensions><gpxtpx:TrackPointExtension><gpxtpx:hr>95</gpxtpx:hr></gpxtpx:TrackPointExtension></extensions></trkpt>
      <trkpt lat="50.680401" lon="-120.350794"><ele>358.8</ele><time>2026-06-17T03:59:35.000Z</time><extensions><gpxtpx:TrackPointExtension><gpxtpx:hr>95</gpxtpx:hr></gpxtpx:TrackPointExtension></extensions></trkpt>
      <trkpt lat="50.680389" lon="-120.350804"><ele>358.8</ele><time>2026-06-17T03:59:36.000Z</time><extensions><gpxtpx:TrackPointExtension><gpxtpx:hr>95</gpxtpx:hr></gpxtpx:TrackPointExtension></extensions></trkpt>
      <trkpt lat="50.680359" lon="-120.350828"><ele>358.8</ele><time>2026-06-17T03:59:37.000Z</time><extensions><gpxtpx:TrackPointExtension><gpxtpx:hr>95</gpxtpx:hr></gpxtpx:TrackPointExtension></extensions></trkpt>
      <trkpt lat="50.680348" lon="-120.350835"><ele>358.8</ele><time>2026-06-17T03:59:38.000Z</time><extensions><gpxtpx:TrackPointExtension><gpxtpx:hr>95</gpxtpx:hr></gpxtpx:TrackPointExtension></extensions></trkpt>
      <trkpt lat="50.680313" lon="-120.35086"><ele>358.8</ele><time>2026-06-17T03:59:39.000Z</time><extensions><gpxtpx:TrackPointExtension><gpxtpx:hr>101</gpxtpx:hr></gpxtpx:TrackPointExtension></extensions></trkpt>
      <trkpt lat="50.680298" lon="-120.350869"><ele>359</ele><time>2026-06-17T03:59:40.000Z</time><extensions><gpxtpx:TrackPointExtension><gpxtpx:hr>101</gpxtpx:hr></gpxtpx:TrackPointExtension></extensions></trkpt>
      <trkpt lat="50.680284" lon="-120.350879"><ele>359</ele><time>2026-06-17T03:59:41.000Z</time><extensions><gpxtpx:TrackPointExtension><gpxtpx:hr>102</gpxtpx:hr></gpxtpx:TrackPointExtension></extensions></trkpt>
      <trkpt lat="50.680252" lon="-120.350903"><ele>359</ele><time>2026-06-17T03:59:42.000Z</time><extensions><gpxtpx:TrackPointExtension><gpxtpx:hr>102</gpxtpx:hr></gpxtpx:TrackPointExtension></extensions></trkpt>
      <trkpt lat="50.680241" lon="-120.350911"><ele>359</ele><time>2026-06-17T03:59:43.000Z</time><extensions><gpxtpx:TrackPointExtension><gpxtpx:hr>102</gpxtpx:hr></gpxtpx:TrackPointExtension></extensions></trkpt>
      <trkpt lat="50.680204" lon="-120.350938"><ele>359.2</ele><time>2026-06-17T03:59:44.000Z</time><extensions><gpxtpx:TrackPointExtension><gpxtpx:hr>102</gpxtpx:hr></gpxtpx:TrackPointExtension></extensions></trkpt>
      <trkpt lat="50.680189" lon="-120.350949"><ele>359.2</ele><time>2026-06-17T03:59:45.000Z</time><extensions><gpxtpx:TrackPointExtension><gpxtpx:hr>102</gpxtpx:hr></gpxtpx:TrackPointExtension></extensions></trkpt>
      <trkpt lat="50.680174" lon="-120.35096"><ele>359.2</ele><time>2026-06-17T03:59:46.000Z</time><extensions><gpxtpx:TrackPointExtension><gpxtpx:hr>102</gpxtpx:hr></gpxtpx:TrackPointExtension></extensions></trkpt>
      <trkpt lat="50.68014" lon="-120.350984"><ele>359.4</ele><time>2026-06-17T03:59:47.000Z</time><extensions><gpxtpx:TrackPointExtension><gpxtpx:hr>102</gpxtpx:hr></gpxtpx:TrackPointExtension></extensions></trkpt>
      <trkpt lat="50.680128" lon="-120.350992"><ele>359.4</ele><time>2026-06-17T03:59:48.000Z</time><extensions><gpxtpx:TrackPointExtension><gpxtpx:hr>102</gpxtpx:hr></gpxtpx:TrackPointExtension></extensions></trkpt>
      <trkpt lat="50.680089" lon="-120.351013"><ele>359.4</ele><time>2026-06-17T03:59:49.000Z</time><extensions><gpxtpx:TrackPointExtension><gpxtpx:hr>102</gpxtpx:hr></gpxtpx:TrackPointExtension></extensions></trkpt>
      <trkpt lat="50.680072" lon="-120.35102"><ele>359.4</ele><time>2026-06-17T03:59:50.000Z</time><extensions><gpxtpx:TrackPointExtension><gpxtpx:hr>106</gpxtpx:hr></gpxtpx:TrackPointExtension></extensions></trkpt>
      <trkpt lat="50.680056" lon="-120.351026"><ele>359.4</ele><time>2026-06-17T03:59:51.000Z</time><extensions><gpxtpx:TrackPointExtension><gpxtpx:hr>106</gpxtpx:hr></gpxtpx:TrackPointExtension></extensions></trkpt>
      <trkpt lat="50.680016" lon="-120.351045"><ele>359.6</ele><time>2026-06-17T03:59:52.000Z</time><extensions><gpxtpx:TrackPointExtension><gpxtpx:hr>106</gpxtpx:hr></gpxtpx:TrackPointExtension></extensions></trkpt>
      <trkpt lat="50.68" lon="-120.351052"><ele>359.6</ele><time>2026-06-17T03:59:53.000Z</time><extensions><gpxtpx:TrackPointExtension><gpxtpx:hr>106</gpxtpx:hr></gpxtpx:TrackPointExtension></extensions></trkpt>
      <trkpt lat="50.679984" lon="-120.351059"><ele>359.6</ele><time>2026-06-17T03:59:54.000Z</time><extensions><gpxtpx:TrackPointExtension><gpxtpx:hr>106</gpxtpx:hr></gpxtpx:TrackPointExtension></extensions></trkpt>
      <trkpt lat="50.679947" lon="-120.351059"><ele>359.6</ele><time>2026-06-17T03:59:55.000Z</time><extensions><gpxtpx:TrackPointExtension><gpxtpx:hr>109</gpxtpx:hr></gpxtpx:TrackPointExtension></extensions></trkpt>
      <trkpt lat="50.679935" lon="-120.351055"><ele>359.6</ele><time>2026-06-17T03:59:56.000Z</time><extensions><gpxtpx:TrackPointExtension><gpxtpx:hr>109</gpxtpx:hr></gpxtpx:TrackPointExtension></extensions></trkpt>
      <trkpt lat="50.6799" lon="-120.351014"><ele>359.6</ele><time>2026-06-17T03:59:57.000Z</time><extensions><gpxtpx:TrackPointExtension><gpxtpx:hr>110</gpxtpx:hr></gpxtpx:TrackPointExtension></extensions></trkpt>
      <trkpt lat="50.679887" lon="-120.350994"><ele>359.6</ele><time>2026-06-17T03:59:58.000Z</time><extensions><gpxtpx:TrackPointExtension><gpxtpx:hr>110</gpxtpx:hr></gpxtpx:TrackPointExtension></extensions></trkpt>
      <trkpt lat="50.679875" lon="-120.350973"><ele>359.6</ele><time>2026-06-17T03:59:59.000Z</time><extensions><gpxtpx:TrackPointExtension><gpxtpx:hr>110</gpxtpx:hr></gpxtpx:TrackPointExtension></extensions></trkpt>
      <trkpt lat="50.679847" lon="-120.3509"><ele>359.6</ele><time>2026-06-17T04:00:00.000Z</time><extensions><gpxtpx:TrackPointExtension><gpxtpx:hr>110</gpxtpx:hr></gpxtpx:TrackPointExtension></extensions></trkpt>
      <trkpt lat="50.679838" lon="-120.350873"><ele>359.4</ele><time>2026-06-17T04:00:01.000Z</time><extensions><gpxtpx:TrackPointExtension><gpxtpx:hr>110</gpxtpx:hr></gpxtpx:TrackPointExtension></extensions></trkpt>
      <trkpt lat="50.679809" lon="-120.350789"><ele>359.4</ele><time>2026-06-17T04:00:02.000Z</time><extensions><gpxtpx:TrackPointExtension><gpxtpx:hr>110</gpxtpx:hr></gpxtpx:TrackPointExtension></extensions></trkpt>
      <trkpt lat="50.679799" lon="-120.350758"><ele>359.2</ele><time>2026-06-17T04:00:03.000Z</time><extensions><gpxtpx:TrackPointExtension><gpxtpx:hr>114</gpxtpx:hr></gpxtpx:TrackPointExtension></extensions></trkpt>
      <trkpt lat="50.679789" lon="-120.350728"><ele>359.2</ele><time>2026-06-17T04:00:04.000Z</time><extensions><gpxtpx:TrackPointExtension><gpxtpx:hr>114</gpxtpx:hr></gpxtpx:TrackPointExtension></extensions></trkpt>
      <trkpt lat="50.679769" lon="-120.350663"><ele>359</ele><time>2026-06-17T04:00:05.000Z</time><extensions><gpxtpx:TrackPointExtension><gpxtpx:hr>114</gpxtpx:hr></gpxtpx:TrackPointExtension></extensions></trkpt>
      <trkpt lat="50.679762" lon="-120.350642"><ele>358.8</ele><time>2026-06-17T04:00:06.000Z</time><extensions><gpxtpx:TrackPointExtension><gpxtpx:hr>116</gpxtpx:hr></gpxtpx:TrackPointExtension></extensions></trkpt>
      <trkpt lat="50.679739" lon="-120.35057"><ele>358.6</ele><time>2026-06-17T04:00:07.000Z</time><extensions><gpxtpx:TrackPointExtension><gpxtpx:hr>116</gpxtpx:hr></gpxtpx:TrackPointExtension></extensions></trkpt>
      <trkpt lat="50.679729" lon="-120.350542"><ele>358.4</ele><time>2026-06-17T04:00:08.000Z</time><extensions><gpxtpx:TrackPointExtension><gpxtpx:hr>116</gpxtpx:hr></gpxtpx:TrackPointExtension></extensions></trkpt>
      <trkpt lat="50.679719" lon="-120.350513"><ele>358.2</ele><time>2026-06-17T04:00:09.000Z</time><extensions><gpxtpx:TrackPointExtension><gpxtpx:hr>116</gpxtpx:hr></gpxtpx:TrackPointExtension></extensions></trkpt>
      <trkpt lat="50.679694" lon="-120.350447"><ele>358</ele><time>2026-06-17T04:00:10.000Z</time><extensions><gpxtpx:TrackPointExtension><gpxtpx:hr>116</gpxtpx:hr></gpxtpx:TrackPointExtension></extensions></trkpt>
      <trkpt lat="50.679686" lon="-120.350425"><ele>357.6</ele><time>2026-06-17T04:00:11.000Z</time><extensions><gpxtpx:TrackPointExtension><gpxtpx:hr>118</gpxtpx:hr></gpxtpx:TrackPointExtension></extensions></trkpt>
      <trkpt lat="50.679662" lon="-120.350351"><ele>357.4</ele><time>2026-06-17T04:00:12.000Z</time><extensions><gpxtpx:TrackPointExtension><gpxtpx:hr>118</gpxtpx:hr></gpxtpx:TrackPointExtension></extensions></trkpt>
      <trkpt lat="50.679654" lon="-120.350321"><ele>357.2</ele><time>2026-06-17T04:00:13.000Z</time><extensions><gpxtpx:TrackPointExtension><gpxtpx:hr>118</gpxtpx:hr></gpxtpx:TrackPointExtension></extensions></trkpt>
      <trkpt lat="50.679645" lon="-120.350292"><ele>357</ele><time>2026-06-17T04:00:14.000Z</time><extensions><gpxtpx:TrackPointExtension><gpxtpx:hr>118</gpxtpx:hr></gpxtpx:TrackPointExtension></extensions></trkpt>
      <trkpt lat="50.679624" lon="-120.350225"><ele>356.8</ele><time>2026-06-17T04:00:15.000Z</time><extensions><gpxtpx:TrackPointExtension><gpxtpx:hr>118</gpxtpx:hr></gpxtpx:TrackPointExtension></extensions></trkpt>
      <trkpt lat="50.679617" lon="-120.350203"><ele>356.6</ele><time>2026-06-17T04:00:16.000Z</time><extensions><gpxtpx:TrackPointExtension><gpxtpx:hr>123</gpxtpx:hr></gpxtpx:TrackPointExtension></extensions></trkpt>
      <trkpt lat="50.679596" lon="-120.350125"><ele>356.4</ele><time>2026-06-17T04:00:17.000Z</time><extensions><gpxtpx:TrackPointExtension><gpxtpx:hr>123</gpxtpx:hr></gpxtpx:TrackPointExtension></extensions></trkpt>
      <trkpt lat="50.679587" lon="-120.350093"><ele>356.2</ele><time>2026-06-17T04:00:18.000Z</time><extensions><gpxtpx:TrackPointExtension><gpxtpx:hr>123</gpxtpx:hr></gpxtpx:TrackPointExtension></extensions></trkpt>
      <trkpt lat="50.679578" lon="-120.350061"><ele>355.8</ele><time>2026-06-17T04:00:19.000Z</time><extensions><gpxtpx:TrackPointExtension><gpxtpx:hr>123</gpxtpx:hr></gpxtpx:TrackPointExtension></extensions></trkpt>
      <trkpt lat="50.679552" lon="-120.349988"><ele>355.6</ele><time>2026-06-17T04:00:20.000Z</time><extensions><gpxtpx:TrackPointExtension><gpxtpx:hr>123</gpxtpx:hr></gpxtpx:TrackPointExtension></extensions></trkpt>
      <trkpt lat="50.679541" lon="-120.349959"><ele>355.4</ele><time>2026-06-17T04:00:21.000Z</time><extensions><gpxtpx:TrackPointExtension><gpxtpx:hr>123</gpxtpx:hr></gpxtpx:TrackPointExtension></extensions></trkpt>
      <trkpt lat="50.679531" lon="-120.34993"><ele>355.2</ele><time>2026-06-17T04:00:22.000Z</time><extensions><gpxtpx:TrackPointExtension><gpxtpx:hr>129</gpxtpx:hr></gpxtpx:TrackPointExtension></extensions></trkpt>
      <trkpt lat="50.67951" lon="-120.349862"><ele>355</ele><time>2026-06-17T04:00:23.000Z</time><extensions><gpxtpx:TrackPointExtension><gpxtpx:hr>129</gpxtpx:hr></gpxtpx:TrackPointExtension></extensions></trkpt>
      <trkpt lat="50.679502" lon="-120.34984"><ele>354.8</ele><time>2026-06-17T04:00:24.000Z</time><extensions><gpxtpx:TrackPointExtension><gpxtpx:hr>129</gpxtpx:hr></gpxtpx:TrackPointExtension></extensions></trkpt>
      <trkpt lat="50.679477" lon="-120.349766"><ele>354.6</ele><time>2026-06-17T04:00:25.000Z</time><extensions><gpxtpx:TrackPointExtension><gpxtpx:hr>129</gpxtpx:hr></gpxtpx:TrackPointExtension></extensions></trkpt>
      <trkpt lat="50.679466" lon="-120.349735"><ele>354.4</ele><time>2026-06-17T04:00:26.000Z</time><extensions><gpxtpx:TrackPointExtension><gpxtpx:hr>129</gpxtpx:hr></gpxtpx:TrackPointExtension></extensions></trkpt>
      <trkpt lat="50.679456" lon="-120.349705"><ele>354</ele><time>2026-06-17T04:00:27.000Z</time><extensions><gpxtpx:TrackPointExtension><gpxtpx:hr>129</gpxtpx:hr></gpxtpx:TrackPointExtension></extensions></trkpt>
      <trkpt lat="50.67943" lon="-120.349634"><ele>353.8</ele><time>2026-06-17T04:00:28.000Z</time><extensions><gpxtpx:TrackPointExtension><gpxtpx:hr>129</gpxtpx:hr></gpxtpx:TrackPointExtension></extensions></trkpt>
      <trkpt lat="50.679422" lon="-120.34961"><ele>353.6</ele><time>2026-06-17T04:00:29.000Z</time><extensions><gpxtpx:TrackPointExtension><gpxtpx:hr>129</gpxtpx:hr></gpxtpx:TrackPointExtension></extensions></trkpt>
      <trkpt lat="50.679398" lon="-120.349527"><ele>353.4</ele><time>2026-06-17T04:00:30.000Z</time><extensions><gpxtpx:TrackPointExtension><gpxtpx:hr>129</gpxtpx:hr></gpxtpx:TrackPointExtension></extensions></trkpt>
      <trkpt lat="50.679388" lon="-120.349493"><ele>353.2</ele><time>2026-06-17T04:00:31.000Z</time><extensions><gpxtpx:TrackPointExtension><gpxtpx:hr>135</gpxtpx:hr></gpxtpx:TrackPointExtension></extensions></trkpt>
      <trkpt lat="50.679379" lon="-120.349459"><ele>353</ele><time>2026-06-17T04:00:32.000Z</time><extensions><gpxtpx:TrackPointExtension><gpxtpx:hr>135</gpxtpx:hr></gpxtpx:TrackPointExtension></extensions></trkpt>
      <trkpt lat="50.679347" lon="-120.349365"><ele>352.6</ele><time>2026-06-17T04:00:33.000Z</time><extensions><gpxtpx:TrackPointExtension><gpxtpx:hr>135</gpxtpx:hr></gpxtpx:TrackPointExtension></extensions></trkpt>
      <trkpt lat="50.67933" lon="-120.349321"><ele>352.2</ele><time>2026-06-17T04:00:34.000Z</time><extensions><gpxtpx:TrackPointExtension><gpxtpx:hr>135</gpxtpx:hr></gpxtpx:TrackPointExtension></extensions></trkpt>
      <trkpt lat="50.6793" lon="-120.349254"><ele>352</ele><time>2026-06-17T04:00:35.000Z</time><extensions><gpxtpx:TrackPointExtension><gpxtpx:hr>135</gpxtpx:hr></gpxtpx:TrackPointExtension></extensions></trkpt>
      <trkpt lat="50.679286" lon="-120.349228"><ele>351.8</ele><time>2026-06-17T04:00:36.000Z</time><extensions><gpxtpx:TrackPointExtension><gpxtpx:hr>135</gpxtpx:hr></gpxtpx:TrackPointExtension></extensions></trkpt>
      <trkpt lat="50.679273" lon="-120.349203"><ele>351.6</ele><time>2026-06-17T04:00:37.000Z</time><extensions><gpxtpx:TrackPointExtension><gpxtpx:hr>135</gpxtpx:hr></gpxtpx:TrackPointExtension></extensions></trkpt>
      <trkpt lat="50.679238" lon="-120.349154"><ele>351.6</ele><time>2026-06-17T04:00:38.000Z</time><extensions><gpxtpx:TrackPointExtension><gpxtpx:hr>135</gpxtpx:hr></gpxtpx:TrackPointExtension></extensions></trkpt>
      <trkpt lat="50.679226" lon="-120.349139"><ele>351.4</ele><time>2026-06-17T04:00:39.000Z</time><extensions><gpxtpx:TrackPointExtension><gpxtpx:hr>135</gpxtpx:hr></gpxtpx:TrackPointExtension></extensions></trkpt>
      <trkpt lat="50.679191" lon="-120.349094"><ele>351.2</ele><time>2026-06-17T04:00:40.000Z</time><extensions><gpxtpx:TrackPointExtension><gpxtpx:hr>135</gpxtpx:hr></gpxtpx:TrackPointExtension></extensions></trkpt>
      <trkpt lat="50.679179" lon="-120.349074"><ele>351.2</ele><time>2026-06-17T04:00:41.000Z</time><extensions><gpxtpx:TrackPointExtension><gpxtpx:hr>135</gpxtpx:hr></gpxtpx:TrackPointExtension></extensions></trkpt>
      <trkpt lat="50.679166" lon="-120.349055"><ele>351</ele><time>2026-06-17T04:00:42.000Z</time><extensions><gpxtpx:TrackPointExtension><gpxtpx:hr>135</gpxtpx:hr></gpxtpx:TrackPointExtension></extensions></trkpt>
      <trkpt lat="50.679143" lon="-120.349003"><ele>351</ele><time>2026-06-17T04:00:43.000Z</time><extensions><gpxtpx:TrackPointExtension><gpxtpx:hr>136</gpxtpx:hr></gpxtpx:TrackPointExtension></extensions></trkpt>
      <trkpt lat="50.679135" lon="-120.348985"><ele>351</ele><time>2026-06-17T04:00:44.000Z</time><extensions><gpxtpx:TrackPointExtension><gpxtpx:hr>136</gpxtpx:hr></gpxtpx:TrackPointExtension></extensions></trkpt>
      <trkpt lat="50.679116" lon="-120.34892"><ele>350.8</ele><time>2026-06-17T04:00:45.000Z</time><extensions><gpxtpx:TrackPointExtension><gpxtpx:hr>136</gpxtpx:hr></gpxtpx:TrackPointExtension></extensions></trkpt>
      <trkpt lat="50.679109" lon="-120.348893"><ele>350.8</ele><time>2026-06-17T04:00:46.000Z</time><extensions><gpxtpx:TrackPointExtension><gpxtpx:hr>136</gpxtpx:hr></gpxtpx:TrackPointExtension></extensions></trkpt>
      <trkpt lat="50.679103" lon="-120.348866"><ele>350.8</ele><time>2026-06-17T04:00:47.000Z</time><extensions><gpxtpx:TrackPointExtension><gpxtpx:hr>136</gpxtpx:hr></gpxtpx:TrackPointExtension></extensions></trkpt>
      <trkpt lat="50.679089" lon="-120.348795"><ele>350.8</ele><time>2026-06-17T04:00:48.000Z</time><extensions><gpxtpx:TrackPointExtension><gpxtpx:hr>136</gpxtpx:hr></gpxtpx:TrackPointExtension></extensions></trkpt>
      <trkpt lat="50.679083" lon="-120.348767"><ele>350.8</ele><time>2026-06-17T04:00:49.000Z</time><extensions><gpxtpx:TrackPointExtension><gpxtpx:hr>136</gpxtpx:hr></gpxtpx:TrackPointExtension></extensions></trkpt>
      <trkpt lat="50.679077" lon="-120.348738"><ele>350.8</ele><time>2026-06-17T04:00:50.000Z</time><extensions><gpxtpx:TrackPointExtension><gpxtpx:hr>136</gpxtpx:hr></gpxtpx:TrackPointExtension></extensions></trkpt>
      <trkpt lat="50.679059" lon="-120.348674"><ele>350.8</ele><time>2026-06-17T04:00:51.000Z</time><extensions><gpxtpx:TrackPointExtension><gpxtpx:hr>137</gpxtpx:hr></gpxtpx:TrackPointExtension></extensions></trkpt>
      <trkpt lat="50.679052" lon="-120.348653"><ele>350.8</ele><time>2026-06-17T04:00:52.000Z</time><extensions><gpxtpx:TrackPointExtension><gpxtpx:hr>137</gpxtpx:hr></gpxtpx:TrackPointExtension></extensions></trkpt>
      <trkpt lat="50.679032" lon="-120.348583"><ele>350.8</ele><time>2026-06-17T04:00:53.000Z</time><extensions><gpxtpx:TrackPointExtension><gpxtpx:hr>137</gpxtpx:hr></gpxtpx:TrackPointExtension></extensions></trkpt>
      <trkpt lat="50.679025" lon="-120.348554"><ele>350.8</ele><time>2026-06-17T04:00:54.000Z</time><extensions><gpxtpx:TrackPointExtension><gpxtpx:hr>137</gpxtpx:hr></gpxtpx:TrackPointExtension></extensions></trkpt>
      <trkpt lat="50.679017" lon="-120.348526"><ele>350.8</ele><time>2026-06-17T04:00:55.000Z</time><extensions><gpxtpx:TrackPointExtension><gpxtpx:hr>137</gpxtpx:hr></gpxtpx:TrackPointExtension></extensions></trkpt>
      <trkpt lat="50.678998" lon="-120.348461"><ele>350.8</ele><time>2026-06-17T04:00:56.000Z</time><extensions><gpxtpx:TrackPointExtension><gpxtpx:hr>137</gpxtpx:hr></gpxtpx:TrackPointExtension></extensions></trkpt>
      <trkpt lat="50.678991" lon="-120.34844"><ele>350.8</ele><time>2026-06-17T04:00:57.000Z</time><extensions><gpxtpx:TrackPointExtension><gpxtpx:hr>137</gpxtpx:hr></gpxtpx:TrackPointExtension></extensions></trkpt>
      <trkpt lat="50.678969" lon="-120.348369"><ele>350.8</ele><time>2026-06-17T04:00:58.000Z</time><extensions><gpxtpx:TrackPointExtension><gpxtpx:hr>137</gpxtpx:hr></gpxtpx:TrackPointExtension></extensions></trkpt>
      <trkpt lat="50.678962" lon="-120.348342"><ele>350.8</ele><time>2026-06-17T04:00:59.000Z</time><extensions><gpxtpx:TrackPointExtension><gpxtpx:hr>137</gpxtpx:hr></gpxtpx:TrackPointExtension></extensions></trkpt>
      <trkpt lat="50.678954" lon="-120.348314"><ele>350.8</ele><time>2026-06-17T04:01:00.000Z</time><extensions><gpxtpx:TrackPointExtension><gpxtpx:hr>136</gpxtpx:hr></gpxtpx:TrackPointExtension></extensions></trkpt>
      <trkpt lat="50.678939" lon="-120.348255"><ele>350.8</ele><time>2026-06-17T04:01:01.000Z</time><extensions><gpxtpx:TrackPointExtension><gpxtpx:hr>136</gpxtpx:hr></gpxtpx:TrackPointExtension></extensions></trkpt>
      <trkpt lat="50.678934" lon="-120.348235"><ele>350.8</ele><time>2026-06-17T04:01:02.000Z</time><extensions><gpxtpx:TrackPointExtension><gpxtpx:hr>136</gpxtpx:hr></gpxtpx:TrackPointExtension></extensions></trkpt>
      <trkpt lat="50.678913" lon="-120.348165"><ele>350.8</ele><time>2026-06-17T04:01:03.000Z</time><extensions><gpxtpx:TrackPointExtension><gpxtpx:hr>136</gpxtpx:hr></gpxtpx:TrackPointExtension></extensions></trkpt>
      <trkpt lat="50.678905" lon="-120.348137"><ele>350.8</ele><time>2026-06-17T04:01:04.000Z</time><extensions><gpxtpx:TrackPointExtension><gpxtpx:hr>136</gpxtpx:hr></gpxtpx:TrackPointExtension></extensions></trkpt>
      <trkpt lat="50.678897" lon="-120.348108"><ele>350.8</ele><time>2026-06-17T04:01:05.000Z</time><extensions><gpxtpx:TrackPointExtension><gpxtpx:hr>137</gpxtpx:hr></gpxtpx:TrackPointExtension></extensions></trkpt>
      <trkpt lat="50.678882" lon="-120.348039"><ele>351</ele><time>2026-06-17T04:01:06.000Z</time><extensions><gpxtpx:TrackPointExtension><gpxtpx:hr>137</gpxtpx:hr></gpxtpx:TrackPointExtension></extensions></trkpt>
      <trkpt lat="50.678876" lon="-120.348016"><ele>351</ele><time>2026-06-17T04:01:07.000Z</time><extensions><gpxtpx:TrackPointExtension><gpxtpx:hr>137</gpxtpx:hr></gpxtpx:TrackPointExtension></extensions></trkpt>
      <trkpt lat="50.678857" lon="-120.347937"><ele>351</ele><time>2026-06-17T04:01:08.000Z</time><extensions><gpxtpx:TrackPointExtension><gpxtpx:hr>137</gpxtpx:hr></gpxtpx:TrackPointExtension></extensions></trkpt>
      <trkpt lat="50.678849" lon="-120.347906"><ele>351</ele><time>2026-06-17T04:01:09.000Z</time><extensions><gpxtpx:TrackPointExtension><gpxtpx:hr>137</gpxtpx:hr></gpxtpx:TrackPointExtension></extensions></trkpt>
      <trkpt lat="50.678842" lon="-120.347875"><ele>351</ele><time>2026-06-17T04:01:10.000Z</time><extensions><gpxtpx:TrackPointExtension><gpxtpx:hr>137</gpxtpx:hr></gpxtpx:TrackPointExtension></extensions></trkpt>
      <trkpt lat="50.678824" lon="-120.3478"><ele>351</ele><time>2026-06-17T04:01:11.000Z</time><extensions><gpxtpx:TrackPointExtension><gpxtpx:hr>138</gpxtpx:hr></gpxtpx:TrackPointExtension></extensions></trkpt>
      <trkpt lat="50.678817" lon="-120.347769"><ele>351</ele><time>2026-06-17T04:01:12.000Z</time><extensions><gpxtpx:TrackPointExtension><gpxtpx:hr>138</gpxtpx:hr></gpxtpx:TrackPointExtension></extensions></trkpt>
      <trkpt lat="50.67881" lon="-120.347739"><ele>351</ele><time>2026-06-17T04:01:13.000Z</time><extensions><gpxtpx:TrackPointExtension><gpxtpx:hr>138</gpxtpx:hr></gpxtpx:TrackPointExtension></extensions></trkpt>
      <trkpt lat="50.678792" lon="-120.347671"><ele>351</ele><time>2026-06-17T04:01:14.000Z</time><extensions><gpxtpx:TrackPointExtension><gpxtpx:hr>138</gpxtpx:hr></gpxtpx:TrackPointExtension></extensions></trkpt>
      <trkpt lat="50.678786" lon="-120.347649"><ele>351</ele><time>2026-06-17T04:01:15.000Z</time><extensions><gpxtpx:TrackPointExtension><gpxtpx:hr>138</gpxtpx:hr></gpxtpx:TrackPointExtension></extensions></trkpt>
      <trkpt lat="50.678768" lon="-120.347581"><ele>351</ele><time>2026-06-17T04:01:17.000Z</time><extensions><gpxtpx:TrackPointExtension><gpxtpx:hr>138</gpxtpx:hr></gpxtpx:TrackPointExtension></extensions></trkpt>
      <trkpt lat="50.678762" lon="-120.347558"><ele>351</ele><time>2026-06-17T04:01:18.000Z</time><extensions><gpxtpx:TrackPointExtension><gpxtpx:hr>139</gpxtpx:hr></gpxtpx:TrackPointExtension></extensions></trkpt>
      <trkpt lat="50.678747" lon="-120.347489"><ele>351</ele><time>2026-06-17T04:01:19.000Z</time><extensions><gpxtpx:TrackPointExtension><gpxtpx:hr>139</gpxtpx:hr></gpxtpx:TrackPointExtension></extensions></trkpt>
      <trkpt lat="50.678742" lon="-120.347467"><ele>351.2</ele><time>2026-06-17T04:01:20.000Z</time><extensions><gpxtpx:TrackPointExtension><gpxtpx:hr>139</gpxtpx:hr></gpxtpx:TrackPointExtension></extensions></trkpt>
      <trkpt lat="50.678723" lon="-120.347393"><ele>351.2</ele><time>2026-06-17T04:01:21.000Z</time><extensions><gpxtpx:TrackPointExtension><gpxtpx:hr>139</gpxtpx:hr></gpxtpx:TrackPointExtension></extensions></trkpt>
      <trkpt lat="50.678715" lon="-120.347362"><ele>351.2</ele><time>2026-06-17T04:01:22.000Z</time><extensions><gpxtpx:TrackPointExtension><gpxtpx:hr>139</gpxtpx:hr></gpxtpx:TrackPointExtension></extensions></trkpt>
      <trkpt lat="50.678708" lon="-120.347332"><ele>351.2</ele><time>2026-06-17T04:01:23.000Z</time><extensions><gpxtpx:TrackPointExtension><gpxtpx:hr>139</gpxtpx:hr></gpxtpx:TrackPointExtension></extensions></trkpt>
      <trkpt lat="50.678694" lon="-120.347259"><ele>351.2</ele><time>2026-06-17T04:01:24.000Z</time><extensions><gpxtpx:TrackPointExtension><gpxtpx:hr>139</gpxtpx:hr></gpxtpx:TrackPointExtension></extensions></trkpt>
      <trkpt lat="50.678688" lon="-120.347235"><ele>351.2</ele><time>2026-06-17T04:01:25.000Z</time><extensions><gpxtpx:TrackPointExtension><gpxtpx:hr>142</gpxtpx:hr></gpxtpx:TrackPointExtension></extensions></trkpt>
      <trkpt lat="50.67867" lon="-120.347157"><ele>351</ele><time>2026-06-17T04:01:26.000Z</time><extensions><gpxtpx:TrackPointExtension><gpxtpx:hr>143</gpxtpx:hr></gpxtpx:TrackPointExtension></extensions></trkpt>
      <trkpt lat="50.678664" lon="-120.347127"><ele>351</ele><time>2026-06-17T04:01:27.000Z</time><extensions><gpxtpx:TrackPointExtension><gpxtpx:hr>143</gpxtpx:hr></gpxtpx:TrackPointExtension></extensions></trkpt>
      <trkpt lat="50.678657" lon="-120.347096"><ele>351</ele><time>2026-06-17T04:01:28.000Z</time><extensions><gpxtpx:TrackPointExtension><gpxtpx:hr>143</gpxtpx:hr></gpxtpx:TrackPointExtension></extensions></trkpt>
      <trkpt lat="50.678644" lon="-120.347026"><ele>350.8</ele><time>2026-06-17T04:01:29.000Z</time><extensions><gpxtpx:TrackPointExtension><gpxtpx:hr>143</gpxtpx:hr></gpxtpx:TrackPointExtension></extensions></trkpt>
      <trkpt lat="50.678639" lon="-120.347002"><ele>350.8</ele><time>2026-06-17T04:01:30.000Z</time><extensions><gpxtpx:TrackPointExtension><gpxtpx:hr>143</gpxtpx:hr></gpxtpx:TrackPointExtension></extensions></trkpt>
      <trkpt lat="50.678625" lon="-120.346918"><ele>350.8</ele><time>2026-06-17T04:01:31.000Z</time><extensions><gpxtpx:TrackPointExtension><gpxtpx:hr>143</gpxtpx:hr></gpxtpx:TrackPointExtension></extensions></trkpt>
      <trkpt lat="50.678618" lon="-120.346884"><ele>350.8</ele><time>2026-06-17T04:01:32.000Z</time><extensions><gpxtpx:TrackPointExtension><gpxtpx:hr>143</gpxtpx:hr></gpxtpx:TrackPointExtension></extensions></trkpt>
      <trkpt lat="50.678612" lon="-120.346851"><ele>350.6</ele><time>2026-06-17T04:01:33.000Z</time><extensions><gpxtpx:TrackPointExtension><gpxtpx:hr>143</gpxtpx:hr></gpxtpx:TrackPointExtension></extensions></trkpt>
      <trkpt lat="50.678585" lon="-120.346741"><ele>350.6</ele><time>2026-06-17T04:01:34.000Z</time><extensions><gpxtpx:TrackPointExtension><gpxtpx:hr>143</gpxtpx:hr></gpxtpx:TrackPointExtension></extensions></trkpt>
      <trkpt lat="50.678579" lon="-120.346719"><ele>350.6</ele><time>2026-06-17T04:01:35.000Z</time><extensions><gpxtpx:TrackPointExtension><gpxtpx:hr>145</gpxtpx:hr></gpxtpx:TrackPointExtension></extensions></trkpt>
      <trkpt lat="50.678563" lon="-120.346644"><ele>350.6</ele><time>2026-06-17T04:01:36.000Z</time><extensions><gpxtpx:TrackPointExtension><gpxtpx:hr>145</gpxtpx:hr></gpxtpx:TrackPointExtension></extensions></trkpt>
      <trkpt lat="50.678556" lon="-120.346613"><ele>350.6</ele><time>2026-06-17T04:01:37.000Z</time><extensions><gpxtpx:TrackPointExtension><gpxtpx:hr>145</gpxtpx:hr></gpxtpx:TrackPointExtension></extensions></trkpt>
      <trkpt lat="50.67855" lon="-120.346583"><ele>350.6</ele><time>2026-06-17T04:01:38.000Z</time><extensions><gpxtpx:TrackPointExtension><gpxtpx:hr>145</gpxtpx:hr></gpxtpx:TrackPointExtension></extensions></trkpt>
      <trkpt lat="50.678535" lon="-120.346505"><ele>350.6</ele><time>2026-06-17T04:01:39.000Z</time><extensions><gpxtpx:TrackPointExtension><gpxtpx:hr>145</gpxtpx:hr></gpxtpx:TrackPointExtension></extensions></trkpt>
      <trkpt lat="50.678529" lon="-120.346475"><ele>350.6</ele><time>2026-06-17T04:01:40.000Z</time><extensions><gpxtpx:TrackPointExtension><gpxtpx:hr>144</gpxtpx:hr></gpxtpx:TrackPointExtension></extensions></trkpt>
      <trkpt lat="50.678523" lon="-120.346444"><ele>350.6</ele><time>2026-06-17T04:01:41.000Z</time><extensions><gpxtpx:TrackPointExtension><gpxtpx:hr>144</gpxtpx:hr></gpxtpx:TrackPointExtension></extensions></trkpt>
      <trkpt lat="50.678509" lon="-120.346378"><ele>350.6</ele><time>2026-06-17T04:01:42.000Z</time><extensions><gpxtpx:TrackPointExtension><gpxtpx:hr>144</gpxtpx:hr></gpxtpx:TrackPointExtension></extensions></trkpt>
      <trkpt lat="50.678504" lon="-120.346356"><ele>350.6</ele><time>2026-06-17T04:01:43.000Z</time><extensions><gpxtpx:TrackPointExtension><gpxtpx:hr>140</gpxtpx:hr></gpxtpx:TrackPointExtension></extensions></trkpt>
      <trkpt lat="50.678488" lon="-120.346291"><ele>350.8</ele><time>2026-06-17T04:01:44.000Z</time><extensions><gpxtpx:TrackPointExtension><gpxtpx:hr>140</gpxtpx:hr></gpxtpx:TrackPointExtension></extensions></trkpt>
      <trkpt lat="50.678481" lon="-120.346266"><ele>350.8</ele><time>2026-06-17T04:01:45.000Z</time><extensions><gpxtpx:TrackPointExtension><gpxtpx:hr>140</gpxtpx:hr></gpxtpx:TrackPointExtension></extensions></trkpt>
      <trkpt lat="50.678475" lon="-120.346242"><ele>350.8</ele><time>2026-06-17T04:01:46.000Z</time><extensions><gpxtpx:TrackPointExtension><gpxtpx:hr>140</gpxtpx:hr></gpxtpx:TrackPointExtension></extensions></trkpt>
      <trkpt lat="50.678461" lon="-120.346184"><ele>350.8</ele><time>2026-06-17T04:01:47.000Z</time><extensions><gpxtpx:TrackPointExtension><gpxtpx:hr>140</gpxtpx:hr></gpxtpx:TrackPointExtension></extensions></trkpt>
      <trkpt lat="50.678456" lon="-120.346164"><ele>350.8</ele><time>2026-06-17T04:01:48.000Z</time><extensions><gpxtpx:TrackPointExtension><gpxtpx:hr>140</gpxtpx:hr></gpxtpx:TrackPointExtension></extensions></trkpt>
      <trkpt lat="50.678435" lon="-120.346094"><ele>350.8</ele><time>2026-06-17T04:01:49.000Z</time><extensions><gpxtpx:TrackPointExtension><gpxtpx:hr>140</gpxtpx:hr></gpxtpx:TrackPointExtension></extensions></trkpt>
      <trkpt lat="50.678427" lon="-120.346067"><ele>350.8</ele><time>2026-06-17T04:01:50.000Z</time><extensions><gpxtpx:TrackPointExtension><gpxtpx:hr>140</gpxtpx:hr></gpxtpx:TrackPointExtension></extensions></trkpt>
      <trkpt lat="50.678418" lon="-120.346039"><ele>350.8</ele><time>2026-06-17T04:01:51.000Z</time><extensions><gpxtpx:TrackPointExtension><gpxtpx:hr>141</gpxtpx:hr></gpxtpx:TrackPointExtension></extensions></trkpt>
      <trkpt lat="50.678403" lon="-120.345975"><ele>350.8</ele><time>2026-06-17T04:01:52.000Z</time><extensions><gpxtpx:TrackPointExtension><gpxtpx:hr>141</gpxtpx:hr></gpxtpx:TrackPointExtension></extensions></trkpt>
      <trkpt lat="50.678398" lon="-120.345954"><ele>350.8</ele><time>2026-06-17T04:01:53.000Z</time><extensions><gpxtpx:TrackPointExtension><gpxtpx:hr>141</gpxtpx:hr></gpxtpx:TrackPointExtension></extensions></trkpt>
      <trkpt lat="50.678383" lon="-120.345883"><ele>350.8</ele><time>2026-06-17T04:01:54.000Z</time><extensions><gpxtpx:TrackPointExtension><gpxtpx:hr>141</gpxtpx:hr></gpxtpx:TrackPointExtension></extensions></trkpt>
      <trkpt lat="50.678377" lon="-120.345854"><ele>350.8</ele><time>2026-06-17T04:01:55.000Z</time><extensions><gpxtpx:TrackPointExtension><gpxtpx:hr>141</gpxtpx:hr></gpxtpx:TrackPointExtension></extensions></trkpt>
      <trkpt lat="50.678371" lon="-120.345826"><ele>350.8</ele><time>2026-06-17T04:01:56.000Z</time><extensions><gpxtpx:TrackPointExtension><gpxtpx:hr>141</gpxtpx:hr></gpxtpx:TrackPointExtension></extensions></trkpt>
      <trkpt lat="50.678356" lon="-120.345758"><ele>350.8</ele><time>2026-06-17T04:01:57.000Z</time><extensions><gpxtpx:TrackPointExtension><gpxtpx:hr>141</gpxtpx:hr></gpxtpx:TrackPointExtension></extensions></trkpt>
      <trkpt lat="50.678351" lon="-120.345735"><ele>350.8</ele><time>2026-06-17T04:01:58.000Z</time><extensions><gpxtpx:TrackPointExtension><gpxtpx:hr>141</gpxtpx:hr></gpxtpx:TrackPointExtension></extensions></trkpt>
      <trkpt lat="50.678334" lon="-120.345663"><ele>350.8</ele><time>2026-06-17T04:01:59.000Z</time><extensions><gpxtpx:TrackPointExtension><gpxtpx:hr>141</gpxtpx:hr></gpxtpx:TrackPointExtension></extensions></trkpt>
      <trkpt lat="50.678328" lon="-120.345635"><ele>350.8</ele><time>2026-06-17T04:02:00.000Z</time><extensions><gpxtpx:TrackPointExtension><gpxtpx:hr>141</gpxtpx:hr></gpxtpx:TrackPointExtension></extensions></trkpt>
      <trkpt lat="50.678321" lon="-120.345607"><ele>350.8</ele><time>2026-06-17T04:02:01.000Z</time><extensions><gpxtpx:TrackPointExtension><gpxtpx:hr>142</gpxtpx:hr></gpxtpx:TrackPointExtension></extensions></trkpt>
      <trkpt lat="50.678309" lon="-120.345542"><ele>350.8</ele><time>2026-06-17T04:02:02.000Z</time><extensions><gpxtpx:TrackPointExtension><gpxtpx:hr>142</gpxtpx:hr></gpxtpx:TrackPointExtension></extensions></trkpt>
      <trkpt lat="50.678305" lon="-120.34552"><ele>350.8</ele><time>2026-06-17T04:02:03.000Z</time><extensions><gpxtpx:TrackPointExtension><gpxtpx:hr>142</gpxtpx:hr></gpxtpx:TrackPointExtension></extensions></trkpt>
      <trkpt lat="50.678293" lon="-120.345446"><ele>351</ele><time>2026-06-17T04:02:04.000Z</time><extensions><gpxtpx:TrackPointExtension><gpxtpx:hr>142</gpxtpx:hr></gpxtpx:TrackPointExtension></extensions></trkpt>
      <trkpt lat="50.678288" lon="-120.345415"><ele>351</ele><time>2026-06-17T04:02:05.000Z</time><extensions><gpxtpx:TrackPointExtension><gpxtpx:hr>142</gpxtpx:hr></gpxtpx:TrackPointExtension></extensions></trkpt>
      <trkpt lat="50.678283" lon="-120.345385"><ele>351</ele><time>2026-06-17T04:02:06.000Z</time><extensions><gpxtpx:TrackPointExtension><gpxtpx:hr>142</gpxtpx:hr></gpxtpx:TrackPointExtension></extensions></trkpt>
      <trkpt lat="50.678267" lon="-120.345312"><ele>351</ele><time>2026-06-17T04:02:07.000Z</time><extensions><gpxtpx:TrackPointExtension><gpxtpx:hr>142</gpxtpx:hr></gpxtpx:TrackPointExtension></extensions></trkpt>
      <trkpt lat="50.678261" lon="-120.345283"><ele>351</ele><time>2026-06-17T04:02:08.000Z</time><extensions><gpxtpx:TrackPointExtension><gpxtpx:hr>143</gpxtpx:hr></gpxtpx:TrackPointExtension></extensions></trkpt>
      <trkpt lat="50.678254" lon="-120.345254"><ele>351</ele><time>2026-06-17T04:02:09.000Z</time><extensions><gpxtpx:TrackPointExtension><gpxtpx:hr>143</gpxtpx:hr></gpxtpx:TrackPointExtension></extensions></trkpt>
      <trkpt lat="50.67824" lon="-120.345187"><ele>351</ele><time>2026-06-17T04:02:10.000Z</time><extensions><gpxtpx:TrackPointExtension><gpxtpx:hr>143</gpxtpx:hr></gpxtpx:TrackPointExtension></extensions></trkpt>
      <trkpt lat="50.678235" lon="-120.345164"><ele>350.8</ele><time>2026-06-17T04:02:11.000Z</time><extensions><gpxtpx:TrackPointExtension><gpxtpx:hr>142</gpxtpx:hr></gpxtpx:TrackPointExtension></extensions></trkpt>
      <trkpt lat="50.678223" lon="-120.345087"><ele>350.8</ele><time>2026-06-17T04:02:12.000Z</time><extensions><gpxtpx:TrackPointExtension><gpxtpx:hr>142</gpxtpx:hr></gpxtpx:TrackPointExtension></extensions></trkpt>
      <trkpt lat="50.678218" lon="-120.345056"><ele>350.8</ele><time>2026-06-17T04:02:13.000Z</time><extensions><gpxtpx:TrackPointExtension><gpxtpx:hr>142</gpxtpx:hr></gpxtpx:TrackPointExtension></extensions></trkpt>
      <trkpt lat="50.678214" lon="-120.345025"><ele>350.8</ele><time>2026-06-17T04:02:14.000Z</time><extensions><gpxtpx:TrackPointExtension><gpxtpx:hr>142</gpxtpx:hr></gpxtpx:TrackPointExtension></extensions></trkpt>
      <trkpt lat="50.678205" lon="-120.344948"><ele>350.8</ele><time>2026-06-17T04:02:15.000Z</time><extensions><gpxtpx:TrackPointExtension><gpxtpx:hr>142</gpxtpx:hr></gpxtpx:TrackPointExtension></extensions></trkpt>
      <trkpt lat="50.678202" lon="-120.344922"><ele>350.8</ele><time>2026-06-17T04:02:16.000Z</time><extensions><gpxtpx:TrackPointExtension><gpxtpx:hr>142</gpxtpx:hr></gpxtpx:TrackPointExtension></extensions></trkpt>
      <trkpt lat="50.678187" lon="-120.344835"><ele>350.6</ele><time>2026-06-17T04:02:17.000Z</time><extensions><gpxtpx:TrackPointExtension><gpxtpx:hr>142</gpxtpx:hr></gpxtpx:TrackPointExtension></extensions></trkpt>
      <trkpt lat="50.678181" lon="-120.3448"><ele>350.6</ele><time>2026-06-17T04:02:18.000Z</time><extensions><gpxtpx:TrackPointExtension><gpxtpx:hr>142</gpxtpx:hr></gpxtpx:TrackPointExtension></extensions></trkpt>
      <trkpt lat="50.678174" lon="-120.344766"><ele>350.6</ele><time>2026-06-17T04:02:19.000Z</time><extensions><gpxtpx:TrackPointExtension><gpxtpx:hr>142</gpxtpx:hr></gpxtpx:TrackPointExtension></extensions></trkpt>
      <trkpt lat="50.678158" lon="-120.344688"><ele>350.4</ele><time>2026-06-17T04:02:20.000Z</time><extensions><gpxtpx:TrackPointExtension><gpxtpx:hr>142</gpxtpx:hr></gpxtpx:TrackPointExtension></extensions></trkpt>
      <trkpt lat="50.678153" lon="-120.344663"><ele>350.4</ele><time>2026-06-17T04:02:21.000Z</time><extensions><gpxtpx:TrackPointExtension><gpxtpx:hr>142</gpxtpx:hr></gpxtpx:TrackPointExtension></extensions></trkpt>
      <trkpt lat="50.67814" lon="-120.344578"><ele>350.2</ele><time>2026-06-17T04:02:22.000Z</time><extensions><gpxtpx:TrackPointExtension><gpxtpx:hr>142</gpxtpx:hr></gpxtpx:TrackPointExtension></extensions></trkpt>
      <trkpt lat="50.678136" lon="-120.344545"><ele>350</ele><time>2026-06-17T04:02:23.000Z</time><extensions><gpxtpx:TrackPointExtension><gpxtpx:hr>142</gpxtpx:hr></gpxtpx:TrackPointExtension></extensions></trkpt>
      <trkpt lat="50.678131" lon="-120.344511"><ele>350</ele><time>2026-06-17T04:02:24.000Z</time><extensions><gpxtpx:TrackPointExtension><gpxtpx:hr>142</gpxtpx:hr></gpxtpx:TrackPointExtension></extensions></trkpt>
      <trkpt lat="50.678118" lon="-120.344434"><ele>349.8</ele><time>2026-06-17T04:02:25.000Z</time><extensions><gpxtpx:TrackPointExtension><gpxtpx:hr>144</gpxtpx:hr></gpxtpx:TrackPointExtension></extensions></trkpt>
      <trkpt lat="50.678113" lon="-120.344408"><ele>349.6</ele><time>2026-06-17T04:02:26.000Z</time><extensions><gpxtpx:TrackPointExtension><gpxtpx:hr>144</gpxtpx:hr></gpxtpx:TrackPointExtension></extensions></trkpt>
      <trkpt lat="50.678094" lon="-120.344319"><ele>349.4</ele><time>2026-06-17T04:02:27.000Z</time><extensions><gpxtpx:TrackPointExtension><gpxtpx:hr>144</gpxtpx:hr></gpxtpx:TrackPointExtension></extensions></trkpt>
      <trkpt lat="50.678086" lon="-120.344286"><ele>349.4</ele><time>2026-06-17T04:02:28.000Z</time><extensions><gpxtpx:TrackPointExtension><gpxtpx:hr>144</gpxtpx:hr></gpxtpx:TrackPointExtension></extensions></trkpt>
      <trkpt lat="50.678079" lon="-120.344252"><ele>349.2</ele><time>2026-06-17T04:02:29.000Z</time><extensions><gpxtpx:TrackPointExtension><gpxtpx:hr>144</gpxtpx:hr></gpxtpx:TrackPointExtension></extensions></trkpt>
      <trkpt lat="50.678065" lon="-120.344172"><ele>349</ele><time>2026-06-17T04:02:30.000Z</time><extensions><gpxtpx:TrackPointExtension><gpxtpx:hr>144</gpxtpx:hr></gpxtpx:TrackPointExtension></extensions></trkpt>
      <trkpt lat="50.67806" lon="-120.34414"><ele>348.8</ele><time>2026-06-17T04:02:31.000Z</time><extensions><gpxtpx:TrackPointExtension><gpxtpx:hr>144</gpxtpx:hr></gpxtpx:TrackPointExtension></extensions></trkpt>
      <trkpt lat="50.678055" lon="-120.344108"><ele>348.8</ele><time>2026-06-17T04:02:32.000Z</time><extensions><gpxtpx:TrackPointExtension><gpxtpx:hr>144</gpxtpx:hr></gpxtpx:TrackPointExtension></extensions></trkpt>
      <trkpt lat="50.678045" lon="-120.344034"><ele>348.6</ele><time>2026-06-17T04:02:33.000Z</time><extensions><gpxtpx:TrackPointExtension><gpxtpx:hr>144</gpxtpx:hr></gpxtpx:TrackPointExtension></extensions></trkpt>
      <trkpt lat="50.678041" lon="-120.34401"><ele>348.4</ele><time>2026-06-17T04:02:34.000Z</time><extensions><gpxtpx:TrackPointExtension><gpxtpx:hr>144</gpxtpx:hr></gpxtpx:TrackPointExtension></extensions></trkpt>
      <trkpt lat="50.678032" lon="-120.343931"><ele>348.4</ele><time>2026-06-17T04:02:35.000Z</time><extensions><gpxtpx:TrackPointExtension><gpxtpx:hr>144</gpxtpx:hr></gpxtpx:TrackPointExtension></extensions></trkpt>
      <trkpt lat="50.678031" lon="-120.343902"><ele>348.2</ele><time>2026-06-17T04:02:36.000Z</time><extensions><gpxtpx:TrackPointExtension><gpxtpx:hr>144</gpxtpx:hr></gpxtpx:TrackPointExtension></extensions></trkpt>
      <trkpt lat="50.678029" lon="-120.343873"><ele>348</ele><time>2026-06-17T04:02:37.000Z</time><extensions><gpxtpx:TrackPointExtension><gpxtpx:hr>144</gpxtpx:hr></gpxtpx:TrackPointExtension></extensions></trkpt>
      <trkpt lat="50.678043" lon="-120.343817"><ele>348</ele><time>2026-06-17T04:02:38.000Z</time><extensions><gpxtpx:TrackPointExtension><gpxtpx:hr>143</gpxtpx:hr></gpxtpx:TrackPointExtension></extensions></trkpt>
      <trkpt lat="50.67805" lon="-120.343799"><ele>347.8</ele><time>2026-06-17T04:02:39.000Z</time><extensions><gpxtpx:TrackPointExtension><gpxtpx:hr>143</gpxtpx:hr></gpxtpx:TrackPointExtension></extensions></trkpt>
      <trkpt lat="50.678083" lon="-120.343747"><ele>347.6</ele><time>2026-06-17T04:02:40.000Z</time><extensions><gpxtpx:TrackPointExtension><gpxtpx:hr>143</gpxtpx:hr></gpxtpx:TrackPointExtension></extensions></trkpt>
      <trkpt lat="50.678098" lon="-120.343727"><ele>347.6</ele><time>2026-06-17T04:02:41.000Z</time><extensions><gpxtpx:TrackPointExtension><gpxtpx:hr>143</gpxtpx:hr></gpxtpx:TrackPointExtension></extensions></trkpt>
      <trkpt lat="50.678112" lon="-120.343707"><ele>347.4</ele><time>2026-06-17T04:02:42.000Z</time><extensions><gpxtpx:TrackPointExtension><gpxtpx:hr>143</gpxtpx:hr></gpxtpx:TrackPointExtension></extensions></trkpt>
      <trkpt lat="50.678143" lon="-120.34366"><ele>347.4</ele><time>2026-06-17T04:02:43.000Z</time><extensions><gpxtpx:TrackPointExtension><gpxtpx:hr>143</gpxtpx:hr></gpxtpx:TrackPointExtension></extensions></trkpt>
      <trkpt lat="50.678153" lon="-120.343643"><ele>347.2</ele><time>2026-06-17T04:02:44.000Z</time><extensions><gpxtpx:TrackPointExtension><gpxtpx:hr>143</gpxtpx:hr></gpxtpx:TrackPointExtension></extensions></trkpt>
      <trkpt lat="50.678184" lon="-120.343589"><ele>347</ele><time>2026-06-17T04:02:45.000Z</time><extensions><gpxtpx:TrackPointExtension><gpxtpx:hr>143</gpxtpx:hr></gpxtpx:TrackPointExtension></extensions></trkpt>
      <trkpt lat="50.678195" lon="-120.343569"><ele>346.8</ele><time>2026-06-17T04:02:46.000Z</time><extensions><gpxtpx:TrackPointExtension><gpxtpx:hr>143</gpxtpx:hr></gpxtpx:TrackPointExtension></extensions></trkpt>
      <trkpt lat="50.678207" lon="-120.343548"><ele>346.6</ele><time>2026-06-17T04:02:47.000Z</time><extensions><gpxtpx:TrackPointExtension><gpxtpx:hr>143</gpxtpx:hr></gpxtpx:TrackPointExtension></extensions></trkpt>
      <trkpt lat="50.678235" lon="-120.343505"><ele>346.4</ele><time>2026-06-17T04:02:48.000Z</time><extensions><gpxtpx:TrackPointExtension><gpxtpx:hr>143</gpxtpx:hr></gpxtpx:TrackPointExtension></extensions></trkpt>
      <trkpt lat="50.678244" lon="-120.343491"><ele>346.2</ele><time>2026-06-17T04:02:49.000Z</time><extensions><gpxtpx:TrackPointExtension><gpxtpx:hr>143</gpxtpx:hr></gpxtpx:TrackPointExtension></extensions></trkpt>
      <trkpt lat="50.678269" lon="-120.343439"><ele>346.2</ele><time>2026-06-17T04:02:50.000Z</time><extensions><gpxtpx:TrackPointExtension><gpxtpx:hr>144</gpxtpx:hr></gpxtpx:TrackPointExtension></extensions></trkpt>
      <trkpt lat="50.678278" lon="-120.343415"><ele>346</ele><time>2026-06-17T04:02:51.000Z</time><extensions><gpxtpx:TrackPointExtension><gpxtpx:hr>144</gpxtpx:hr></gpxtpx:TrackPointExtension></extensions></trkpt>
      <trkpt lat="50.678287" lon="-120.343392"><ele>345.8</ele><time>2026-06-17T04:02:52.000Z</time><extensions><gpxtpx:TrackPointExtension><gpxtpx:hr>144</gpxtpx:hr></gpxtpx:TrackPointExtension></extensions></trkpt>
      <trkpt lat="50.678298" lon="-120.343332"><ele>345.8</ele><time>2026-06-17T04:02:53.000Z</time><extensions><gpxtpx:TrackPointExtension><gpxtpx:hr>145</gpxtpx:hr></gpxtpx:TrackPointExtension></extensions></trkpt>
      <trkpt lat="50.6783" lon="-120.343312"><ele>345.6</ele><time>2026-06-17T04:02:54.000Z</time><extensions><gpxtpx:TrackPointExtension><gpxtpx:hr>145</gpxtpx:hr></gpxtpx:TrackPointExtension></extensions></trkpt>
      <trkpt lat="50.678298" lon="-120.343248"><ele>345.6</ele><time>2026-06-17T04:02:55.000Z</time><extensions><gpxtpx:TrackPointExtension><gpxtpx:hr>145</gpxtpx:hr></gpxtpx:TrackPointExtension></extensions></trkpt>
      <trkpt lat="50.678295" lon="-120.343223"><ele>345.6</ele><time>2026-06-17T04:02:56.000Z</time><extensions><gpxtpx:TrackPointExtension><gpxtpx:hr>145</gpxtpx:hr></gpxtpx:TrackPointExtension></extensions></trkpt>
      <trkpt lat="50.678292" lon="-120.343197"><ele>345.4</ele><time>2026-06-17T04:02:57.000Z</time><extensions><gpxtpx:TrackPointExtension><gpxtpx:hr>145</gpxtpx:hr></gpxtpx:TrackPointExtension></extensions></trkpt>
      <trkpt lat="50.678278" lon="-120.343129"><ele>345.4</ele><time>2026-06-17T04:02:58.000Z</time><extensions><gpxtpx:TrackPointExtension><gpxtpx:hr>145</gpxtpx:hr></gpxtpx:TrackPointExtension></extensions></trkpt>
      <trkpt lat="50.678272" lon="-120.343103"><ele>345.4</ele><time>2026-06-17T04:02:59.000Z</time><extensions><gpxtpx:TrackPointExtension><gpxtpx:hr>145</gpxtpx:hr></gpxtpx:TrackPointExtension></extensions></trkpt>
      <trkpt lat="50.678267" lon="-120.343076"><ele>345.4</ele><time>2026-06-17T04:03:00.000Z</time><extensions><gpxtpx:TrackPointExtension><gpxtpx:hr>144</gpxtpx:hr></gpxtpx:TrackPointExtension></extensions></trkpt>
      <trkpt lat="50.678255" lon="-120.343019"><ele>345.4</ele><time>2026-06-17T04:03:01.000Z</time><extensions><gpxtpx:TrackPointExtension><gpxtpx:hr>144</gpxtpx:hr></gpxtpx:TrackPointExtension></extensions></trkpt>
      <trkpt lat="50.67825" lon="-120.343"><ele>345.4</ele><time>2026-06-17T04:03:02.000Z</time><extensions><gpxtpx:TrackPointExtension><gpxtpx:hr>144</gpxtpx:hr></gpxtpx:TrackPointExtension></extensions></trkpt>
      <trkpt lat="50.678237" lon="-120.342938"><ele>345.4</ele><time>2026-06-17T04:03:03.000Z</time><extensions><gpxtpx:TrackPointExtension><gpxtpx:hr>144</gpxtpx:hr></gpxtpx:TrackPointExtension></extensions></trkpt>
      <trkpt lat="50.678232" lon="-120.342913"><ele>345.4</ele><time>2026-06-17T04:03:04.000Z</time><extensions><gpxtpx:TrackPointExtension><gpxtpx:hr>144</gpxtpx:hr></gpxtpx:TrackPointExtension></extensions></trkpt>
      <trkpt lat="50.678227" lon="-120.342888"><ele>345.4</ele><time>2026-06-17T04:03:05.000Z</time><extensions><gpxtpx:TrackPointExtension><gpxtpx:hr>141</gpxtpx:hr></gpxtpx:TrackPointExtension></extensions></trkpt>
      <trkpt lat="50.678218" lon="-120.342829"><ele>345.4</ele><time>2026-06-17T04:03:06.000Z</time><extensions><gpxtpx:TrackPointExtension><gpxtpx:hr>141</gpxtpx:hr></gpxtpx:TrackPointExtension></extensions></trkpt>
      <trkpt lat="50.678215" lon="-120.342809"><ele>345.4</ele><time>2026-06-17T04:03:07.000Z</time><extensions><gpxtpx:TrackPointExtension><gpxtpx:hr>141</gpxtpx:hr></gpxtpx:TrackPointExtension></extensions></trkpt>
      <trkpt lat="50.678208" lon="-120.342741"><ele>345.4</ele><time>2026-06-17T04:03:08.000Z</time><extensions><gpxtpx:TrackPointExtension><gpxtpx:hr>141</gpxtpx:hr></gpxtpx:TrackPointExtension></extensions></trkpt>
      <trkpt lat="50.678207" lon="-120.342714"><ele>345.4</ele><time>2026-06-17T04:03:09.000Z</time><extensions><gpxtpx:TrackPointExtension><gpxtpx:hr>141</gpxtpx:hr></gpxtpx:TrackPointExtension></extensions></trkpt>
      <trkpt lat="50.678205" lon="-120.342686"><ele>345.4</ele><time>2026-06-17T04:03:10.000Z</time><extensions><gpxtpx:TrackPointExtension><gpxtpx:hr>141</gpxtpx:hr></gpxtpx:TrackPointExtension></extensions></trkpt>
      <trkpt lat="50.678208" lon="-120.342622"><ele>345.4</ele><time>2026-06-17T04:03:11.000Z</time><extensions><gpxtpx:TrackPointExtension><gpxtpx:hr>140</gpxtpx:hr></gpxtpx:TrackPointExtension></extensions></trkpt>
      <trkpt lat="50.678209" lon="-120.3426"><ele>345.4</ele><time>2026-06-17T04:03:12.000Z</time><extensions><gpxtpx:TrackPointExtension><gpxtpx:hr>140</gpxtpx:hr></gpxtpx:TrackPointExtension></extensions></trkpt>
      <trkpt lat="50.678213" lon="-120.342527"><ele>345.4</ele><time>2026-06-17T04:03:13.000Z</time><extensions><gpxtpx:TrackPointExtension><gpxtpx:hr>140</gpxtpx:hr></gpxtpx:TrackPointExtension></extensions></trkpt>
      <trkpt lat="50.678215" lon="-120.342498"><ele>345.4</ele><time>2026-06-17T04:03:14.000Z</time><extensions><gpxtpx:TrackPointExtension><gpxtpx:hr>140</gpxtpx:hr></gpxtpx:TrackPointExtension></extensions></trkpt>
      <trkpt lat="50.678217" lon="-120.34247"><ele>345.4</ele><time>2026-06-17T04:03:15.000Z</time><extensions><gpxtpx:TrackPointExtension><gpxtpx:hr>140</gpxtpx:hr></gpxtpx:TrackPointExtension></extensions></trkpt>
      <trkpt lat="50.678224" lon="-120.342411"><ele>345.4</ele><time>2026-06-17T04:03:16.000Z</time><extensions><gpxtpx:TrackPointExtension><gpxtpx:hr>140</gpxtpx:hr></gpxtpx:TrackPointExtension></extensions></trkpt>
      <trkpt lat="50.678226" lon="-120.342391"><ele>345.4</ele><time>2026-06-17T04:03:17.000Z</time><extensions><gpxtpx:TrackPointExtension><gpxtpx:hr>140</gpxtpx:hr></gpxtpx:TrackPointExtension></extensions></trkpt>
      <trkpt lat="50.678237" lon="-120.342321"><ele>345.4</ele><time>2026-06-17T04:03:18.000Z</time><extensions><gpxtpx:TrackPointExtension><gpxtpx:hr>140</gpxtpx:hr></gpxtpx:TrackPointExtension></extensions></trkpt>
      <trkpt lat="50.678241" lon="-120.342291"><ele>345.4</ele><time>2026-06-17T04:03:19.000Z</time><extensions><gpxtpx:TrackPointExtension><gpxtpx:hr>140</gpxtpx:hr></gpxtpx:TrackPointExtension></extensions></trkpt>
      <trkpt lat="50.678245" lon="-120.342262"><ele>345.4</ele><time>2026-06-17T04:03:20.000Z</time><extensions><gpxtpx:TrackPointExtension><gpxtpx:hr>140</gpxtpx:hr></gpxtpx:TrackPointExtension></extensions></trkpt>
      <trkpt lat="50.678253" lon="-120.342198"><ele>345.4</ele><time>2026-06-17T04:03:21.000Z</time><extensions><gpxtpx:TrackPointExtension><gpxtpx:hr>140</gpxtpx:hr></gpxtpx:TrackPointExtension></extensions></trkpt>
      <trkpt lat="50.678254" lon="-120.342176"><ele>345.4</ele><time>2026-06-17T04:03:22.000Z</time><extensions><gpxtpx:TrackPointExtension><gpxtpx:hr>140</gpxtpx:hr></gpxtpx:TrackPointExtension></extensions></trkpt>
      <trkpt lat="50.678254" lon="-120.342103"><ele>345.4</ele><time>2026-06-17T04:03:23.000Z</time><extensions><gpxtpx:TrackPointExtension><gpxtpx:hr>141</gpxtpx:hr></gpxtpx:TrackPointExtension></extensions></trkpt>
      <trkpt lat="50.678251" lon="-120.342074"><ele>345.4</ele><time>2026-06-17T04:03:24.000Z</time><extensions><gpxtpx:TrackPointExtension><gpxtpx:hr>141</gpxtpx:hr></gpxtpx:TrackPointExtension></extensions></trkpt>
      <trkpt lat="50.678249" lon="-120.342044"><ele>345.4</ele><time>2026-06-17T04:03:25.000Z</time><extensions><gpxtpx:TrackPointExtension><gpxtpx:hr>141</gpxtpx:hr></gpxtpx:TrackPointExtension></extensions></trkpt>
      <trkpt lat="50.67824" lon="-120.341978"><ele>345.4</ele><time>2026-06-17T04:03:26.000Z</time><extensions><gpxtpx:TrackPointExtension><gpxtpx:hr>141</gpxtpx:hr></gpxtpx:TrackPointExtension></extensions></trkpt>
      <trkpt lat="50.678239" lon="-120.341953"><ele>345.4</ele><time>2026-06-17T04:03:27.000Z</time><extensions><gpxtpx:TrackPointExtension><gpxtpx:hr>141</gpxtpx:hr></gpxtpx:TrackPointExtension></extensions></trkpt>
      <trkpt lat="50.678237" lon="-120.341927"><ele>345.4</ele><time>2026-06-17T04:03:28.000Z</time><extensions><gpxtpx:TrackPointExtension><gpxtpx:hr>141</gpxtpx:hr></gpxtpx:TrackPointExtension></extensions></trkpt>
      <trkpt lat="50.678251" lon="-120.341868"><ele>345.6</ele><time>2026-06-17T04:03:29.000Z</time><extensions><gpxtpx:TrackPointExtension><gpxtpx:hr>141</gpxtpx:hr></gpxtpx:TrackPointExtension></extensions></trkpt>
      <trkpt lat="50.678257" lon="-120.341848"><ele>345.6</ele><time>2026-06-17T04:03:30.000Z</time><extensions><gpxtpx:TrackPointExtension><gpxtpx:hr>141</gpxtpx:hr></gpxtpx:TrackPointExtension></extensions></trkpt>
      <trkpt lat="50.678284" lon="-120.341792"><ele>345.6</ele><time>2026-06-17T04:03:31.000Z</time><extensions><gpxtpx:TrackPointExtension><gpxtpx:hr>141</gpxtpx:hr></gpxtpx:TrackPointExtension></extensions></trkpt>
      <trkpt lat="50.678296" lon="-120.341771"><ele>345.6</ele><time>2026-06-17T04:03:32.000Z</time><extensions><gpxtpx:TrackPointExtension><gpxtpx:hr>141</gpxtpx:hr></gpxtpx:TrackPointExtension></extensions></trkpt>
      <trkpt lat="50.678307" lon="-120.341751"><ele>345.6</ele><time>2026-06-17T04:03:33.000Z</time><extensions><gpxtpx:TrackPointExtension><gpxtpx:hr>141</gpxtpx:hr></gpxtpx:TrackPointExtension></extensions></trkpt>
      <trkpt lat="50.678332" lon="-120.341712"><ele>345.6</ele><time>2026-06-17T04:03:34.000Z</time><extensions><gpxtpx:TrackPointExtension><gpxtpx:hr>141</gpxtpx:hr></gpxtpx:TrackPointExtension></extensions></trkpt>
      <trkpt lat="50.678339" lon="-120.341699"><ele>345.6</ele><time>2026-06-17T04:03:35.000Z</time><extensions><gpxtpx:TrackPointExtension><gpxtpx:hr>141</gpxtpx:hr></gpxtpx:TrackPointExtension></extensions></trkpt>
      <trkpt lat="50.678367" lon="-120.341654"><ele>345.6</ele><time>2026-06-17T04:03:36.000Z</time><extensions><gpxtpx:TrackPointExtension><gpxtpx:hr>141</gpxtpx:hr></gpxtpx:TrackPointExtension></extensions></trkpt>
      <trkpt lat="50.67838" lon="-120.341638"><ele>345.6</ele><time>2026-06-17T04:03:37.000Z</time><extensions><gpxtpx:TrackPointExtension><gpxtpx:hr>141</gpxtpx:hr></gpxtpx:TrackPointExtension></extensions></trkpt>
      <trkpt lat="50.678392" lon="-120.341621"><ele>345.6</ele><time>2026-06-17T04:03:38.000Z</time><extensions><gpxtpx:TrackPointExtension><gpxtpx:hr>141</gpxtpx:hr></gpxtpx:TrackPointExtension></extensions></trkpt>
      <trkpt lat="50.678421" lon="-120.341597"><ele>345.6</ele><time>2026-06-17T04:03:39.000Z</time><extensions><gpxtpx:TrackPointExtension><gpxtpx:hr>141</gpxtpx:hr></gpxtpx:TrackPointExtension></extensions></trkpt>
      <trkpt lat="50.67843" lon="-120.341589"><ele>345.6</ele><time>2026-06-17T04:03:40.000Z</time><extensions><gpxtpx:TrackPointExtension><gpxtpx:hr>141</gpxtpx:hr></gpxtpx:TrackPointExtension></extensions></trkpt>
      <trkpt lat="50.678459" lon="-120.341556"><ele>345.6</ele><time>2026-06-17T04:03:41.000Z</time><extensions><gpxtpx:TrackPointExtension><gpxtpx:hr>141</gpxtpx:hr></gpxtpx:TrackPointExtension></extensions></trkpt>
      <trkpt lat="50.678471" lon="-120.34154"><ele>345.4</ele><time>2026-06-17T04:03:42.000Z</time><extensions><gpxtpx:TrackPointExtension><gpxtpx:hr>141</gpxtpx:hr></gpxtpx:TrackPointExtension></extensions></trkpt>
      <trkpt lat="50.678482" lon="-120.341524"><ele>345.4</ele><time>2026-06-17T04:03:43.000Z</time><extensions><gpxtpx:TrackPointExtension><gpxtpx:hr>141</gpxtpx:hr></gpxtpx:TrackPointExtension></extensions></trkpt>
      <trkpt lat="50.6785" lon="-120.341467"><ele>345.4</ele><time>2026-06-17T04:03:44.000Z</time><extensions><gpxtpx:TrackPointExtension><gpxtpx:hr>141</gpxtpx:hr></gpxtpx:TrackPointExtension></extensions></trkpt>
      <trkpt lat="50.678504" lon="-120.341445"><ele>345.4</ele><time>2026-06-17T04:03:45.000Z</time><extensions><gpxtpx:TrackPointExtension><gpxtpx:hr>141</gpxtpx:hr></gpxtpx:TrackPointExtension></extensions></trkpt>
      <trkpt lat="50.678513" lon="-120.341365"><ele>345.4</ele><time>2026-06-17T04:03:46.000Z</time><extensions><gpxtpx:TrackPointExtension><gpxtpx:hr>141</gpxtpx:hr></gpxtpx:TrackPointExtension></extensions></trkpt>
      <trkpt lat="50.678517" lon="-120.341335"><ele>345.4</ele><time>2026-06-17T04:03:47.000Z</time><extensions><gpxtpx:TrackPointExtension><gpxtpx:hr>141</gpxtpx:hr></gpxtpx:TrackPointExtension></extensions></trkpt>
      <trkpt lat="50.67852" lon="-120.341304"><ele>345.4</ele><time>2026-06-17T04:03:48.000Z</time><extensions><gpxtpx:TrackPointExtension><gpxtpx:hr>141</gpxtpx:hr></gpxtpx:TrackPointExtension></extensions></trkpt>
      <trkpt lat="50.678535" lon="-120.341238"><ele>345.4</ele><time>2026-06-17T04:03:49.000Z</time><extensions><gpxtpx:TrackPointExtension><gpxtpx:hr>141</gpxtpx:hr></gpxtpx:TrackPointExtension></extensions></trkpt>
      <trkpt lat="50.678544" lon="-120.341213"><ele>345.4</ele><time>2026-06-17T04:03:50.000Z</time><extensions><gpxtpx:TrackPointExtension><gpxtpx:hr>140</gpxtpx:hr></gpxtpx:TrackPointExtension></extensions></trkpt>
      <trkpt lat="50.678552" lon="-120.341188"><ele>345.4</ele><time>2026-06-17T04:03:51.000Z</time><extensions><gpxtpx:TrackPointExtension><gpxtpx:hr>140</gpxtpx:hr></gpxtpx:TrackPointExtension></extensions></trkpt>
      <trkpt lat="50.678579" lon="-120.341137"><ele>345.4</ele><time>2026-06-17T04:03:52.000Z</time><extensions><gpxtpx:TrackPointExtension><gpxtpx:hr>139</gpxtpx:hr></gpxtpx:TrackPointExtension></extensions></trkpt>
      <trkpt lat="50.678588" lon="-120.341121"><ele>345.4</ele><time>2026-06-17T04:03:53.000Z</time><extensions><gpxtpx:TrackPointExtension><gpxtpx:hr>139</gpxtpx:hr></gpxtpx:TrackPointExtension></extensions></trkpt>
      <trkpt lat="50.67862" lon="-120.341069"><ele>345.4</ele><time>2026-06-17T04:03:54.000Z</time><extensions><gpxtpx:TrackPointExtension><gpxtpx:hr>139</gpxtpx:hr></gpxtpx:TrackPointExtension></extensions></trkpt>
      <trkpt lat="50.678632" lon="-120.341048"><ele>345.4</ele><time>2026-06-17T04:03:55.000Z</time><extensions><gpxtpx:TrackPointExtension><gpxtpx:hr>139</gpxtpx:hr></gpxtpx:TrackPointExtension></extensions></trkpt>
      <trkpt lat="50.678644" lon="-120.341027"><ele>345.4</ele><time>2026-06-17T04:03:56.000Z</time><extensions><gpxtpx:TrackPointExtension><gpxtpx:hr>139</gpxtpx:hr></gpxtpx:TrackPointExtension></extensions></trkpt>
      <trkpt lat="50.678666" lon="-120.340979"><ele>345.4</ele><time>2026-06-17T04:03:57.000Z</time><extensions><gpxtpx:TrackPointExtension><gpxtpx:hr>137</gpxtpx:hr></gpxtpx:TrackPointExtension></extensions></trkpt>
      <trkpt lat="50.678672" lon="-120.340962"><ele>345.4</ele><time>2026-06-17T04:03:58.000Z</time><extensions><gpxtpx:TrackPointExtension><gpxtpx:hr>137</gpxtpx:hr></gpxtpx:TrackPointExtension></extensions></trkpt>
      <trkpt lat="50.678691" lon="-120.340904"><ele>345.4</ele><time>2026-06-17T04:03:59.000Z</time><extensions><gpxtpx:TrackPointExtension><gpxtpx:hr>137</gpxtpx:hr></gpxtpx:TrackPointExtension></extensions></trkpt>
      <trkpt lat="50.678699" lon="-120.340879"><ele>345.4</ele><time>2026-06-17T04:04:00.000Z</time><extensions><gpxtpx:TrackPointExtension><gpxtpx:hr>137</gpxtpx:hr></gpxtpx:TrackPointExtension></extensions></trkpt>
      <trkpt lat="50.678706" lon="-120.340855"><ele>345.4</ele><time>2026-06-17T04:04:01.000Z</time><extensions><gpxtpx:TrackPointExtension><gpxtpx:hr>137</gpxtpx:hr></gpxtpx:TrackPointExtension></extensions></trkpt>
      <trkpt lat="50.678721" lon="-120.340794"><ele>345.4</ele><time>2026-06-17T04:04:02.000Z</time><extensions><gpxtpx:TrackPointExtension><gpxtpx:hr>137</gpxtpx:hr></gpxtpx:TrackPointExtension></extensions></trkpt>
      <trkpt lat="50.678726" lon="-120.340773"><ele>345.4</ele><time>2026-06-17T04:04:03.000Z</time><extensions><gpxtpx:TrackPointExtension><gpxtpx:hr>139</gpxtpx:hr></gpxtpx:TrackPointExtension></extensions></trkpt>
      <trkpt lat="50.678738" lon="-120.340701"><ele>345.4</ele><time>2026-06-17T04:04:04.000Z</time><extensions><gpxtpx:TrackPointExtension><gpxtpx:hr>139</gpxtpx:hr></gpxtpx:TrackPointExtension></extensions></trkpt>
      <trkpt lat="50.678741" lon="-120.340673"><ele>345.4</ele><time>2026-06-17T04:04:05.000Z</time><extensions><gpxtpx:TrackPointExtension><gpxtpx:hr>139</gpxtpx:hr></gpxtpx:TrackPointExtension></extensions></trkpt>
      <trkpt lat="50.678745" lon="-120.340644"><ele>345.4</ele><time>2026-06-17T04:04:06.000Z</time><extensions><gpxtpx:TrackPointExtension><gpxtpx:hr>139</gpxtpx:hr></gpxtpx:TrackPointExtension></extensions></trkpt>
      <trkpt lat="50.678753" lon="-120.340582"><ele>345.4</ele><time>2026-06-17T04:04:07.000Z</time><extensions><gpxtpx:TrackPointExtension><gpxtpx:hr>139</gpxtpx:hr></gpxtpx:TrackPointExtension></extensions></trkpt>
      <trkpt lat="50.678756" lon="-120.340561"><ele>345.4</ele><time>2026-06-17T04:04:08.000Z</time><extensions><gpxtpx:TrackPointExtension><gpxtpx:hr>140</gpxtpx:hr></gpxtpx:TrackPointExtension></extensions></trkpt>
      <trkpt lat="50.678769" lon="-120.340489"><ele>345.4</ele><time>2026-06-17T04:04:09.000Z</time><extensions><gpxtpx:TrackPointExtension><gpxtpx:hr>140</gpxtpx:hr></gpxtpx:TrackPointExtension></extensions></trkpt>
      <trkpt lat="50.678774" lon="-120.34046"><ele>345.4</ele><time>2026-06-17T04:04:10.000Z</time><extensions><gpxtpx:TrackPointExtension><gpxtpx:hr>140</gpxtpx:hr></gpxtpx:TrackPointExtension></extensions></trkpt>
      <trkpt lat="50.67878" lon="-120.340432"><ele>345.4</ele><time>2026-06-17T04:04:11.000Z</time><extensions><gpxtpx:TrackPointExtension><gpxtpx:hr>140</gpxtpx:hr></gpxtpx:TrackPointExtension></extensions></trkpt>
      <trkpt lat="50.678794" lon="-120.340375"><ele>345.4</ele><time>2026-06-17T04:04:12.000Z</time><extensions><gpxtpx:TrackPointExtension><gpxtpx:hr>140</gpxtpx:hr></gpxtpx:TrackPointExtension></extensions></trkpt>
      <trkpt lat="50.678798" lon="-120.340356"><ele>345.4</ele><time>2026-06-17T04:04:13.000Z</time><extensions><gpxtpx:TrackPointExtension><gpxtpx:hr>140</gpxtpx:hr></gpxtpx:TrackPointExtension></extensions></trkpt>
      <trkpt lat="50.678814" lon="-120.340293"><ele>345.4</ele><time>2026-06-17T04:04:14.000Z</time><extensions><gpxtpx:TrackPointExtension><gpxtpx:hr>140</gpxtpx:hr></gpxtpx:TrackPointExtension></extensions></trkpt>
      <trkpt lat="50.67882" lon="-120.340266"><ele>345.4</ele><time>2026-06-17T04:04:15.000Z</time><extensions><gpxtpx:TrackPointExtension><gpxtpx:hr>140</gpxtpx:hr></gpxtpx:TrackPointExtension></extensions></trkpt>
      <trkpt lat="50.678826" lon="-120.34024"><ele>345.4</ele><time>2026-06-17T04:04:16.000Z</time><extensions><gpxtpx:TrackPointExtension><gpxtpx:hr>140</gpxtpx:hr></gpxtpx:TrackPointExtension></extensions></trkpt>
      <trkpt lat="50.678842" lon="-120.340175"><ele>345.4</ele><time>2026-06-17T04:04:17.000Z</time><extensions><gpxtpx:TrackPointExtension><gpxtpx:hr>140</gpxtpx:hr></gpxtpx:TrackPointExtension></extensions></trkpt>
      <trkpt lat="50.678848" lon="-120.34015"><ele>345.4</ele><time>2026-06-17T04:04:18.000Z</time><extensions><gpxtpx:TrackPointExtension><gpxtpx:hr>140</gpxtpx:hr></gpxtpx:TrackPointExtension></extensions></trkpt>
      <trkpt lat="50.678854" lon="-120.340124"><ele>345.4</ele><time>2026-06-17T04:04:19.000Z</time><extensions><gpxtpx:TrackPointExtension><gpxtpx:hr>140</gpxtpx:hr></gpxtpx:TrackPointExtension></extensions></trkpt>
      <trkpt lat="50.678866" lon="-120.340067"><ele>345.4</ele><time>2026-06-17T04:04:20.000Z</time><extensions><gpxtpx:TrackPointExtension><gpxtpx:hr>140</gpxtpx:hr></gpxtpx:TrackPointExtension></extensions></trkpt>
      <trkpt lat="50.678869" lon="-120.340047"><ele>345.4</ele><time>2026-06-17T04:04:21.000Z</time><extensions><gpxtpx:TrackPointExtension><gpxtpx:hr>140</gpxtpx:hr></gpxtpx:TrackPointExtension></extensions></trkpt>
      <trkpt lat="50.678879" lon="-120.339979"><ele>345.4</ele><time>2026-06-17T04:04:22.000Z</time><extensions><gpxtpx:TrackPointExtension><gpxtpx:hr>140</gpxtpx:hr></gpxtpx:TrackPointExtension></extensions></trkpt>
      <trkpt lat="50.678883" lon="-120.339951"><ele>345.4</ele><time>2026-06-17T04:04:23.000Z</time><extensions><gpxtpx:TrackPointExtension><gpxtpx:hr>140</gpxtpx:hr></gpxtpx:TrackPointExtension></extensions></trkpt>
      <trkpt lat="50.678886" lon="-120.339924"><ele>345.4</ele><time>2026-06-17T04:04:24.000Z</time><extensions><gpxtpx:TrackPointExtension><gpxtpx:hr>139</gpxtpx:hr></gpxtpx:TrackPointExtension></extensions></trkpt>
      <trkpt lat="50.678893" lon="-120.339867"><ele>345.4</ele><time>2026-06-17T04:04:25.000Z</time><extensions><gpxtpx:TrackPointExtension><gpxtpx:hr>139</gpxtpx:hr></gpxtpx:TrackPointExtension></extensions></trkpt>
      <trkpt lat="50.678895" lon="-120.339847"><ele>345.4</ele><time>2026-06-17T04:04:26.000Z</time><extensions><gpxtpx:TrackPointExtension><gpxtpx:hr>138</gpxtpx:hr></gpxtpx:TrackPointExtension></extensions></trkpt>
      <trkpt lat="50.678901" lon="-120.339782"><ele>345.4</ele><time>2026-06-17T04:04:27.000Z</time><extensions><gpxtpx:TrackPointExtension><gpxtpx:hr>138</gpxtpx:hr></gpxtpx:TrackPointExtension></extensions></trkpt>
      <trkpt lat="50.678904" lon="-120.339755"><ele>345.4</ele><time>2026-06-17T04:04:28.000Z</time><extensions><gpxtpx:TrackPointExtension><gpxtpx:hr>138</gpxtpx:hr></gpxtpx:TrackPointExtension></extensions></trkpt>
      <trkpt lat="50.678906" lon="-120.339728"><ele>345.4</ele><time>2026-06-17T04:04:29.000Z</time><extensions><gpxtpx:TrackPointExtension><gpxtpx:hr>138</gpxtpx:hr></gpxtpx:TrackPointExtension></extensions></trkpt>
      <trkpt lat="50.678911" lon="-120.339665"><ele>345.4</ele><time>2026-06-17T04:04:30.000Z</time><extensions><gpxtpx:TrackPointExtension><gpxtpx:hr>138</gpxtpx:hr></gpxtpx:TrackPointExtension></extensions></trkpt>
      <trkpt lat="50.678913" lon="-120.339643"><ele>345.4</ele><time>2026-06-17T04:04:31.000Z</time><extensions><gpxtpx:TrackPointExtension><gpxtpx:hr>138</gpxtpx:hr></gpxtpx:TrackPointExtension></extensions></trkpt>
      <trkpt lat="50.678921" lon="-120.339573"><ele>345.4</ele><time>2026-06-17T04:04:32.000Z</time><extensions><gpxtpx:TrackPointExtension><gpxtpx:hr>138</gpxtpx:hr></gpxtpx:TrackPointExtension></extensions></trkpt>
      <trkpt lat="50.678924" lon="-120.339546"><ele>345.4</ele><time>2026-06-17T04:04:33.000Z</time><extensions><gpxtpx:TrackPointExtension><gpxtpx:hr>138</gpxtpx:hr></gpxtpx:TrackPointExtension></extensions></trkpt>
      <trkpt lat="50.678927" lon="-120.339519"><ele>345.4</ele><time>2026-06-17T04:04:34.000Z</time><extensions><gpxtpx:TrackPointExtension><gpxtpx:hr>138</gpxtpx:hr></gpxtpx:TrackPointExtension></extensions></trkpt>
      <trkpt lat="50.678935" lon="-120.339459"><ele>345.4</ele><time>2026-06-17T04:04:35.000Z</time><extensions><gpxtpx:TrackPointExtension><gpxtpx:hr>137</gpxtpx:hr></gpxtpx:TrackPointExtension></extensions></trkpt>
      <trkpt lat="50.678938" lon="-120.339438"><ele>345.4</ele><time>2026-06-17T04:04:36.000Z</time><extensions><gpxtpx:TrackPointExtension><gpxtpx:hr>137</gpxtpx:hr></gpxtpx:TrackPointExtension></extensions></trkpt>
      <trkpt lat="50.67895" lon="-120.339368"><ele>345.4</ele><time>2026-06-17T04:04:37.000Z</time><extensions><gpxtpx:TrackPointExtension><gpxtpx:hr>137</gpxtpx:hr></gpxtpx:TrackPointExtension></extensions></trkpt>
      <trkpt lat="50.678955" lon="-120.339339"><ele>345.4</ele><time>2026-06-17T04:04:38.000Z</time><extensions><gpxtpx:TrackPointExtension><gpxtpx:hr>137</gpxtpx:hr></gpxtpx:TrackPointExtension></extensions></trkpt>
      <trkpt lat="50.67896" lon="-120.339311"><ele>345.4</ele><time>2026-06-17T04:04:39.000Z</time><extensions><gpxtpx:TrackPointExtension><gpxtpx:hr>137</gpxtpx:hr></gpxtpx:TrackPointExtension></extensions></trkpt>
      <trkpt lat="50.678967" lon="-120.33925"><ele>345.4</ele><time>2026-06-17T04:04:40.000Z</time><extensions><gpxtpx:TrackPointExtension><gpxtpx:hr>139</gpxtpx:hr></gpxtpx:TrackPointExtension></extensions></trkpt>
      <trkpt lat="50.678968" lon="-120.33923"><ele>345.4</ele><time>2026-06-17T04:04:41.000Z</time><extensions><gpxtpx:TrackPointExtension><gpxtpx:hr>139</gpxtpx:hr></gpxtpx:TrackPointExtension></extensions></trkpt>
      <trkpt lat="50.678974" lon="-120.339172"><ele>345.4</ele><time>2026-06-17T04:04:42.000Z</time><extensions><gpxtpx:TrackPointExtension><gpxtpx:hr>139</gpxtpx:hr></gpxtpx:TrackPointExtension></extensions></trkpt>
      <trkpt lat="50.678977" lon="-120.339149"><ele>345.4</ele><time>2026-06-17T04:04:43.000Z</time><extensions><gpxtpx:TrackPointExtension><gpxtpx:hr>139</gpxtpx:hr></gpxtpx:TrackPointExtension></extensions></trkpt>
      <trkpt lat="50.67898" lon="-120.339126"><ele>345.4</ele><time>2026-06-17T04:04:44.000Z</time><extensions><gpxtpx:TrackPointExtension><gpxtpx:hr>139</gpxtpx:hr></gpxtpx:TrackPointExtension></extensions></trkpt>
      <trkpt lat="50.67899" lon="-120.339066"><ele>345.4</ele><time>2026-06-17T04:04:45.000Z</time><extensions><gpxtpx:TrackPointExtension><gpxtpx:hr>139</gpxtpx:hr></gpxtpx:TrackPointExtension></extensions></trkpt>
      <trkpt lat="50.678995" lon="-120.339042"><ele>345.4</ele><time>2026-06-17T04:04:46.000Z</time><extensions><gpxtpx:TrackPointExtension><gpxtpx:hr>139</gpxtpx:hr></gpxtpx:TrackPointExtension></extensions></trkpt>
      <trkpt lat="50.679" lon="-120.339017"><ele>345.4</ele><time>2026-06-17T04:04:47.000Z</time><extensions><gpxtpx:TrackPointExtension><gpxtpx:hr>139</gpxtpx:hr></gpxtpx:TrackPointExtension></extensions></trkpt>
      <trkpt lat="50.679009" lon="-120.338962"><ele>345.4</ele><time>2026-06-17T04:04:48.000Z</time><extensions><gpxtpx:TrackPointExtension><gpxtpx:hr>140</gpxtpx:hr></gpxtpx:TrackPointExtension></extensions></trkpt>
      <trkpt lat="50.67901" lon="-120.338944"><ele>345.4</ele><time>2026-06-17T04:04:49.000Z</time><extensions><gpxtpx:TrackPointExtension><gpxtpx:hr>140</gpxtpx:hr></gpxtpx:TrackPointExtension></extensions></trkpt>
      <trkpt lat="50.679002" lon="-120.338878"><ele>345.4</ele><time>2026-06-17T04:04:50.000Z</time><extensions><gpxtpx:TrackPointExtension><gpxtpx:hr>140</gpxtpx:hr></gpxtpx:TrackPointExtension></extensions></trkpt>
      <trkpt lat="50.678996" lon="-120.338852"><ele>345.4</ele><time>2026-06-17T04:04:51.000Z</time><extensions><gpxtpx:TrackPointExtension><gpxtpx:hr>140</gpxtpx:hr></gpxtpx:TrackPointExtension></extensions></trkpt>
      <trkpt lat="50.678989" lon="-120.338825"><ele>345.4</ele><time>2026-06-17T04:04:52.000Z</time><extensions><gpxtpx:TrackPointExtension><gpxtpx:hr>140</gpxtpx:hr></gpxtpx:TrackPointExtension></extensions></trkpt>
      <trkpt lat="50.678962" lon="-120.338769"><ele>345.4</ele><time>2026-06-17T04:04:53.000Z</time><extensions><gpxtpx:TrackPointExtension><gpxtpx:hr>138</gpxtpx:hr></gpxtpx:TrackPointExtension></extensions></trkpt>
      <trkpt lat="50.678952" lon="-120.338751"><ele>345.4</ele><time>2026-06-17T04:04:54.000Z</time><extensions><gpxtpx:TrackPointExtension><gpxtpx:hr>138</gpxtpx:hr></gpxtpx:TrackPointExtension></extensions></trkpt>
      <trkpt lat="50.678927" lon="-120.33869"><ele>345.4</ele><time>2026-06-17T04:04:55.000Z</time><extensions><gpxtpx:TrackPointExtension><gpxtpx:hr>138</gpxtpx:hr></gpxtpx:TrackPointExtension></extensions></trkpt>
      <trkpt lat="50.67892" lon="-120.338666"><ele>345.4</ele><time>2026-06-17T04:04:56.000Z</time><extensions><gpxtpx:TrackPointExtension><gpxtpx:hr>138</gpxtpx:hr></gpxtpx:TrackPointExtension></extensions></trkpt>
      <trkpt lat="50.678912" lon="-120.338641"><ele>345.4</ele><time>2026-06-17T04:04:57.000Z</time><extensions><gpxtpx:TrackPointExtension><gpxtpx:hr>138</gpxtpx:hr></gpxtpx:TrackPointExtension></extensions></trkpt>
      <trkpt lat="50.678906" lon="-120.338586"><ele>345.4</ele><time>2026-06-17T04:04:58.000Z</time><extensions><gpxtpx:TrackPointExtension><gpxtpx:hr>138</gpxtpx:hr></gpxtpx:TrackPointExtension></extensions></trkpt>
      <trkpt lat="50.678905" lon="-120.338568"><ele>345.4</ele><time>2026-06-17T04:04:59.000Z</time><extensions><gpxtpx:TrackPointExtension><gpxtpx:hr>138</gpxtpx:hr></gpxtpx:TrackPointExtension></extensions></trkpt>
      <trkpt lat="50.678907" lon="-120.338506"><ele>345.4</ele><time>2026-06-17T04:05:00.000Z</time><extensions><gpxtpx:TrackPointExtension><gpxtpx:hr>137</gpxtpx:hr></gpxtpx:TrackPointExtension></extensions></trkpt>
      <trkpt lat="50.678909" lon="-120.338481"><ele>345.4</ele><time>2026-06-17T04:05:01.000Z</time><extensions><gpxtpx:TrackPointExtension><gpxtpx:hr>137</gpxtpx:hr></gpxtpx:TrackPointExtension></extensions></trkpt>
      <trkpt lat="50.678911" lon="-120.338456"><ele>345.4</ele><time>2026-06-17T04:05:02.000Z</time><extensions><gpxtpx:TrackPointExtension><gpxtpx:hr>137</gpxtpx:hr></gpxtpx:TrackPointExtension></extensions></trkpt>
      <trkpt lat="50.67892" lon="-120.338404"><ele>345.4</ele><time>2026-06-17T04:05:03.000Z</time><extensions><gpxtpx:TrackPointExtension><gpxtpx:hr>137</gpxtpx:hr></gpxtpx:TrackPointExtension></extensions></trkpt>
      <trkpt lat="50.678924" lon="-120.338387"><ele>345.4</ele><time>2026-06-17T04:05:04.000Z</time><extensions><gpxtpx:TrackPointExtension><gpxtpx:hr>137</gpxtpx:hr></gpxtpx:TrackPointExtension></extensions></trkpt>
      <trkpt lat="50.678932" lon="-120.338358"><ele>345.6</ele><time>2026-06-17T04:05:05.000Z</time><extensions><gpxtpx:TrackPointExtension><gpxtpx:hr>137</gpxtpx:hr></gpxtpx:TrackPointExtension></extensions></trkpt>
      <trkpt lat="50.678937" lon="-120.338335"><ele>345.6</ele><time>2026-06-17T04:05:06.000Z</time><extensions><gpxtpx:TrackPointExtension><gpxtpx:hr>137</gpxtpx:hr></gpxtpx:TrackPointExtension></extensions></trkpt>
      <trkpt lat="50.678935" lon="-120.338321"><ele>345.6</ele><time>2026-06-17T04:05:07.000Z</time><extensions><gpxtpx:TrackPointExtension><gpxtpx:hr>137</gpxtpx:hr></gpxtpx:TrackPointExtension></extensions></trkpt>
      <trkpt lat="50.678932" lon="-120.338309"><ele>345.6</ele><time>2026-06-17T04:05:08.000Z</time><extensions><gpxtpx:TrackPointExtension><gpxtpx:hr>136</gpxtpx:hr></gpxtpx:TrackPointExtension></extensions></trkpt>
      <trkpt lat="50.678934" lon="-120.338304"><ele>345.2</ele><time>2026-06-17T04:05:25.000Z</time><extensions><gpxtpx:TrackPointExtension><gpxtpx:hr>136</gpxtpx:hr></gpxtpx:TrackPointExtension></extensions></trkpt>
      <trkpt lat="50.678937" lon="-120.3383"><ele>345</ele><time>2026-06-17T04:05:26.000Z</time><extensions><gpxtpx:TrackPointExtension><gpxtpx:hr>128</gpxtpx:hr></gpxtpx:TrackPointExtension></extensions></trkpt>
      <trkpt lat="50.678939" lon="-120.338295"><ele>345</ele><time>2026-06-17T04:05:27.000Z</time><extensions><gpxtpx:TrackPointExtension><gpxtpx:hr>128</gpxtpx:hr></gpxtpx:TrackPointExtension></extensions></trkpt>
      <trkpt lat="50.678942" lon="-120.338291"><ele>345</ele><time>2026-06-17T04:05:28.000Z</time><extensions><gpxtpx:TrackPointExtension><gpxtpx:hr>128</gpxtpx:hr></gpxtpx:TrackPointExtension></extensions></trkpt>
      <trkpt lat="50.678944" lon="-120.338287"><ele>345</ele><time>2026-06-17T04:05:29.000Z</time><extensions><gpxtpx:TrackPointExtension><gpxtpx:hr>128</gpxtpx:hr></gpxtpx:TrackPointExtension></extensions></trkpt>
      <trkpt lat="50.678947" lon="-120.338282"><ele>345</ele><time>2026-06-17T04:05:43.000Z</time><extensions><gpxtpx:TrackPointExtension><gpxtpx:hr>128</gpxtpx:hr></gpxtpx:TrackPointExtension></extensions></trkpt>
      <trkpt lat="50.678949" lon="-120.338278"><ele>345</ele><time>2026-06-17T04:05:44.000Z</time><extensions><gpxtpx:TrackPointExtension><gpxtpx:hr>128</gpxtpx:hr></gpxtpx:TrackPointExtension></extensions></trkpt>
      <trkpt lat="50.678952" lon="-120.338273"><ele>345</ele><time>2026-06-17T04:05:55.000Z</time><extensions><gpxtpx:TrackPointExtension><gpxtpx:hr>128</gpxtpx:hr></gpxtpx:TrackPointExtension></extensions></trkpt>
      <trkpt lat="50.678954" lon="-120.338269"><ele>345</ele><time>2026-06-17T04:05:56.000Z</time><extensions><gpxtpx:TrackPointExtension><gpxtpx:hr>128</gpxtpx:hr></gpxtpx:TrackPointExtension></extensions></trkpt>
      <trkpt lat="50.678957" lon="-120.338264"><ele>345</ele><time>2026-06-17T04:05:57.000Z</time><extensions><gpxtpx:TrackPointExtension><gpxtpx:hr>113</gpxtpx:hr></gpxtpx:TrackPointExtension></extensions></trkpt>
      <trkpt lat="50.678959" lon="-120.33826"><ele>345.2</ele><time>2026-06-17T04:05:58.000Z</time><extensions><gpxtpx:TrackPointExtension><gpxtpx:hr>113</gpxtpx:hr></gpxtpx:TrackPointExtension></extensions></trkpt>
      <trkpt lat="50.678983" lon="-120.338197"><ele>345.2</ele><time>2026-06-17T04:05:59.000Z</time><extensions><gpxtpx:TrackPointExtension><gpxtpx:hr>113</gpxtpx:hr></gpxtpx:TrackPointExtension></extensions></trkpt>
      <trkpt lat="50.67899" lon="-120.338174"><ele>345.2</ele><time>2026-06-17T04:06:00.000Z</time><extensions><gpxtpx:TrackPointExtension><gpxtpx:hr>113</gpxtpx:hr></gpxtpx:TrackPointExtension></extensions></trkpt>
      <trkpt lat="50.679004" lon="-120.338085"><ele>345.2</ele><time>2026-06-17T04:06:01.000Z</time><extensions><gpxtpx:TrackPointExtension><gpxtpx:hr>111</gpxtpx:hr></gpxtpx:TrackPointExtension></extensions></trkpt>
      <trkpt lat="50.679009" lon="-120.338048"><ele>345.2</ele><time>2026-06-17T04:06:02.000Z</time><extensions><gpxtpx:TrackPointExtension><gpxtpx:hr>111</gpxtpx:hr></gpxtpx:TrackPointExtension></extensions></trkpt>
      <trkpt lat="50.679013" lon="-120.338011"><ele>345.2</ele><time>2026-06-17T04:06:03.000Z</time><extensions><gpxtpx:TrackPointExtension><gpxtpx:hr>111</gpxtpx:hr></gpxtpx:TrackPointExtension></extensions></trkpt>
      <trkpt lat="50.679024" lon="-120.337919"><ele>345.2</ele><time>2026-06-17T04:06:04.000Z</time><extensions><gpxtpx:TrackPointExtension><gpxtpx:hr>111</gpxtpx:hr></gpxtpx:TrackPointExtension></extensions></trkpt>
      <trkpt lat="50.679028" lon="-120.337883"><ele>345.2</ele><time>2026-06-17T04:06:05.000Z</time><extensions><gpxtpx:TrackPointExtension><gpxtpx:hr>111</gpxtpx:hr></gpxtpx:TrackPointExtension></extensions></trkpt>
      <trkpt lat="50.679032" lon="-120.337846"><ele>345.2</ele><time>2026-06-17T04:06:06.000Z</time><extensions><gpxtpx:TrackPointExtension><gpxtpx:hr>111</gpxtpx:hr></gpxtpx:TrackPointExtension></extensions></trkpt>
      <trkpt lat="50.679039" lon="-120.337766"><ele>345.4</ele><time>2026-06-17T04:06:07.000Z</time><extensions><gpxtpx:TrackPointExtension><gpxtpx:hr>111</gpxtpx:hr></gpxtpx:TrackPointExtension></extensions></trkpt>
      <trkpt lat="50.67904" lon="-120.337739"><ele>345.4</ele><time>2026-06-17T04:06:08.000Z</time><extensions><gpxtpx:TrackPointExtension><gpxtpx:hr>111</gpxtpx:hr></gpxtpx:TrackPointExtension></extensions></trkpt>
      <trkpt lat="50.679043" lon="-120.337654"><ele>345.4</ele><time>2026-06-17T04:06:09.000Z</time><extensions><gpxtpx:TrackPointExtension><gpxtpx:hr>111</gpxtpx:hr></gpxtpx:TrackPointExtension></extensions></trkpt>
      <trkpt lat="50.679044" lon="-120.337621"><ele>345.4</ele><time>2026-06-17T04:06:10.000Z</time><extensions><gpxtpx:TrackPointExtension><gpxtpx:hr>111</gpxtpx:hr></gpxtpx:TrackPointExtension></extensions></trkpt>
      <trkpt lat="50.679045" lon="-120.337587"><ele>345.4</ele><time>2026-06-17T04:06:11.000Z</time><extensions><gpxtpx:TrackPointExtension><gpxtpx:hr>111</gpxtpx:hr></gpxtpx:TrackPointExtension></extensions></trkpt>
      <trkpt lat="50.679049" lon="-120.337512"><ele>345.4</ele><time>2026-06-17T04:06:12.000Z</time><extensions><gpxtpx:TrackPointExtension><gpxtpx:hr>111</gpxtpx:hr></gpxtpx:TrackPointExtension></extensions></trkpt>
      <trkpt lat="50.679051" lon="-120.337486"><ele>345.4</ele><time>2026-06-17T04:06:13.000Z</time><extensions><gpxtpx:TrackPointExtension><gpxtpx:hr>111</gpxtpx:hr></gpxtpx:TrackPointExtension></extensions></trkpt>
      <trkpt lat="50.679056" lon="-120.337401"><ele>345.4</ele><time>2026-06-17T04:06:14.000Z</time><extensions><gpxtpx:TrackPointExtension><gpxtpx:hr>111</gpxtpx:hr></gpxtpx:TrackPointExtension></extensions></trkpt>
      <trkpt lat="50.679057" lon="-120.337368"><ele>345.4</ele><time>2026-06-17T04:06:15.000Z</time><extensions><gpxtpx:TrackPointExtension><gpxtpx:hr>118</gpxtpx:hr></gpxtpx:TrackPointExtension></extensions></trkpt>
      <trkpt lat="50.679058" lon="-120.337334"><ele>345.4</ele><time>2026-06-17T04:06:16.000Z</time><extensions><gpxtpx:TrackPointExtension><gpxtpx:hr>120</gpxtpx:hr></gpxtpx:TrackPointExtension></extensions></trkpt>
      <trkpt lat="50.679049" lon="-120.337261"><ele>345.4</ele><time>2026-06-17T04:06:17.000Z</time><extensions><gpxtpx:TrackPointExtension><gpxtpx:hr>120</gpxtpx:hr></gpxtpx:TrackPointExtension></extensions></trkpt>
      <trkpt lat="50.679043" lon="-120.337237"><ele>345.4</ele><time>2026-06-17T04:06:18.000Z</time><extensions><gpxtpx:TrackPointExtension><gpxtpx:hr>120</gpxtpx:hr></gpxtpx:TrackPointExtension></extensions></trkpt>
      <trkpt lat="50.679016" lon="-120.337164"><ele>345.4</ele><time>2026-06-17T04:06:19.000Z</time><extensions><gpxtpx:TrackPointExtension><gpxtpx:hr>120</gpxtpx:hr></gpxtpx:TrackPointExtension></extensions></trkpt>
      <trkpt lat="50.679004" lon="-120.337137"><ele>345.4</ele><time>2026-06-17T04:06:20.000Z</time><extensions><gpxtpx:TrackPointExtension><gpxtpx:hr>120</gpxtpx:hr></gpxtpx:TrackPointExtension></extensions></trkpt>
      <trkpt lat="50.678993" lon="-120.337109"><ele>345.4</ele><time>2026-06-17T04:06:21.000Z</time><extensions><gpxtpx:TrackPointExtension><gpxtpx:hr>120</gpxtpx:hr></gpxtpx:TrackPointExtension></extensions></trkpt>
      <trkpt lat="50.678985" lon="-120.337035"><ele>345.4</ele><time>2026-06-17T04:06:22.000Z</time><extensions><gpxtpx:TrackPointExtension><gpxtpx:hr>125</gpxtpx:hr></gpxtpx:TrackPointExtension></extensions></trkpt>
      <trkpt lat="50.678984" lon="-120.337008"><ele>345.4</ele><time>2026-06-17T04:06:23.000Z</time><extensions><gpxtpx:TrackPointExtension><gpxtpx:hr>125</gpxtpx:hr></gpxtpx:TrackPointExtension></extensions></trkpt>
      <trkpt lat="50.678986" lon="-120.33692"><ele>345.4</ele><time>2026-06-17T04:06:24.000Z</time><extensions><gpxtpx:TrackPointExtension><gpxtpx:hr>125</gpxtpx:hr></gpxtpx:TrackPointExtension></extensions></trkpt>
      <trkpt lat="50.67899" lon="-120.336885"><ele>345.4</ele><time>2026-06-17T04:06:25.000Z</time><extensions><gpxtpx:TrackPointExtension><gpxtpx:hr>125</gpxtpx:hr></gpxtpx:TrackPointExtension></extensions></trkpt>
      <trkpt lat="50.678993" lon="-120.33685"><ele>345.4</ele><time>2026-06-17T04:06:26.000Z</time><extensions><gpxtpx:TrackPointExtension><gpxtpx:hr>126</gpxtpx:hr></gpxtpx:TrackPointExtension></extensions></trkpt>
      <trkpt lat="50.678995" lon="-120.336773"><ele>345.4</ele><time>2026-06-17T04:06:27.000Z</time><extensions><gpxtpx:TrackPointExtension><gpxtpx:hr>126</gpxtpx:hr></gpxtpx:TrackPointExtension></extensions></trkpt>
      <trkpt lat="50.678994" lon="-120.336743"><ele>345.4</ele><time>2026-06-17T04:06:28.000Z</time><extensions><gpxtpx:TrackPointExtension><gpxtpx:hr>126</gpxtpx:hr></gpxtpx:TrackPointExtension></extensions></trkpt>
      <trkpt lat="50.678993" lon="-120.336714"><ele>345.4</ele><time>2026-06-17T04:06:29.000Z</time><extensions><gpxtpx:TrackPointExtension><gpxtpx:hr>126</gpxtpx:hr></gpxtpx:TrackPointExtension></extensions></trkpt>
      <trkpt lat="50.678983" lon="-120.336647"><ele>345.4</ele><time>2026-06-17T04:06:30.000Z</time><extensions><gpxtpx:TrackPointExtension><gpxtpx:hr>126</gpxtpx:hr></gpxtpx:TrackPointExtension></extensions></trkpt>
      <trkpt lat="50.678978" lon="-120.336625"><ele>345.4</ele><time>2026-06-17T04:06:31.000Z</time><extensions><gpxtpx:TrackPointExtension><gpxtpx:hr>126</gpxtpx:hr></gpxtpx:TrackPointExtension></extensions></trkpt>
      <trkpt lat="50.678981" lon="-120.336547"><ele>345.4</ele><time>2026-06-17T04:06:32.000Z</time><extensions><gpxtpx:TrackPointExtension><gpxtpx:hr>126</gpxtpx:hr></gpxtpx:TrackPointExtension></extensions></trkpt>
      <trkpt lat="50.678988" lon="-120.336514"><ele>345.6</ele><time>2026-06-17T04:06:33.000Z</time><extensions><gpxtpx:TrackPointExtension><gpxtpx:hr>126</gpxtpx:hr></gpxtpx:TrackPointExtension></extensions></trkpt>
      <trkpt lat="50.678994" lon="-120.336482"><ele>345.6</ele><time>2026-06-17T04:06:34.000Z</time><extensions><gpxtpx:TrackPointExtension><gpxtpx:hr>126</gpxtpx:hr></gpxtpx:TrackPointExtension></extensions></trkpt>
      <trkpt lat="50.679013" lon="-120.33641"><ele>345.6</ele><time>2026-06-17T04:06:35.000Z</time><extensions><gpxtpx:TrackPointExtension><gpxtpx:hr>131</gpxtpx:hr></gpxtpx:TrackPointExtension></extensions></trkpt>
      <trkpt lat="50.679017" lon="-120.336386"><ele>345.8</ele><time>2026-06-17T04:06:36.000Z</time><extensions><gpxtpx:TrackPointExtension><gpxtpx:hr>131</gpxtpx:hr></gpxtpx:TrackPointExtension></extensions></trkpt>
      <trkpt lat="50.679015" lon="-120.336309"><ele>345.8</ele><time>2026-06-17T04:06:37.000Z</time><extensions><gpxtpx:TrackPointExtension><gpxtpx:hr>131</gpxtpx:hr></gpxtpx:TrackPointExtension></extensions></trkpt>
      <trkpt lat="50.67901" lon="-120.336278"><ele>345.8</ele><time>2026-06-17T04:06:38.000Z</time><extensions><gpxtpx:TrackPointExtension><gpxtpx:hr>131</gpxtpx:hr></gpxtpx:TrackPointExtension></extensions></trkpt>
      <trkpt lat="50.679006" lon="-120.336247"><ele>346</ele><time>2026-06-17T04:06:39.000Z</time><extensions><gpxtpx:TrackPointExtension><gpxtpx:hr>131</gpxtpx:hr></gpxtpx:TrackPointExtension></extensions></trkpt>
      <trkpt lat="50.678995" lon="-120.336172"><ele>346</ele><time>2026-06-17T04:06:40.000Z</time><extensions><gpxtpx:TrackPointExtension><gpxtpx:hr>131</gpxtpx:hr></gpxtpx:TrackPointExtension></extensions></trkpt>
      <trkpt lat="50.678991" lon="-120.336147"><ele>346</ele><time>2026-06-17T04:06:41.000Z</time><extensions><gpxtpx:TrackPointExtension><gpxtpx:hr>132</gpxtpx:hr></gpxtpx:TrackPointExtension></extensions></trkpt>
      <trkpt lat="50.678987" lon="-120.336059"><ele>346</ele><time>2026-06-17T04:06:42.000Z</time><extensions><gpxtpx:TrackPointExtension><gpxtpx:hr>132</gpxtpx:hr></gpxtpx:TrackPointExtension></extensions></trkpt>
      <trkpt lat="50.678987" lon="-120.336023"><ele>346</ele><time>2026-06-17T04:06:43.000Z</time><extensions><gpxtpx:TrackPointExtension><gpxtpx:hr>132</gpxtpx:hr></gpxtpx:TrackPointExtension></extensions></trkpt>
      <trkpt lat="50.678987" lon="-120.335988"><ele>346</ele><time>2026-06-17T04:06:44.000Z</time><extensions><gpxtpx:TrackPointExtension><gpxtpx:hr>132</gpxtpx:hr></gpxtpx:TrackPointExtension></extensions></trkpt>
      <trkpt lat="50.678991" lon="-120.335912"><ele>345.8</ele><time>2026-06-17T04:06:45.000Z</time><extensions><gpxtpx:TrackPointExtension><gpxtpx:hr>132</gpxtpx:hr></gpxtpx:TrackPointExtension></extensions></trkpt>
      <trkpt lat="50.678992" lon="-120.335887"><ele>345.8</ele><time>2026-06-17T04:06:46.000Z</time><extensions><gpxtpx:TrackPointExtension><gpxtpx:hr>132</gpxtpx:hr></gpxtpx:TrackPointExtension></extensions></trkpt>
      <trkpt lat="50.678996" lon="-120.335805"><ele>345.8</ele><time>2026-06-17T04:06:47.000Z</time><extensions><gpxtpx:TrackPointExtension><gpxtpx:hr>132</gpxtpx:hr></gpxtpx:TrackPointExtension></extensions></trkpt>
      <trkpt lat="50.678997" lon="-120.335772"><ele>345.6</ele><time>2026-06-17T04:06:48.000Z</time><extensions><gpxtpx:TrackPointExtension><gpxtpx:hr>132</gpxtpx:hr></gpxtpx:TrackPointExtension></extensions></trkpt>
      <trkpt lat="50.678998" lon="-120.33574"><ele>345.6</ele><time>2026-06-17T04:06:49.000Z</time><extensions><gpxtpx:TrackPointExtension><gpxtpx:hr>132</gpxtpx:hr></gpxtpx:TrackPointExtension></extensions></trkpt>
      <trkpt lat="50.678995" lon="-120.335666"><ele>345.6</ele><time>2026-06-17T04:06:50.000Z</time><extensions><gpxtpx:TrackPointExtension><gpxtpx:hr>137</gpxtpx:hr></gpxtpx:TrackPointExtension></extensions></trkpt>
      <trkpt lat="50.678994" lon="-120.335641"><ele>345.6</ele><time>2026-06-17T04:06:51.000Z</time><extensions><gpxtpx:TrackPointExtension><gpxtpx:hr>137</gpxtpx:hr></gpxtpx:TrackPointExtension></extensions></trkpt>
      <trkpt lat="50.678986" lon="-120.335552"><ele>345.4</ele><time>2026-06-17T04:06:52.000Z</time><extensions><gpxtpx:TrackPointExtension><gpxtpx:hr>137</gpxtpx:hr></gpxtpx:TrackPointExtension></extensions></trkpt>
      <trkpt lat="50.678982" lon="-120.335516"><ele>345.4</ele><time>2026-06-17T04:06:53.000Z</time><extensions><gpxtpx:TrackPointExtension><gpxtpx:hr>137</gpxtpx:hr></gpxtpx:TrackPointExtension></extensions></trkpt>
      <trkpt lat="50.678977" lon="-120.335481"><ele>345.4</ele><time>2026-06-17T04:06:54.000Z</time><extensions><gpxtpx:TrackPointExtension><gpxtpx:hr>137</gpxtpx:hr></gpxtpx:TrackPointExtension></extensions></trkpt>
      <trkpt lat="50.678958" lon="-120.335405"><ele>345.4</ele><time>2026-06-17T04:06:55.000Z</time><extensions><gpxtpx:TrackPointExtension><gpxtpx:hr>141</gpxtpx:hr></gpxtpx:TrackPointExtension></extensions></trkpt>
      <trkpt lat="50.67895" lon="-120.335377"><ele>345.2</ele><time>2026-06-17T04:06:56.000Z</time><extensions><gpxtpx:TrackPointExtension><gpxtpx:hr>141</gpxtpx:hr></gpxtpx:TrackPointExtension></extensions></trkpt>
      <trkpt lat="50.678943" lon="-120.335349"><ele>345.2</ele><time>2026-06-17T04:06:57.000Z</time><extensions><gpxtpx:TrackPointExtension><gpxtpx:hr>141</gpxtpx:hr></gpxtpx:TrackPointExtension></extensions></trkpt>
      <trkpt lat="50.678936" lon="-120.33529"><ele>345.2</ele><time>2026-06-17T04:06:58.000Z</time><extensions><gpxtpx:TrackPointExtension><gpxtpx:hr>141</gpxtpx:hr></gpxtpx:TrackPointExtension></extensions></trkpt>
      <trkpt lat="50.678935" lon="-120.335271"><ele>345.2</ele><time>2026-06-17T04:06:59.000Z</time><extensions><gpxtpx:TrackPointExtension><gpxtpx:hr>141</gpxtpx:hr></gpxtpx:TrackPointExtension></extensions></trkpt>
      <trkpt lat="50.678948" lon="-120.335209"><ele>345.2</ele><time>2026-06-17T04:07:00.000Z</time><extensions><gpxtpx:TrackPointExtension><gpxtpx:hr>141</gpxtpx:hr></gpxtpx:TrackPointExtension></extensions></trkpt>
      <trkpt lat="50.678958" lon="-120.335185"><ele>345.2</ele><time>2026-06-17T04:07:01.000Z</time><extensions><gpxtpx:TrackPointExtension><gpxtpx:hr>141</gpxtpx:hr></gpxtpx:TrackPointExtension></extensions></trkpt>
      <trkpt lat="50.678967" lon="-120.335162"><ele>345.2</ele><time>2026-06-17T04:07:02.000Z</time><extensions><gpxtpx:TrackPointExtension><gpxtpx:hr>141</gpxtpx:hr></gpxtpx:TrackPointExtension></extensions></trkpt>
      <trkpt lat="50.67899" lon="-120.33512"><ele>345.2</ele><time>2026-06-17T04:07:03.000Z</time><extensions><gpxtpx:TrackPointExtension><gpxtpx:hr>141</gpxtpx:hr></gpxtpx:TrackPointExtension></extensions></trkpt>
      <trkpt lat="50.678997" lon="-120.335107"><ele>345.2</ele><time>2026-06-17T04:07:04.000Z</time><extensions><gpxtpx:TrackPointExtension><gpxtpx:hr>141</gpxtpx:hr></gpxtpx:TrackPointExtension></extensions></trkpt>
      <trkpt lat="50.679018" lon="-120.335067"><ele>345.2</ele><time>2026-06-17T04:07:05.000Z</time><extensions><gpxtpx:TrackPointExtension><gpxtpx:hr>141</gpxtpx:hr></gpxtpx:TrackPointExtension></extensions></trkpt>
      <trkpt lat="50.679026" lon="-120.33505"><ele>345.4</ele><time>2026-06-17T04:07:06.000Z</time><extensions><gpxtpx:TrackPointExtension><gpxtpx:hr>141</gpxtpx:hr></gpxtpx:TrackPointExtension></extensions></trkpt>
      <trkpt lat="50.679034" lon="-120.335034"><ele>345.4</ele><time>2026-06-17T04:07:07.000Z</time><extensions><gpxtpx:TrackPointExtension><gpxtpx:hr>141</gpxtpx:hr></gpxtpx:TrackPointExtension></extensions></trkpt>
      <trkpt lat="50.679052" lon="-120.334996"><ele>345.4</ele><time>2026-06-17T04:07:08.000Z</time><extensions><gpxtpx:TrackPointExtension><gpxtpx:hr>141</gpxtpx:hr></gpxtpx:TrackPointExtension></extensions></trkpt>
      <trkpt lat="50.679058" lon="-120.334982"><ele>345.4</ele><time>2026-06-17T04:07:09.000Z</time><extensions><gpxtpx:TrackPointExtension><gpxtpx:hr>141</gpxtpx:hr></gpxtpx:TrackPointExtension></extensions></trkpt>
      <trkpt lat="50.679075" lon="-120.334926"><ele>345.6</ele><time>2026-06-17T04:07:10.000Z</time><extensions><gpxtpx:TrackPointExtension><gpxtpx:hr>141</gpxtpx:hr></gpxtpx:TrackPointExtension></extensions></trkpt>
      <trkpt lat="50.679079" lon="-120.334901"><ele>345.6</ele><time>2026-06-17T04:07:11.000Z</time><extensions><gpxtpx:TrackPointExtension><gpxtpx:hr>141</gpxtpx:hr></gpxtpx:TrackPointExtension></extensions></trkpt>
      <trkpt lat="50.679083" lon="-120.334876"><ele>345.6</ele><time>2026-06-17T04:07:12.000Z</time><extensions><gpxtpx:TrackPointExtension><gpxtpx:hr>141</gpxtpx:hr></gpxtpx:TrackPointExtension></extensions></trkpt>
      <trkpt lat="50.679084" lon="-120.334827"><ele>345.4</ele><time>2026-06-17T04:07:13.000Z</time><extensions><gpxtpx:TrackPointExtension><gpxtpx:hr>141</gpxtpx:hr></gpxtpx:TrackPointExtension></extensions></trkpt>
      <trkpt lat="50.679085" lon="-120.334813"><ele>345.4</ele><time>2026-06-17T04:07:14.000Z</time><extensions><gpxtpx:TrackPointExtension><gpxtpx:hr>141</gpxtpx:hr></gpxtpx:TrackPointExtension></extensions></trkpt>
      <trkpt lat="50.679094" lon="-120.334795"><ele>345.4</ele><time>2026-06-17T04:07:15.000Z</time><extensions><gpxtpx:TrackPointExtension><gpxtpx:hr>140</gpxtpx:hr></gpxtpx:TrackPointExtension></extensions></trkpt>
      <trkpt lat="50.679111" lon="-120.334787"><ele>345.4</ele><time>2026-06-17T04:07:16.000Z</time><extensions><gpxtpx:TrackPointExtension><gpxtpx:hr>140</gpxtpx:hr></gpxtpx:TrackPointExtension></extensions></trkpt>
      <trkpt lat="50.679134" lon="-120.334788"><ele>345.4</ele><time>2026-06-17T04:07:17.000Z</time><extensions><gpxtpx:TrackPointExtension><gpxtpx:hr>140</gpxtpx:hr></gpxtpx:TrackPointExtension></extensions></trkpt>
      <trkpt lat="50.679168" lon="-120.334802"><ele>345.2</ele><time>2026-06-17T04:07:18.000Z</time><extensions><gpxtpx:TrackPointExtension><gpxtpx:hr>140</gpxtpx:hr></gpxtpx:TrackPointExtension></extensions></trkpt>
      <trkpt lat="50.679178" lon="-120.334808"><ele>345.2</ele><time>2026-06-17T04:07:19.000Z</time><extensions><gpxtpx:TrackPointExtension><gpxtpx:hr>141</gpxtpx:hr></gpxtpx:TrackPointExtension></extensions></trkpt>
      <trkpt lat="50.679209" lon="-120.334829"><ele>345.2</ele><time>2026-06-17T04:07:20.000Z</time><extensions><gpxtpx:TrackPointExtension><gpxtpx:hr>141</gpxtpx:hr></gpxtpx:TrackPointExtension></extensions></trkpt>
      <trkpt lat="50.679222" lon="-120.334836"><ele>345.2</ele><time>2026-06-17T04:07:21.000Z</time><extensions><gpxtpx:TrackPointExtension><gpxtpx:hr>141</gpxtpx:hr></gpxtpx:TrackPointExtension></extensions></trkpt>
      <trkpt lat="50.679234" lon="-120.334843"><ele>345.2</ele><time>2026-06-17T04:07:22.000Z</time><extensions><gpxtpx:TrackPointExtension><gpxtpx:hr>141</gpxtpx:hr></gpxtpx:TrackPointExtension></extensions></trkpt>
      <trkpt lat="50.679271" lon="-120.334873"><ele>345.2</ele><time>2026-06-17T04:07:23.000Z</time><extensions><gpxtpx:TrackPointExtension><gpxtpx:hr>141</gpxtpx:hr></gpxtpx:TrackPointExtension></extensions></trkpt>
      <trkpt lat="50.679286" lon="-120.334891"><ele>345</ele><time>2026-06-17T04:07:24.000Z</time><extensions><gpxtpx:TrackPointExtension><gpxtpx:hr>141</gpxtpx:hr></gpxtpx:TrackPointExtension></extensions></trkpt>
      <trkpt lat="50.679301" lon="-120.334908"><ele>345</ele><time>2026-06-17T04:07:25.000Z</time><extensions><gpxtpx:TrackPointExtension><gpxtpx:hr>141</gpxtpx:hr></gpxtpx:TrackPointExtension></extensions></trkpt>
      <trkpt lat="50.679333" lon="-120.33493"><ele>345</ele><time>2026-06-17T04:07:26.000Z</time><extensions><gpxtpx:TrackPointExtension><gpxtpx:hr>141</gpxtpx:hr></gpxtpx:TrackPointExtension></extensions></trkpt>
      <trkpt lat="50.679343" lon="-120.334934"><ele>345</ele><time>2026-06-17T04:07:27.000Z</time><extensions><gpxtpx:TrackPointExtension><gpxtpx:hr>141</gpxtpx:hr></gpxtpx:TrackPointExtension></extensions></trkpt>
      <trkpt lat="50.679382" lon="-120.334951"><ele>345</ele><time>2026-06-17T04:07:28.000Z</time><extensions><gpxtpx:TrackPointExtension><gpxtpx:hr>141</gpxtpx:hr></gpxtpx:TrackPointExtension></extensions></trkpt>
      <trkpt lat="50.679398" lon="-120.334963"><ele>344.8</ele><time>2026-06-17T04:07:29.000Z</time><extensions><gpxtpx:TrackPointExtension><gpxtpx:hr>141</gpxtpx:hr></gpxtpx:TrackPointExtension></extensions></trkpt>
      <trkpt lat="50.679415" lon="-120.334974"><ele>344.8</ele><time>2026-06-17T04:07:30.000Z</time><extensions><gpxtpx:TrackPointExtension><gpxtpx:hr>141</gpxtpx:hr></gpxtpx:TrackPointExtension></extensions></trkpt>
      <trkpt lat="50.679449" lon="-120.335004"><ele>344.8</ele><time>2026-06-17T04:07:31.000Z</time><extensions><gpxtpx:TrackPointExtension><gpxtpx:hr>141</gpxtpx:hr></gpxtpx:TrackPointExtension></extensions></trkpt>
      <trkpt lat="50.67946" lon="-120.335014"><ele>344.8</ele><time>2026-06-17T04:07:32.000Z</time><extensions><gpxtpx:TrackPointExtension><gpxtpx:hr>141</gpxtpx:hr></gpxtpx:TrackPointExtension></extensions></trkpt>
      <trkpt lat="50.679499" lon="-120.335036"><ele>344.8</ele><time>2026-06-17T04:07:33.000Z</time><extensions><gpxtpx:TrackPointExtension><gpxtpx:hr>141</gpxtpx:hr></gpxtpx:TrackPointExtension></extensions></trkpt>
      <trkpt lat="50.679515" lon="-120.335041"><ele>344.8</ele><time>2026-06-17T04:07:34.000Z</time><extensions><gpxtpx:TrackPointExtension><gpxtpx:hr>141</gpxtpx:hr></gpxtpx:TrackPointExtension></extensions></trkpt>
      <trkpt lat="50.679532" lon="-120.335045"><ele>344.8</ele><time>2026-06-17T04:07:35.000Z</time><extensions><gpxtpx:TrackPointExtension><gpxtpx:hr>141</gpxtpx:hr></gpxtpx:TrackPointExtension></extensions></trkpt>
      <trkpt lat="50.679578" lon="-120.335034"><ele>344.8</ele><time>2026-06-17T04:07:36.000Z</time><extensions><gpxtpx:TrackPointExtension><gpxtpx:hr>141</gpxtpx:hr></gpxtpx:TrackPointExtension></extensions></trkpt>
      <trkpt lat="50.679594" lon="-120.335029"><ele>344.6</ele><time>2026-06-17T04:07:37.000Z</time><extensions><gpxtpx:TrackPointExtension><gpxtpx:hr>141</gpxtpx:hr></gpxtpx:TrackPointExtension></extensions></trkpt>
      <trkpt lat="50.679643" lon="-120.335012"><ele>344.6</ele><time>2026-06-17T04:07:38.000Z</time><extensions><gpxtpx:TrackPointExtension><gpxtpx:hr>141</gpxtpx:hr></gpxtpx:TrackPointExtension></extensions></trkpt>
      <trkpt lat="50.679661" lon="-120.335004"><ele>344.6</ele><time>2026-06-17T04:07:39.000Z</time><extensions><gpxtpx:TrackPointExtension><gpxtpx:hr>141</gpxtpx:hr></gpxtpx:TrackPointExtension></extensions></trkpt>
      <trkpt lat="50.679679" lon="-120.334997"><ele>344.6</ele><time>2026-06-17T04:07:40.000Z</time><extensions><gpxtpx:TrackPointExtension><gpxtpx:hr>141</gpxtpx:hr></gpxtpx:TrackPointExtension></extensions></trkpt>
      <trkpt lat="50.679715" lon="-120.334971"><ele>344.6</ele><time>2026-06-17T04:07:41.000Z</time><extensions><gpxtpx:TrackPointExtension><gpxtpx:hr>141</gpxtpx:hr></gpxtpx:TrackPointExtension></extensions></trkpt>
      <trkpt lat="50.679726" lon="-120.334961"><ele>344.6</ele><time>2026-06-17T04:07:42.000Z</time><extensions><gpxtpx:TrackPointExtension><gpxtpx:hr>141</gpxtpx:hr></gpxtpx:TrackPointExtension></extensions></trkpt>
      <trkpt lat="50.679745" lon="-120.334944"><ele>344.6</ele><time>2026-06-17T04:07:43.000Z</time><extensions><gpxtpx:TrackPointExtension><gpxtpx:hr>141</gpxtpx:hr></gpxtpx:TrackPointExtension></extensions></trkpt>
      <trkpt lat="50.679757" lon="-120.334934"><ele>344.4</ele><time>2026-06-17T04:07:44.000Z</time><extensions><gpxtpx:TrackPointExtension><gpxtpx:hr>142</gpxtpx:hr></gpxtpx:TrackPointExtension></extensions></trkpt>
      <trkpt lat="50.679763" lon="-120.33493"><ele>344.4</ele><time>2026-06-17T04:07:45.000Z</time><extensions><gpxtpx:TrackPointExtension><gpxtpx:hr>142</gpxtpx:hr></gpxtpx:TrackPointExtension></extensions></trkpt>
      <trkpt lat="50.679754" lon="-120.334882"><ele>344.4</ele><time>2026-06-17T04:07:46.000Z</time><extensions><gpxtpx:TrackPointExtension><gpxtpx:hr>142</gpxtpx:hr></gpxtpx:TrackPointExtension></extensions></trkpt>
      <trkpt lat="50.679745" lon="-120.334836"><ele>344.4</ele><time>2026-06-17T04:08:17.000Z</time><extensions><gpxtpx:TrackPointExtension><gpxtpx:hr>142</gpxtpx:hr></gpxtpx:TrackPointExtension></extensions></trkpt>
      <trkpt lat="50.679735" lon="-120.33479"><ele>344.4</ele><time>2026-06-17T04:08:18.000Z</time><extensions><gpxtpx:TrackPointExtension><gpxtpx:hr>128</gpxtpx:hr></gpxtpx:TrackPointExtension></extensions></trkpt>
      <trkpt lat="50.679736" lon="-120.334717"><ele>344.4</ele><time>2026-06-17T04:08:19.000Z</time><extensions><gpxtpx:TrackPointExtension><gpxtpx:hr>128</gpxtpx:hr></gpxtpx:TrackPointExtension></extensions></trkpt>
      <trkpt lat="50.679735" lon="-120.334688"><ele>344.4</ele><time>2026-06-17T04:08:20.000Z</time><extensions><gpxtpx:TrackPointExtension><gpxtpx:hr>128</gpxtpx:hr></gpxtpx:TrackPointExtension></extensions></trkpt>
      <trkpt lat="50.679735" lon="-120.33466"><ele>344.2</ele><time>2026-06-17T04:08:21.000Z</time><extensions><gpxtpx:TrackPointExtension><gpxtpx:hr>128</gpxtpx:hr></gpxtpx:TrackPointExtension></extensions></trkpt>
      <trkpt lat="50.679736" lon="-120.334605"><ele>344.4</ele><time>2026-06-17T04:08:22.000Z</time><extensions><gpxtpx:TrackPointExtension><gpxtpx:hr>128</gpxtpx:hr></gpxtpx:TrackPointExtension></extensions></trkpt>
      <trkpt lat="50.679736" lon="-120.334586"><ele>344.4</ele><time>2026-06-17T04:08:23.000Z</time><extensions><gpxtpx:TrackPointExtension><gpxtpx:hr>128</gpxtpx:hr></gpxtpx:TrackPointExtension></extensions></trkpt>
      <trkpt lat="50.67973" lon="-120.334526"><ele>344.4</ele><time>2026-06-17T04:08:24.000Z</time><extensions><gpxtpx:TrackPointExtension><gpxtpx:hr>126</gpxtpx:hr></gpxtpx:TrackPointExtension></extensions></trkpt>
      <trkpt lat="50.679726" lon="-120.334503"><ele>344.4</ele><time>2026-06-17T04:08:25.000Z</time><extensions><gpxtpx:TrackPointExtension><gpxtpx:hr>126</gpxtpx:hr></gpxtpx:TrackPointExtension></extensions></trkpt>
      <trkpt lat="50.679721" lon="-120.33448"><ele>344.4</ele><time>2026-06-17T04:08:26.000Z</time><extensions><gpxtpx:TrackPointExtension><gpxtpx:hr>126</gpxtpx:hr></gpxtpx:TrackPointExtension></extensions></trkpt>
      <trkpt lat="50.679709" lon="-120.334427"><ele>344.4</ele><time>2026-06-17T04:08:27.000Z</time><extensions><gpxtpx:TrackPointExtension><gpxtpx:hr>126</gpxtpx:hr></gpxtpx:TrackPointExtension></extensions></trkpt>
      <trkpt lat="50.679707" lon="-120.334409"><ele>344.4</ele><time>2026-06-17T04:08:28.000Z</time><extensions><gpxtpx:TrackPointExtension><gpxtpx:hr>126</gpxtpx:hr></gpxtpx:TrackPointExtension></extensions></trkpt>
      <trkpt lat="50.679713" lon="-120.334346"><ele>344.4</ele><time>2026-06-17T04:08:29.000Z</time><extensions><gpxtpx:TrackPointExtension><gpxtpx:hr>126</gpxtpx:hr></gpxtpx:TrackPointExtension></extensions></trkpt>
      <trkpt lat="50.679717" lon="-120.33432"><ele>344.6</ele><time>2026-06-17T04:08:30.000Z</time><extensions><gpxtpx:TrackPointExtension><gpxtpx:hr>121</gpxtpx:hr></gpxtpx:TrackPointExtension></extensions></trkpt>
      <trkpt lat="50.679722" lon="-120.334295"><ele>344.6</ele><time>2026-06-17T04:08:31.000Z</time><extensions><gpxtpx:TrackPointExtension><gpxtpx:hr>121</gpxtpx:hr></gpxtpx:TrackPointExtension></extensions></trkpt>
      <trkpt lat="50.679734" lon="-120.334238"><ele>344.6</ele><time>2026-06-17T04:08:32.000Z</time><extensions><gpxtpx:TrackPointExtension><gpxtpx:hr>121</gpxtpx:hr></gpxtpx:TrackPointExtension></extensions></trkpt>
      <trkpt lat="50.679737" lon="-120.334217"><ele>344.6</ele><time>2026-06-17T04:08:33.000Z</time><extensions><gpxtpx:TrackPointExtension><gpxtpx:hr>121</gpxtpx:hr></gpxtpx:TrackPointExtension></extensions></trkpt>
      <trkpt lat="50.679737" lon="-120.334145"><ele>344.6</ele><time>2026-06-17T04:08:34.000Z</time><extensions><gpxtpx:TrackPointExtension><gpxtpx:hr>121</gpxtpx:hr></gpxtpx:TrackPointExtension></extensions></trkpt>
      <trkpt lat="50.679733" lon="-120.334116"><ele>344.6</ele><time>2026-06-17T04:08:35.000Z</time><extensions><gpxtpx:TrackPointExtension><gpxtpx:hr>121</gpxtpx:hr></gpxtpx:TrackPointExtension></extensions></trkpt>
      <trkpt lat="50.67973" lon="-120.334087"><ele>344.6</ele><time>2026-06-17T04:08:36.000Z</time><extensions><gpxtpx:TrackPointExtension><gpxtpx:hr>121</gpxtpx:hr></gpxtpx:TrackPointExtension></extensions></trkpt>
      <trkpt lat="50.679722" lon="-120.334021"><ele>344.6</ele><time>2026-06-17T04:08:37.000Z</time><extensions><gpxtpx:TrackPointExtension><gpxtpx:hr>123</gpxtpx:hr></gpxtpx:TrackPointExtension></extensions></trkpt>
      <trkpt lat="50.679719" lon="-120.333999"><ele>344.4</ele><time>2026-06-17T04:08:38.000Z</time><extensions><gpxtpx:TrackPointExtension><gpxtpx:hr>123</gpxtpx:hr></gpxtpx:TrackPointExtension></extensions></trkpt>
      <trkpt lat="50.679719" lon="-120.33393"><ele>344.4</ele><time>2026-06-17T04:08:39.000Z</time><extensions><gpxtpx:TrackPointExtension><gpxtpx:hr>123</gpxtpx:hr></gpxtpx:TrackPointExtension></extensions></trkpt>
      <trkpt lat="50.67972" lon="-120.333903"><ele>344.4</ele><time>2026-06-17T04:08:40.000Z</time><extensions><gpxtpx:TrackPointExtension><gpxtpx:hr>123</gpxtpx:hr></gpxtpx:TrackPointExtension></extensions></trkpt>
      <trkpt lat="50.679721" lon="-120.333876"><ele>344.4</ele><time>2026-06-17T04:08:41.000Z</time><extensions><gpxtpx:TrackPointExtension><gpxtpx:hr>123</gpxtpx:hr></gpxtpx:TrackPointExtension></extensions></trkpt>
      <trkpt lat="50.679725" lon="-120.3338"><ele>344.4</ele><time>2026-06-17T04:08:42.000Z</time><extensions><gpxtpx:TrackPointExtension><gpxtpx:hr>123</gpxtpx:hr></gpxtpx:TrackPointExtension></extensions></trkpt>
      <trkpt lat="50.679726" lon="-120.333767"><ele>344.4</ele><time>2026-06-17T04:08:43.000Z</time><extensions><gpxtpx:TrackPointExtension><gpxtpx:hr>123</gpxtpx:hr></gpxtpx:TrackPointExtension></extensions></trkpt>
      <trkpt lat="50.679727" lon="-120.333734"><ele>344.2</ele><time>2026-06-17T04:08:44.000Z</time><extensions><gpxtpx:TrackPointExtension><gpxtpx:hr>124</gpxtpx:hr></gpxtpx:TrackPointExtension></extensions></trkpt>
      <trkpt lat="50.679712" lon="-120.33365"><ele>344.2</ele><time>2026-06-17T04:08:45.000Z</time><extensions><gpxtpx:TrackPointExtension><gpxtpx:hr>124</gpxtpx:hr></gpxtpx:TrackPointExtension></extensions></trkpt>
      <trkpt lat="50.679705" lon="-120.333622"><ele>344</ele><time>2026-06-17T04:08:46.000Z</time><extensions><gpxtpx:TrackPointExtension><gpxtpx:hr>125</gpxtpx:hr></gpxtpx:TrackPointExtension></extensions></trkpt>
      <trkpt lat="50.679683" lon="-120.333525"><ele>344</ele><time>2026-06-17T04:08:47.000Z</time><extensions><gpxtpx:TrackPointExtension><gpxtpx:hr>125</gpxtpx:hr></gpxtpx:TrackPointExtension></extensions></trkpt>
      <trkpt lat="50.679674" lon="-120.333486"><ele>343.8</ele><time>2026-06-17T04:08:48.000Z</time><extensions><gpxtpx:TrackPointExtension><gpxtpx:hr>125</gpxtpx:hr></gpxtpx:TrackPointExtension></extensions></trkpt>
      <trkpt lat="50.679666" lon="-120.333447"><ele>343.8</ele><time>2026-06-17T04:08:49.000Z</time><extensions><gpxtpx:TrackPointExtension><gpxtpx:hr>125</gpxtpx:hr></gpxtpx:TrackPointExtension></extensions></trkpt>
      <trkpt lat="50.679645" lon="-120.333368"><ele>343.6</ele><time>2026-06-17T04:08:50.000Z</time><extensions><gpxtpx:TrackPointExtension><gpxtpx:hr>125</gpxtpx:hr></gpxtpx:TrackPointExtension></extensions></trkpt>
      <trkpt lat="50.679637" lon="-120.333343"><ele>343.6</ele><time>2026-06-17T04:08:51.000Z</time><extensions><gpxtpx:TrackPointExtension><gpxtpx:hr>125</gpxtpx:hr></gpxtpx:TrackPointExtension></extensions></trkpt>
      <trkpt lat="50.679618" lon="-120.333273"><ele>343.6</ele><time>2026-06-17T04:08:52.000Z</time><extensions><gpxtpx:TrackPointExtension><gpxtpx:hr>126</gpxtpx:hr></gpxtpx:TrackPointExtension></extensions></trkpt>
      <trkpt lat="50.679611" lon="-120.333246"><ele>343.6</ele><time>2026-06-17T04:08:53.000Z</time><extensions><gpxtpx:TrackPointExtension><gpxtpx:hr>126</gpxtpx:hr></gpxtpx:TrackPointExtension></extensions></trkpt>
      <trkpt lat="50.679605" lon="-120.33322"><ele>343.6</ele><time>2026-06-17T04:08:54.000Z</time><extensions><gpxtpx:TrackPointExtension><gpxtpx:hr>126</gpxtpx:hr></gpxtpx:TrackPointExtension></extensions></trkpt>
      <trkpt lat="50.679592" lon="-120.333161"><ele>343.6</ele><time>2026-06-17T04:08:55.000Z</time><extensions><gpxtpx:TrackPointExtension><gpxtpx:hr>126</gpxtpx:hr></gpxtpx:TrackPointExtension></extensions></trkpt>
      <trkpt lat="50.679587" lon="-120.333141"><ele>343.6</ele><time>2026-06-17T04:08:56.000Z</time><extensions><gpxtpx:TrackPointExtension><gpxtpx:hr>126</gpxtpx:hr></gpxtpx:TrackPointExtension></extensions></trkpt>
      <trkpt lat="50.67958" lon="-120.333071"><ele>343.8</ele><time>2026-06-17T04:08:57.000Z</time><extensions><gpxtpx:TrackPointExtension><gpxtpx:hr>126</gpxtpx:hr></gpxtpx:TrackPointExtension></extensions></trkpt>
      <trkpt lat="50.679578" lon="-120.333043"><ele>343.8</ele><time>2026-06-17T04:08:58.000Z</time><extensions><gpxtpx:TrackPointExtension><gpxtpx:hr>126</gpxtpx:hr></gpxtpx:TrackPointExtension></extensions></trkpt>
      <trkpt lat="50.679577" lon="-120.333014"><ele>344</ele><time>2026-06-17T04:08:59.000Z</time><extensions><gpxtpx:TrackPointExtension><gpxtpx:hr>126</gpxtpx:hr></gpxtpx:TrackPointExtension></extensions></trkpt>
      <trkpt lat="50.67958" lon="-120.332944"><ele>344</ele><time>2026-06-17T04:09:00.000Z</time><extensions><gpxtpx:TrackPointExtension><gpxtpx:hr>135</gpxtpx:hr></gpxtpx:TrackPointExtension></extensions></trkpt>
      <trkpt lat="50.679581" lon="-120.332921"><ele>344.2</ele><time>2026-06-17T04:09:01.000Z</time><extensions><gpxtpx:TrackPointExtension><gpxtpx:hr>135</gpxtpx:hr></gpxtpx:TrackPointExtension></extensions></trkpt>
      <trkpt lat="50.679585" lon="-120.332849"><ele>344.2</ele><time>2026-06-17T04:09:02.000Z</time><extensions><gpxtpx:TrackPointExtension><gpxtpx:hr>135</gpxtpx:hr></gpxtpx:TrackPointExtension></extensions></trkpt>
      <trkpt lat="50.679587" lon="-120.33282"><ele>344.4</ele><time>2026-06-17T04:09:03.000Z</time><extensions><gpxtpx:TrackPointExtension><gpxtpx:hr>138</gpxtpx:hr></gpxtpx:TrackPointExtension></extensions></trkpt>
      <trkpt lat="50.679589" lon="-120.332792"><ele>344.4</ele><time>2026-06-17T04:09:04.000Z</time><extensions><gpxtpx:TrackPointExtension><gpxtpx:hr>138</gpxtpx:hr></gpxtpx:TrackPointExtension></extensions></trkpt>
      <trkpt lat="50.679596" lon="-120.332714"><ele>344.6</ele><time>2026-06-17T04:09:05.000Z</time><extensions><gpxtpx:TrackPointExtension><gpxtpx:hr>138</gpxtpx:hr></gpxtpx:TrackPointExtension></extensions></trkpt>
      <trkpt lat="50.6796" lon="-120.332681"><ele>344.6</ele><time>2026-06-17T04:09:06.000Z</time><extensions><gpxtpx:TrackPointExtension><gpxtpx:hr>138</gpxtpx:hr></gpxtpx:TrackPointExtension></extensions></trkpt>
      <trkpt lat="50.679603" lon="-120.332649"><ele>344.6</ele><time>2026-06-17T04:09:07.000Z</time><extensions><gpxtpx:TrackPointExtension><gpxtpx:hr>138</gpxtpx:hr></gpxtpx:TrackPointExtension></extensions></trkpt>
      <trkpt lat="50.679612" lon="-120.332576"><ele>344.6</ele><time>2026-06-17T04:09:08.000Z</time><extensions><gpxtpx:TrackPointExtension><gpxtpx:hr>139</gpxtpx:hr></gpxtpx:TrackPointExtension></extensions></trkpt>
      <trkpt lat="50.679614" lon="-120.332552"><ele>344.6</ele><time>2026-06-17T04:09:09.000Z</time><extensions><gpxtpx:TrackPointExtension><gpxtpx:hr>139</gpxtpx:hr></gpxtpx:TrackPointExtension></extensions></trkpt>
      <trkpt lat="50.679623" lon="-120.332473"><ele>344.6</ele><time>2026-06-17T04:09:10.000Z</time><extensions><gpxtpx:TrackPointExtension><gpxtpx:hr>139</gpxtpx:hr></gpxtpx:TrackPointExtension></extensions></trkpt>
      <trkpt lat="50.679625" lon="-120.33244"><ele>344.6</ele><time>2026-06-17T04:09:11.000Z</time><extensions><gpxtpx:TrackPointExtension><gpxtpx:hr>139</gpxtpx:hr></gpxtpx:TrackPointExtension></extensions></trkpt>
      <trkpt lat="50.679628" lon="-120.332407"><ele>344.4</ele><time>2026-06-17T04:09:12.000Z</time><extensions><gpxtpx:TrackPointExtension><gpxtpx:hr>140</gpxtpx:hr></gpxtpx:TrackPointExtension></extensions></trkpt>
      <trkpt lat="50.679637" lon="-120.332329"><ele>344.4</ele><time>2026-06-17T04:09:13.000Z</time><extensions><gpxtpx:TrackPointExtension><gpxtpx:hr>140</gpxtpx:hr></gpxtpx:TrackPointExtension></extensions></trkpt>
      <trkpt lat="50.679641" lon="-120.332302"><ele>344.4</ele><time>2026-06-17T04:09:14.000Z</time><extensions><gpxtpx:TrackPointExtension><gpxtpx:hr>140</gpxtpx:hr></gpxtpx:TrackPointExtension></extensions></trkpt>
      <trkpt lat="50.67965" lon="-120.332214"><ele>344.4</ele><time>2026-06-17T04:09:15.000Z</time><extensions><gpxtpx:TrackPointExtension><gpxtpx:hr>140</gpxtpx:hr></gpxtpx:TrackPointExtension></extensions></trkpt>
      <trkpt lat="50.679653" lon="-120.332178"><ele>344.4</ele><time>2026-06-17T04:09:16.000Z</time><extensions><gpxtpx:TrackPointExtension><gpxtpx:hr>140</gpxtpx:hr></gpxtpx:TrackPointExtension></extensions></trkpt>
      <trkpt lat="50.679656" lon="-120.332143"><ele>344.4</ele><time>2026-06-17T04:09:17.000Z</time><extensions><gpxtpx:TrackPointExtension><gpxtpx:hr>140</gpxtpx:hr></gpxtpx:TrackPointExtension></extensions></trkpt>
      <trkpt lat="50.679659" lon="-120.332069"><ele>344.4</ele><time>2026-06-17T04:09:18.000Z</time><extensions><gpxtpx:TrackPointExtension><gpxtpx:hr>140</gpxtpx:hr></gpxtpx:TrackPointExtension></extensions></trkpt>
      <trkpt lat="50.679659" lon="-120.332045"><ele>344.4</ele><time>2026-06-17T04:09:19.000Z</time><extensions><gpxtpx:TrackPointExtension><gpxtpx:hr>140</gpxtpx:hr></gpxtpx:TrackPointExtension></extensions></trkpt>
      <trkpt lat="50.679658" lon="-120.331969"><ele>344.6</ele><time>2026-06-17T04:09:20.000Z</time><extensions><gpxtpx:TrackPointExtension><gpxtpx:hr>141</gpxtpx:hr></gpxtpx:TrackPointExtension></extensions></trkpt>
      <trkpt lat="50.679657" lon="-120.33194"><ele>344.6</ele><time>2026-06-17T04:09:21.000Z</time><extensions><gpxtpx:TrackPointExtension><gpxtpx:hr>141</gpxtpx:hr></gpxtpx:TrackPointExtension></extensions></trkpt>
      <trkpt lat="50.679656" lon="-120.33191"><ele>344.6</ele><time>2026-06-17T04:09:22.000Z</time><extensions><gpxtpx:TrackPointExtension><gpxtpx:hr>142</gpxtpx:hr></gpxtpx:TrackPointExtension></extensions></trkpt>
      <trkpt lat="50.679658" lon="-120.331847"><ele>344.6</ele><time>2026-06-17T04:09:23.000Z</time><extensions><gpxtpx:TrackPointExtension><gpxtpx:hr>142</gpxtpx:hr></gpxtpx:TrackPointExtension></extensions></trkpt>
      <trkpt lat="50.679659" lon="-120.331826"><ele>344.8</ele><time>2026-06-17T04:09:24.000Z</time><extensions><gpxtpx:TrackPointExtension><gpxtpx:hr>142</gpxtpx:hr></gpxtpx:TrackPointExtension></extensions></trkpt>
      <trkpt lat="50.67966" lon="-120.331756"><ele>344.8</ele><time>2026-06-17T04:09:25.000Z</time><extensions><gpxtpx:TrackPointExtension><gpxtpx:hr>142</gpxtpx:hr></gpxtpx:TrackPointExtension></extensions></trkpt>
      <trkpt lat="50.679659" lon="-120.331728"><ele>344.8</ele><time>2026-06-17T04:09:26.000Z</time><extensions><gpxtpx:TrackPointExtension><gpxtpx:hr>143</gpxtpx:hr></gpxtpx:TrackPointExtension></extensions></trkpt>
      <trkpt lat="50.679658" lon="-120.331699"><ele>344.8</ele><time>2026-06-17T04:09:27.000Z</time><extensions><gpxtpx:TrackPointExtension><gpxtpx:hr>143</gpxtpx:hr></gpxtpx:TrackPointExtension></extensions></trkpt>
      <trkpt lat="50.679656" lon="-120.331635"><ele>345</ele><time>2026-06-17T04:09:28.000Z</time><extensions><gpxtpx:TrackPointExtension><gpxtpx:hr>143</gpxtpx:hr></gpxtpx:TrackPointExtension></extensions></trkpt>
      <trkpt lat="50.679655" lon="-120.331614"><ele>345</ele><time>2026-06-17T04:09:29.000Z</time><extensions><gpxtpx:TrackPointExtension><gpxtpx:hr>143</gpxtpx:hr></gpxtpx:TrackPointExtension></extensions></trkpt>
      <trkpt lat="50.679655" lon="-120.331547"><ele>345.2</ele><time>2026-06-17T04:09:30.000Z</time><extensions><gpxtpx:TrackPointExtension><gpxtpx:hr>143</gpxtpx:hr></gpxtpx:TrackPointExtension></extensions></trkpt>
      <trkpt lat="50.679655" lon="-120.33152"><ele>345.2</ele><time>2026-06-17T04:09:31.000Z</time><extensions><gpxtpx:TrackPointExtension><gpxtpx:hr>143</gpxtpx:hr></gpxtpx:TrackPointExtension></extensions></trkpt>
      <trkpt lat="50.679655" lon="-120.331493"><ele>345.2</ele><time>2026-06-17T04:09:32.000Z</time><extensions><gpxtpx:TrackPointExtension><gpxtpx:hr>143</gpxtpx:hr></gpxtpx:TrackPointExtension></extensions></trkpt>
      <trkpt lat="50.679654" lon="-120.331424"><ele>345.4</ele><time>2026-06-17T04:09:33.000Z</time><extensions><gpxtpx:TrackPointExtension><gpxtpx:hr>143</gpxtpx:hr></gpxtpx:TrackPointExtension></extensions></trkpt>
      <trkpt lat="50.679654" lon="-120.331396"><ele>345.6</ele><time>2026-06-17T04:09:34.000Z</time><extensions><gpxtpx:TrackPointExtension><gpxtpx:hr>143</gpxtpx:hr></gpxtpx:TrackPointExtension></extensions></trkpt>
      <trkpt lat="50.679653" lon="-120.331369"><ele>345.6</ele><time>2026-06-17T04:09:35.000Z</time><extensions><gpxtpx:TrackPointExtension><gpxtpx:hr>143</gpxtpx:hr></gpxtpx:TrackPointExtension></extensions></trkpt>
      <trkpt lat="50.679647" lon="-120.331305"><ele>345.8</ele><time>2026-06-17T04:09:36.000Z</time><extensions><gpxtpx:TrackPointExtension><gpxtpx:hr>143</gpxtpx:hr></gpxtpx:TrackPointExtension></extensions></trkpt>
      <trkpt lat="50.679643" lon="-120.331283"><ele>345.8</ele><time>2026-06-17T04:09:37.000Z</time><extensions><gpxtpx:TrackPointExtension><gpxtpx:hr>143</gpxtpx:hr></gpxtpx:TrackPointExtension></extensions></trkpt>
      <trkpt lat="50.679627" lon="-120.331211"><ele>346</ele><time>2026-06-17T04:09:38.000Z</time><extensions><gpxtpx:TrackPointExtension><gpxtpx:hr>143</gpxtpx:hr></gpxtpx:TrackPointExtension></extensions></trkpt>
      <trkpt lat="50.679621" lon="-120.331182"><ele>346</ele><time>2026-06-17T04:09:39.000Z</time><extensions><gpxtpx:TrackPointExtension><gpxtpx:hr>143</gpxtpx:hr></gpxtpx:TrackPointExtension></extensions></trkpt>
      <trkpt lat="50.679614" lon="-120.331154"><ele>346</ele><time>2026-06-17T04:09:40.000Z</time><extensions><gpxtpx:TrackPointExtension><gpxtpx:hr>143</gpxtpx:hr></gpxtpx:TrackPointExtension></extensions></trkpt>
      <trkpt lat="50.6796" lon="-120.331091"><ele>346.2</ele><time>2026-06-17T04:09:41.000Z</time><extensions><gpxtpx:TrackPointExtension><gpxtpx:hr>143</gpxtpx:hr></gpxtpx:TrackPointExtension></extensions></trkpt>
      <trkpt lat="50.679596" lon="-120.331071"><ele>346.2</ele><time>2026-06-17T04:09:42.000Z</time><extensions><gpxtpx:TrackPointExtension><gpxtpx:hr>143</gpxtpx:hr></gpxtpx:TrackPointExtension></extensions></trkpt>
      <trkpt lat="50.679581" lon="-120.331004"><ele>346.2</ele><time>2026-06-17T04:09:43.000Z</time><extensions><gpxtpx:TrackPointExtension><gpxtpx:hr>143</gpxtpx:hr></gpxtpx:TrackPointExtension></extensions></trkpt>
      <trkpt lat="50.679573" lon="-120.330977"><ele>346.2</ele><time>2026-06-17T04:09:44.000Z</time><extensions><gpxtpx:TrackPointExtension><gpxtpx:hr>144</gpxtpx:hr></gpxtpx:TrackPointExtension></extensions></trkpt>
      <trkpt lat="50.679566" lon="-120.330951"><ele>346.2</ele><time>2026-06-17T04:09:45.000Z</time><extensions><gpxtpx:TrackPointExtension><gpxtpx:hr>144</gpxtpx:hr></gpxtpx:TrackPointExtension></extensions></trkpt>
      <trkpt lat="50.679546" lon="-120.330896"><ele>346.2</ele><time>2026-06-17T04:09:46.000Z</time><extensions><gpxtpx:TrackPointExtension><gpxtpx:hr>144</gpxtpx:hr></gpxtpx:TrackPointExtension></extensions></trkpt>
      <trkpt lat="50.679538" lon="-120.330878"><ele>346</ele><time>2026-06-17T04:09:47.000Z</time><extensions><gpxtpx:TrackPointExtension><gpxtpx:hr>144</gpxtpx:hr></gpxtpx:TrackPointExtension></extensions></trkpt>
      <trkpt lat="50.679515" lon="-120.330819"><ele>346</ele><time>2026-06-17T04:09:48.000Z</time><extensions><gpxtpx:TrackPointExtension><gpxtpx:hr>144</gpxtpx:hr></gpxtpx:TrackPointExtension></extensions></trkpt>
      <trkpt lat="50.679506" lon="-120.330796"><ele>346</ele><time>2026-06-17T04:09:49.000Z</time><extensions><gpxtpx:TrackPointExtension><gpxtpx:hr>144</gpxtpx:hr></gpxtpx:TrackPointExtension></extensions></trkpt>
      <trkpt lat="50.679498" lon="-120.330772"><ele>346</ele><time>2026-06-17T04:09:50.000Z</time><extensions><gpxtpx:TrackPointExtension><gpxtpx:hr>144</gpxtpx:hr></gpxtpx:TrackPointExtension></extensions></trkpt>
      <trkpt lat="50.67948" lon="-120.330713"><ele>346</ele><time>2026-06-17T04:09:51.000Z</time><extensions><gpxtpx:TrackPointExtension><gpxtpx:hr>144</gpxtpx:hr></gpxtpx:TrackPointExtension></extensions></trkpt>
      <trkpt lat="50.679474" lon="-120.330693"><ele>346</ele><time>2026-06-17T04:09:52.000Z</time><extensions><gpxtpx:TrackPointExtension><gpxtpx:hr>144</gpxtpx:hr></gpxtpx:TrackPointExtension></extensions></trkpt>
      <trkpt lat="50.679456" lon="-120.330616"><ele>346</ele><time>2026-06-17T04:09:53.000Z</time><extensions><gpxtpx:TrackPointExtension><gpxtpx:hr>144</gpxtpx:hr></gpxtpx:TrackPointExtension></extensions></trkpt>
      <trkpt lat="50.67945" lon="-120.330584"><ele>346</ele><time>2026-06-17T04:09:54.000Z</time><extensions><gpxtpx:TrackPointExtension><gpxtpx:hr>144</gpxtpx:hr></gpxtpx:TrackPointExtension></extensions></trkpt>
      <trkpt lat="50.679443" lon="-120.330551"><ele>346</ele><time>2026-06-17T04:09:55.000Z</time><extensions><gpxtpx:TrackPointExtension><gpxtpx:hr>144</gpxtpx:hr></gpxtpx:TrackPointExtension></extensions></trkpt>
      <trkpt lat="50.679431" lon="-120.330475"><ele>346</ele><time>2026-06-17T04:09:56.000Z</time><extensions><gpxtpx:TrackPointExtension><gpxtpx:hr>145</gpxtpx:hr></gpxtpx:TrackPointExtension></extensions></trkpt>
      <trkpt lat="50.679427" lon="-120.33045"><ele>346</ele><time>2026-06-17T04:09:57.000Z</time><extensions><gpxtpx:TrackPointExtension><gpxtpx:hr>145</gpxtpx:hr></gpxtpx:TrackPointExtension></extensions></trkpt>
      <trkpt lat="50.679419" lon="-120.330366"><ele>346</ele><time>2026-06-17T04:09:58.000Z</time><extensions><gpxtpx:TrackPointExtension><gpxtpx:hr>145</gpxtpx:hr></gpxtpx:TrackPointExtension></extensions></trkpt>
      <trkpt lat="50.679416" lon="-120.330333"><ele>346</ele><time>2026-06-17T04:09:59.000Z</time><extensions><gpxtpx:TrackPointExtension><gpxtpx:hr>145</gpxtpx:hr></gpxtpx:TrackPointExtension></extensions></trkpt>
      <trkpt lat="50.679414" lon="-120.3303"><ele>346</ele><time>2026-06-17T04:10:00.000Z</time><extensions><gpxtpx:TrackPointExtension><gpxtpx:hr>145</gpxtpx:hr></gpxtpx:TrackPointExtension></extensions></trkpt>
      <trkpt lat="50.679413" lon="-120.330225"><ele>346</ele><time>2026-06-17T04:10:01.000Z</time><extensions><gpxtpx:TrackPointExtension><gpxtpx:hr>145</gpxtpx:hr></gpxtpx:TrackPointExtension></extensions></trkpt>
      <trkpt lat="50.679413" lon="-120.330195"><ele>346</ele><time>2026-06-17T04:10:02.000Z</time><extensions><gpxtpx:TrackPointExtension><gpxtpx:hr>145</gpxtpx:hr></gpxtpx:TrackPointExtension></extensions></trkpt>
      <trkpt lat="50.679413" lon="-120.330166"><ele>346</ele><time>2026-06-17T04:10:03.000Z</time><extensions><gpxtpx:TrackPointExtension><gpxtpx:hr>145</gpxtpx:hr></gpxtpx:TrackPointExtension></extensions></trkpt>
      <trkpt lat="50.679417" lon="-120.330095"><ele>346</ele><time>2026-06-17T04:10:04.000Z</time><extensions><gpxtpx:TrackPointExtension><gpxtpx:hr>145</gpxtpx:hr></gpxtpx:TrackPointExtension></extensions></trkpt>
      <trkpt lat="50.679419" lon="-120.33007"><ele>346</ele><time>2026-06-17T04:10:05.000Z</time><extensions><gpxtpx:TrackPointExtension><gpxtpx:hr>145</gpxtpx:hr></gpxtpx:TrackPointExtension></extensions></trkpt>
      <trkpt lat="50.679432" lon="-120.329991"><ele>346</ele><time>2026-06-17T04:10:06.000Z</time><extensions><gpxtpx:TrackPointExtension><gpxtpx:hr>145</gpxtpx:hr></gpxtpx:TrackPointExtension></extensions></trkpt>
      <trkpt lat="50.679437" lon="-120.329961"><ele>346</ele><time>2026-06-17T04:10:07.000Z</time><extensions><gpxtpx:TrackPointExtension><gpxtpx:hr>145</gpxtpx:hr></gpxtpx:TrackPointExtension></extensions></trkpt>
      <trkpt lat="50.679443" lon="-120.32993"><ele>346</ele><time>2026-06-17T04:10:08.000Z</time><extensions><gpxtpx:TrackPointExtension><gpxtpx:hr>145</gpxtpx:hr></gpxtpx:TrackPointExtension></extensions></trkpt>
      <trkpt lat="50.679455" lon="-120.329863"><ele>346</ele><time>2026-06-17T04:10:09.000Z</time><extensions><gpxtpx:TrackPointExtension><gpxtpx:hr>145</gpxtpx:hr></gpxtpx:TrackPointExtension></extensions></trkpt>
      <trkpt lat="50.679458" lon="-120.329839"><ele>346</ele><time>2026-06-17T04:10:10.000Z</time><extensions><gpxtpx:TrackPointExtension><gpxtpx:hr>146</gpxtpx:hr></gpxtpx:TrackPointExtension></extensions></trkpt>
      <trkpt lat="50.679467" lon="-120.329761"><ele>346</ele><time>2026-06-17T04:10:11.000Z</time><extensions><gpxtpx:TrackPointExtension><gpxtpx:hr>146</gpxtpx:hr></gpxtpx:TrackPointExtension></extensions></trkpt>
      <trkpt lat="50.679471" lon="-120.32973"><ele>346</ele><time>2026-06-17T04:10:12.000Z</time><extensions><gpxtpx:TrackPointExtension><gpxtpx:hr>146</gpxtpx:hr></gpxtpx:TrackPointExtension></extensions></trkpt>
      <trkpt lat="50.679474" lon="-120.329699"><ele>345.8</ele><time>2026-06-17T04:10:13.000Z</time><extensions><gpxtpx:TrackPointExtension><gpxtpx:hr>146</gpxtpx:hr></gpxtpx:TrackPointExtension></extensions></trkpt>
      <trkpt lat="50.679483" lon="-120.329627"><ele>345.8</ele><time>2026-06-17T04:10:14.000Z</time><extensions><gpxtpx:TrackPointExtension><gpxtpx:hr>146</gpxtpx:hr></gpxtpx:TrackPointExtension></extensions></trkpt>
      <trkpt lat="50.679486" lon="-120.329602"><ele>345.8</ele><time>2026-06-17T04:10:15.000Z</time><extensions><gpxtpx:TrackPointExtension><gpxtpx:hr>147</gpxtpx:hr></gpxtpx:TrackPointExtension></extensions></trkpt>
      <trkpt lat="50.679493" lon="-120.329526"><ele>345.8</ele><time>2026-06-17T04:10:16.000Z</time><extensions><gpxtpx:TrackPointExtension><gpxtpx:hr>147</gpxtpx:hr></gpxtpx:TrackPointExtension></extensions></trkpt>
      <trkpt lat="50.679495" lon="-120.329498"><ele>345.8</ele><time>2026-06-17T04:10:17.000Z</time><extensions><gpxtpx:TrackPointExtension><gpxtpx:hr>148</gpxtpx:hr></gpxtpx:TrackPointExtension></extensions></trkpt>
      <trkpt lat="50.679496" lon="-120.329469"><ele>345.8</ele><time>2026-06-17T04:10:18.000Z</time><extensions><gpxtpx:TrackPointExtension><gpxtpx:hr>148</gpxtpx:hr></gpxtpx:TrackPointExtension></extensions></trkpt>
      <trkpt lat="50.679496" lon="-120.329406"><ele>345.8</ele><time>2026-06-17T04:10:19.000Z</time><extensions><gpxtpx:TrackPointExtension><gpxtpx:hr>148</gpxtpx:hr></gpxtpx:TrackPointExtension></extensions></trkpt>
      <trkpt lat="50.679495" lon="-120.329385"><ele>345.6</ele><time>2026-06-17T04:10:20.000Z</time><extensions><gpxtpx:TrackPointExtension><gpxtpx:hr>148</gpxtpx:hr></gpxtpx:TrackPointExtension></extensions></trkpt>
      <trkpt lat="50.679493" lon="-120.329317"><ele>345.6</ele><time>2026-06-17T04:10:21.000Z</time><extensions><gpxtpx:TrackPointExtension><gpxtpx:hr>148</gpxtpx:hr></gpxtpx:TrackPointExtension></extensions></trkpt>
      <trkpt lat="50.679493" lon="-120.32929"><ele>345.6</ele><time>2026-06-17T04:10:22.000Z</time><extensions><gpxtpx:TrackPointExtension><gpxtpx:hr>148</gpxtpx:hr></gpxtpx:TrackPointExtension></extensions></trkpt>
      <trkpt lat="50.679492" lon="-120.329264"><ele>345.6</ele><time>2026-06-17T04:10:23.000Z</time><extensions><gpxtpx:TrackPointExtension><gpxtpx:hr>148</gpxtpx:hr></gpxtpx:TrackPointExtension></extensions></trkpt>
      <trkpt lat="50.679487" lon="-120.329196"><ele>345.6</ele><time>2026-06-17T04:10:24.000Z</time><extensions><gpxtpx:TrackPointExtension><gpxtpx:hr>148</gpxtpx:hr></gpxtpx:TrackPointExtension></extensions></trkpt>
      <trkpt lat="50.679485" lon="-120.329168"><ele>345.6</ele><time>2026-06-17T04:10:25.000Z</time><extensions><gpxtpx:TrackPointExtension><gpxtpx:hr>148</gpxtpx:hr></gpxtpx:TrackPointExtension></extensions></trkpt>
      <trkpt lat="50.679482" lon="-120.329141"><ele>345.6</ele><time>2026-06-17T04:10:26.000Z</time><extensions><gpxtpx:TrackPointExtension><gpxtpx:hr>148</gpxtpx:hr></gpxtpx:TrackPointExtension></extensions></trkpt>
      <trkpt lat="50.679474" lon="-120.32908"><ele>345.6</ele><time>2026-06-17T04:10:27.000Z</time><extensions><gpxtpx:TrackPointExtension><gpxtpx:hr>148</gpxtpx:hr></gpxtpx:TrackPointExtension></extensions></trkpt>
      <trkpt lat="50.67947" lon="-120.32906"><ele>345.6</ele><time>2026-06-17T04:10:28.000Z</time><extensions><gpxtpx:TrackPointExtension><gpxtpx:hr>148</gpxtpx:hr></gpxtpx:TrackPointExtension></extensions></trkpt>
      <trkpt lat="50.679459" lon="-120.328992"><ele>345.6</ele><time>2026-06-17T04:10:29.000Z</time><extensions><gpxtpx:TrackPointExtension><gpxtpx:hr>147</gpxtpx:hr></gpxtpx:TrackPointExtension></extensions></trkpt>
      <trkpt lat="50.679456" lon="-120.328964"><ele>345.8</ele><time>2026-06-17T04:10:30.000Z</time><extensions><gpxtpx:TrackPointExtension><gpxtpx:hr>147</gpxtpx:hr></gpxtpx:TrackPointExtension></extensions></trkpt>
      <trkpt lat="50.679452" lon="-120.328936"><ele>345.8</ele><time>2026-06-17T04:10:31.000Z</time><extensions><gpxtpx:TrackPointExtension><gpxtpx:hr>147</gpxtpx:hr></gpxtpx:TrackPointExtension></extensions></trkpt>
      <trkpt lat="50.679447" lon="-120.32887"><ele>345.8</ele><time>2026-06-17T04:10:32.000Z</time><extensions><gpxtpx:TrackPointExtension><gpxtpx:hr>147</gpxtpx:hr></gpxtpx:TrackPointExtension></extensions></trkpt>
      <trkpt lat="50.679445" lon="-120.328849"><ele>345.8</ele><time>2026-06-17T04:10:33.000Z</time><extensions><gpxtpx:TrackPointExtension><gpxtpx:hr>147</gpxtpx:hr></gpxtpx:TrackPointExtension></extensions></trkpt>
      <trkpt lat="50.679441" lon="-120.328781"><ele>345.8</ele><time>2026-06-17T04:10:34.000Z</time><extensions><gpxtpx:TrackPointExtension><gpxtpx:hr>147</gpxtpx:hr></gpxtpx:TrackPointExtension></extensions></trkpt>
      <trkpt lat="50.679439" lon="-120.328753"><ele>346</ele><time>2026-06-17T04:10:35.000Z</time><extensions><gpxtpx:TrackPointExtension><gpxtpx:hr>147</gpxtpx:hr></gpxtpx:TrackPointExtension></extensions></trkpt>
      <trkpt lat="50.679438" lon="-120.328726"><ele>346</ele><time>2026-06-17T04:10:36.000Z</time><extensions><gpxtpx:TrackPointExtension><gpxtpx:hr>147</gpxtpx:hr></gpxtpx:TrackPointExtension></extensions></trkpt>
      <trkpt lat="50.679434" lon="-120.328663"><ele>346</ele><time>2026-06-17T04:10:37.000Z</time><extensions><gpxtpx:TrackPointExtension><gpxtpx:hr>147</gpxtpx:hr></gpxtpx:TrackPointExtension></extensions></trkpt>
      <trkpt lat="50.679432" lon="-120.328643"><ele>346.2</ele><time>2026-06-17T04:10:38.000Z</time><extensions><gpxtpx:TrackPointExtension><gpxtpx:hr>147</gpxtpx:hr></gpxtpx:TrackPointExtension></extensions></trkpt>
      <trkpt lat="50.679427" lon="-120.328572"><ele>346.2</ele><time>2026-06-17T04:10:39.000Z</time><extensions><gpxtpx:TrackPointExtension><gpxtpx:hr>147</gpxtpx:hr></gpxtpx:TrackPointExtension></extensions></trkpt>
      <trkpt lat="50.679424" lon="-120.328543"><ele>346.4</ele><time>2026-06-17T04:10:40.000Z</time><extensions><gpxtpx:TrackPointExtension><gpxtpx:hr>147</gpxtpx:hr></gpxtpx:TrackPointExtension></extensions></trkpt>
      <trkpt lat="50.679422" lon="-120.328515"><ele>346.4</ele><time>2026-06-17T04:10:41.000Z</time><extensions><gpxtpx:TrackPointExtension><gpxtpx:hr>147</gpxtpx:hr></gpxtpx:TrackPointExtension></extensions></trkpt>
      <trkpt lat="50.679418" lon="-120.328453"><ele>346.4</ele><time>2026-06-17T04:10:42.000Z</time><extensions><gpxtpx:TrackPointExtension><gpxtpx:hr>146</gpxtpx:hr></gpxtpx:TrackPointExtension></extensions></trkpt>
      <trkpt lat="50.679417" lon="-120.328432"><ele>346.4</ele><time>2026-06-17T04:10:43.000Z</time><extensions><gpxtpx:TrackPointExtension><gpxtpx:hr>146</gpxtpx:hr></gpxtpx:TrackPointExtension></extensions></trkpt>
      <trkpt lat="50.679414" lon="-120.328358"><ele>346.6</ele><time>2026-06-17T04:10:44.000Z</time><extensions><gpxtpx:TrackPointExtension><gpxtpx:hr>146</gpxtpx:hr></gpxtpx:TrackPointExtension></extensions></trkpt>
      <trkpt lat="50.679412" lon="-120.328329"><ele>346.6</ele><time>2026-06-17T04:10:45.000Z</time><extensions><gpxtpx:TrackPointExtension><gpxtpx:hr>146</gpxtpx:hr></gpxtpx:TrackPointExtension></extensions></trkpt>
      <trkpt lat="50.679411" lon="-120.328299"><ele>346.6</ele><time>2026-06-17T04:10:46.000Z</time><extensions><gpxtpx:TrackPointExtension><gpxtpx:hr>146</gpxtpx:hr></gpxtpx:TrackPointExtension></extensions></trkpt>
      <trkpt lat="50.679408" lon="-120.32823"><ele>346.6</ele><time>2026-06-17T04:10:47.000Z</time><extensions><gpxtpx:TrackPointExtension><gpxtpx:hr>146</gpxtpx:hr></gpxtpx:TrackPointExtension></extensions></trkpt>
      <trkpt lat="50.679407" lon="-120.328207"><ele>346.6</ele><time>2026-06-17T04:10:48.000Z</time><extensions><gpxtpx:TrackPointExtension><gpxtpx:hr>146</gpxtpx:hr></gpxtpx:TrackPointExtension></extensions></trkpt>
      <trkpt lat="50.679401" lon="-120.328127"><ele>346.8</ele><time>2026-06-17T04:10:49.000Z</time><extensions><gpxtpx:TrackPointExtension><gpxtpx:hr>146</gpxtpx:hr></gpxtpx:TrackPointExtension></extensions></trkpt>
      <trkpt lat="50.679398" lon="-120.328095"><ele>346.8</ele><time>2026-06-17T04:10:50.000Z</time><extensions><gpxtpx:TrackPointExtension><gpxtpx:hr>146</gpxtpx:hr></gpxtpx:TrackPointExtension></extensions></trkpt>
      <trkpt lat="50.679395" lon="-120.328063"><ele>346.8</ele><time>2026-06-17T04:10:51.000Z</time><extensions><gpxtpx:TrackPointExtension><gpxtpx:hr>146</gpxtpx:hr></gpxtpx:TrackPointExtension></extensions></trkpt>
      <trkpt lat="50.679385" lon="-120.327984"><ele>346.8</ele><time>2026-06-17T04:10:52.000Z</time><extensions><gpxtpx:TrackPointExtension><gpxtpx:hr>146</gpxtpx:hr></gpxtpx:TrackPointExtension></extensions></trkpt>
      <trkpt lat="50.679381" lon="-120.327953"><ele>346.8</ele><time>2026-06-17T04:10:53.000Z</time><extensions><gpxtpx:TrackPointExtension><gpxtpx:hr>146</gpxtpx:hr></gpxtpx:TrackPointExtension></extensions></trkpt>
      <trkpt lat="50.679377" lon="-120.327922"><ele>346.8</ele><time>2026-06-17T04:10:54.000Z</time><extensions><gpxtpx:TrackPointExtension><gpxtpx:hr>146</gpxtpx:hr></gpxtpx:TrackPointExtension></extensions></trkpt>
      <trkpt lat="50.679368" lon="-120.327851"><ele>346.6</ele><time>2026-06-17T04:10:55.000Z</time><extensions><gpxtpx:TrackPointExtension><gpxtpx:hr>146</gpxtpx:hr></gpxtpx:TrackPointExtension></extensions></trkpt>
      <trkpt lat="50.679366" lon="-120.327827"><ele>346.6</ele><time>2026-06-17T04:10:56.000Z</time><extensions><gpxtpx:TrackPointExtension><gpxtpx:hr>146</gpxtpx:hr></gpxtpx:TrackPointExtension></extensions></trkpt>
      <trkpt lat="50.679359" lon="-120.327745"><ele>346.6</ele><time>2026-06-17T04:10:57.000Z</time><extensions><gpxtpx:TrackPointExtension><gpxtpx:hr>146</gpxtpx:hr></gpxtpx:TrackPointExtension></extensions></trkpt>
      <trkpt lat="50.679355" lon="-120.327711"><ele>346.6</ele><time>2026-06-17T04:10:58.000Z</time><extensions><gpxtpx:TrackPointExtension><gpxtpx:hr>146</gpxtpx:hr></gpxtpx:TrackPointExtension></extensions></trkpt>
      <trkpt lat="50.679352" lon="-120.327678"><ele>346.6</ele><time>2026-06-17T04:10:59.000Z</time><extensions><gpxtpx:TrackPointExtension><gpxtpx:hr>146</gpxtpx:hr></gpxtpx:TrackPointExtension></extensions></trkpt>
      <trkpt lat="50.679339" lon="-120.327598"><ele>346.4</ele><time>2026-06-17T04:11:00.000Z</time><extensions><gpxtpx:TrackPointExtension><gpxtpx:hr>146</gpxtpx:hr></gpxtpx:TrackPointExtension></extensions></trkpt>
      <trkpt lat="50.679334" lon="-120.327571"><ele>346.4</ele><time>2026-06-17T04:11:01.000Z</time><extensions><gpxtpx:TrackPointExtension><gpxtpx:hr>145</gpxtpx:hr></gpxtpx:TrackPointExtension></extensions></trkpt>
      <trkpt lat="50.67932" lon="-120.327488"><ele>346.2</ele><time>2026-06-17T04:11:02.000Z</time><extensions><gpxtpx:TrackPointExtension><gpxtpx:hr>145</gpxtpx:hr></gpxtpx:TrackPointExtension></extensions></trkpt>
      <trkpt lat="50.679315" lon="-120.327456"><ele>346.2</ele><time>2026-06-17T04:11:03.000Z</time><extensions><gpxtpx:TrackPointExtension><gpxtpx:hr>145</gpxtpx:hr></gpxtpx:TrackPointExtension></extensions></trkpt>
      <trkpt lat="50.67931" lon="-120.327425"><ele>346</ele><time>2026-06-17T04:11:04.000Z</time><extensions><gpxtpx:TrackPointExtension><gpxtpx:hr>145</gpxtpx:hr></gpxtpx:TrackPointExtension></extensions></trkpt>
      <trkpt lat="50.679303" lon="-120.327357"><ele>346</ele><time>2026-06-17T04:11:05.000Z</time><extensions><gpxtpx:TrackPointExtension><gpxtpx:hr>145</gpxtpx:hr></gpxtpx:TrackPointExtension></extensions></trkpt>
      <trkpt lat="50.6793" lon="-120.327335"><ele>345.8</ele><time>2026-06-17T04:11:06.000Z</time><extensions><gpxtpx:TrackPointExtension><gpxtpx:hr>145</gpxtpx:hr></gpxtpx:TrackPointExtension></extensions></trkpt>
      <trkpt lat="50.679295" lon="-120.327259"><ele>345.8</ele><time>2026-06-17T04:11:07.000Z</time><extensions><gpxtpx:TrackPointExtension><gpxtpx:hr>145</gpxtpx:hr></gpxtpx:TrackPointExtension></extensions></trkpt>
      <trkpt lat="50.679295" lon="-120.327228"><ele>345.6</ele><time>2026-06-17T04:11:08.000Z</time><extensions><gpxtpx:TrackPointExtension><gpxtpx:hr>145</gpxtpx:hr></gpxtpx:TrackPointExtension></extensions></trkpt>
      <trkpt lat="50.679294" lon="-120.327197"><ele>345.4</ele><time>2026-06-17T04:11:09.000Z</time><extensions><gpxtpx:TrackPointExtension><gpxtpx:hr>145</gpxtpx:hr></gpxtpx:TrackPointExtension></extensions></trkpt>
      <trkpt lat="50.679296" lon="-120.327127"><ele>345.4</ele><time>2026-06-17T04:11:10.000Z</time><extensions><gpxtpx:TrackPointExtension><gpxtpx:hr>146</gpxtpx:hr></gpxtpx:TrackPointExtension></extensions></trkpt>
      <trkpt lat="50.679297" lon="-120.327104"><ele>345.2</ele><time>2026-06-17T04:11:11.000Z</time><extensions><gpxtpx:TrackPointExtension><gpxtpx:hr>146</gpxtpx:hr></gpxtpx:TrackPointExtension></extensions></trkpt>
      <trkpt lat="50.679306" lon="-120.327036"><ele>345.2</ele><time>2026-06-17T04:11:12.000Z</time><extensions><gpxtpx:TrackPointExtension><gpxtpx:hr>146</gpxtpx:hr></gpxtpx:TrackPointExtension></extensions></trkpt>
      <trkpt lat="50.679311" lon="-120.32701"><ele>345.2</ele><time>2026-06-17T04:11:13.000Z</time><extensions><gpxtpx:TrackPointExtension><gpxtpx:hr>146</gpxtpx:hr></gpxtpx:TrackPointExtension></extensions></trkpt>
      <trkpt lat="50.679316" lon="-120.326984"><ele>345</ele><time>2026-06-17T04:11:14.000Z</time><extensions><gpxtpx:TrackPointExtension><gpxtpx:hr>149</gpxtpx:hr></gpxtpx:TrackPointExtension></extensions></trkpt>
      <trkpt lat="50.679332" lon="-120.326927"><ele>345</ele><time>2026-06-17T04:11:15.000Z</time><extensions><gpxtpx:TrackPointExtension><gpxtpx:hr>149</gpxtpx:hr></gpxtpx:TrackPointExtension></extensions></trkpt>
      <trkpt lat="50.679338" lon="-120.326909"><ele>345</ele><time>2026-06-17T04:11:16.000Z</time><extensions><gpxtpx:TrackPointExtension><gpxtpx:hr>149</gpxtpx:hr></gpxtpx:TrackPointExtension></extensions></trkpt>
      <trkpt lat="50.679361" lon="-120.326855"><ele>345</ele><time>2026-06-17T04:11:17.000Z</time><extensions><gpxtpx:TrackPointExtension><gpxtpx:hr>149</gpxtpx:hr></gpxtpx:TrackPointExtension></extensions></trkpt>
      <trkpt lat="50.679371" lon="-120.326835"><ele>345</ele><time>2026-06-17T04:11:18.000Z</time><extensions><gpxtpx:TrackPointExtension><gpxtpx:hr>149</gpxtpx:hr></gpxtpx:TrackPointExtension></extensions></trkpt>
      <trkpt lat="50.679381" lon="-120.326815"><ele>345</ele><time>2026-06-17T04:11:19.000Z</time><extensions><gpxtpx:TrackPointExtension><gpxtpx:hr>149</gpxtpx:hr></gpxtpx:TrackPointExtension></extensions></trkpt>
      <trkpt lat="50.679406" lon="-120.326766"><ele>345</ele><time>2026-06-17T04:11:20.000Z</time><extensions><gpxtpx:TrackPointExtension><gpxtpx:hr>149</gpxtpx:hr></gpxtpx:TrackPointExtension></extensions></trkpt>
      <trkpt lat="50.679417" lon="-120.326746"><ele>345</ele><time>2026-06-17T04:11:21.000Z</time><extensions><gpxtpx:TrackPointExtension><gpxtpx:hr>149</gpxtpx:hr></gpxtpx:TrackPointExtension></extensions></trkpt>
      <trkpt lat="50.679427" lon="-120.326726"><ele>345</ele><time>2026-06-17T04:11:22.000Z</time><extensions><gpxtpx:TrackPointExtension><gpxtpx:hr>149</gpxtpx:hr></gpxtpx:TrackPointExtension></extensions></trkpt>
      <trkpt lat="50.679457" lon="-120.326677"><ele>345</ele><time>2026-06-17T04:11:23.000Z</time><extensions><gpxtpx:TrackPointExtension><gpxtpx:hr>149</gpxtpx:hr></gpxtpx:TrackPointExtension></extensions></trkpt>
      <trkpt lat="50.679467" lon="-120.32666"><ele>345</ele><time>2026-06-17T04:11:24.000Z</time><extensions><gpxtpx:TrackPointExtension><gpxtpx:hr>151</gpxtpx:hr></gpxtpx:TrackPointExtension></extensions></trkpt>
      <trkpt lat="50.679497" lon="-120.326602"><ele>345</ele><time>2026-06-17T04:11:25.000Z</time><extensions><gpxtpx:TrackPointExtension><gpxtpx:hr>151</gpxtpx:hr></gpxtpx:TrackPointExtension></extensions></trkpt>
      <trkpt lat="50.679509" lon="-120.326579"><ele>345</ele><time>2026-06-17T04:11:26.000Z</time><extensions><gpxtpx:TrackPointExtension><gpxtpx:hr>151</gpxtpx:hr></gpxtpx:TrackPointExtension></extensions></trkpt>
      <trkpt lat="50.67952" lon="-120.326556"><ele>345</ele><time>2026-06-17T04:11:27.000Z</time><extensions><gpxtpx:TrackPointExtension><gpxtpx:hr>149</gpxtpx:hr></gpxtpx:TrackPointExtension></extensions></trkpt>
      <trkpt lat="50.679542" lon="-120.326503"><ele>345</ele><time>2026-06-17T04:11:28.000Z</time><extensions><gpxtpx:TrackPointExtension><gpxtpx:hr>149</gpxtpx:hr></gpxtpx:TrackPointExtension></extensions></trkpt>
      <trkpt lat="50.679548" lon="-120.326485"><ele>345</ele><time>2026-06-17T04:11:29.000Z</time><extensions><gpxtpx:TrackPointExtension><gpxtpx:hr>149</gpxtpx:hr></gpxtpx:TrackPointExtension></extensions></trkpt>
      <trkpt lat="50.679567" lon="-120.32642"><ele>345</ele><time>2026-06-17T04:11:30.000Z</time><extensions><gpxtpx:TrackPointExtension><gpxtpx:hr>149</gpxtpx:hr></gpxtpx:TrackPointExtension></extensions></trkpt>
      <trkpt lat="50.679573" lon="-120.326392"><ele>344.8</ele><time>2026-06-17T04:11:31.000Z</time><extensions><gpxtpx:TrackPointExtension><gpxtpx:hr>149</gpxtpx:hr></gpxtpx:TrackPointExtension></extensions></trkpt>
      <trkpt lat="50.67958" lon="-120.326365"><ele>344.8</ele><time>2026-06-17T04:11:32.000Z</time><extensions><gpxtpx:TrackPointExtension><gpxtpx:hr>149</gpxtpx:hr></gpxtpx:TrackPointExtension></extensions></trkpt>
      <trkpt lat="50.679591" lon="-120.3263"><ele>344.6</ele><time>2026-06-17T04:11:33.000Z</time><extensions><gpxtpx:TrackPointExtension><gpxtpx:hr>149</gpxtpx:hr></gpxtpx:TrackPointExtension></extensions></trkpt>
      <trkpt lat="50.679594" lon="-120.326277"><ele>344.4</ele><time>2026-06-17T04:11:34.000Z</time><extensions><gpxtpx:TrackPointExtension><gpxtpx:hr>149</gpxtpx:hr></gpxtpx:TrackPointExtension></extensions></trkpt>
      <trkpt lat="50.679597" lon="-120.326198"><ele>344.2</ele><time>2026-06-17T04:11:35.000Z</time><extensions><gpxtpx:TrackPointExtension><gpxtpx:hr>147</gpxtpx:hr></gpxtpx:TrackPointExtension></extensions></trkpt>
      <trkpt lat="50.679598" lon="-120.326166"><ele>344</ele><time>2026-06-17T04:11:36.000Z</time><extensions><gpxtpx:TrackPointExtension><gpxtpx:hr>147</gpxtpx:hr></gpxtpx:TrackPointExtension></extensions></trkpt>
      <trkpt lat="50.679598" lon="-120.326134"><ele>343.8</ele><time>2026-06-17T04:11:37.000Z</time><extensions><gpxtpx:TrackPointExtension><gpxtpx:hr>147</gpxtpx:hr></gpxtpx:TrackPointExtension></extensions></trkpt>
      <trkpt lat="50.679596" lon="-120.326061"><ele>343.6</ele><time>2026-06-17T04:11:38.000Z</time><extensions><gpxtpx:TrackPointExtension><gpxtpx:hr>147</gpxtpx:hr></gpxtpx:TrackPointExtension></extensions></trkpt>
      <trkpt lat="50.679595" lon="-120.326038"><ele>343.4</ele><time>2026-06-17T04:11:39.000Z</time><extensions><gpxtpx:TrackPointExtension><gpxtpx:hr>147</gpxtpx:hr></gpxtpx:TrackPointExtension></extensions></trkpt>
      <trkpt lat="50.679591" lon="-120.325964"><ele>343.2</ele><time>2026-06-17T04:11:40.000Z</time><extensions><gpxtpx:TrackPointExtension><gpxtpx:hr>145</gpxtpx:hr></gpxtpx:TrackPointExtension></extensions></trkpt>
      <trkpt lat="50.679589" lon="-120.325936"><ele>343</ele><time>2026-06-17T04:11:41.000Z</time><extensions><gpxtpx:TrackPointExtension><gpxtpx:hr>145</gpxtpx:hr></gpxtpx:TrackPointExtension></extensions></trkpt>
      <trkpt lat="50.679587" lon="-120.325907"><ele>343</ele><time>2026-06-17T04:11:42.000Z</time><extensions><gpxtpx:TrackPointExtension><gpxtpx:hr>145</gpxtpx:hr></gpxtpx:TrackPointExtension></extensions></trkpt>
      <trkpt lat="50.679581" lon="-120.325833"><ele>342.8</ele><time>2026-06-17T04:11:43.000Z</time><extensions><gpxtpx:TrackPointExtension><gpxtpx:hr>145</gpxtpx:hr></gpxtpx:TrackPointExtension></extensions></trkpt>
      <trkpt lat="50.679579" lon="-120.325802"><ele>342.8</ele><time>2026-06-17T04:11:44.000Z</time><extensions><gpxtpx:TrackPointExtension><gpxtpx:hr>145</gpxtpx:hr></gpxtpx:TrackPointExtension></extensions></trkpt>
      <trkpt lat="50.679577" lon="-120.325772"><ele>342.6</ele><time>2026-06-17T04:11:45.000Z</time><extensions><gpxtpx:TrackPointExtension><gpxtpx:hr>145</gpxtpx:hr></gpxtpx:TrackPointExtension></extensions></trkpt>
      <trkpt lat="50.679574" lon="-120.325706"><ele>342.6</ele><time>2026-06-17T04:11:46.000Z</time><extensions><gpxtpx:TrackPointExtension><gpxtpx:hr>145</gpxtpx:hr></gpxtpx:TrackPointExtension></extensions></trkpt>
      <trkpt lat="50.679573" lon="-120.325685"><ele>342.6</ele><time>2026-06-17T04:11:47.000Z</time><extensions><gpxtpx:TrackPointExtension><gpxtpx:hr>145</gpxtpx:hr></gpxtpx:TrackPointExtension></extensions></trkpt>
      <trkpt lat="50.679566" lon="-120.325612"><ele>342.8</ele><time>2026-06-17T04:11:48.000Z</time><extensions><gpxtpx:TrackPointExtension><gpxtpx:hr>145</gpxtpx:hr></gpxtpx:TrackPointExtension></extensions></trkpt>
      <trkpt lat="50.679562" lon="-120.325583"><ele>342.8</ele><time>2026-06-17T04:11:49.000Z</time><extensions><gpxtpx:TrackPointExtension><gpxtpx:hr>145</gpxtpx:hr></gpxtpx:TrackPointExtension></extensions></trkpt>
      <trkpt lat="50.679559" lon="-120.325554"><ele>343</ele><time>2026-06-17T04:11:50.000Z</time><extensions><gpxtpx:TrackPointExtension><gpxtpx:hr>145</gpxtpx:hr></gpxtpx:TrackPointExtension></extensions></trkpt>
      <trkpt lat="50.679551" lon="-120.325489"><ele>343.2</ele><time>2026-06-17T04:11:51.000Z</time><extensions><gpxtpx:TrackPointExtension><gpxtpx:hr>147</gpxtpx:hr></gpxtpx:TrackPointExtension></extensions></trkpt>
      <trkpt lat="50.679548" lon="-120.325468"><ele>343.6</ele><time>2026-06-17T04:11:52.000Z</time><extensions><gpxtpx:TrackPointExtension><gpxtpx:hr>147</gpxtpx:hr></gpxtpx:TrackPointExtension></extensions></trkpt>
      <trkpt lat="50.679538" lon="-120.325402"><ele>343.8</ele><time>2026-06-17T04:11:53.000Z</time><extensions><gpxtpx:TrackPointExtension><gpxtpx:hr>147</gpxtpx:hr></gpxtpx:TrackPointExtension></extensions></trkpt>
      <trkpt lat="50.679534" lon="-120.325378"><ele>344.2</ele><time>2026-06-17T04:11:54.000Z</time><extensions><gpxtpx:TrackPointExtension><gpxtpx:hr>147</gpxtpx:hr></gpxtpx:TrackPointExtension></extensions></trkpt>
      <trkpt lat="50.679529" lon="-120.325355"><ele>344.6</ele><time>2026-06-17T04:11:55.000Z</time><extensions><gpxtpx:TrackPointExtension><gpxtpx:hr>147</gpxtpx:hr></gpxtpx:TrackPointExtension></extensions></trkpt>
      <trkpt lat="50.679511" lon="-120.325319"><ele>344.8</ele><time>2026-06-17T04:11:56.000Z</time><extensions><gpxtpx:TrackPointExtension><gpxtpx:hr>147</gpxtpx:hr></gpxtpx:TrackPointExtension></extensions></trkpt>
      <trkpt lat="50.679504" lon="-120.32531"><ele>345.2</ele><time>2026-06-17T04:11:57.000Z</time><extensions><gpxtpx:TrackPointExtension><gpxtpx:hr>147</gpxtpx:hr></gpxtpx:TrackPointExtension></extensions></trkpt>
      <trkpt lat="50.679492" lon="-120.325297"><ele>345.6</ele><time>2026-06-17T04:11:58.000Z</time><extensions><gpxtpx:TrackPointExtension><gpxtpx:hr>147</gpxtpx:hr></gpxtpx:TrackPointExtension></extensions></trkpt>
      <trkpt lat="50.679481" lon="-120.325289"><ele>345.8</ele><time>2026-06-17T04:11:59.000Z</time><extensions><gpxtpx:TrackPointExtension><gpxtpx:hr>149</gpxtpx:hr></gpxtpx:TrackPointExtension></extensions></trkpt>
      <trkpt lat="50.679475" lon="-120.325284"><ele>346</ele><time>2026-06-17T04:12:00.000Z</time><extensions><gpxtpx:TrackPointExtension><gpxtpx:hr>149</gpxtpx:hr></gpxtpx:TrackPointExtension></extensions></trkpt>
      <trkpt lat="50.679472" lon="-120.32528"><ele>346.2</ele><time>2026-06-17T04:12:01.000Z</time><extensions><gpxtpx:TrackPointExtension><gpxtpx:hr>149</gpxtpx:hr></gpxtpx:TrackPointExtension></extensions></trkpt>
      <trkpt lat="50.67947" lon="-120.325272"><ele>346.4</ele><time>2026-06-17T04:12:02.000Z</time><extensions><gpxtpx:TrackPointExtension><gpxtpx:hr>148</gpxtpx:hr></gpxtpx:TrackPointExtension></extensions></trkpt>
      <trkpt lat="50.679467" lon="-120.325257"><ele>346.4</ele><time>2026-06-17T04:12:03.000Z</time><extensions><gpxtpx:TrackPointExtension><gpxtpx:hr>148</gpxtpx:hr></gpxtpx:TrackPointExtension></extensions></trkpt>
      <trkpt lat="50.679463" lon="-120.325232"><ele>346.4</ele><time>2026-06-17T04:12:04.000Z</time><extensions><gpxtpx:TrackPointExtension><gpxtpx:hr>148</gpxtpx:hr></gpxtpx:TrackPointExtension></extensions></trkpt>
      <trkpt lat="50.679459" lon="-120.325198"><ele>346.4</ele><time>2026-06-17T04:12:05.000Z</time><extensions><gpxtpx:TrackPointExtension><gpxtpx:hr>148</gpxtpx:hr></gpxtpx:TrackPointExtension></extensions></trkpt>
      <trkpt lat="50.67945" lon="-120.325138"><ele>346.4</ele><time>2026-06-17T04:12:06.000Z</time><extensions><gpxtpx:TrackPointExtension><gpxtpx:hr>148</gpxtpx:hr></gpxtpx:TrackPointExtension></extensions></trkpt>
      <trkpt lat="50.679447" lon="-120.325119"><ele>346.4</ele><time>2026-06-17T04:12:07.000Z</time><extensions><gpxtpx:TrackPointExtension><gpxtpx:hr>148</gpxtpx:hr></gpxtpx:TrackPointExtension></extensions></trkpt>
      <trkpt lat="50.679441" lon="-120.325069"><ele>346.4</ele><time>2026-06-17T04:12:08.000Z</time><extensions><gpxtpx:TrackPointExtension><gpxtpx:hr>148</gpxtpx:hr></gpxtpx:TrackPointExtension></extensions></trkpt>
      <trkpt lat="50.679439" lon="-120.325051"><ele>346.4</ele><time>2026-06-17T04:12:09.000Z</time><extensions><gpxtpx:TrackPointExtension><gpxtpx:hr>148</gpxtpx:hr></gpxtpx:TrackPointExtension></extensions></trkpt>
      <trkpt lat="50.679438" lon="-120.325034"><ele>346.4</ele><time>2026-06-17T04:12:10.000Z</time><extensions><gpxtpx:TrackPointExtension><gpxtpx:hr>142</gpxtpx:hr></gpxtpx:TrackPointExtension></extensions></trkpt>
      <trkpt lat="50.679435" lon="-120.324991"><ele>346.6</ele><time>2026-06-17T04:12:11.000Z</time><extensions><gpxtpx:TrackPointExtension><gpxtpx:hr>142</gpxtpx:hr></gpxtpx:TrackPointExtension></extensions></trkpt>
      <trkpt lat="50.679434" lon="-120.324974"><ele>346.6</ele><time>2026-06-17T04:12:12.000Z</time><extensions><gpxtpx:TrackPointExtension><gpxtpx:hr>142</gpxtpx:hr></gpxtpx:TrackPointExtension></extensions></trkpt>
      <trkpt lat="50.679433" lon="-120.324957"><ele>346.6</ele><time>2026-06-17T04:12:13.000Z</time><extensions><gpxtpx:TrackPointExtension><gpxtpx:hr>142</gpxtpx:hr></gpxtpx:TrackPointExtension></extensions></trkpt>
      <trkpt lat="50.679432" lon="-120.324921"><ele>346.8</ele><time>2026-06-17T04:12:14.000Z</time><extensions><gpxtpx:TrackPointExtension><gpxtpx:hr>142</gpxtpx:hr></gpxtpx:TrackPointExtension></extensions></trkpt>
      <trkpt lat="50.679432" lon="-120.32491"><ele>347</ele><time>2026-06-17T04:12:15.000Z</time><extensions><gpxtpx:TrackPointExtension><gpxtpx:hr>142</gpxtpx:hr></gpxtpx:TrackPointExtension></extensions></trkpt>
      <trkpt lat="50.679429" lon="-120.324894"><ele>347</ele><time>2026-06-17T04:12:16.000Z</time><extensions><gpxtpx:TrackPointExtension><gpxtpx:hr>140</gpxtpx:hr></gpxtpx:TrackPointExtension></extensions></trkpt>
      <trkpt lat="50.679428" lon="-120.324895"><ele>347.2</ele><time>2026-06-17T04:12:17.000Z</time><extensions><gpxtpx:TrackPointExtension><gpxtpx:hr>140</gpxtpx:hr></gpxtpx:TrackPointExtension></extensions></trkpt>
      <trkpt lat="50.679426" lon="-120.324895"><ele>347.4</ele><time>2026-06-17T04:12:18.000Z</time><extensions><gpxtpx:TrackPointExtension><gpxtpx:hr>140</gpxtpx:hr></gpxtpx:TrackPointExtension></extensions></trkpt>
      <trkpt lat="50.679424" lon="-120.324895"><ele>347.6</ele><time>2026-06-17T04:12:19.000Z</time><extensions><gpxtpx:TrackPointExtension><gpxtpx:hr>140</gpxtpx:hr></gpxtpx:TrackPointExtension></extensions></trkpt>
      <trkpt lat="50.679423" lon="-120.324896"><ele>347.8</ele><time>2026-06-17T04:12:20.000Z</time><extensions><gpxtpx:TrackPointExtension><gpxtpx:hr>140</gpxtpx:hr></gpxtpx:TrackPointExtension></extensions></trkpt>
      <trkpt lat="50.679421" lon="-120.324896"><ele>348</ele><time>2026-06-17T04:12:21.000Z</time><extensions><gpxtpx:TrackPointExtension><gpxtpx:hr>140</gpxtpx:hr></gpxtpx:TrackPointExtension></extensions></trkpt>
      <trkpt lat="50.679419" lon="-120.324896"><ele>347</ele><time>2026-06-17T04:12:33.000Z</time><extensions><gpxtpx:TrackPointExtension><gpxtpx:hr>140</gpxtpx:hr></gpxtpx:TrackPointExtension></extensions></trkpt>
      <trkpt lat="50.679418" lon="-120.324897"><ele>346.6</ele><time>2026-06-17T04:12:34.000Z</time><extensions><gpxtpx:TrackPointExtension><gpxtpx:hr>140</gpxtpx:hr></gpxtpx:TrackPointExtension></extensions></trkpt>
      <trkpt lat="50.679416" lon="-120.324897"><ele>346</ele><time>2026-06-17T04:12:35.000Z</time><extensions><gpxtpx:TrackPointExtension><gpxtpx:hr>140</gpxtpx:hr></gpxtpx:TrackPointExtension></extensions></trkpt>
      <trkpt lat="50.679385" lon="-120.324892"><ele>345.6</ele><time>2026-06-17T04:12:36.000Z</time><extensions><gpxtpx:TrackPointExtension><gpxtpx:hr>140</gpxtpx:hr></gpxtpx:TrackPointExtension></extensions></trkpt>
      <trkpt lat="50.679355" lon="-120.324886"><ele>345</ele><time>2026-06-17T04:12:37.000Z</time><extensions><gpxtpx:TrackPointExtension><gpxtpx:hr>140</gpxtpx:hr></gpxtpx:TrackPointExtension></extensions></trkpt>
      <trkpt lat="50.679325" lon="-120.324879"><ele>343.8</ele><time>2026-06-17T04:12:39.000Z</time><extensions><gpxtpx:TrackPointExtension><gpxtpx:hr>140</gpxtpx:hr></gpxtpx:TrackPointExtension></extensions></trkpt>
      <trkpt lat="50.679295" lon="-120.324873"><ele>343.8</ele><time>2026-06-17T04:12:40.000Z</time><extensions><gpxtpx:TrackPointExtension><gpxtpx:hr>129</gpxtpx:hr></gpxtpx:TrackPointExtension></extensions></trkpt>
      <trkpt lat="50.679264" lon="-120.324867"><ele>347.4</ele><time>2026-06-17T04:14:54.000Z</time><extensions><gpxtpx:TrackPointExtension><gpxtpx:hr>129</gpxtpx:hr></gpxtpx:TrackPointExtension></extensions></trkpt>
      <trkpt lat="50.679234" lon="-120.324861"><ele>347.2</ele><time>2026-06-17T04:14:55.000Z</time><extensions><gpxtpx:TrackPointExtension><gpxtpx:hr>129</gpxtpx:hr></gpxtpx:TrackPointExtension></extensions></trkpt>
      <trkpt lat="50.679204" lon="-120.324854"><ele>347</ele><time>2026-06-17T04:14:56.000Z</time><extensions><gpxtpx:TrackPointExtension><gpxtpx:hr>100</gpxtpx:hr></gpxtpx:TrackPointExtension></extensions></trkpt>
      <trkpt lat="50.679174" lon="-120.324848"><ele>347</ele><time>2026-06-17T04:14:57.000Z</time><extensions><gpxtpx:TrackPointExtension><gpxtpx:hr>100</gpxtpx:hr></gpxtpx:TrackPointExtension></extensions></trkpt>
      <trkpt lat="50.679144" lon="-120.324842"><ele>347</ele><time>2026-06-17T04:14:58.000Z</time><extensions><gpxtpx:TrackPointExtension><gpxtpx:hr>100</gpxtpx:hr></gpxtpx:TrackPointExtension></extensions></trkpt>
      <trkpt lat="50.679129" lon="-120.324795"><ele>347.2</ele><time>2026-06-17T04:14:59.000Z</time><extensions><gpxtpx:TrackPointExtension><gpxtpx:hr>100</gpxtpx:hr></gpxtpx:TrackPointExtension></extensions></trkpt>
      <trkpt lat="50.679123" lon="-120.324772"><ele>347.2</ele><time>2026-06-17T04:15:00.000Z</time><extensions><gpxtpx:TrackPointExtension><gpxtpx:hr>100</gpxtpx:hr></gpxtpx:TrackPointExtension></extensions></trkpt>
      <trkpt lat="50.679118" lon="-120.324749"><ele>347.4</ele><time>2026-06-17T04:15:01.000Z</time><extensions><gpxtpx:TrackPointExtension><gpxtpx:hr>100</gpxtpx:hr></gpxtpx:TrackPointExtension></extensions></trkpt>
      <trkpt lat="50.679107" lon="-120.324693"><ele>347.4</ele><time>2026-06-17T04:15:02.000Z</time><extensions><gpxtpx:TrackPointExtension><gpxtpx:hr>100</gpxtpx:hr></gpxtpx:TrackPointExtension></extensions></trkpt>
      <trkpt lat="50.679103" lon="-120.324674"><ele>347.6</ele><time>2026-06-17T04:15:03.000Z</time><extensions><gpxtpx:TrackPointExtension><gpxtpx:hr>100</gpxtpx:hr></gpxtpx:TrackPointExtension></extensions></trkpt>
      <trkpt lat="50.679091" lon="-120.324607"><ele>347.6</ele><time>2026-06-17T04:15:04.000Z</time><extensions><gpxtpx:TrackPointExtension><gpxtpx:hr>100</gpxtpx:hr></gpxtpx:TrackPointExtension></extensions></trkpt>
      <trkpt lat="50.679088" lon="-120.324579"><ele>347.6</ele><time>2026-06-17T04:15:05.000Z</time><extensions><gpxtpx:TrackPointExtension><gpxtpx:hr>104</gpxtpx:hr></gpxtpx:TrackPointExtension></extensions></trkpt>
      <trkpt lat="50.679084" lon="-120.324551"><ele>347.8</ele><time>2026-06-17T04:15:06.000Z</time><extensions><gpxtpx:TrackPointExtension><gpxtpx:hr>104</gpxtpx:hr></gpxtpx:TrackPointExtension></extensions></trkpt>
      <trkpt lat="50.679077" lon="-120.324487"><ele>347.8</ele><time>2026-06-17T04:15:07.000Z</time><extensions><gpxtpx:TrackPointExtension><gpxtpx:hr>106</gpxtpx:hr></gpxtpx:TrackPointExtension></extensions></trkpt>
      <trkpt lat="50.679074" lon="-120.324466"><ele>347.8</ele><time>2026-06-17T04:15:08.000Z</time><extensions><gpxtpx:TrackPointExtension><gpxtpx:hr>106</gpxtpx:hr></gpxtpx:TrackPointExtension></extensions></trkpt>
      <trkpt lat="50.679066" lon="-120.324393"><ele>347.8</ele><time>2026-06-17T04:15:09.000Z</time><extensions><gpxtpx:TrackPointExtension><gpxtpx:hr>106</gpxtpx:hr></gpxtpx:TrackPointExtension></extensions></trkpt>
      <trkpt lat="50.679062" lon="-120.324364"><ele>347.6</ele><time>2026-06-17T04:15:10.000Z</time><extensions><gpxtpx:TrackPointExtension><gpxtpx:hr>106</gpxtpx:hr></gpxtpx:TrackPointExtension></extensions></trkpt>
      <trkpt lat="50.679059" lon="-120.324334"><ele>347.6</ele><time>2026-06-17T04:15:11.000Z</time><extensions><gpxtpx:TrackPointExtension><gpxtpx:hr>106</gpxtpx:hr></gpxtpx:TrackPointExtension></extensions></trkpt>
      <trkpt lat="50.679051" lon="-120.324268"><ele>347.6</ele><time>2026-06-17T04:15:12.000Z</time><extensions><gpxtpx:TrackPointExtension><gpxtpx:hr>106</gpxtpx:hr></gpxtpx:TrackPointExtension></extensions></trkpt>
      <trkpt lat="50.679048" lon="-120.324246"><ele>347.6</ele><time>2026-06-17T04:15:13.000Z</time><extensions><gpxtpx:TrackPointExtension><gpxtpx:hr>106</gpxtpx:hr></gpxtpx:TrackPointExtension></extensions></trkpt>
      <trkpt lat="50.679039" lon="-120.324171"><ele>347.6</ele><time>2026-06-17T04:15:14.000Z</time><extensions><gpxtpx:TrackPointExtension><gpxtpx:hr>106</gpxtpx:hr></gpxtpx:TrackPointExtension></extensions></trkpt>
      <trkpt lat="50.679036" lon="-120.32414"><ele>347.6</ele><time>2026-06-17T04:15:15.000Z</time><extensions><gpxtpx:TrackPointExtension><gpxtpx:hr>109</gpxtpx:hr></gpxtpx:TrackPointExtension></extensions></trkpt>
      <trkpt lat="50.679032" lon="-120.324109"><ele>347.6</ele><time>2026-06-17T04:15:16.000Z</time><extensions><gpxtpx:TrackPointExtension><gpxtpx:hr>109</gpxtpx:hr></gpxtpx:TrackPointExtension></extensions></trkpt>
      <trkpt lat="50.679023" lon="-120.324035"><ele>347.6</ele><time>2026-06-17T04:15:17.000Z</time><extensions><gpxtpx:TrackPointExtension><gpxtpx:hr>111</gpxtpx:hr></gpxtpx:TrackPointExtension></extensions></trkpt>
      <trkpt lat="50.67902" lon="-120.324006"><ele>347.6</ele><time>2026-06-17T04:15:18.000Z</time><extensions><gpxtpx:TrackPointExtension><gpxtpx:hr>111</gpxtpx:hr></gpxtpx:TrackPointExtension></extensions></trkpt>
      <trkpt lat="50.679016" lon="-120.323978"><ele>347.6</ele><time>2026-06-17T04:15:19.000Z</time><extensions><gpxtpx:TrackPointExtension><gpxtpx:hr>111</gpxtpx:hr></gpxtpx:TrackPointExtension></extensions></trkpt>
      <trkpt lat="50.679007" lon="-120.323915"><ele>347.6</ele><time>2026-06-17T04:15:20.000Z</time><extensions><gpxtpx:TrackPointExtension><gpxtpx:hr>111</gpxtpx:hr></gpxtpx:TrackPointExtension></extensions></trkpt>
      <trkpt lat="50.679004" lon="-120.323894"><ele>347.6</ele><time>2026-06-17T04:15:21.000Z</time><extensions><gpxtpx:TrackPointExtension><gpxtpx:hr>111</gpxtpx:hr></gpxtpx:TrackPointExtension></extensions></trkpt>
      <trkpt lat="50.678991" lon="-120.323824"><ele>347.6</ele><time>2026-06-17T04:15:22.000Z</time><extensions><gpxtpx:TrackPointExtension><gpxtpx:hr>111</gpxtpx:hr></gpxtpx:TrackPointExtension></extensions></trkpt>
      <trkpt lat="50.678985" lon="-120.323797"><ele>347.6</ele><time>2026-06-17T04:15:23.000Z</time><extensions><gpxtpx:TrackPointExtension><gpxtpx:hr>111</gpxtpx:hr></gpxtpx:TrackPointExtension></extensions></trkpt>
      <trkpt lat="50.67898" lon="-120.323769"><ele>347.6</ele><time>2026-06-17T04:15:24.000Z</time><extensions><gpxtpx:TrackPointExtension><gpxtpx:hr>111</gpxtpx:hr></gpxtpx:TrackPointExtension></extensions></trkpt>
      <trkpt lat="50.67897" lon="-120.323706"><ele>347.6</ele><time>2026-06-17T04:15:25.000Z</time><extensions><gpxtpx:TrackPointExtension><gpxtpx:hr>117</gpxtpx:hr></gpxtpx:TrackPointExtension></extensions></trkpt>
      <trkpt lat="50.678966" lon="-120.323684"><ele>347.6</ele><time>2026-06-17T04:15:26.000Z</time><extensions><gpxtpx:TrackPointExtension><gpxtpx:hr>117</gpxtpx:hr></gpxtpx:TrackPointExtension></extensions></trkpt>
      <trkpt lat="50.678956" lon="-120.323608"><ele>347.4</ele><time>2026-06-17T04:15:27.000Z</time><extensions><gpxtpx:TrackPointExtension><gpxtpx:hr>117</gpxtpx:hr></gpxtpx:TrackPointExtension></extensions></trkpt>
      <trkpt lat="50.678952" lon="-120.323577"><ele>347.4</ele><time>2026-06-17T04:15:28.000Z</time><extensions><gpxtpx:TrackPointExtension><gpxtpx:hr>118</gpxtpx:hr></gpxtpx:TrackPointExtension></extensions></trkpt>
      <trkpt lat="50.678948" lon="-120.323547"><ele>347.4</ele><time>2026-06-17T04:15:29.000Z</time><extensions><gpxtpx:TrackPointExtension><gpxtpx:hr>118</gpxtpx:hr></gpxtpx:TrackPointExtension></extensions></trkpt>
      <trkpt lat="50.678941" lon="-120.323483"><ele>347.4</ele><time>2026-06-17T04:15:30.000Z</time><extensions><gpxtpx:TrackPointExtension><gpxtpx:hr>118</gpxtpx:hr></gpxtpx:TrackPointExtension></extensions></trkpt>
      <trkpt lat="50.678938" lon="-120.323463"><ele>347.4</ele><time>2026-06-17T04:15:31.000Z</time><extensions><gpxtpx:TrackPointExtension><gpxtpx:hr>118</gpxtpx:hr></gpxtpx:TrackPointExtension></extensions></trkpt>
      <trkpt lat="50.678929" lon="-120.323391"><ele>347.4</ele><time>2026-06-17T04:15:32.000Z</time><extensions><gpxtpx:TrackPointExtension><gpxtpx:hr>120</gpxtpx:hr></gpxtpx:TrackPointExtension></extensions></trkpt>
      <trkpt lat="50.678925" lon="-120.323361"><ele>347.4</ele><time>2026-06-17T04:15:33.000Z</time><extensions><gpxtpx:TrackPointExtension><gpxtpx:hr>120</gpxtpx:hr></gpxtpx:TrackPointExtension></extensions></trkpt>
      <trkpt lat="50.678921" lon="-120.323331"><ele>347.4</ele><time>2026-06-17T04:15:34.000Z</time><extensions><gpxtpx:TrackPointExtension><gpxtpx:hr>120</gpxtpx:hr></gpxtpx:TrackPointExtension></extensions></trkpt>
      <trkpt lat="50.678913" lon="-120.323268"><ele>347.4</ele><time>2026-06-17T04:15:35.000Z</time><extensions><gpxtpx:TrackPointExtension><gpxtpx:hr>120</gpxtpx:hr></gpxtpx:TrackPointExtension></extensions></trkpt>
      <trkpt lat="50.67891" lon="-120.323248"><ele>347.4</ele><time>2026-06-17T04:15:36.000Z</time><extensions><gpxtpx:TrackPointExtension><gpxtpx:hr>120</gpxtpx:hr></gpxtpx:TrackPointExtension></extensions></trkpt>
      <trkpt lat="50.678896" lon="-120.323182"><ele>347.4</ele><time>2026-06-17T04:15:37.000Z</time><extensions><gpxtpx:TrackPointExtension><gpxtpx:hr>120</gpxtpx:hr></gpxtpx:TrackPointExtension></extensions></trkpt>
      <trkpt lat="50.67889" lon="-120.323157"><ele>347.4</ele><time>2026-06-17T04:15:38.000Z</time><extensions><gpxtpx:TrackPointExtension><gpxtpx:hr>120</gpxtpx:hr></gpxtpx:TrackPointExtension></extensions></trkpt>
      <trkpt lat="50.678883" lon="-120.323131"><ele>347.4</ele><time>2026-06-17T04:15:39.000Z</time><extensions><gpxtpx:TrackPointExtension><gpxtpx:hr>120</gpxtpx:hr></gpxtpx:TrackPointExtension></extensions></trkpt>
      <trkpt lat="50.678867" lon="-120.323068"><ele>347.4</ele><time>2026-06-17T04:15:40.000Z</time><extensions><gpxtpx:TrackPointExtension><gpxtpx:hr>124</gpxtpx:hr></gpxtpx:TrackPointExtension></extensions></trkpt>
      <trkpt lat="50.67886" lon="-120.323042"><ele>347.4</ele><time>2026-06-17T04:15:41.000Z</time><extensions><gpxtpx:TrackPointExtension><gpxtpx:hr>124</gpxtpx:hr></gpxtpx:TrackPointExtension></extensions></trkpt>
      <trkpt lat="50.678854" lon="-120.323017"><ele>347.4</ele><time>2026-06-17T04:15:42.000Z</time><extensions><gpxtpx:TrackPointExtension><gpxtpx:hr>124</gpxtpx:hr></gpxtpx:TrackPointExtension></extensions></trkpt>
      <trkpt lat="50.67884" lon="-120.322964"><ele>347.4</ele><time>2026-06-17T04:15:43.000Z</time><extensions><gpxtpx:TrackPointExtension><gpxtpx:hr>124</gpxtpx:hr></gpxtpx:TrackPointExtension></extensions></trkpt>
      <trkpt lat="50.678835" lon="-120.322947"><ele>347.4</ele><time>2026-06-17T04:15:44.000Z</time><extensions><gpxtpx:TrackPointExtension><gpxtpx:hr>124</gpxtpx:hr></gpxtpx:TrackPointExtension></extensions></trkpt>
      <trkpt lat="50.678821" lon="-120.322891"><ele>347.4</ele><time>2026-06-17T04:15:45.000Z</time><extensions><gpxtpx:TrackPointExtension><gpxtpx:hr>124</gpxtpx:hr></gpxtpx:TrackPointExtension></extensions></trkpt>
      <trkpt lat="50.678817" lon="-120.32287"><ele>347.4</ele><time>2026-06-17T04:15:46.000Z</time><extensions><gpxtpx:TrackPointExtension><gpxtpx:hr>124</gpxtpx:hr></gpxtpx:TrackPointExtension></extensions></trkpt>
      <trkpt lat="50.678812" lon="-120.322848"><ele>347.4</ele><time>2026-06-17T04:15:47.000Z</time><extensions><gpxtpx:TrackPointExtension><gpxtpx:hr>124</gpxtpx:hr></gpxtpx:TrackPointExtension></extensions></trkpt>
      <trkpt lat="50.678803" lon="-120.322805"><ele>347.6</ele><time>2026-06-17T04:15:48.000Z</time><extensions><gpxtpx:TrackPointExtension><gpxtpx:hr>124</gpxtpx:hr></gpxtpx:TrackPointExtension></extensions></trkpt>
      <trkpt lat="50.678799" lon="-120.322792"><ele>347.6</ele><time>2026-06-17T04:15:49.000Z</time><extensions><gpxtpx:TrackPointExtension><gpxtpx:hr>124</gpxtpx:hr></gpxtpx:TrackPointExtension></extensions></trkpt>
      <trkpt lat="50.678792" lon="-120.322751"><ele>347.6</ele><time>2026-06-17T04:15:50.000Z</time><extensions><gpxtpx:TrackPointExtension><gpxtpx:hr>124</gpxtpx:hr></gpxtpx:TrackPointExtension></extensions></trkpt>
      <trkpt lat="50.678789" lon="-120.322735"><ele>347.6</ele><time>2026-06-17T04:15:51.000Z</time><extensions><gpxtpx:TrackPointExtension><gpxtpx:hr>124</gpxtpx:hr></gpxtpx:TrackPointExtension></extensions></trkpt>
      <trkpt lat="50.678787" lon="-120.322719"><ele>347.8</ele><time>2026-06-17T04:15:52.000Z</time><extensions><gpxtpx:TrackPointExtension><gpxtpx:hr>124</gpxtpx:hr></gpxtpx:TrackPointExtension></extensions></trkpt>
      <trkpt lat="50.678783" lon="-120.322698"><ele>347.8</ele><time>2026-06-17T04:15:53.000Z</time><extensions><gpxtpx:TrackPointExtension><gpxtpx:hr>125</gpxtpx:hr></gpxtpx:TrackPointExtension></extensions></trkpt>
      <trkpt lat="50.678778" lon="-120.322682"><ele>347.8</ele><time>2026-06-17T04:15:54.000Z</time><extensions><gpxtpx:TrackPointExtension><gpxtpx:hr>125</gpxtpx:hr></gpxtpx:TrackPointExtension></extensions></trkpt>
      <trkpt lat="50.678769" lon="-120.322663"><ele>347.8</ele><time>2026-06-17T04:15:55.000Z</time><extensions><gpxtpx:TrackPointExtension><gpxtpx:hr>125</gpxtpx:hr></gpxtpx:TrackPointExtension></extensions></trkpt>
      <trkpt lat="50.678763" lon="-120.322652"><ele>348</ele><time>2026-06-17T04:15:56.000Z</time><extensions><gpxtpx:TrackPointExtension><gpxtpx:hr>125</gpxtpx:hr></gpxtpx:TrackPointExtension></extensions></trkpt>
      <trkpt lat="50.678757" lon="-120.32264"><ele>348</ele><time>2026-06-17T04:18:45.000Z</time><extensions><gpxtpx:TrackPointExtension><gpxtpx:hr>125</gpxtpx:hr></gpxtpx:TrackPointExtension></extensions></trkpt>
      <trkpt lat="50.678751" lon="-120.322628"><ele>348</ele><time>2026-06-17T04:18:46.000Z</time><extensions><gpxtpx:TrackPointExtension><gpxtpx:hr>96</gpxtpx:hr></gpxtpx:TrackPointExtension></extensions></trkpt>
      <trkpt lat="50.678745" lon="-120.322617"><ele>348</ele><time>2026-06-17T04:18:47.000Z</time><extensions><gpxtpx:TrackPointExtension><gpxtpx:hr>96</gpxtpx:hr></gpxtpx:TrackPointExtension></extensions></trkpt>
      <trkpt lat="50.678739" lon="-120.322605"><ele>348</ele><time>2026-06-17T04:18:48.000Z</time><extensions><gpxtpx:TrackPointExtension><gpxtpx:hr>96</gpxtpx:hr></gpxtpx:TrackPointExtension></extensions></trkpt>
      <trkpt lat="50.678733" lon="-120.322594"><ele>348</ele><time>2026-06-17T04:18:49.000Z</time><extensions><gpxtpx:TrackPointExtension><gpxtpx:hr>96</gpxtpx:hr></gpxtpx:TrackPointExtension></extensions></trkpt>
      <trkpt lat="50.678727" lon="-120.322582"><ele>348</ele><time>2026-06-17T04:18:50.000Z</time><extensions><gpxtpx:TrackPointExtension><gpxtpx:hr>96</gpxtpx:hr></gpxtpx:TrackPointExtension></extensions></trkpt>
      <trkpt lat="50.678707" lon="-120.322541"><ele>348</ele><time>2026-06-17T04:18:51.000Z</time><extensions><gpxtpx:TrackPointExtension><gpxtpx:hr>98</gpxtpx:hr></gpxtpx:TrackPointExtension></extensions></trkpt>
      <trkpt lat="50.678696" lon="-120.322524"><ele>348</ele><time>2026-06-17T04:18:52.000Z</time><extensions><gpxtpx:TrackPointExtension><gpxtpx:hr>98</gpxtpx:hr></gpxtpx:TrackPointExtension></extensions></trkpt>
      <trkpt lat="50.678686" lon="-120.322506"><ele>348</ele><time>2026-06-17T04:18:53.000Z</time><extensions><gpxtpx:TrackPointExtension><gpxtpx:hr>98</gpxtpx:hr></gpxtpx:TrackPointExtension></extensions></trkpt>
      <trkpt lat="50.678661" lon="-120.322464"><ele>348</ele><time>2026-06-17T04:18:54.000Z</time><extensions><gpxtpx:TrackPointExtension><gpxtpx:hr>98</gpxtpx:hr></gpxtpx:TrackPointExtension></extensions></trkpt>
      <trkpt lat="50.678653" lon="-120.322451"><ele>348</ele><time>2026-06-17T04:18:55.000Z</time><extensions><gpxtpx:TrackPointExtension><gpxtpx:hr>98</gpxtpx:hr></gpxtpx:TrackPointExtension></extensions></trkpt>
      <trkpt lat="50.67863" lon="-120.322407"><ele>348.2</ele><time>2026-06-17T04:18:56.000Z</time><extensions><gpxtpx:TrackPointExtension><gpxtpx:hr>98</gpxtpx:hr></gpxtpx:TrackPointExtension></extensions></trkpt>
      <trkpt lat="50.678621" lon="-120.322387"><ele>348.2</ele><time>2026-06-17T04:18:57.000Z</time><extensions><gpxtpx:TrackPointExtension><gpxtpx:hr>98</gpxtpx:hr></gpxtpx:TrackPointExtension></extensions></trkpt>
      <trkpt lat="50.678612" lon="-120.322368"><ele>348.2</ele><time>2026-06-17T04:18:58.000Z</time><extensions><gpxtpx:TrackPointExtension><gpxtpx:hr>104</gpxtpx:hr></gpxtpx:TrackPointExtension></extensions></trkpt>
      <trkpt lat="50.678592" lon="-120.322315"><ele>348.2</ele><time>2026-06-17T04:18:59.000Z</time><extensions><gpxtpx:TrackPointExtension><gpxtpx:hr>104</gpxtpx:hr></gpxtpx:TrackPointExtension></extensions></trkpt>
      <trkpt lat="50.678585" lon="-120.322297"><ele>348.2</ele><time>2026-06-17T04:19:00.000Z</time><extensions><gpxtpx:TrackPointExtension><gpxtpx:hr>104</gpxtpx:hr></gpxtpx:TrackPointExtension></extensions></trkpt>
      <trkpt lat="50.678562" lon="-120.322233"><ele>348.2</ele><time>2026-06-17T04:19:01.000Z</time><extensions><gpxtpx:TrackPointExtension><gpxtpx:hr>105</gpxtpx:hr></gpxtpx:TrackPointExtension></extensions></trkpt>
      <trkpt lat="50.678552" lon="-120.322207"><ele>348.2</ele><time>2026-06-17T04:19:02.000Z</time><extensions><gpxtpx:TrackPointExtension><gpxtpx:hr>105</gpxtpx:hr></gpxtpx:TrackPointExtension></extensions></trkpt>
      <trkpt lat="50.678543" lon="-120.32218"><ele>348.2</ele><time>2026-06-17T04:19:03.000Z</time><extensions><gpxtpx:TrackPointExtension><gpxtpx:hr>105</gpxtpx:hr></gpxtpx:TrackPointExtension></extensions></trkpt>
      <trkpt lat="50.678524" lon="-120.322119"><ele>348</ele><time>2026-06-17T04:19:04.000Z</time><extensions><gpxtpx:TrackPointExtension><gpxtpx:hr>105</gpxtpx:hr></gpxtpx:TrackPointExtension></extensions></trkpt>
      <trkpt lat="50.678518" lon="-120.322099"><ele>348</ele><time>2026-06-17T04:19:05.000Z</time><extensions><gpxtpx:TrackPointExtension><gpxtpx:hr>105</gpxtpx:hr></gpxtpx:TrackPointExtension></extensions></trkpt>
      <trkpt lat="50.678497" lon="-120.322034"><ele>348</ele><time>2026-06-17T04:19:06.000Z</time><extensions><gpxtpx:TrackPointExtension><gpxtpx:hr>110</gpxtpx:hr></gpxtpx:TrackPointExtension></extensions></trkpt>
      <trkpt lat="50.678489" lon="-120.322009"><ele>348</ele><time>2026-06-17T04:19:07.000Z</time><extensions><gpxtpx:TrackPointExtension><gpxtpx:hr>110</gpxtpx:hr></gpxtpx:TrackPointExtension></extensions></trkpt>
      <trkpt lat="50.67848" lon="-120.321983"><ele>347.8</ele><time>2026-06-17T04:19:08.000Z</time><extensions><gpxtpx:TrackPointExtension><gpxtpx:hr>110</gpxtpx:hr></gpxtpx:TrackPointExtension></extensions></trkpt>
      <trkpt lat="50.678456" lon="-120.321921"><ele>347.8</ele><time>2026-06-17T04:19:09.000Z</time><extensions><gpxtpx:TrackPointExtension><gpxtpx:hr>110</gpxtpx:hr></gpxtpx:TrackPointExtension></extensions></trkpt>
      <trkpt lat="50.678447" lon="-120.321896"><ele>347.8</ele><time>2026-06-17T04:19:10.000Z</time><extensions><gpxtpx:TrackPointExtension><gpxtpx:hr>110</gpxtpx:hr></gpxtpx:TrackPointExtension></extensions></trkpt>
      <trkpt lat="50.678437" lon="-120.321871"><ele>347.6</ele><time>2026-06-17T04:19:11.000Z</time><extensions><gpxtpx:TrackPointExtension><gpxtpx:hr>110</gpxtpx:hr></gpxtpx:TrackPointExtension></extensions></trkpt>
      <trkpt lat="50.678417" lon="-120.321812"><ele>347.6</ele><time>2026-06-17T04:19:12.000Z</time><extensions><gpxtpx:TrackPointExtension><gpxtpx:hr>110</gpxtpx:hr></gpxtpx:TrackPointExtension></extensions></trkpt>
      <trkpt lat="50.67841" lon="-120.321792"><ele>347.6</ele><time>2026-06-17T04:19:13.000Z</time><extensions><gpxtpx:TrackPointExtension><gpxtpx:hr>110</gpxtpx:hr></gpxtpx:TrackPointExtension></extensions></trkpt>
      <trkpt lat="50.678389" lon="-120.321723"><ele>347.6</ele><time>2026-06-17T04:19:14.000Z</time><extensions><gpxtpx:TrackPointExtension><gpxtpx:hr>116</gpxtpx:hr></gpxtpx:TrackPointExtension></extensions></trkpt>
      <trkpt lat="50.678381" lon="-120.321695"><ele>347.4</ele><time>2026-06-17T04:19:15.000Z</time><extensions><gpxtpx:TrackPointExtension><gpxtpx:hr>116</gpxtpx:hr></gpxtpx:TrackPointExtension></extensions></trkpt>
      <trkpt lat="50.678372" lon="-120.321666"><ele>347.4</ele><time>2026-06-17T04:19:16.000Z</time><extensions><gpxtpx:TrackPointExtension><gpxtpx:hr>120</gpxtpx:hr></gpxtpx:TrackPointExtension></extensions></trkpt>
      <trkpt lat="50.678353" lon="-120.321593"><ele>347.4</ele><time>2026-06-17T04:19:17.000Z</time><extensions><gpxtpx:TrackPointExtension><gpxtpx:hr>120</gpxtpx:hr></gpxtpx:TrackPointExtension></extensions></trkpt>
      <trkpt lat="50.678347" lon="-120.321568"><ele>347.4</ele><time>2026-06-17T04:19:18.000Z</time><extensions><gpxtpx:TrackPointExtension><gpxtpx:hr>120</gpxtpx:hr></gpxtpx:TrackPointExtension></extensions></trkpt>
      <trkpt lat="50.678328" lon="-120.321487"><ele>347.4</ele><time>2026-06-17T04:19:19.000Z</time><extensions><gpxtpx:TrackPointExtension><gpxtpx:hr>120</gpxtpx:hr></gpxtpx:TrackPointExtension></extensions></trkpt>
      <trkpt lat="50.678321" lon="-120.321455"><ele>347.4</ele><time>2026-06-17T04:19:20.000Z</time><extensions><gpxtpx:TrackPointExtension><gpxtpx:hr>120</gpxtpx:hr></gpxtpx:TrackPointExtension></extensions></trkpt>
      <trkpt lat="50.678313" lon="-120.321424"><ele>347.4</ele><time>2026-06-17T04:19:21.000Z</time><extensions><gpxtpx:TrackPointExtension><gpxtpx:hr>120</gpxtpx:hr></gpxtpx:TrackPointExtension></extensions></trkpt>
      <trkpt lat="50.678297" lon="-120.321361"><ele>347.4</ele><time>2026-06-17T04:19:22.000Z</time><extensions><gpxtpx:TrackPointExtension><gpxtpx:hr>123</gpxtpx:hr></gpxtpx:TrackPointExtension></extensions></trkpt>
      <trkpt lat="50.678292" lon="-120.321341"><ele>347.4</ele><time>2026-06-17T04:19:23.000Z</time><extensions><gpxtpx:TrackPointExtension><gpxtpx:hr>123</gpxtpx:hr></gpxtpx:TrackPointExtension></extensions></trkpt>
      <trkpt lat="50.678277" lon="-120.32128"><ele>347.4</ele><time>2026-06-17T04:19:24.000Z</time><extensions><gpxtpx:TrackPointExtension><gpxtpx:hr>123</gpxtpx:hr></gpxtpx:TrackPointExtension></extensions></trkpt>
      <trkpt lat="50.678271" lon="-120.321256"><ele>347.4</ele><time>2026-06-17T04:19:25.000Z</time><extensions><gpxtpx:TrackPointExtension><gpxtpx:hr>123</gpxtpx:hr></gpxtpx:TrackPointExtension></extensions></trkpt>
      <trkpt lat="50.678265" lon="-120.321232"><ele>347.6</ele><time>2026-06-17T04:19:26.000Z</time><extensions><gpxtpx:TrackPointExtension><gpxtpx:hr>123</gpxtpx:hr></gpxtpx:TrackPointExtension></extensions></trkpt>
      <trkpt lat="50.67825" lon="-120.321179"><ele>347.6</ele><time>2026-06-17T04:19:27.000Z</time><extensions><gpxtpx:TrackPointExtension><gpxtpx:hr>123</gpxtpx:hr></gpxtpx:TrackPointExtension></extensions></trkpt>
      <trkpt lat="50.678245" lon="-120.321161"><ele>347.6</ele><time>2026-06-17T04:19:28.000Z</time><extensions><gpxtpx:TrackPointExtension><gpxtpx:hr>126</gpxtpx:hr></gpxtpx:TrackPointExtension></extensions></trkpt>
      <trkpt lat="50.678224" lon="-120.321096"><ele>347.6</ele><time>2026-06-17T04:19:29.000Z</time><extensions><gpxtpx:TrackPointExtension><gpxtpx:hr>126</gpxtpx:hr></gpxtpx:TrackPointExtension></extensions></trkpt>
      <trkpt lat="50.678214" lon="-120.321068"><ele>347.6</ele><time>2026-06-17T04:19:30.000Z</time><extensions><gpxtpx:TrackPointExtension><gpxtpx:hr>126</gpxtpx:hr></gpxtpx:TrackPointExtension></extensions></trkpt>
      <trkpt lat="50.678205" lon="-120.321041"><ele>347.6</ele><time>2026-06-17T04:19:31.000Z</time><extensions><gpxtpx:TrackPointExtension><gpxtpx:hr>126</gpxtpx:hr></gpxtpx:TrackPointExtension></extensions></trkpt>
      <trkpt lat="50.678186" lon="-120.32097"><ele>347.6</ele><time>2026-06-17T04:19:32.000Z</time><extensions><gpxtpx:TrackPointExtension><gpxtpx:hr>126</gpxtpx:hr></gpxtpx:TrackPointExtension></extensions></trkpt>
      <trkpt lat="50.678179" lon="-120.320945"><ele>347.8</ele><time>2026-06-17T04:19:33.000Z</time><extensions><gpxtpx:TrackPointExtension><gpxtpx:hr>126</gpxtpx:hr></gpxtpx:TrackPointExtension></extensions></trkpt>
      <trkpt lat="50.678158" lon="-120.32086"><ele>347.8</ele><time>2026-06-17T04:19:34.000Z</time><extensions><gpxtpx:TrackPointExtension><gpxtpx:hr>126</gpxtpx:hr></gpxtpx:TrackPointExtension></extensions></trkpt>
      <trkpt lat="50.678151" lon="-120.320826"><ele>347.8</ele><time>2026-06-17T04:19:35.000Z</time><extensions><gpxtpx:TrackPointExtension><gpxtpx:hr>126</gpxtpx:hr></gpxtpx:TrackPointExtension></extensions></trkpt>
      <trkpt lat="50.678143" lon="-120.320793"><ele>348</ele><time>2026-06-17T04:19:36.000Z</time><extensions><gpxtpx:TrackPointExtension><gpxtpx:hr>126</gpxtpx:hr></gpxtpx:TrackPointExtension></extensions></trkpt>
      <trkpt lat="50.678122" lon="-120.320711"><ele>348</ele><time>2026-06-17T04:19:37.000Z</time><extensions><gpxtpx:TrackPointExtension><gpxtpx:hr>126</gpxtpx:hr></gpxtpx:TrackPointExtension></extensions></trkpt>
      <trkpt lat="50.678113" lon="-120.320678"><ele>348</ele><time>2026-06-17T04:19:38.000Z</time><extensions><gpxtpx:TrackPointExtension><gpxtpx:hr>126</gpxtpx:hr></gpxtpx:TrackPointExtension></extensions></trkpt>
      <trkpt lat="50.678104" lon="-120.320644"><ele>348</ele><time>2026-06-17T04:19:39.000Z</time><extensions><gpxtpx:TrackPointExtension><gpxtpx:hr>129</gpxtpx:hr></gpxtpx:TrackPointExtension></extensions></trkpt>
      <trkpt lat="50.678082" lon="-120.32057"><ele>348.2</ele><time>2026-06-17T04:19:40.000Z</time><extensions><gpxtpx:TrackPointExtension><gpxtpx:hr>129</gpxtpx:hr></gpxtpx:TrackPointExtension></extensions></trkpt>
      <trkpt lat="50.678075" lon="-120.320546"><ele>348.2</ele><time>2026-06-17T04:19:41.000Z</time><extensions><gpxtpx:TrackPointExtension><gpxtpx:hr>129</gpxtpx:hr></gpxtpx:TrackPointExtension></extensions></trkpt>
      <trkpt lat="50.678052" lon="-120.320471"><ele>348.2</ele><time>2026-06-17T04:19:42.000Z</time><extensions><gpxtpx:TrackPointExtension><gpxtpx:hr>129</gpxtpx:hr></gpxtpx:TrackPointExtension></extensions></trkpt>
      <trkpt lat="50.678043" lon="-120.320443"><ele>348.2</ele><time>2026-06-17T04:19:43.000Z</time><extensions><gpxtpx:TrackPointExtension><gpxtpx:hr>129</gpxtpx:hr></gpxtpx:TrackPointExtension></extensions></trkpt>
      <trkpt lat="50.678034" lon="-120.320414"><ele>348.2</ele><time>2026-06-17T04:19:44.000Z</time><extensions><gpxtpx:TrackPointExtension><gpxtpx:hr>129</gpxtpx:hr></gpxtpx:TrackPointExtension></extensions></trkpt>
      <trkpt lat="50.678014" lon="-120.320352"><ele>348.2</ele><time>2026-06-17T04:19:45.000Z</time><extensions><gpxtpx:TrackPointExtension><gpxtpx:hr>133</gpxtpx:hr></gpxtpx:TrackPointExtension></extensions></trkpt>
      <trkpt lat="50.678006" lon="-120.320332"><ele>348</ele><time>2026-06-17T04:19:46.000Z</time><extensions><gpxtpx:TrackPointExtension><gpxtpx:hr>133</gpxtpx:hr></gpxtpx:TrackPointExtension></extensions></trkpt>
      <trkpt lat="50.677983" lon="-120.320271"><ele>348</ele><time>2026-06-17T04:19:47.000Z</time><extensions><gpxtpx:TrackPointExtension><gpxtpx:hr>134</gpxtpx:hr></gpxtpx:TrackPointExtension></extensions></trkpt>
      <trkpt lat="50.677974" lon="-120.320248"><ele>348</ele><time>2026-06-17T04:19:48.000Z</time><extensions><gpxtpx:TrackPointExtension><gpxtpx:hr>134</gpxtpx:hr></gpxtpx:TrackPointExtension></extensions></trkpt>
      <trkpt lat="50.677965" lon="-120.320225"><ele>348</ele><time>2026-06-17T04:19:49.000Z</time><extensions><gpxtpx:TrackPointExtension><gpxtpx:hr>134</gpxtpx:hr></gpxtpx:TrackPointExtension></extensions></trkpt>
      <trkpt lat="50.677946" lon="-120.320173"><ele>347.8</ele><time>2026-06-17T04:19:50.000Z</time><extensions><gpxtpx:TrackPointExtension><gpxtpx:hr>134</gpxtpx:hr></gpxtpx:TrackPointExtension></extensions></trkpt>
      <trkpt lat="50.677939" lon="-120.320156"><ele>347.8</ele><time>2026-06-17T04:19:51.000Z</time><extensions><gpxtpx:TrackPointExtension><gpxtpx:hr>134</gpxtpx:hr></gpxtpx:TrackPointExtension></extensions></trkpt>
      <trkpt lat="50.677914" lon="-120.320107"><ele>347.8</ele><time>2026-06-17T04:19:52.000Z</time><extensions><gpxtpx:TrackPointExtension><gpxtpx:hr>134</gpxtpx:hr></gpxtpx:TrackPointExtension></extensions></trkpt>
      <trkpt lat="50.677903" lon="-120.32009"><ele>347.6</ele><time>2026-06-17T04:19:53.000Z</time><extensions><gpxtpx:TrackPointExtension><gpxtpx:hr>134</gpxtpx:hr></gpxtpx:TrackPointExtension></extensions></trkpt>
      <trkpt lat="50.677893" lon="-120.320072"><ele>347.6</ele><time>2026-06-17T04:19:54.000Z</time><extensions><gpxtpx:TrackPointExtension><gpxtpx:hr>134</gpxtpx:hr></gpxtpx:TrackPointExtension></extensions></trkpt>
      <trkpt lat="50.677868" lon="-120.320039"><ele>347.4</ele><time>2026-06-17T04:19:55.000Z</time><extensions><gpxtpx:TrackPointExtension><gpxtpx:hr>134</gpxtpx:hr></gpxtpx:TrackPointExtension></extensions></trkpt>
      <trkpt lat="50.677859" lon="-120.320029"><ele>347.2</ele><time>2026-06-17T04:19:56.000Z</time><extensions><gpxtpx:TrackPointExtension><gpxtpx:hr>134</gpxtpx:hr></gpxtpx:TrackPointExtension></extensions></trkpt>
      <trkpt lat="50.677832" lon="-120.319994"><ele>347.2</ele><time>2026-06-17T04:19:57.000Z</time><extensions><gpxtpx:TrackPointExtension><gpxtpx:hr>134</gpxtpx:hr></gpxtpx:TrackPointExtension></extensions></trkpt>
      <trkpt lat="50.677821" lon="-120.319979"><ele>347</ele><time>2026-06-17T04:19:58.000Z</time><extensions><gpxtpx:TrackPointExtension><gpxtpx:hr>134</gpxtpx:hr></gpxtpx:TrackPointExtension></extensions></trkpt>
      <trkpt lat="50.677811" lon="-120.319965"><ele>346.8</ele><time>2026-06-17T04:19:59.000Z</time><extensions><gpxtpx:TrackPointExtension><gpxtpx:hr>134</gpxtpx:hr></gpxtpx:TrackPointExtension></extensions></trkpt>
      <trkpt lat="50.677789" lon="-120.31993"><ele>346.6</ele><time>2026-06-17T04:20:00.000Z</time><extensions><gpxtpx:TrackPointExtension><gpxtpx:hr>134</gpxtpx:hr></gpxtpx:TrackPointExtension></extensions></trkpt>
      <trkpt lat="50.677781" lon="-120.319918"><ele>346.6</ele><time>2026-06-17T04:20:01.000Z</time><extensions><gpxtpx:TrackPointExtension><gpxtpx:hr>134</gpxtpx:hr></gpxtpx:TrackPointExtension></extensions></trkpt>
      <trkpt lat="50.677754" lon="-120.319875"><ele>346.4</ele><time>2026-06-17T04:20:02.000Z</time><extensions><gpxtpx:TrackPointExtension><gpxtpx:hr>134</gpxtpx:hr></gpxtpx:TrackPointExtension></extensions></trkpt>
      <trkpt lat="50.677742" lon="-120.319859"><ele>346.4</ele><time>2026-06-17T04:20:03.000Z</time><extensions><gpxtpx:TrackPointExtension><gpxtpx:hr>134</gpxtpx:hr></gpxtpx:TrackPointExtension></extensions></trkpt>
      <trkpt lat="50.677731" lon="-120.319842"><ele>346.4</ele><time>2026-06-17T04:20:04.000Z</time><extensions><gpxtpx:TrackPointExtension><gpxtpx:hr>133</gpxtpx:hr></gpxtpx:TrackPointExtension></extensions></trkpt>
      <trkpt lat="50.677696" lon="-120.319816"><ele>346.4</ele><time>2026-06-17T04:20:05.000Z</time><extensions><gpxtpx:TrackPointExtension><gpxtpx:hr>133</gpxtpx:hr></gpxtpx:TrackPointExtension></extensions></trkpt>
      <trkpt lat="50.677682" lon="-120.319809"><ele>346.2</ele><time>2026-06-17T04:20:06.000Z</time><extensions><gpxtpx:TrackPointExtension><gpxtpx:hr>133</gpxtpx:hr></gpxtpx:TrackPointExtension></extensions></trkpt>
      <trkpt lat="50.677667" lon="-120.319803"><ele>346.2</ele><time>2026-06-17T04:20:07.000Z</time><extensions><gpxtpx:TrackPointExtension><gpxtpx:hr>133</gpxtpx:hr></gpxtpx:TrackPointExtension></extensions></trkpt>
      <trkpt lat="50.677646" lon="-120.319806"><ele>346.4</ele><time>2026-06-17T04:20:08.000Z</time><extensions><gpxtpx:TrackPointExtension><gpxtpx:hr>133</gpxtpx:hr></gpxtpx:TrackPointExtension></extensions></trkpt>
      <trkpt lat="50.677628" lon="-120.319815"><ele>346.4</ele><time>2026-06-17T04:20:09.000Z</time><extensions><gpxtpx:TrackPointExtension><gpxtpx:hr>133</gpxtpx:hr></gpxtpx:TrackPointExtension></extensions></trkpt>
      <trkpt lat="50.677539" lon="-120.319841"><ele>346.4</ele><time>2026-06-17T04:20:10.000Z</time><extensions><gpxtpx:TrackPointExtension><gpxtpx:hr>133</gpxtpx:hr></gpxtpx:TrackPointExtension></extensions></trkpt>
      <trkpt lat="50.677461" lon="-120.319858"><ele>347.2</ele><time>2026-06-17T04:20:30.000Z</time><extensions><gpxtpx:TrackPointExtension><gpxtpx:hr>133</gpxtpx:hr></gpxtpx:TrackPointExtension></extensions></trkpt>
      <trkpt lat="50.677384" lon="-120.319874"><ele>346.8</ele><time>2026-06-17T04:20:31.000Z</time><extensions><gpxtpx:TrackPointExtension><gpxtpx:hr>133</gpxtpx:hr></gpxtpx:TrackPointExtension></extensions></trkpt>
      <trkpt lat="50.677307" lon="-120.31989"><ele>346.4</ele><time>2026-06-17T04:20:32.000Z</time><extensions><gpxtpx:TrackPointExtension><gpxtpx:hr>133</gpxtpx:hr></gpxtpx:TrackPointExtension></extensions></trkpt>
      <trkpt lat="50.677229" lon="-120.319907"><ele>352.4</ele><time>2026-06-17T04:21:58.000Z</time><extensions><gpxtpx:TrackPointExtension><gpxtpx:hr>133</gpxtpx:hr></gpxtpx:TrackPointExtension></extensions></trkpt>
      <trkpt lat="50.677152" lon="-120.319923"><ele>352.2</ele><time>2026-06-17T04:21:59.000Z</time><extensions><gpxtpx:TrackPointExtension><gpxtpx:hr>133</gpxtpx:hr></gpxtpx:TrackPointExtension></extensions></trkpt>
      <trkpt lat="50.677075" lon="-120.319939"><ele>352</ele><time>2026-06-17T04:22:00.000Z</time><extensions><gpxtpx:TrackPointExtension><gpxtpx:hr>133</gpxtpx:hr></gpxtpx:TrackPointExtension></extensions></trkpt>
      <trkpt lat="50.676998" lon="-120.319955"><ele>351.8</ele><time>2026-06-17T04:22:01.000Z</time><extensions><gpxtpx:TrackPointExtension><gpxtpx:hr>102</gpxtpx:hr></gpxtpx:TrackPointExtension></extensions></trkpt>
      <trkpt lat="50.676982" lon="-120.319907"><ele>351.8</ele><time>2026-06-17T04:22:02.000Z</time><extensions><gpxtpx:TrackPointExtension><gpxtpx:hr>102</gpxtpx:hr></gpxtpx:TrackPointExtension></extensions></trkpt>
      <trkpt lat="50.676973" lon="-120.319884"><ele>351.8</ele><time>2026-06-17T04:22:03.000Z</time><extensions><gpxtpx:TrackPointExtension><gpxtpx:hr>102</gpxtpx:hr></gpxtpx:TrackPointExtension></extensions></trkpt>
      <trkpt lat="50.676965" lon="-120.319861"><ele>351.8</ele><time>2026-06-17T04:22:04.000Z</time><extensions><gpxtpx:TrackPointExtension><gpxtpx:hr>102</gpxtpx:hr></gpxtpx:TrackPointExtension></extensions></trkpt>
      <trkpt lat="50.676939" lon="-120.319808"><ele>351.8</ele><time>2026-06-17T04:22:05.000Z</time><extensions><gpxtpx:TrackPointExtension><gpxtpx:hr>102</gpxtpx:hr></gpxtpx:TrackPointExtension></extensions></trkpt>
      <trkpt lat="50.676929" lon="-120.31979"><ele>351.8</ele><time>2026-06-17T04:22:06.000Z</time><extensions><gpxtpx:TrackPointExtension><gpxtpx:hr>102</gpxtpx:hr></gpxtpx:TrackPointExtension></extensions></trkpt>
      <trkpt lat="50.676893" lon="-120.319729"><ele>351.8</ele><time>2026-06-17T04:22:07.000Z</time><extensions><gpxtpx:TrackPointExtension><gpxtpx:hr>102</gpxtpx:hr></gpxtpx:TrackPointExtension></extensions></trkpt>
      <trkpt lat="50.676878" lon="-120.319702"><ele>351.8</ele><time>2026-06-17T04:22:08.000Z</time><extensions><gpxtpx:TrackPointExtension><gpxtpx:hr>102</gpxtpx:hr></gpxtpx:TrackPointExtension></extensions></trkpt>
      <trkpt lat="50.676864" lon="-120.319675"><ele>351.8</ele><time>2026-06-17T04:22:09.000Z</time><extensions><gpxtpx:TrackPointExtension><gpxtpx:hr>106</gpxtpx:hr></gpxtpx:TrackPointExtension></extensions></trkpt>
      <trkpt lat="50.67683" lon="-120.319613"><ele>351.8</ele><time>2026-06-17T04:22:10.000Z</time><extensions><gpxtpx:TrackPointExtension><gpxtpx:hr>106</gpxtpx:hr></gpxtpx:TrackPointExtension></extensions></trkpt>
      <trkpt lat="50.676818" lon="-120.319592"><ele>351.8</ele><time>2026-06-17T04:22:11.000Z</time><extensions><gpxtpx:TrackPointExtension><gpxtpx:hr>106</gpxtpx:hr></gpxtpx:TrackPointExtension></extensions></trkpt>
      <trkpt lat="50.676781" lon="-120.319524"><ele>351.8</ele><time>2026-06-17T04:22:12.000Z</time><extensions><gpxtpx:TrackPointExtension><gpxtpx:hr>106</gpxtpx:hr></gpxtpx:TrackPointExtension></extensions></trkpt>
      <trkpt lat="50.676766" lon="-120.319498"><ele>351.8</ele><time>2026-06-17T04:22:13.000Z</time><extensions><gpxtpx:TrackPointExtension><gpxtpx:hr>106</gpxtpx:hr></gpxtpx:TrackPointExtension></extensions></trkpt>
      <trkpt lat="50.676751" lon="-120.319471"><ele>351.8</ele><time>2026-06-17T04:22:14.000Z</time><extensions><gpxtpx:TrackPointExtension><gpxtpx:hr>109</gpxtpx:hr></gpxtpx:TrackPointExtension></extensions></trkpt>
      <trkpt lat="50.676717" lon="-120.319402"><ele>351.8</ele><time>2026-06-17T04:22:15.000Z</time><extensions><gpxtpx:TrackPointExtension><gpxtpx:hr>109</gpxtpx:hr></gpxtpx:TrackPointExtension></extensions></trkpt>
      <trkpt lat="50.676704" lon="-120.319374"><ele>351.8</ele><time>2026-06-17T04:22:16.000Z</time><extensions><gpxtpx:TrackPointExtension><gpxtpx:hr>112</gpxtpx:hr></gpxtpx:TrackPointExtension></extensions></trkpt>
      <trkpt lat="50.676691" lon="-120.319346"><ele>351.8</ele><time>2026-06-17T04:22:17.000Z</time><extensions><gpxtpx:TrackPointExtension><gpxtpx:hr>112</gpxtpx:hr></gpxtpx:TrackPointExtension></extensions></trkpt>
      <trkpt lat="50.676662" lon="-120.319283"><ele>351.6</ele><time>2026-06-17T04:22:18.000Z</time><extensions><gpxtpx:TrackPointExtension><gpxtpx:hr>112</gpxtpx:hr></gpxtpx:TrackPointExtension></extensions></trkpt>
      <trkpt lat="50.676652" lon="-120.319262"><ele>351.6</ele><time>2026-06-17T04:22:19.000Z</time><extensions><gpxtpx:TrackPointExtension><gpxtpx:hr>112</gpxtpx:hr></gpxtpx:TrackPointExtension></extensions></trkpt>
      <trkpt lat="50.676618" lon="-120.319195"><ele>351.8</ele><time>2026-06-17T04:22:20.000Z</time><extensions><gpxtpx:TrackPointExtension><gpxtpx:hr>112</gpxtpx:hr></gpxtpx:TrackPointExtension></extensions></trkpt>
      <trkpt lat="50.676605" lon="-120.319169"><ele>351.8</ele><time>2026-06-17T04:22:21.000Z</time><extensions><gpxtpx:TrackPointExtension><gpxtpx:hr>115</gpxtpx:hr></gpxtpx:TrackPointExtension></extensions></trkpt>
      <trkpt lat="50.676591" lon="-120.319143"><ele>351.8</ele><time>2026-06-17T04:22:22.000Z</time><extensions><gpxtpx:TrackPointExtension><gpxtpx:hr>115</gpxtpx:hr></gpxtpx:TrackPointExtension></extensions></trkpt>
      <trkpt lat="50.676561" lon="-120.319088"><ele>351.8</ele><time>2026-06-17T04:22:23.000Z</time><extensions><gpxtpx:TrackPointExtension><gpxtpx:hr>115</gpxtpx:hr></gpxtpx:TrackPointExtension></extensions></trkpt>
      <trkpt lat="50.676551" lon="-120.31907"><ele>351.8</ele><time>2026-06-17T04:22:24.000Z</time><extensions><gpxtpx:TrackPointExtension><gpxtpx:hr>115</gpxtpx:hr></gpxtpx:TrackPointExtension></extensions></trkpt>
      <trkpt lat="50.67652" lon="-120.319009"><ele>351.8</ele><time>2026-06-17T04:22:25.000Z</time><extensions><gpxtpx:TrackPointExtension><gpxtpx:hr>115</gpxtpx:hr></gpxtpx:TrackPointExtension></extensions></trkpt>
      <trkpt lat="50.676507" lon="-120.318985"><ele>351.8</ele><time>2026-06-17T04:22:26.000Z</time><extensions><gpxtpx:TrackPointExtension><gpxtpx:hr>121</gpxtpx:hr></gpxtpx:TrackPointExtension></extensions></trkpt>
      <trkpt lat="50.676495" lon="-120.318961"><ele>351.8</ele><time>2026-06-17T04:22:27.000Z</time><extensions><gpxtpx:TrackPointExtension><gpxtpx:hr>121</gpxtpx:hr></gpxtpx:TrackPointExtension></extensions></trkpt>
      <trkpt lat="50.676464" lon="-120.318909"><ele>351.8</ele><time>2026-06-17T04:22:28.000Z</time><extensions><gpxtpx:TrackPointExtension><gpxtpx:hr>121</gpxtpx:hr></gpxtpx:TrackPointExtension></extensions></trkpt>
      <trkpt lat="50.676453" lon="-120.318894"><ele>351.8</ele><time>2026-06-17T04:22:29.000Z</time><extensions><gpxtpx:TrackPointExtension><gpxtpx:hr>121</gpxtpx:hr></gpxtpx:TrackPointExtension></extensions></trkpt>
      <trkpt lat="50.67641" lon="-120.318847"><ele>351.8</ele><time>2026-06-17T04:22:30.000Z</time><extensions><gpxtpx:TrackPointExtension><gpxtpx:hr>121</gpxtpx:hr></gpxtpx:TrackPointExtension></extensions></trkpt>
      <trkpt lat="50.676392" lon="-120.318829"><ele>351.8</ele><time>2026-06-17T04:22:31.000Z</time><extensions><gpxtpx:TrackPointExtension><gpxtpx:hr>123</gpxtpx:hr></gpxtpx:TrackPointExtension></extensions></trkpt>
      <trkpt lat="50.676375" lon="-120.31881"><ele>351.8</ele><time>2026-06-17T04:22:32.000Z</time><extensions><gpxtpx:TrackPointExtension><gpxtpx:hr>123</gpxtpx:hr></gpxtpx:TrackPointExtension></extensions></trkpt>
      <trkpt lat="50.676342" lon="-120.318761"><ele>352</ele><time>2026-06-17T04:22:33.000Z</time><extensions><gpxtpx:TrackPointExtension><gpxtpx:hr>123</gpxtpx:hr></gpxtpx:TrackPointExtension></extensions></trkpt>
      <trkpt lat="50.676331" lon="-120.318745"><ele>352</ele><time>2026-06-17T04:22:34.000Z</time><extensions><gpxtpx:TrackPointExtension><gpxtpx:hr>123</gpxtpx:hr></gpxtpx:TrackPointExtension></extensions></trkpt>
      <trkpt lat="50.676301" lon="-120.318695"><ele>352</ele><time>2026-06-17T04:22:35.000Z</time><extensions><gpxtpx:TrackPointExtension><gpxtpx:hr>123</gpxtpx:hr></gpxtpx:TrackPointExtension></extensions></trkpt>
      <trkpt lat="50.676291" lon="-120.318678"><ele>352</ele><time>2026-06-17T04:22:36.000Z</time><extensions><gpxtpx:TrackPointExtension><gpxtpx:hr>123</gpxtpx:hr></gpxtpx:TrackPointExtension></extensions></trkpt>
      <trkpt lat="50.676281" lon="-120.31866"><ele>352.2</ele><time>2026-06-17T04:22:37.000Z</time><extensions><gpxtpx:TrackPointExtension><gpxtpx:hr>123</gpxtpx:hr></gpxtpx:TrackPointExtension></extensions></trkpt>
      <trkpt lat="50.676267" lon="-120.318613"><ele>352.2</ele><time>2026-06-17T04:22:38.000Z</time><extensions><gpxtpx:TrackPointExtension><gpxtpx:hr>123</gpxtpx:hr></gpxtpx:TrackPointExtension></extensions></trkpt>
      <trkpt lat="50.676263" lon="-120.318596"><ele>352.2</ele><time>2026-06-17T04:22:39.000Z</time><extensions><gpxtpx:TrackPointExtension><gpxtpx:hr>123</gpxtpx:hr></gpxtpx:TrackPointExtension></extensions></trkpt>
      <trkpt lat="50.67625" lon="-120.318526"><ele>352.2</ele><time>2026-06-17T04:22:40.000Z</time><extensions><gpxtpx:TrackPointExtension><gpxtpx:hr>132</gpxtpx:hr></gpxtpx:TrackPointExtension></extensions></trkpt>
      <trkpt lat="50.676244" lon="-120.318497"><ele>352.2</ele><time>2026-06-17T04:22:41.000Z</time><extensions><gpxtpx:TrackPointExtension><gpxtpx:hr>132</gpxtpx:hr></gpxtpx:TrackPointExtension></extensions></trkpt>
      <trkpt lat="50.676238" lon="-120.318467"><ele>352.2</ele><time>2026-06-17T04:22:42.000Z</time><extensions><gpxtpx:TrackPointExtension><gpxtpx:hr>135</gpxtpx:hr></gpxtpx:TrackPointExtension></extensions></trkpt>
      <trkpt lat="50.67622" lon="-120.318392"><ele>352.2</ele><time>2026-06-17T04:22:43.000Z</time><extensions><gpxtpx:TrackPointExtension><gpxtpx:hr>135</gpxtpx:hr></gpxtpx:TrackPointExtension></extensions></trkpt>
      <trkpt lat="50.676212" lon="-120.318361"><ele>352.2</ele><time>2026-06-17T04:22:44.000Z</time><extensions><gpxtpx:TrackPointExtension><gpxtpx:hr>135</gpxtpx:hr></gpxtpx:TrackPointExtension></extensions></trkpt>
      <trkpt lat="50.676205" lon="-120.318331"><ele>352</ele><time>2026-06-17T04:22:45.000Z</time><extensions><gpxtpx:TrackPointExtension><gpxtpx:hr>135</gpxtpx:hr></gpxtpx:TrackPointExtension></extensions></trkpt>
      <trkpt lat="50.676187" lon="-120.318267"><ele>352</ele><time>2026-06-17T04:22:46.000Z</time><extensions><gpxtpx:TrackPointExtension><gpxtpx:hr>135</gpxtpx:hr></gpxtpx:TrackPointExtension></extensions></trkpt>
      <trkpt lat="50.676181" lon="-120.318247"><ele>352</ele><time>2026-06-17T04:22:47.000Z</time><extensions><gpxtpx:TrackPointExtension><gpxtpx:hr>135</gpxtpx:hr></gpxtpx:TrackPointExtension></extensions></trkpt>
      <trkpt lat="50.676161" lon="-120.31818"><ele>352</ele><time>2026-06-17T04:22:48.000Z</time><extensions><gpxtpx:TrackPointExtension><gpxtpx:hr>135</gpxtpx:hr></gpxtpx:TrackPointExtension></extensions></trkpt>
      <trkpt lat="50.676153" lon="-120.318153"><ele>352</ele><time>2026-06-17T04:22:49.000Z</time><extensions><gpxtpx:TrackPointExtension><gpxtpx:hr>137</gpxtpx:hr></gpxtpx:TrackPointExtension></extensions></trkpt>
      <trkpt lat="50.676145" lon="-120.318125"><ele>351.8</ele><time>2026-06-17T04:22:50.000Z</time><extensions><gpxtpx:TrackPointExtension><gpxtpx:hr>137</gpxtpx:hr></gpxtpx:TrackPointExtension></extensions></trkpt>
      <trkpt lat="50.676125" lon="-120.318058"><ele>351.8</ele><time>2026-06-17T04:22:51.000Z</time><extensions><gpxtpx:TrackPointExtension><gpxtpx:hr>137</gpxtpx:hr></gpxtpx:TrackPointExtension></extensions></trkpt>
      <trkpt lat="50.676118" lon="-120.318036"><ele>351.8</ele><time>2026-06-17T04:22:52.000Z</time><extensions><gpxtpx:TrackPointExtension><gpxtpx:hr>137</gpxtpx:hr></gpxtpx:TrackPointExtension></extensions></trkpt>
      <trkpt lat="50.676093" lon="-120.317968"><ele>351.8</ele><time>2026-06-17T04:22:53.000Z</time><extensions><gpxtpx:TrackPointExtension><gpxtpx:hr>137</gpxtpx:hr></gpxtpx:TrackPointExtension></extensions></trkpt>
      <trkpt lat="50.676084" lon="-120.317942"><ele>351.6</ele><time>2026-06-17T04:22:54.000Z</time><extensions><gpxtpx:TrackPointExtension><gpxtpx:hr>139</gpxtpx:hr></gpxtpx:TrackPointExtension></extensions></trkpt>
      <trkpt lat="50.676074" lon="-120.317916"><ele>351.6</ele><time>2026-06-17T04:22:55.000Z</time><extensions><gpxtpx:TrackPointExtension><gpxtpx:hr>139</gpxtpx:hr></gpxtpx:TrackPointExtension></extensions></trkpt>
      <trkpt lat="50.676056" lon="-120.317856"><ele>351.6</ele><time>2026-06-17T04:22:56.000Z</time><extensions><gpxtpx:TrackPointExtension><gpxtpx:hr>139</gpxtpx:hr></gpxtpx:TrackPointExtension></extensions></trkpt>
      <trkpt lat="50.676049" lon="-120.317836"><ele>351.6</ele><time>2026-06-17T04:22:57.000Z</time><extensions><gpxtpx:TrackPointExtension><gpxtpx:hr>141</gpxtpx:hr></gpxtpx:TrackPointExtension></extensions></trkpt>
      <trkpt lat="50.67603" lon="-120.317767"><ele>351.4</ele><time>2026-06-17T04:22:58.000Z</time><extensions><gpxtpx:TrackPointExtension><gpxtpx:hr>141</gpxtpx:hr></gpxtpx:TrackPointExtension></extensions></trkpt>
      <trkpt lat="50.676022" lon="-120.31774"><ele>351.4</ele><time>2026-06-17T04:22:59.000Z</time><extensions><gpxtpx:TrackPointExtension><gpxtpx:hr>141</gpxtpx:hr></gpxtpx:TrackPointExtension></extensions></trkpt>
      <trkpt lat="50.676014" lon="-120.317712"><ele>351.4</ele><time>2026-06-17T04:23:00.000Z</time><extensions><gpxtpx:TrackPointExtension><gpxtpx:hr>141</gpxtpx:hr></gpxtpx:TrackPointExtension></extensions></trkpt>
      <trkpt lat="50.675995" lon="-120.317651"><ele>351.4</ele><time>2026-06-17T04:23:01.000Z</time><extensions><gpxtpx:TrackPointExtension><gpxtpx:hr>141</gpxtpx:hr></gpxtpx:TrackPointExtension></extensions></trkpt>
      <trkpt lat="50.675989" lon="-120.317631"><ele>351.4</ele><time>2026-06-17T04:23:02.000Z</time><extensions><gpxtpx:TrackPointExtension><gpxtpx:hr>141</gpxtpx:hr></gpxtpx:TrackPointExtension></extensions></trkpt>
      <trkpt lat="50.675967" lon="-120.317567"><ele>351.4</ele><time>2026-06-17T04:23:03.000Z</time><extensions><gpxtpx:TrackPointExtension><gpxtpx:hr>141</gpxtpx:hr></gpxtpx:TrackPointExtension></extensions></trkpt>
      <trkpt lat="50.675957" lon="-120.317541"><ele>351.2</ele><time>2026-06-17T04:23:04.000Z</time><extensions><gpxtpx:TrackPointExtension><gpxtpx:hr>141</gpxtpx:hr></gpxtpx:TrackPointExtension></extensions></trkpt>
      <trkpt lat="50.675948" lon="-120.317515"><ele>351.2</ele><time>2026-06-17T04:23:05.000Z</time><extensions><gpxtpx:TrackPointExtension><gpxtpx:hr>141</gpxtpx:hr></gpxtpx:TrackPointExtension></extensions></trkpt>
      <trkpt lat="50.675928" lon="-120.31745"><ele>351.2</ele><time>2026-06-17T04:23:06.000Z</time><extensions><gpxtpx:TrackPointExtension><gpxtpx:hr>141</gpxtpx:hr></gpxtpx:TrackPointExtension></extensions></trkpt>
      <trkpt lat="50.675921" lon="-120.317422"><ele>351.2</ele><time>2026-06-17T04:23:07.000Z</time><extensions><gpxtpx:TrackPointExtension><gpxtpx:hr>141</gpxtpx:hr></gpxtpx:TrackPointExtension></extensions></trkpt>
      <trkpt lat="50.675913" lon="-120.317395"><ele>351.2</ele><time>2026-06-17T04:23:08.000Z</time><extensions><gpxtpx:TrackPointExtension><gpxtpx:hr>141</gpxtpx:hr></gpxtpx:TrackPointExtension></extensions></trkpt>
      <trkpt lat="50.675895" lon="-120.317333"><ele>351.2</ele><time>2026-06-17T04:23:09.000Z</time><extensions><gpxtpx:TrackPointExtension><gpxtpx:hr>141</gpxtpx:hr></gpxtpx:TrackPointExtension></extensions></trkpt>
      <trkpt lat="50.675888" lon="-120.317313"><ele>351.2</ele><time>2026-06-17T04:23:10.000Z</time><extensions><gpxtpx:TrackPointExtension><gpxtpx:hr>143</gpxtpx:hr></gpxtpx:TrackPointExtension></extensions></trkpt>
      <trkpt lat="50.675868" lon="-120.317249"><ele>351</ele><time>2026-06-17T04:23:11.000Z</time><extensions><gpxtpx:TrackPointExtension><gpxtpx:hr>143</gpxtpx:hr></gpxtpx:TrackPointExtension></extensions></trkpt>
      <trkpt lat="50.67586" lon="-120.317222"><ele>351</ele><time>2026-06-17T04:23:12.000Z</time><extensions><gpxtpx:TrackPointExtension><gpxtpx:hr>143</gpxtpx:hr></gpxtpx:TrackPointExtension></extensions></trkpt>
      <trkpt lat="50.675851" lon="-120.317196"><ele>351</ele><time>2026-06-17T04:23:13.000Z</time><extensions><gpxtpx:TrackPointExtension><gpxtpx:hr>143</gpxtpx:hr></gpxtpx:TrackPointExtension></extensions></trkpt>
      <trkpt lat="50.67583" lon="-120.317137"><ele>351</ele><time>2026-06-17T04:23:14.000Z</time><extensions><gpxtpx:TrackPointExtension><gpxtpx:hr>143</gpxtpx:hr></gpxtpx:TrackPointExtension></extensions></trkpt>
      <trkpt lat="50.675822" lon="-120.317117"><ele>351</ele><time>2026-06-17T04:23:15.000Z</time><extensions><gpxtpx:TrackPointExtension><gpxtpx:hr>144</gpxtpx:hr></gpxtpx:TrackPointExtension></extensions></trkpt>
      <trkpt lat="50.675801" lon="-120.317048"><ele>350.8</ele><time>2026-06-17T04:23:16.000Z</time><extensions><gpxtpx:TrackPointExtension><gpxtpx:hr>144</gpxtpx:hr></gpxtpx:TrackPointExtension></extensions></trkpt>
      <trkpt lat="50.675792" lon="-120.31702"><ele>350.8</ele><time>2026-06-17T04:23:17.000Z</time><extensions><gpxtpx:TrackPointExtension><gpxtpx:hr>144</gpxtpx:hr></gpxtpx:TrackPointExtension></extensions></trkpt>
      <trkpt lat="50.675784" lon="-120.316992"><ele>350.8</ele><time>2026-06-17T04:23:18.000Z</time><extensions><gpxtpx:TrackPointExtension><gpxtpx:hr>144</gpxtpx:hr></gpxtpx:TrackPointExtension></extensions></trkpt>
      <trkpt lat="50.675767" lon="-120.31693"><ele>350.8</ele><time>2026-06-17T04:23:19.000Z</time><extensions><gpxtpx:TrackPointExtension><gpxtpx:hr>145</gpxtpx:hr></gpxtpx:TrackPointExtension></extensions></trkpt>
      <trkpt lat="50.675761" lon="-120.31691"><ele>350.6</ele><time>2026-06-17T04:23:20.000Z</time><extensions><gpxtpx:TrackPointExtension><gpxtpx:hr>145</gpxtpx:hr></gpxtpx:TrackPointExtension></extensions></trkpt>
      <trkpt lat="50.675741" lon="-120.316844"><ele>350.6</ele><time>2026-06-17T04:23:21.000Z</time><extensions><gpxtpx:TrackPointExtension><gpxtpx:hr>145</gpxtpx:hr></gpxtpx:TrackPointExtension></extensions></trkpt>
      <trkpt lat="50.675732" lon="-120.316817"><ele>350.6</ele><time>2026-06-17T04:23:22.000Z</time><extensions><gpxtpx:TrackPointExtension><gpxtpx:hr>145</gpxtpx:hr></gpxtpx:TrackPointExtension></extensions></trkpt>
      <trkpt lat="50.675724" lon="-120.316791"><ele>350.6</ele><time>2026-06-17T04:23:23.000Z</time><extensions><gpxtpx:TrackPointExtension><gpxtpx:hr>145</gpxtpx:hr></gpxtpx:TrackPointExtension></extensions></trkpt>
      <trkpt lat="50.675704" lon="-120.31673"><ele>350.6</ele><time>2026-06-17T04:23:24.000Z</time><extensions><gpxtpx:TrackPointExtension><gpxtpx:hr>140</gpxtpx:hr></gpxtpx:TrackPointExtension></extensions></trkpt>
      <trkpt lat="50.675697" lon="-120.31671"><ele>350.4</ele><time>2026-06-17T04:23:25.000Z</time><extensions><gpxtpx:TrackPointExtension><gpxtpx:hr>140</gpxtpx:hr></gpxtpx:TrackPointExtension></extensions></trkpt>
      <trkpt lat="50.675673" lon="-120.316643"><ele>350.4</ele><time>2026-06-17T04:23:26.000Z</time><extensions><gpxtpx:TrackPointExtension><gpxtpx:hr>141</gpxtpx:hr></gpxtpx:TrackPointExtension></extensions></trkpt>
      <trkpt lat="50.675665" lon="-120.316617"><ele>350.4</ele><time>2026-06-17T04:23:27.000Z</time><extensions><gpxtpx:TrackPointExtension><gpxtpx:hr>141</gpxtpx:hr></gpxtpx:TrackPointExtension></extensions></trkpt>
      <trkpt lat="50.675656" lon="-120.31659"><ele>350.4</ele><time>2026-06-17T04:23:28.000Z</time><extensions><gpxtpx:TrackPointExtension><gpxtpx:hr>141</gpxtpx:hr></gpxtpx:TrackPointExtension></extensions></trkpt>
      <trkpt lat="50.675637" lon="-120.316528"><ele>350.2</ele><time>2026-06-17T04:23:29.000Z</time><extensions><gpxtpx:TrackPointExtension><gpxtpx:hr>141</gpxtpx:hr></gpxtpx:TrackPointExtension></extensions></trkpt>
      <trkpt lat="50.675631" lon="-120.316507"><ele>350.2</ele><time>2026-06-17T04:23:30.000Z</time><extensions><gpxtpx:TrackPointExtension><gpxtpx:hr>141</gpxtpx:hr></gpxtpx:TrackPointExtension></extensions></trkpt>
      <trkpt lat="50.675611" lon="-120.316438"><ele>350.2</ele><time>2026-06-17T04:23:31.000Z</time><extensions><gpxtpx:TrackPointExtension><gpxtpx:hr>141</gpxtpx:hr></gpxtpx:TrackPointExtension></extensions></trkpt>
      <trkpt lat="50.675604" lon="-120.316411"><ele>350.2</ele><time>2026-06-17T04:23:32.000Z</time><extensions><gpxtpx:TrackPointExtension><gpxtpx:hr>141</gpxtpx:hr></gpxtpx:TrackPointExtension></extensions></trkpt>
      <trkpt lat="50.675596" lon="-120.316384"><ele>350.2</ele><time>2026-06-17T04:23:33.000Z</time><extensions><gpxtpx:TrackPointExtension><gpxtpx:hr>141</gpxtpx:hr></gpxtpx:TrackPointExtension></extensions></trkpt>
      <trkpt lat="50.67558" lon="-120.31632"><ele>350</ele><time>2026-06-17T04:23:34.000Z</time><extensions><gpxtpx:TrackPointExtension><gpxtpx:hr>142</gpxtpx:hr></gpxtpx:TrackPointExtension></extensions></trkpt>
      <trkpt lat="50.675575" lon="-120.316295"><ele>350</ele><time>2026-06-17T04:23:35.000Z</time><extensions><gpxtpx:TrackPointExtension><gpxtpx:hr>142</gpxtpx:hr></gpxtpx:TrackPointExtension></extensions></trkpt>
      <trkpt lat="50.675569" lon="-120.316269"><ele>350</ele><time>2026-06-17T04:23:36.000Z</time><extensions><gpxtpx:TrackPointExtension><gpxtpx:hr>141</gpxtpx:hr></gpxtpx:TrackPointExtension></extensions></trkpt>
      <trkpt lat="50.675556" lon="-120.316207"><ele>350</ele><time>2026-06-17T04:23:37.000Z</time><extensions><gpxtpx:TrackPointExtension><gpxtpx:hr>141</gpxtpx:hr></gpxtpx:TrackPointExtension></extensions></trkpt>
      <trkpt lat="50.675551" lon="-120.316187"><ele>350</ele><time>2026-06-17T04:23:38.000Z</time><extensions><gpxtpx:TrackPointExtension><gpxtpx:hr>141</gpxtpx:hr></gpxtpx:TrackPointExtension></extensions></trkpt>
      <trkpt lat="50.675529" lon="-120.316122"><ele>350</ele><time>2026-06-17T04:23:39.000Z</time><extensions><gpxtpx:TrackPointExtension><gpxtpx:hr>141</gpxtpx:hr></gpxtpx:TrackPointExtension></extensions></trkpt>
      <trkpt lat="50.67552" lon="-120.316096"><ele>350</ele><time>2026-06-17T04:23:40.000Z</time><extensions><gpxtpx:TrackPointExtension><gpxtpx:hr>141</gpxtpx:hr></gpxtpx:TrackPointExtension></extensions></trkpt>
      <trkpt lat="50.67551" lon="-120.316071"><ele>350</ele><time>2026-06-17T04:23:41.000Z</time><extensions><gpxtpx:TrackPointExtension><gpxtpx:hr>141</gpxtpx:hr></gpxtpx:TrackPointExtension></extensions></trkpt>
      <trkpt lat="50.675489" lon="-120.316017"><ele>350</ele><time>2026-06-17T04:23:42.000Z</time><extensions><gpxtpx:TrackPointExtension><gpxtpx:hr>141</gpxtpx:hr></gpxtpx:TrackPointExtension></extensions></trkpt>
      <trkpt lat="50.675481" lon="-120.315999"><ele>350</ele><time>2026-06-17T04:23:43.000Z</time><extensions><gpxtpx:TrackPointExtension><gpxtpx:hr>141</gpxtpx:hr></gpxtpx:TrackPointExtension></extensions></trkpt>
      <trkpt lat="50.675453" lon="-120.315939"><ele>350</ele><time>2026-06-17T04:23:44.000Z</time><extensions><gpxtpx:TrackPointExtension><gpxtpx:hr>142</gpxtpx:hr></gpxtpx:TrackPointExtension></extensions></trkpt>
      <trkpt lat="50.675442" lon="-120.315916"><ele>349.8</ele><time>2026-06-17T04:23:45.000Z</time><extensions><gpxtpx:TrackPointExtension><gpxtpx:hr>142</gpxtpx:hr></gpxtpx:TrackPointExtension></extensions></trkpt>
      <trkpt lat="50.67543" lon="-120.315892"><ele>349.8</ele><time>2026-06-17T04:23:46.000Z</time><extensions><gpxtpx:TrackPointExtension><gpxtpx:hr>142</gpxtpx:hr></gpxtpx:TrackPointExtension></extensions></trkpt>
      <trkpt lat="50.6754" lon="-120.315842"><ele>349.8</ele><time>2026-06-17T04:23:47.000Z</time><extensions><gpxtpx:TrackPointExtension><gpxtpx:hr>142</gpxtpx:hr></gpxtpx:TrackPointExtension></extensions></trkpt>
      <trkpt lat="50.67539" lon="-120.315827"><ele>349.8</ele><time>2026-06-17T04:23:48.000Z</time><extensions><gpxtpx:TrackPointExtension><gpxtpx:hr>142</gpxtpx:hr></gpxtpx:TrackPointExtension></extensions></trkpt>
      <trkpt lat="50.675355" lon="-120.315784"><ele>349.8</ele><time>2026-06-17T04:23:49.000Z</time><extensions><gpxtpx:TrackPointExtension><gpxtpx:hr>141</gpxtpx:hr></gpxtpx:TrackPointExtension></extensions></trkpt>
      <trkpt lat="50.675341" lon="-120.315769"><ele>349.8</ele><time>2026-06-17T04:23:50.000Z</time><extensions><gpxtpx:TrackPointExtension><gpxtpx:hr>141</gpxtpx:hr></gpxtpx:TrackPointExtension></extensions></trkpt>
      <trkpt lat="50.675327" lon="-120.315753"><ele>349.6</ele><time>2026-06-17T04:23:51.000Z</time><extensions><gpxtpx:TrackPointExtension><gpxtpx:hr>141</gpxtpx:hr></gpxtpx:TrackPointExtension></extensions></trkpt>
      <trkpt lat="50.675288" lon="-120.315723"><ele>349.6</ele><time>2026-06-17T04:23:52.000Z</time><extensions><gpxtpx:TrackPointExtension><gpxtpx:hr>141</gpxtpx:hr></gpxtpx:TrackPointExtension></extensions></trkpt>
      <trkpt lat="50.675274" lon="-120.315715"><ele>349.6</ele><time>2026-06-17T04:23:53.000Z</time><extensions><gpxtpx:TrackPointExtension><gpxtpx:hr>141</gpxtpx:hr></gpxtpx:TrackPointExtension></extensions></trkpt>
      <trkpt lat="50.675224" lon="-120.315724"><ele>349.6</ele><time>2026-06-17T04:23:54.000Z</time><extensions><gpxtpx:TrackPointExtension><gpxtpx:hr>141</gpxtpx:hr></gpxtpx:TrackPointExtension></extensions></trkpt>
      <trkpt lat="50.675205" lon="-120.315735"><ele>349.4</ele><time>2026-06-17T04:23:55.000Z</time><extensions><gpxtpx:TrackPointExtension><gpxtpx:hr>141</gpxtpx:hr></gpxtpx:TrackPointExtension></extensions></trkpt>
      <trkpt lat="50.675185" lon="-120.315746"><ele>349.4</ele><time>2026-06-17T04:23:56.000Z</time><extensions><gpxtpx:TrackPointExtension><gpxtpx:hr>144</gpxtpx:hr></gpxtpx:TrackPointExtension></extensions></trkpt>
      <trkpt lat="50.675141" lon="-120.315781"><ele>349.4</ele><time>2026-06-17T04:23:57.000Z</time><extensions><gpxtpx:TrackPointExtension><gpxtpx:hr>144</gpxtpx:hr></gpxtpx:TrackPointExtension></extensions></trkpt>
      <trkpt lat="50.675124" lon="-120.315795"><ele>349.2</ele><time>2026-06-17T04:23:58.000Z</time><extensions><gpxtpx:TrackPointExtension><gpxtpx:hr>144</gpxtpx:hr></gpxtpx:TrackPointExtension></extensions></trkpt>
      <trkpt lat="50.675107" lon="-120.315808"><ele>349.2</ele><time>2026-06-17T04:23:59.000Z</time><extensions><gpxtpx:TrackPointExtension><gpxtpx:hr>144</gpxtpx:hr></gpxtpx:TrackPointExtension></extensions></trkpt>
      <trkpt lat="50.67507" lon="-120.31583"><ele>349.2</ele><time>2026-06-17T04:24:00.000Z</time><extensions><gpxtpx:TrackPointExtension><gpxtpx:hr>144</gpxtpx:hr></gpxtpx:TrackPointExtension></extensions></trkpt>
      <trkpt lat="50.675057" lon="-120.315835"><ele>349</ele><time>2026-06-17T04:24:01.000Z</time><extensions><gpxtpx:TrackPointExtension><gpxtpx:hr>144</gpxtpx:hr></gpxtpx:TrackPointExtension></extensions></trkpt>
      <trkpt lat="50.675013" lon="-120.315847"><ele>349</ele><time>2026-06-17T04:24:02.000Z</time><extensions><gpxtpx:TrackPointExtension><gpxtpx:hr>144</gpxtpx:hr></gpxtpx:TrackPointExtension></extensions></trkpt>
      <trkpt lat="50.674996" lon="-120.315852"><ele>349</ele><time>2026-06-17T04:24:03.000Z</time><extensions><gpxtpx:TrackPointExtension><gpxtpx:hr>144</gpxtpx:hr></gpxtpx:TrackPointExtension></extensions></trkpt>
      <trkpt lat="50.674978" lon="-120.315856"><ele>349</ele><time>2026-06-17T04:24:04.000Z</time><extensions><gpxtpx:TrackPointExtension><gpxtpx:hr>144</gpxtpx:hr></gpxtpx:TrackPointExtension></extensions></trkpt>
      <trkpt lat="50.674954" lon="-120.315863"><ele>349</ele><time>2026-06-17T04:24:05.000Z</time><extensions><gpxtpx:TrackPointExtension><gpxtpx:hr>144</gpxtpx:hr></gpxtpx:TrackPointExtension></extensions></trkpt>
      <trkpt lat="50.674932" lon="-120.315869"><ele>349</ele><time>2026-06-17T04:24:06.000Z</time><extensions><gpxtpx:TrackPointExtension><gpxtpx:hr>144</gpxtpx:hr></gpxtpx:TrackPointExtension></extensions></trkpt>
      <trkpt lat="50.674902" lon="-120.315876"><ele>349.2</ele><time>2026-06-17T04:24:07.000Z</time><extensions><gpxtpx:TrackPointExtension><gpxtpx:hr>144</gpxtpx:hr></gpxtpx:TrackPointExtension></extensions></trkpt>
      <trkpt lat="50.67489" lon="-120.315879"><ele>349.2</ele><time>2026-06-17T04:24:08.000Z</time><extensions><gpxtpx:TrackPointExtension><gpxtpx:hr>144</gpxtpx:hr></gpxtpx:TrackPointExtension></extensions></trkpt>
      <trkpt lat="50.674878" lon="-120.315882"><ele>349.4</ele><time>2026-06-17T04:24:09.000Z</time><extensions><gpxtpx:TrackPointExtension><gpxtpx:hr>144</gpxtpx:hr></gpxtpx:TrackPointExtension></extensions></trkpt>
      <trkpt lat="50.67485" lon="-120.315898"><ele>349.4</ele><time>2026-06-17T04:24:10.000Z</time><extensions><gpxtpx:TrackPointExtension><gpxtpx:hr>142</gpxtpx:hr></gpxtpx:TrackPointExtension></extensions></trkpt>
      <trkpt lat="50.67484" lon="-120.315904"><ele>349.6</ele><time>2026-06-17T04:24:11.000Z</time><extensions><gpxtpx:TrackPointExtension><gpxtpx:hr>142</gpxtpx:hr></gpxtpx:TrackPointExtension></extensions></trkpt>
      <trkpt lat="50.674805" lon="-120.315935"><ele>349.6</ele><time>2026-06-17T04:24:12.000Z</time><extensions><gpxtpx:TrackPointExtension><gpxtpx:hr>142</gpxtpx:hr></gpxtpx:TrackPointExtension></extensions></trkpt>
      <trkpt lat="50.67479" lon="-120.315948"><ele>349.8</ele><time>2026-06-17T04:24:13.000Z</time><extensions><gpxtpx:TrackPointExtension><gpxtpx:hr>142</gpxtpx:hr></gpxtpx:TrackPointExtension></extensions></trkpt>
      <trkpt lat="50.674776" lon="-120.315961"><ele>350</ele><time>2026-06-17T04:24:14.000Z</time><extensions><gpxtpx:TrackPointExtension><gpxtpx:hr>142</gpxtpx:hr></gpxtpx:TrackPointExtension></extensions></trkpt>
      <trkpt lat="50.674748" lon="-120.315986"><ele>350.2</ele><time>2026-06-17T04:24:15.000Z</time><extensions><gpxtpx:TrackPointExtension><gpxtpx:hr>140</gpxtpx:hr></gpxtpx:TrackPointExtension></extensions></trkpt>
      <trkpt lat="50.674738" lon="-120.315993"><ele>350.2</ele><time>2026-06-17T04:24:16.000Z</time><extensions><gpxtpx:TrackPointExtension><gpxtpx:hr>140</gpxtpx:hr></gpxtpx:TrackPointExtension></extensions></trkpt>
      <trkpt lat="50.674707" lon="-120.316018"><ele>350.4</ele><time>2026-06-17T04:24:17.000Z</time><extensions><gpxtpx:TrackPointExtension><gpxtpx:hr>140</gpxtpx:hr></gpxtpx:TrackPointExtension></extensions></trkpt>
      <trkpt lat="50.674695" lon="-120.316028"><ele>350.6</ele><time>2026-06-17T04:24:18.000Z</time><extensions><gpxtpx:TrackPointExtension><gpxtpx:hr>140</gpxtpx:hr></gpxtpx:TrackPointExtension></extensions></trkpt>
      <trkpt lat="50.674682" lon="-120.316038"><ele>350.6</ele><time>2026-06-17T04:24:19.000Z</time><extensions><gpxtpx:TrackPointExtension><gpxtpx:hr>140</gpxtpx:hr></gpxtpx:TrackPointExtension></extensions></trkpt>
      <trkpt lat="50.674655" lon="-120.31606"><ele>350.8</ele><time>2026-06-17T04:24:20.000Z</time><extensions><gpxtpx:TrackPointExtension><gpxtpx:hr>141</gpxtpx:hr></gpxtpx:TrackPointExtension></extensions></trkpt>
      <trkpt lat="50.674645" lon="-120.316067"><ele>351</ele><time>2026-06-17T04:24:21.000Z</time><extensions><gpxtpx:TrackPointExtension><gpxtpx:hr>141</gpxtpx:hr></gpxtpx:TrackPointExtension></extensions></trkpt>
      <trkpt lat="50.674612" lon="-120.316089"><ele>351</ele><time>2026-06-17T04:24:22.000Z</time><extensions><gpxtpx:TrackPointExtension><gpxtpx:hr>141</gpxtpx:hr></gpxtpx:TrackPointExtension></extensions></trkpt>
      <trkpt lat="50.6746" lon="-120.316098"><ele>351.2</ele><time>2026-06-17T04:24:23.000Z</time><extensions><gpxtpx:TrackPointExtension><gpxtpx:hr>141</gpxtpx:hr></gpxtpx:TrackPointExtension></extensions></trkpt>
      <trkpt lat="50.674587" lon="-120.316106"><ele>351.4</ele><time>2026-06-17T04:24:24.000Z</time><extensions><gpxtpx:TrackPointExtension><gpxtpx:hr>141</gpxtpx:hr></gpxtpx:TrackPointExtension></extensions></trkpt>
      <trkpt lat="50.674558" lon="-120.316128"><ele>351.4</ele><time>2026-06-17T04:24:25.000Z</time><extensions><gpxtpx:TrackPointExtension><gpxtpx:hr>142</gpxtpx:hr></gpxtpx:TrackPointExtension></extensions></trkpt>
      <trkpt lat="50.674547" lon="-120.316138"><ele>351.6</ele><time>2026-06-17T04:24:26.000Z</time><extensions><gpxtpx:TrackPointExtension><gpxtpx:hr>142</gpxtpx:hr></gpxtpx:TrackPointExtension></extensions></trkpt>
      <trkpt lat="50.674536" lon="-120.316147"><ele>351.8</ele><time>2026-06-17T04:24:27.000Z</time><extensions><gpxtpx:TrackPointExtension><gpxtpx:hr>142</gpxtpx:hr></gpxtpx:TrackPointExtension></extensions></trkpt>
      <trkpt lat="50.674513" lon="-120.316167"><ele>351.8</ele><time>2026-06-17T04:24:28.000Z</time><extensions><gpxtpx:TrackPointExtension><gpxtpx:hr>142</gpxtpx:hr></gpxtpx:TrackPointExtension></extensions></trkpt>
      <trkpt lat="50.674505" lon="-120.316173"><ele>352</ele><time>2026-06-17T04:24:29.000Z</time><extensions><gpxtpx:TrackPointExtension><gpxtpx:hr>142</gpxtpx:hr></gpxtpx:TrackPointExtension></extensions></trkpt>
      <trkpt lat="50.674479" lon="-120.316195"><ele>352.2</ele><time>2026-06-17T04:24:30.000Z</time><extensions><gpxtpx:TrackPointExtension><gpxtpx:hr>142</gpxtpx:hr></gpxtpx:TrackPointExtension></extensions></trkpt>
      <trkpt lat="50.674468" lon="-120.316205"><ele>352.2</ele><time>2026-06-17T04:24:31.000Z</time><extensions><gpxtpx:TrackPointExtension><gpxtpx:hr>142</gpxtpx:hr></gpxtpx:TrackPointExtension></extensions></trkpt>
      <trkpt lat="50.674458" lon="-120.316214"><ele>352.4</ele><time>2026-06-17T04:24:32.000Z</time><extensions><gpxtpx:TrackPointExtension><gpxtpx:hr>142</gpxtpx:hr></gpxtpx:TrackPointExtension></extensions></trkpt>
      <trkpt lat="50.674444" lon="-120.316226"><ele>352.6</ele><time>2026-06-17T04:24:33.000Z</time><extensions><gpxtpx:TrackPointExtension><gpxtpx:hr>142</gpxtpx:hr></gpxtpx:TrackPointExtension></extensions></trkpt>
      <trkpt lat="50.674433" lon="-120.316233"><ele>352.6</ele><time>2026-06-17T04:24:34.000Z</time><extensions><gpxtpx:TrackPointExtension><gpxtpx:hr>142</gpxtpx:hr></gpxtpx:TrackPointExtension></extensions></trkpt>
      <trkpt lat="50.67442" lon="-120.316253"><ele>352.8</ele><time>2026-06-17T04:24:35.000Z</time><extensions><gpxtpx:TrackPointExtension><gpxtpx:hr>142</gpxtpx:hr></gpxtpx:TrackPointExtension></extensions></trkpt>
      <trkpt lat="50.674415" lon="-120.316269"><ele>353</ele><time>2026-06-17T04:24:36.000Z</time><extensions><gpxtpx:TrackPointExtension><gpxtpx:hr>142</gpxtpx:hr></gpxtpx:TrackPointExtension></extensions></trkpt>
      <trkpt lat="50.674411" lon="-120.316284"><ele>353</ele><time>2026-06-17T04:24:37.000Z</time><extensions><gpxtpx:TrackPointExtension><gpxtpx:hr>142</gpxtpx:hr></gpxtpx:TrackPointExtension></extensions></trkpt>
      <trkpt lat="50.674406" lon="-120.316299"><ele>353.2</ele><time>2026-06-17T04:24:38.000Z</time><extensions><gpxtpx:TrackPointExtension><gpxtpx:hr>142</gpxtpx:hr></gpxtpx:TrackPointExtension></extensions></trkpt>
      <trkpt lat="50.674402" lon="-120.316314"><ele>353.2</ele><time>2026-06-17T04:24:39.000Z</time><extensions><gpxtpx:TrackPointExtension><gpxtpx:hr>142</gpxtpx:hr></gpxtpx:TrackPointExtension></extensions></trkpt>
      <trkpt lat="50.674397" lon="-120.31633"><ele>353.4</ele><time>2026-06-17T04:24:40.000Z</time><extensions><gpxtpx:TrackPointExtension><gpxtpx:hr>143</gpxtpx:hr></gpxtpx:TrackPointExtension></extensions></trkpt>
      <trkpt lat="50.674393" lon="-120.316345"><ele>353.4</ele><time>2026-06-17T04:24:41.000Z</time><extensions><gpxtpx:TrackPointExtension><gpxtpx:hr>143</gpxtpx:hr></gpxtpx:TrackPointExtension></extensions></trkpt>
      <trkpt lat="50.674389" lon="-120.31636"><ele>353.4</ele><time>2026-06-17T04:24:52.000Z</time><extensions><gpxtpx:TrackPointExtension><gpxtpx:hr>143</gpxtpx:hr></gpxtpx:TrackPointExtension></extensions></trkpt>
      <trkpt lat="50.674384" lon="-120.316376"><ele>353.4</ele><time>2026-06-17T04:24:53.000Z</time><extensions><gpxtpx:TrackPointExtension><gpxtpx:hr>143</gpxtpx:hr></gpxtpx:TrackPointExtension></extensions></trkpt>
      <trkpt lat="50.67438" lon="-120.316391"><ele>353.4</ele><time>2026-06-17T04:24:54.000Z</time><extensions><gpxtpx:TrackPointExtension><gpxtpx:hr>141</gpxtpx:hr></gpxtpx:TrackPointExtension></extensions></trkpt>
      <trkpt lat="50.674375" lon="-120.316406"><ele>353.4</ele><time>2026-06-17T04:24:55.000Z</time><extensions><gpxtpx:TrackPointExtension><gpxtpx:hr>141</gpxtpx:hr></gpxtpx:TrackPointExtension></extensions></trkpt>
      <trkpt lat="50.674371" lon="-120.316421"><ele>353.2</ele><time>2026-06-17T04:24:56.000Z</time><extensions><gpxtpx:TrackPointExtension><gpxtpx:hr>140</gpxtpx:hr></gpxtpx:TrackPointExtension></extensions></trkpt>
      <trkpt lat="50.674367" lon="-120.316437"><ele>353.2</ele><time>2026-06-17T04:24:57.000Z</time><extensions><gpxtpx:TrackPointExtension><gpxtpx:hr>140</gpxtpx:hr></gpxtpx:TrackPointExtension></extensions></trkpt>
      <trkpt lat="50.674362" lon="-120.316452"><ele>353.2</ele><time>2026-06-17T04:24:58.000Z</time><extensions><gpxtpx:TrackPointExtension><gpxtpx:hr>140</gpxtpx:hr></gpxtpx:TrackPointExtension></extensions></trkpt>
      <trkpt lat="50.674358" lon="-120.316467"><ele>353.2</ele><time>2026-06-17T04:24:59.000Z</time><extensions><gpxtpx:TrackPointExtension><gpxtpx:hr>140</gpxtpx:hr></gpxtpx:TrackPointExtension></extensions></trkpt>
      <trkpt lat="50.674353" lon="-120.316483"><ele>353.2</ele><time>2026-06-17T04:25:00.000Z</time><extensions><gpxtpx:TrackPointExtension><gpxtpx:hr>140</gpxtpx:hr></gpxtpx:TrackPointExtension></extensions></trkpt>
      <trkpt lat="50.674349" lon="-120.316498"><ele>352.8</ele><time>2026-06-17T04:25:44.000Z</time><extensions><gpxtpx:TrackPointExtension><gpxtpx:hr>140</gpxtpx:hr></gpxtpx:TrackPointExtension></extensions></trkpt>
      <trkpt lat="50.674344" lon="-120.316513"><ele>352.8</ele><time>2026-06-17T04:25:45.000Z</time><extensions><gpxtpx:TrackPointExtension><gpxtpx:hr>140</gpxtpx:hr></gpxtpx:TrackPointExtension></extensions></trkpt>
      <trkpt lat="50.67434" lon="-120.316529"><ele>352.8</ele><time>2026-06-17T04:25:46.000Z</time><extensions><gpxtpx:TrackPointExtension><gpxtpx:hr>113</gpxtpx:hr></gpxtpx:TrackPointExtension></extensions></trkpt>
      <trkpt lat="50.674307" lon="-120.316547"><ele>353</ele><time>2026-06-17T04:25:47.000Z</time><extensions><gpxtpx:TrackPointExtension><gpxtpx:hr>113</gpxtpx:hr></gpxtpx:TrackPointExtension></extensions></trkpt>
      <trkpt lat="50.674296" lon="-120.316552"><ele>353</ele><time>2026-06-17T04:25:48.000Z</time><extensions><gpxtpx:TrackPointExtension><gpxtpx:hr>113</gpxtpx:hr></gpxtpx:TrackPointExtension></extensions></trkpt>
      <trkpt lat="50.674251" lon="-120.316564"><ele>353.2</ele><time>2026-06-17T04:25:49.000Z</time><extensions><gpxtpx:TrackPointExtension><gpxtpx:hr>113</gpxtpx:hr></gpxtpx:TrackPointExtension></extensions></trkpt>
      <trkpt lat="50.674231" lon="-120.316569"><ele>353.4</ele><time>2026-06-17T04:25:50.000Z</time><extensions><gpxtpx:TrackPointExtension><gpxtpx:hr>113</gpxtpx:hr></gpxtpx:TrackPointExtension></extensions></trkpt>
      <trkpt lat="50.674212" lon="-120.316574"><ele>353.4</ele><time>2026-06-17T04:25:51.000Z</time><extensions><gpxtpx:TrackPointExtension><gpxtpx:hr>113</gpxtpx:hr></gpxtpx:TrackPointExtension></extensions></trkpt>
      <trkpt lat="50.67417" lon="-120.31659"><ele>353.6</ele><time>2026-06-17T04:25:52.000Z</time><extensions><gpxtpx:TrackPointExtension><gpxtpx:hr>113</gpxtpx:hr></gpxtpx:TrackPointExtension></extensions></trkpt>
      <trkpt lat="50.674157" lon="-120.316596"><ele>353.8</ele><time>2026-06-17T04:25:53.000Z</time><extensions><gpxtpx:TrackPointExtension><gpxtpx:hr>113</gpxtpx:hr></gpxtpx:TrackPointExtension></extensions></trkpt>
      <trkpt lat="50.67412" lon="-120.316627"><ele>353.8</ele><time>2026-06-17T04:25:54.000Z</time><extensions><gpxtpx:TrackPointExtension><gpxtpx:hr>113</gpxtpx:hr></gpxtpx:TrackPointExtension></extensions></trkpt>
      <trkpt lat="50.674106" lon="-120.316642"><ele>354</ele><time>2026-06-17T04:25:55.000Z</time><extensions><gpxtpx:TrackPointExtension><gpxtpx:hr>113</gpxtpx:hr></gpxtpx:TrackPointExtension></extensions></trkpt>
      <trkpt lat="50.674093" lon="-120.316657"><ele>354.2</ele><time>2026-06-17T04:25:56.000Z</time><extensions><gpxtpx:TrackPointExtension><gpxtpx:hr>113</gpxtpx:hr></gpxtpx:TrackPointExtension></extensions></trkpt>
      <trkpt lat="50.674073" lon="-120.316705"><ele>354.2</ele><time>2026-06-17T04:25:57.000Z</time><extensions><gpxtpx:TrackPointExtension><gpxtpx:hr>113</gpxtpx:hr></gpxtpx:TrackPointExtension></extensions></trkpt>
      <trkpt lat="50.674067" lon="-120.316723"><ele>354.4</ele><time>2026-06-17T04:25:58.000Z</time><extensions><gpxtpx:TrackPointExtension><gpxtpx:hr>112</gpxtpx:hr></gpxtpx:TrackPointExtension></extensions></trkpt>
      <trkpt lat="50.674059" lon="-120.316786"><ele>354.6</ele><time>2026-06-17T04:25:59.000Z</time><extensions><gpxtpx:TrackPointExtension><gpxtpx:hr>112</gpxtpx:hr></gpxtpx:TrackPointExtension></extensions></trkpt>
      <trkpt lat="50.674057" lon="-120.316813"><ele>354.6</ele><time>2026-06-17T04:26:00.000Z</time><extensions><gpxtpx:TrackPointExtension><gpxtpx:hr>112</gpxtpx:hr></gpxtpx:TrackPointExtension></extensions></trkpt>
      <trkpt lat="50.674056" lon="-120.316839"><ele>354.8</ele><time>2026-06-17T04:26:01.000Z</time><extensions><gpxtpx:TrackPointExtension><gpxtpx:hr>113</gpxtpx:hr></gpxtpx:TrackPointExtension></extensions></trkpt>
      <trkpt lat="50.674057" lon="-120.316901"><ele>355</ele><time>2026-06-17T04:26:02.000Z</time><extensions><gpxtpx:TrackPointExtension><gpxtpx:hr>113</gpxtpx:hr></gpxtpx:TrackPointExtension></extensions></trkpt>
      <trkpt lat="50.674057" lon="-120.316922"><ele>355</ele><time>2026-06-17T04:26:03.000Z</time><extensions><gpxtpx:TrackPointExtension><gpxtpx:hr>113</gpxtpx:hr></gpxtpx:TrackPointExtension></extensions></trkpt>
      <trkpt lat="50.674057" lon="-120.31699"><ele>355.2</ele><time>2026-06-17T04:26:04.000Z</time><extensions><gpxtpx:TrackPointExtension><gpxtpx:hr>113</gpxtpx:hr></gpxtpx:TrackPointExtension></extensions></trkpt>
      <trkpt lat="50.674057" lon="-120.317018"><ele>355.4</ele><time>2026-06-17T04:26:05.000Z</time><extensions><gpxtpx:TrackPointExtension><gpxtpx:hr>113</gpxtpx:hr></gpxtpx:TrackPointExtension></extensions></trkpt>
      <trkpt lat="50.674057" lon="-120.317045"><ele>355.4</ele><time>2026-06-17T04:26:06.000Z</time><extensions><gpxtpx:TrackPointExtension><gpxtpx:hr>113</gpxtpx:hr></gpxtpx:TrackPointExtension></extensions></trkpt>
      <trkpt lat="50.674056" lon="-120.317105"><ele>355.6</ele><time>2026-06-17T04:26:07.000Z</time><extensions><gpxtpx:TrackPointExtension><gpxtpx:hr>113</gpxtpx:hr></gpxtpx:TrackPointExtension></extensions></trkpt>
      <trkpt lat="50.674056" lon="-120.317125"><ele>355.8</ele><time>2026-06-17T04:26:08.000Z</time><extensions><gpxtpx:TrackPointExtension><gpxtpx:hr>113</gpxtpx:hr></gpxtpx:TrackPointExtension></extensions></trkpt>
      <trkpt lat="50.674055" lon="-120.317192"><ele>355.8</ele><time>2026-06-17T04:26:09.000Z</time><extensions><gpxtpx:TrackPointExtension><gpxtpx:hr>113</gpxtpx:hr></gpxtpx:TrackPointExtension></extensions></trkpt>
      <trkpt lat="50.674055" lon="-120.31722"><ele>356</ele><time>2026-06-17T04:26:10.000Z</time><extensions><gpxtpx:TrackPointExtension><gpxtpx:hr>125</gpxtpx:hr></gpxtpx:TrackPointExtension></extensions></trkpt>
      <trkpt lat="50.674055" lon="-120.317247"><ele>356</ele><time>2026-06-17T04:26:11.000Z</time><extensions><gpxtpx:TrackPointExtension><gpxtpx:hr>125</gpxtpx:hr></gpxtpx:TrackPointExtension></extensions></trkpt>
      <trkpt lat="50.67405" lon="-120.317315"><ele>356.2</ele><time>2026-06-17T04:26:12.000Z</time><extensions><gpxtpx:TrackPointExtension><gpxtpx:hr>125</gpxtpx:hr></gpxtpx:TrackPointExtension></extensions></trkpt>
      <trkpt lat="50.674048" lon="-120.317341"><ele>356.2</ele><time>2026-06-17T04:26:13.000Z</time><extensions><gpxtpx:TrackPointExtension><gpxtpx:hr>125</gpxtpx:hr></gpxtpx:TrackPointExtension></extensions></trkpt>
      <trkpt lat="50.674045" lon="-120.317368"><ele>356.4</ele><time>2026-06-17T04:26:14.000Z</time><extensions><gpxtpx:TrackPointExtension><gpxtpx:hr>125</gpxtpx:hr></gpxtpx:TrackPointExtension></extensions></trkpt>
      <trkpt lat="50.674037" lon="-120.317403"><ele>356.4</ele><time>2026-06-17T04:26:15.000Z</time><extensions><gpxtpx:TrackPointExtension><gpxtpx:hr>125</gpxtpx:hr></gpxtpx:TrackPointExtension></extensions></trkpt>
      <trkpt lat="50.674037" lon="-120.317403"><ele>356.4</ele><time>2026-06-17T04:26:16.000Z</time><extensions><gpxtpx:TrackPointExtension><gpxtpx:hr>125</gpxtpx:hr></gpxtpx:TrackPointExtension></extensions></trkpt>
      <trkpt lat="50.674021" lon="-120.31746"><ele>356.4</ele><time>2026-06-17T04:26:17.000Z</time><extensions><gpxtpx:TrackPointExtension><gpxtpx:hr>125</gpxtpx:hr></gpxtpx:TrackPointExtension></extensions></trkpt>
      <trkpt lat="50.674016" lon="-120.317482"><ele>356.6</ele><time>2026-06-17T04:26:18.000Z</time><extensions><gpxtpx:TrackPointExtension><gpxtpx:hr>125</gpxtpx:hr></gpxtpx:TrackPointExtension></extensions></trkpt>
      <trkpt lat="50.67401" lon="-120.317505"><ele>356.6</ele><time>2026-06-17T04:26:19.000Z</time><extensions><gpxtpx:TrackPointExtension><gpxtpx:hr>125</gpxtpx:hr></gpxtpx:TrackPointExtension></extensions></trkpt>
      <trkpt lat="50.674003" lon="-120.31756"><ele>356.6</ele><time>2026-06-17T04:26:20.000Z</time><extensions><gpxtpx:TrackPointExtension><gpxtpx:hr>129</gpxtpx:hr></gpxtpx:TrackPointExtension></extensions></trkpt>
      <trkpt lat="50.674001" lon="-120.317579"><ele>356.6</ele><time>2026-06-17T04:26:21.000Z</time><extensions><gpxtpx:TrackPointExtension><gpxtpx:hr>129</gpxtpx:hr></gpxtpx:TrackPointExtension></extensions></trkpt>
      <trkpt lat="50.673995" lon="-120.31764"><ele>356.6</ele><time>2026-06-17T04:26:22.000Z</time><extensions><gpxtpx:TrackPointExtension><gpxtpx:hr>129</gpxtpx:hr></gpxtpx:TrackPointExtension></extensions></trkpt>
      <trkpt lat="50.673993" lon="-120.317663"><ele>356.6</ele><time>2026-06-17T04:26:23.000Z</time><extensions><gpxtpx:TrackPointExtension><gpxtpx:hr>129</gpxtpx:hr></gpxtpx:TrackPointExtension></extensions></trkpt>
      <trkpt lat="50.673991" lon="-120.317687"><ele>356.8</ele><time>2026-06-17T04:26:24.000Z</time><extensions><gpxtpx:TrackPointExtension><gpxtpx:hr>129</gpxtpx:hr></gpxtpx:TrackPointExtension></extensions></trkpt>
      <trkpt lat="50.673988" lon="-120.317737"><ele>356.8</ele><time>2026-06-17T04:26:25.000Z</time><extensions><gpxtpx:TrackPointExtension><gpxtpx:hr>128</gpxtpx:hr></gpxtpx:TrackPointExtension></extensions></trkpt>
      <trkpt lat="50.673987" lon="-120.317753"><ele>356.8</ele><time>2026-06-17T04:26:26.000Z</time><extensions><gpxtpx:TrackPointExtension><gpxtpx:hr>128</gpxtpx:hr></gpxtpx:TrackPointExtension></extensions></trkpt>
      <trkpt lat="50.673981" lon="-120.317802"><ele>356.8</ele><time>2026-06-17T04:26:27.000Z</time><extensions><gpxtpx:TrackPointExtension><gpxtpx:hr>128</gpxtpx:hr></gpxtpx:TrackPointExtension></extensions></trkpt>
      <trkpt lat="50.673979" lon="-120.31782"><ele>356.8</ele><time>2026-06-17T04:26:28.000Z</time><extensions><gpxtpx:TrackPointExtension><gpxtpx:hr>128</gpxtpx:hr></gpxtpx:TrackPointExtension></extensions></trkpt>
      <trkpt lat="50.673976" lon="-120.317839"><ele>356.8</ele><time>2026-06-17T04:26:29.000Z</time><extensions><gpxtpx:TrackPointExtension><gpxtpx:hr>128</gpxtpx:hr></gpxtpx:TrackPointExtension></extensions></trkpt>
      <trkpt lat="50.673973" lon="-120.317901"><ele>357</ele><time>2026-06-17T04:26:30.000Z</time><extensions><gpxtpx:TrackPointExtension><gpxtpx:hr>128</gpxtpx:hr></gpxtpx:TrackPointExtension></extensions></trkpt>
      <trkpt lat="50.673973" lon="-120.317941"><ele>357</ele><time>2026-06-17T04:26:34.000Z</time><extensions><gpxtpx:TrackPointExtension><gpxtpx:hr>128</gpxtpx:hr></gpxtpx:TrackPointExtension></extensions></trkpt>
      <trkpt lat="50.673972" lon="-120.31798"><ele>357.2</ele><time>2026-06-17T04:26:35.000Z</time><extensions><gpxtpx:TrackPointExtension><gpxtpx:hr>128</gpxtpx:hr></gpxtpx:TrackPointExtension></extensions></trkpt>
      <trkpt lat="50.673972" lon="-120.31802"><ele>357.2</ele><time>2026-06-17T04:26:36.000Z</time><extensions><gpxtpx:TrackPointExtension><gpxtpx:hr>128</gpxtpx:hr></gpxtpx:TrackPointExtension></extensions></trkpt>
      <trkpt lat="50.673972" lon="-120.31806"><ele>357.2</ele><time>2026-06-17T04:26:37.000Z</time><extensions><gpxtpx:TrackPointExtension><gpxtpx:hr>128</gpxtpx:hr></gpxtpx:TrackPointExtension></extensions></trkpt>
      <trkpt lat="50.673974" lon="-120.318119"><ele>357.2</ele><time>2026-06-17T04:26:38.000Z</time><extensions><gpxtpx:TrackPointExtension><gpxtpx:hr>128</gpxtpx:hr></gpxtpx:TrackPointExtension></extensions></trkpt>
      <trkpt lat="50.673974" lon="-120.318139"><ele>357</ele><time>2026-06-17T04:26:39.000Z</time><extensions><gpxtpx:TrackPointExtension><gpxtpx:hr>128</gpxtpx:hr></gpxtpx:TrackPointExtension></extensions></trkpt>
      <trkpt lat="50.673975" lon="-120.318205"><ele>357</ele><time>2026-06-17T04:26:40.000Z</time><extensions><gpxtpx:TrackPointExtension><gpxtpx:hr>128</gpxtpx:hr></gpxtpx:TrackPointExtension></extensions></trkpt>
      <trkpt lat="50.673975" lon="-120.318231"><ele>357</ele><time>2026-06-17T04:26:41.000Z</time><extensions><gpxtpx:TrackPointExtension><gpxtpx:hr>128</gpxtpx:hr></gpxtpx:TrackPointExtension></extensions></trkpt>
      <trkpt lat="50.673975" lon="-120.318257"><ele>357</ele><time>2026-06-17T04:26:42.000Z</time><extensions><gpxtpx:TrackPointExtension><gpxtpx:hr>128</gpxtpx:hr></gpxtpx:TrackPointExtension></extensions></trkpt>
      <trkpt lat="50.673973" lon="-120.318316"><ele>357</ele><time>2026-06-17T04:26:43.000Z</time><extensions><gpxtpx:TrackPointExtension><gpxtpx:hr>130</gpxtpx:hr></gpxtpx:TrackPointExtension></extensions></trkpt>
      <trkpt lat="50.673972" lon="-120.318335"><ele>357</ele><time>2026-06-17T04:26:44.000Z</time><extensions><gpxtpx:TrackPointExtension><gpxtpx:hr>130</gpxtpx:hr></gpxtpx:TrackPointExtension></extensions></trkpt>
      <trkpt lat="50.67397" lon="-120.318401"><ele>357</ele><time>2026-06-17T04:26:45.000Z</time><extensions><gpxtpx:TrackPointExtension><gpxtpx:hr>130</gpxtpx:hr></gpxtpx:TrackPointExtension></extensions></trkpt>
      <trkpt lat="50.67397" lon="-120.318428"><ele>357</ele><time>2026-06-17T04:26:46.000Z</time><extensions><gpxtpx:TrackPointExtension><gpxtpx:hr>130</gpxtpx:hr></gpxtpx:TrackPointExtension></extensions></trkpt>
      <trkpt lat="50.67397" lon="-120.318454"><ele>357.2</ele><time>2026-06-17T04:26:47.000Z</time><extensions><gpxtpx:TrackPointExtension><gpxtpx:hr>130</gpxtpx:hr></gpxtpx:TrackPointExtension></extensions></trkpt>
      <trkpt lat="50.67397" lon="-120.318511"><ele>357.2</ele><time>2026-06-17T04:26:48.000Z</time><extensions><gpxtpx:TrackPointExtension><gpxtpx:hr>130</gpxtpx:hr></gpxtpx:TrackPointExtension></extensions></trkpt>
      <trkpt lat="50.67397" lon="-120.31853"><ele>357.2</ele><time>2026-06-17T04:26:49.000Z</time><extensions><gpxtpx:TrackPointExtension><gpxtpx:hr>130</gpxtpx:hr></gpxtpx:TrackPointExtension></extensions></trkpt>
      <trkpt lat="50.67397" lon="-120.318591"><ele>357.2</ele><time>2026-06-17T04:26:50.000Z</time><extensions><gpxtpx:TrackPointExtension><gpxtpx:hr>128</gpxtpx:hr></gpxtpx:TrackPointExtension></extensions></trkpt>
      <trkpt lat="50.673971" lon="-120.318615"><ele>357.2</ele><time>2026-06-17T04:26:51.000Z</time><extensions><gpxtpx:TrackPointExtension><gpxtpx:hr>128</gpxtpx:hr></gpxtpx:TrackPointExtension></extensions></trkpt>
      <trkpt lat="50.673971" lon="-120.318639"><ele>357.2</ele><time>2026-06-17T04:26:52.000Z</time><extensions><gpxtpx:TrackPointExtension><gpxtpx:hr>128</gpxtpx:hr></gpxtpx:TrackPointExtension></extensions></trkpt>
      <trkpt lat="50.67397" lon="-120.318695"><ele>357.4</ele><time>2026-06-17T04:26:53.000Z</time><extensions><gpxtpx:TrackPointExtension><gpxtpx:hr>127</gpxtpx:hr></gpxtpx:TrackPointExtension></extensions></trkpt>
      <trkpt lat="50.67397" lon="-120.318714"><ele>357.4</ele><time>2026-06-17T04:26:54.000Z</time><extensions><gpxtpx:TrackPointExtension><gpxtpx:hr>127</gpxtpx:hr></gpxtpx:TrackPointExtension></extensions></trkpt>
      <trkpt lat="50.673968" lon="-120.318778"><ele>357.4</ele><time>2026-06-17T04:26:55.000Z</time><extensions><gpxtpx:TrackPointExtension><gpxtpx:hr>127</gpxtpx:hr></gpxtpx:TrackPointExtension></extensions></trkpt>
      <trkpt lat="50.673966" lon="-120.318804"><ele>357.4</ele><time>2026-06-17T04:26:56.000Z</time><extensions><gpxtpx:TrackPointExtension><gpxtpx:hr>127</gpxtpx:hr></gpxtpx:TrackPointExtension></extensions></trkpt>
      <trkpt lat="50.673965" lon="-120.31883"><ele>357.4</ele><time>2026-06-17T04:26:57.000Z</time><extensions><gpxtpx:TrackPointExtension><gpxtpx:hr>127</gpxtpx:hr></gpxtpx:TrackPointExtension></extensions></trkpt>
      <trkpt lat="50.673961" lon="-120.318891"><ele>357.6</ele><time>2026-06-17T04:26:58.000Z</time><extensions><gpxtpx:TrackPointExtension><gpxtpx:hr>129</gpxtpx:hr></gpxtpx:TrackPointExtension></extensions></trkpt>
      <trkpt lat="50.673959" lon="-120.318911"><ele>357.6</ele><time>2026-06-17T04:26:59.000Z</time><extensions><gpxtpx:TrackPointExtension><gpxtpx:hr>129</gpxtpx:hr></gpxtpx:TrackPointExtension></extensions></trkpt>
      <trkpt lat="50.673955" lon="-120.31898"><ele>357.6</ele><time>2026-06-17T04:27:00.000Z</time><extensions><gpxtpx:TrackPointExtension><gpxtpx:hr>129</gpxtpx:hr></gpxtpx:TrackPointExtension></extensions></trkpt>
      <trkpt lat="50.673954" lon="-120.319009"><ele>357.6</ele><time>2026-06-17T04:27:01.000Z</time><extensions><gpxtpx:TrackPointExtension><gpxtpx:hr>129</gpxtpx:hr></gpxtpx:TrackPointExtension></extensions></trkpt>
      <trkpt lat="50.673953" lon="-120.319037"><ele>357.6</ele><time>2026-06-17T04:27:02.000Z</time><extensions><gpxtpx:TrackPointExtension><gpxtpx:hr>129</gpxtpx:hr></gpxtpx:TrackPointExtension></extensions></trkpt>
      <trkpt lat="50.673955" lon="-120.319108"><ele>357.6</ele><time>2026-06-17T04:27:03.000Z</time><extensions><gpxtpx:TrackPointExtension><gpxtpx:hr>130</gpxtpx:hr></gpxtpx:TrackPointExtension></extensions></trkpt>
      <trkpt lat="50.673956" lon="-120.319138"><ele>357.8</ele><time>2026-06-17T04:27:04.000Z</time><extensions><gpxtpx:TrackPointExtension><gpxtpx:hr>130</gpxtpx:hr></gpxtpx:TrackPointExtension></extensions></trkpt>
      <trkpt lat="50.673957" lon="-120.319167"><ele>357.8</ele><time>2026-06-17T04:27:05.000Z</time><extensions><gpxtpx:TrackPointExtension><gpxtpx:hr>130</gpxtpx:hr></gpxtpx:TrackPointExtension></extensions></trkpt>
      <trkpt lat="50.673962" lon="-120.319233"><ele>357.8</ele><time>2026-06-17T04:27:06.000Z</time><extensions><gpxtpx:TrackPointExtension><gpxtpx:hr>130</gpxtpx:hr></gpxtpx:TrackPointExtension></extensions></trkpt>
      <trkpt lat="50.673963" lon="-120.319255"><ele>357.8</ele><time>2026-06-17T04:27:07.000Z</time><extensions><gpxtpx:TrackPointExtension><gpxtpx:hr>130</gpxtpx:hr></gpxtpx:TrackPointExtension></extensions></trkpt>
      <trkpt lat="50.673968" lon="-120.319327"><ele>357.8</ele><time>2026-06-17T04:27:08.000Z</time><extensions><gpxtpx:TrackPointExtension><gpxtpx:hr>130</gpxtpx:hr></gpxtpx:TrackPointExtension></extensions></trkpt>
      <trkpt lat="50.673969" lon="-120.319357"><ele>358</ele><time>2026-06-17T04:27:09.000Z</time><extensions><gpxtpx:TrackPointExtension><gpxtpx:hr>131</gpxtpx:hr></gpxtpx:TrackPointExtension></extensions></trkpt>
      <trkpt lat="50.673971" lon="-120.319386"><ele>358</ele><time>2026-06-17T04:27:10.000Z</time><extensions><gpxtpx:TrackPointExtension><gpxtpx:hr>131</gpxtpx:hr></gpxtpx:TrackPointExtension></extensions></trkpt>
      <trkpt lat="50.673971" lon="-120.31945"><ele>358</ele><time>2026-06-17T04:27:11.000Z</time><extensions><gpxtpx:TrackPointExtension><gpxtpx:hr>131</gpxtpx:hr></gpxtpx:TrackPointExtension></extensions></trkpt>
      <trkpt lat="50.673971" lon="-120.319471"><ele>358</ele><time>2026-06-17T04:27:12.000Z</time><extensions><gpxtpx:TrackPointExtension><gpxtpx:hr>131</gpxtpx:hr></gpxtpx:TrackPointExtension></extensions></trkpt>
      <trkpt lat="50.673972" lon="-120.319539"><ele>358.2</ele><time>2026-06-17T04:27:13.000Z</time><extensions><gpxtpx:TrackPointExtension><gpxtpx:hr>131</gpxtpx:hr></gpxtpx:TrackPointExtension></extensions></trkpt>
      <trkpt lat="50.673973" lon="-120.319567"><ele>358.2</ele><time>2026-06-17T04:27:14.000Z</time><extensions><gpxtpx:TrackPointExtension><gpxtpx:hr>131</gpxtpx:hr></gpxtpx:TrackPointExtension></extensions></trkpt>
      <trkpt lat="50.673974" lon="-120.319594"><ele>358.2</ele><time>2026-06-17T04:27:15.000Z</time><extensions><gpxtpx:TrackPointExtension><gpxtpx:hr>132</gpxtpx:hr></gpxtpx:TrackPointExtension></extensions></trkpt>
      <trkpt lat="50.673978" lon="-120.319653"><ele>358.2</ele><time>2026-06-17T04:27:16.000Z</time><extensions><gpxtpx:TrackPointExtension><gpxtpx:hr>132</gpxtpx:hr></gpxtpx:TrackPointExtension></extensions></trkpt>
      <trkpt lat="50.673979" lon="-120.319672"><ele>358.4</ele><time>2026-06-17T04:27:17.000Z</time><extensions><gpxtpx:TrackPointExtension><gpxtpx:hr>132</gpxtpx:hr></gpxtpx:TrackPointExtension></extensions></trkpt>
      <trkpt lat="50.673983" lon="-120.319728"><ele>358.4</ele><time>2026-06-17T04:27:18.000Z</time><extensions><gpxtpx:TrackPointExtension><gpxtpx:hr>132</gpxtpx:hr></gpxtpx:TrackPointExtension></extensions></trkpt>
      <trkpt lat="50.673985" lon="-120.319748"><ele>358.4</ele><time>2026-06-17T04:27:19.000Z</time><extensions><gpxtpx:TrackPointExtension><gpxtpx:hr>133</gpxtpx:hr></gpxtpx:TrackPointExtension></extensions></trkpt>
      <trkpt lat="50.673986" lon="-120.319769"><ele>358.4</ele><time>2026-06-17T04:27:20.000Z</time><extensions><gpxtpx:TrackPointExtension><gpxtpx:hr>133</gpxtpx:hr></gpxtpx:TrackPointExtension></extensions></trkpt>
      <trkpt lat="50.673986" lon="-120.319812"><ele>358.4</ele><time>2026-06-17T04:27:21.000Z</time><extensions><gpxtpx:TrackPointExtension><gpxtpx:hr>133</gpxtpx:hr></gpxtpx:TrackPointExtension></extensions></trkpt>
      <trkpt lat="50.673986" lon="-120.319826"><ele>358.6</ele><time>2026-06-17T04:27:22.000Z</time><extensions><gpxtpx:TrackPointExtension><gpxtpx:hr>133</gpxtpx:hr></gpxtpx:TrackPointExtension></extensions></trkpt>
      <trkpt lat="50.673985" lon="-120.319877"><ele>358.6</ele><time>2026-06-17T04:27:23.000Z</time><extensions><gpxtpx:TrackPointExtension><gpxtpx:hr>133</gpxtpx:hr></gpxtpx:TrackPointExtension></extensions></trkpt>
      <trkpt lat="50.673985" lon="-120.319897"><ele>358.6</ele><time>2026-06-17T04:27:24.000Z</time><extensions><gpxtpx:TrackPointExtension><gpxtpx:hr>133</gpxtpx:hr></gpxtpx:TrackPointExtension></extensions></trkpt>
      <trkpt lat="50.673984" lon="-120.319918"><ele>358.6</ele><time>2026-06-17T04:27:25.000Z</time><extensions><gpxtpx:TrackPointExtension><gpxtpx:hr>133</gpxtpx:hr></gpxtpx:TrackPointExtension></extensions></trkpt>
      <trkpt lat="50.673984" lon="-120.319961"><ele>358.8</ele><time>2026-06-17T04:27:26.000Z</time><extensions><gpxtpx:TrackPointExtension><gpxtpx:hr>133</gpxtpx:hr></gpxtpx:TrackPointExtension></extensions></trkpt>
      <trkpt lat="50.673984" lon="-120.319975"><ele>358.8</ele><time>2026-06-17T04:27:27.000Z</time><extensions><gpxtpx:TrackPointExtension><gpxtpx:hr>133</gpxtpx:hr></gpxtpx:TrackPointExtension></extensions></trkpt>
      <trkpt lat="50.673983" lon="-120.320024"><ele>358.8</ele><time>2026-06-17T04:27:28.000Z</time><extensions><gpxtpx:TrackPointExtension><gpxtpx:hr>133</gpxtpx:hr></gpxtpx:TrackPointExtension></extensions></trkpt>
      <trkpt lat="50.673982" lon="-120.320045"><ele>358.8</ele><time>2026-06-17T04:27:29.000Z</time><extensions><gpxtpx:TrackPointExtension><gpxtpx:hr>133</gpxtpx:hr></gpxtpx:TrackPointExtension></extensions></trkpt>
      <trkpt lat="50.673981" lon="-120.320065"><ele>359</ele><time>2026-06-17T04:27:30.000Z</time><extensions><gpxtpx:TrackPointExtension><gpxtpx:hr>133</gpxtpx:hr></gpxtpx:TrackPointExtension></extensions></trkpt>
      <trkpt lat="50.673981" lon="-120.320117"><ele>359</ele><time>2026-06-17T04:27:31.000Z</time><extensions><gpxtpx:TrackPointExtension><gpxtpx:hr>133</gpxtpx:hr></gpxtpx:TrackPointExtension></extensions></trkpt>
      <trkpt lat="50.673981" lon="-120.320137"><ele>359</ele><time>2026-06-17T04:27:32.000Z</time><extensions><gpxtpx:TrackPointExtension><gpxtpx:hr>133</gpxtpx:hr></gpxtpx:TrackPointExtension></extensions></trkpt>
      <trkpt lat="50.673981" lon="-120.320158"><ele>359</ele><time>2026-06-17T04:27:33.000Z</time><extensions><gpxtpx:TrackPointExtension><gpxtpx:hr>133</gpxtpx:hr></gpxtpx:TrackPointExtension></extensions></trkpt>
      <trkpt lat="50.673981" lon="-120.320209"><ele>359</ele><time>2026-06-17T04:27:34.000Z</time><extensions><gpxtpx:TrackPointExtension><gpxtpx:hr>133</gpxtpx:hr></gpxtpx:TrackPointExtension></extensions></trkpt>
      <trkpt lat="50.673981" lon="-120.320226"><ele>359</ele><time>2026-06-17T04:27:35.000Z</time><extensions><gpxtpx:TrackPointExtension><gpxtpx:hr>132</gpxtpx:hr></gpxtpx:TrackPointExtension></extensions></trkpt>
      <trkpt lat="50.673981" lon="-120.320285"><ele>359.2</ele><time>2026-06-17T04:27:36.000Z</time><extensions><gpxtpx:TrackPointExtension><gpxtpx:hr>132</gpxtpx:hr></gpxtpx:TrackPointExtension></extensions></trkpt>
      <trkpt lat="50.673982" lon="-120.320307"><ele>359.2</ele><time>2026-06-17T04:27:37.000Z</time><extensions><gpxtpx:TrackPointExtension><gpxtpx:hr>132</gpxtpx:hr></gpxtpx:TrackPointExtension></extensions></trkpt>
      <trkpt lat="50.673982" lon="-120.32033"><ele>359.2</ele><time>2026-06-17T04:27:38.000Z</time><extensions><gpxtpx:TrackPointExtension><gpxtpx:hr>132</gpxtpx:hr></gpxtpx:TrackPointExtension></extensions></trkpt>
      <trkpt lat="50.673981" lon="-120.320381"><ele>359.2</ele><time>2026-06-17T04:27:39.000Z</time><extensions><gpxtpx:TrackPointExtension><gpxtpx:hr>132</gpxtpx:hr></gpxtpx:TrackPointExtension></extensions></trkpt>
      <trkpt lat="50.67398" lon="-120.320398"><ele>359.2</ele><time>2026-06-17T04:27:40.000Z</time><extensions><gpxtpx:TrackPointExtension><gpxtpx:hr>132</gpxtpx:hr></gpxtpx:TrackPointExtension></extensions></trkpt>
      <trkpt lat="50.673979" lon="-120.320455"><ele>359.2</ele><time>2026-06-17T04:27:41.000Z</time><extensions><gpxtpx:TrackPointExtension><gpxtpx:hr>132</gpxtpx:hr></gpxtpx:TrackPointExtension></extensions></trkpt>
      <trkpt lat="50.67398" lon="-120.320478"><ele>359.2</ele><time>2026-06-17T04:27:42.000Z</time><extensions><gpxtpx:TrackPointExtension><gpxtpx:hr>132</gpxtpx:hr></gpxtpx:TrackPointExtension></extensions></trkpt>
      <trkpt lat="50.67398" lon="-120.320502"><ele>359.2</ele><time>2026-06-17T04:27:43.000Z</time><extensions><gpxtpx:TrackPointExtension><gpxtpx:hr>132</gpxtpx:hr></gpxtpx:TrackPointExtension></extensions></trkpt>
      <trkpt lat="50.673982" lon="-120.320556"><ele>359.4</ele><time>2026-06-17T04:27:44.000Z</time><extensions><gpxtpx:TrackPointExtension><gpxtpx:hr>132</gpxtpx:hr></gpxtpx:TrackPointExtension></extensions></trkpt>
      <trkpt lat="50.673982" lon="-120.320574"><ele>359.4</ele><time>2026-06-17T04:27:45.000Z</time><extensions><gpxtpx:TrackPointExtension><gpxtpx:hr>132</gpxtpx:hr></gpxtpx:TrackPointExtension></extensions></trkpt>
      <trkpt lat="50.673986" lon="-120.32063"><ele>359.4</ele><time>2026-06-17T04:27:46.000Z</time><extensions><gpxtpx:TrackPointExtension><gpxtpx:hr>132</gpxtpx:hr></gpxtpx:TrackPointExtension></extensions></trkpt>
      <trkpt lat="50.673987" lon="-120.320654"><ele>359.4</ele><time>2026-06-17T04:27:47.000Z</time><extensions><gpxtpx:TrackPointExtension><gpxtpx:hr>132</gpxtpx:hr></gpxtpx:TrackPointExtension></extensions></trkpt>
      <trkpt lat="50.673989" lon="-120.320677"><ele>359.4</ele><time>2026-06-17T04:27:48.000Z</time><extensions><gpxtpx:TrackPointExtension><gpxtpx:hr>132</gpxtpx:hr></gpxtpx:TrackPointExtension></extensions></trkpt>
      <trkpt lat="50.67399" lon="-120.32073"><ele>359.4</ele><time>2026-06-17T04:27:49.000Z</time><extensions><gpxtpx:TrackPointExtension><gpxtpx:hr>132</gpxtpx:hr></gpxtpx:TrackPointExtension></extensions></trkpt>
      <trkpt lat="50.67399" lon="-120.320748"><ele>359.6</ele><time>2026-06-17T04:27:50.000Z</time><extensions><gpxtpx:TrackPointExtension><gpxtpx:hr>132</gpxtpx:hr></gpxtpx:TrackPointExtension></extensions></trkpt>
      <trkpt lat="50.673988" lon="-120.320806"><ele>359.6</ele><time>2026-06-17T04:27:51.000Z</time><extensions><gpxtpx:TrackPointExtension><gpxtpx:hr>132</gpxtpx:hr></gpxtpx:TrackPointExtension></extensions></trkpt>
      <trkpt lat="50.673988" lon="-120.32083"><ele>359.6</ele><time>2026-06-17T04:27:52.000Z</time><extensions><gpxtpx:TrackPointExtension><gpxtpx:hr>132</gpxtpx:hr></gpxtpx:TrackPointExtension></extensions></trkpt>
      <trkpt lat="50.673987" lon="-120.320853"><ele>359.6</ele><time>2026-06-17T04:27:53.000Z</time><extensions><gpxtpx:TrackPointExtension><gpxtpx:hr>132</gpxtpx:hr></gpxtpx:TrackPointExtension></extensions></trkpt>
      <trkpt lat="50.673987" lon="-120.320922"><ele>359.6</ele><time>2026-06-17T04:27:54.000Z</time><extensions><gpxtpx:TrackPointExtension><gpxtpx:hr>132</gpxtpx:hr></gpxtpx:TrackPointExtension></extensions></trkpt>
      <trkpt lat="50.673987" lon="-120.320957"><ele>359.8</ele><time>2026-06-17T04:27:55.000Z</time><extensions><gpxtpx:TrackPointExtension><gpxtpx:hr>130</gpxtpx:hr></gpxtpx:TrackPointExtension></extensions></trkpt>
      <trkpt lat="50.673987" lon="-120.320992"><ele>359.8</ele><time>2026-06-17T04:27:56.000Z</time><extensions><gpxtpx:TrackPointExtension><gpxtpx:hr>130</gpxtpx:hr></gpxtpx:TrackPointExtension></extensions></trkpt>
      <trkpt lat="50.673988" lon="-120.321044"><ele>359.8</ele><time>2026-06-17T04:27:57.000Z</time><extensions><gpxtpx:TrackPointExtension><gpxtpx:hr>130</gpxtpx:hr></gpxtpx:TrackPointExtension></extensions></trkpt>
      <trkpt lat="50.673987" lon="-120.321061"><ele>359.8</ele><time>2026-06-17T04:27:58.000Z</time><extensions><gpxtpx:TrackPointExtension><gpxtpx:hr>130</gpxtpx:hr></gpxtpx:TrackPointExtension></extensions></trkpt>
      <trkpt lat="50.673984" lon="-120.321115"><ele>359.8</ele><time>2026-06-17T04:27:59.000Z</time><extensions><gpxtpx:TrackPointExtension><gpxtpx:hr>130</gpxtpx:hr></gpxtpx:TrackPointExtension></extensions></trkpt>
      <trkpt lat="50.673982" lon="-120.321136"><ele>360</ele><time>2026-06-17T04:28:00.000Z</time><extensions><gpxtpx:TrackPointExtension><gpxtpx:hr>130</gpxtpx:hr></gpxtpx:TrackPointExtension></extensions></trkpt>
      <trkpt lat="50.673981" lon="-120.321158"><ele>360</ele><time>2026-06-17T04:28:01.000Z</time><extensions><gpxtpx:TrackPointExtension><gpxtpx:hr>130</gpxtpx:hr></gpxtpx:TrackPointExtension></extensions></trkpt>
      <trkpt lat="50.673979" lon="-120.321207"><ele>360</ele><time>2026-06-17T04:28:02.000Z</time><extensions><gpxtpx:TrackPointExtension><gpxtpx:hr>130</gpxtpx:hr></gpxtpx:TrackPointExtension></extensions></trkpt>
      <trkpt lat="50.673978" lon="-120.321223"><ele>360</ele><time>2026-06-17T04:28:03.000Z</time><extensions><gpxtpx:TrackPointExtension><gpxtpx:hr>130</gpxtpx:hr></gpxtpx:TrackPointExtension></extensions></trkpt>
      <trkpt lat="50.673974" lon="-120.321274"><ele>360</ele><time>2026-06-17T04:28:04.000Z</time><extensions><gpxtpx:TrackPointExtension><gpxtpx:hr>130</gpxtpx:hr></gpxtpx:TrackPointExtension></extensions></trkpt>
      <trkpt lat="50.673972" lon="-120.321294"><ele>360</ele><time>2026-06-17T04:28:05.000Z</time><extensions><gpxtpx:TrackPointExtension><gpxtpx:hr>130</gpxtpx:hr></gpxtpx:TrackPointExtension></extensions></trkpt>
      <trkpt lat="50.673971" lon="-120.321314"><ele>360.2</ele><time>2026-06-17T04:28:06.000Z</time><extensions><gpxtpx:TrackPointExtension><gpxtpx:hr>130</gpxtpx:hr></gpxtpx:TrackPointExtension></extensions></trkpt>
      <trkpt lat="50.673969" lon="-120.32136"><ele>360.2</ele><time>2026-06-17T04:28:07.000Z</time><extensions><gpxtpx:TrackPointExtension><gpxtpx:hr>130</gpxtpx:hr></gpxtpx:TrackPointExtension></extensions></trkpt>
      <trkpt lat="50.673969" lon="-120.321376"><ele>360.2</ele><time>2026-06-17T04:28:08.000Z</time><extensions><gpxtpx:TrackPointExtension><gpxtpx:hr>130</gpxtpx:hr></gpxtpx:TrackPointExtension></extensions></trkpt>
      <trkpt lat="50.67397" lon="-120.321431"><ele>360.2</ele><time>2026-06-17T04:28:09.000Z</time><extensions><gpxtpx:TrackPointExtension><gpxtpx:hr>130</gpxtpx:hr></gpxtpx:TrackPointExtension></extensions></trkpt>
      <trkpt lat="50.673972" lon="-120.321453"><ele>360.2</ele><time>2026-06-17T04:28:10.000Z</time><extensions><gpxtpx:TrackPointExtension><gpxtpx:hr>130</gpxtpx:hr></gpxtpx:TrackPointExtension></extensions></trkpt>
      <trkpt lat="50.673973" lon="-120.321476"><ele>360.4</ele><time>2026-06-17T04:28:11.000Z</time><extensions><gpxtpx:TrackPointExtension><gpxtpx:hr>130</gpxtpx:hr></gpxtpx:TrackPointExtension></extensions></trkpt>
      <trkpt lat="50.673979" lon="-120.321528"><ele>360.4</ele><time>2026-06-17T04:28:12.000Z</time><extensions><gpxtpx:TrackPointExtension><gpxtpx:hr>130</gpxtpx:hr></gpxtpx:TrackPointExtension></extensions></trkpt>
      <trkpt lat="50.67398" lon="-120.321546"><ele>360.4</ele><time>2026-06-17T04:28:13.000Z</time><extensions><gpxtpx:TrackPointExtension><gpxtpx:hr>130</gpxtpx:hr></gpxtpx:TrackPointExtension></extensions></trkpt>
      <trkpt lat="50.673983" lon="-120.321582"><ele>360.4</ele><time>2026-06-17T04:28:14.000Z</time><extensions><gpxtpx:TrackPointExtension><gpxtpx:hr>130</gpxtpx:hr></gpxtpx:TrackPointExtension></extensions></trkpt>
      <trkpt lat="50.673986" lon="-120.321621"><ele>360.4</ele><time>2026-06-17T04:28:16.000Z</time><extensions><gpxtpx:TrackPointExtension><gpxtpx:hr>130</gpxtpx:hr></gpxtpx:TrackPointExtension></extensions></trkpt>
      <trkpt lat="50.673989" lon="-120.321676"><ele>360.6</ele><time>2026-06-17T04:28:17.000Z</time><extensions><gpxtpx:TrackPointExtension><gpxtpx:hr>130</gpxtpx:hr></gpxtpx:TrackPointExtension></extensions></trkpt>
      <trkpt lat="50.67399" lon="-120.321694"><ele>360.6</ele><time>2026-06-17T04:28:18.000Z</time><extensions><gpxtpx:TrackPointExtension><gpxtpx:hr>130</gpxtpx:hr></gpxtpx:TrackPointExtension></extensions></trkpt>
      <trkpt lat="50.673992" lon="-120.321752"><ele>360.6</ele><time>2026-06-17T04:28:19.000Z</time><extensions><gpxtpx:TrackPointExtension><gpxtpx:hr>130</gpxtpx:hr></gpxtpx:TrackPointExtension></extensions></trkpt>
      <trkpt lat="50.673992" lon="-120.321774"><ele>360.6</ele><time>2026-06-17T04:28:20.000Z</time><extensions><gpxtpx:TrackPointExtension><gpxtpx:hr>130</gpxtpx:hr></gpxtpx:TrackPointExtension></extensions></trkpt>
      <trkpt lat="50.673993" lon="-120.321797"><ele>360.6</ele><time>2026-06-17T04:28:21.000Z</time><extensions><gpxtpx:TrackPointExtension><gpxtpx:hr>130</gpxtpx:hr></gpxtpx:TrackPointExtension></extensions></trkpt>
      <trkpt lat="50.673993" lon="-120.321855"><ele>360.6</ele><time>2026-06-17T04:28:22.000Z</time><extensions><gpxtpx:TrackPointExtension><gpxtpx:hr>130</gpxtpx:hr></gpxtpx:TrackPointExtension></extensions></trkpt>
      <trkpt lat="50.673994" lon="-120.321878"><ele>360.6</ele><time>2026-06-17T04:28:23.000Z</time><extensions><gpxtpx:TrackPointExtension><gpxtpx:hr>130</gpxtpx:hr></gpxtpx:TrackPointExtension></extensions></trkpt>
      <trkpt lat="50.673994" lon="-120.321901"><ele>360.6</ele><time>2026-06-17T04:28:24.000Z</time><extensions><gpxtpx:TrackPointExtension><gpxtpx:hr>129</gpxtpx:hr></gpxtpx:TrackPointExtension></extensions></trkpt>
      <trkpt lat="50.673996" lon="-120.321952"><ele>360.6</ele><time>2026-06-17T04:28:25.000Z</time><extensions><gpxtpx:TrackPointExtension><gpxtpx:hr>129</gpxtpx:hr></gpxtpx:TrackPointExtension></extensions></trkpt>
      <trkpt lat="50.673997" lon="-120.321969"><ele>360.6</ele><time>2026-06-17T04:28:26.000Z</time><extensions><gpxtpx:TrackPointExtension><gpxtpx:hr>129</gpxtpx:hr></gpxtpx:TrackPointExtension></extensions></trkpt>
      <trkpt lat="50.673997" lon="-120.322035"><ele>360.8</ele><time>2026-06-17T04:28:27.000Z</time><extensions><gpxtpx:TrackPointExtension><gpxtpx:hr>129</gpxtpx:hr></gpxtpx:TrackPointExtension></extensions></trkpt>
      <trkpt lat="50.673995" lon="-120.322066"><ele>360.8</ele><time>2026-06-17T04:28:28.000Z</time><extensions><gpxtpx:TrackPointExtension><gpxtpx:hr>129</gpxtpx:hr></gpxtpx:TrackPointExtension></extensions></trkpt>
      <trkpt lat="50.673994" lon="-120.322098"><ele>360.8</ele><time>2026-06-17T04:28:29.000Z</time><extensions><gpxtpx:TrackPointExtension><gpxtpx:hr>129</gpxtpx:hr></gpxtpx:TrackPointExtension></extensions></trkpt>
      <trkpt lat="50.673991" lon="-120.322147"><ele>360.8</ele><time>2026-06-17T04:28:30.000Z</time><extensions><gpxtpx:TrackPointExtension><gpxtpx:hr>130</gpxtpx:hr></gpxtpx:TrackPointExtension></extensions></trkpt>
      <trkpt lat="50.67399" lon="-120.322163"><ele>361</ele><time>2026-06-17T04:28:31.000Z</time><extensions><gpxtpx:TrackPointExtension><gpxtpx:hr>130</gpxtpx:hr></gpxtpx:TrackPointExtension></extensions></trkpt>
      <trkpt lat="50.67399" lon="-120.32222"><ele>361</ele><time>2026-06-17T04:28:32.000Z</time><extensions><gpxtpx:TrackPointExtension><gpxtpx:hr>130</gpxtpx:hr></gpxtpx:TrackPointExtension></extensions></trkpt>
      <trkpt lat="50.67399" lon="-120.322243"><ele>361</ele><time>2026-06-17T04:28:33.000Z</time><extensions><gpxtpx:TrackPointExtension><gpxtpx:hr>130</gpxtpx:hr></gpxtpx:TrackPointExtension></extensions></trkpt>
      <trkpt lat="50.67399" lon="-120.322266"><ele>361</ele><time>2026-06-17T04:28:34.000Z</time><extensions><gpxtpx:TrackPointExtension><gpxtpx:hr>130</gpxtpx:hr></gpxtpx:TrackPointExtension></extensions></trkpt>
      <trkpt lat="50.67399" lon="-120.322315"><ele>361</ele><time>2026-06-17T04:28:35.000Z</time><extensions><gpxtpx:TrackPointExtension><gpxtpx:hr>130</gpxtpx:hr></gpxtpx:TrackPointExtension></extensions></trkpt>
      <trkpt lat="50.673989" lon="-120.322331"><ele>361.2</ele><time>2026-06-17T04:28:36.000Z</time><extensions><gpxtpx:TrackPointExtension><gpxtpx:hr>130</gpxtpx:hr></gpxtpx:TrackPointExtension></extensions></trkpt>
      <trkpt lat="50.673989" lon="-120.322387"><ele>361.2</ele><time>2026-06-17T04:28:37.000Z</time><extensions><gpxtpx:TrackPointExtension><gpxtpx:hr>130</gpxtpx:hr></gpxtpx:TrackPointExtension></extensions></trkpt>
      <trkpt lat="50.673989" lon="-120.322411"><ele>361.2</ele><time>2026-06-17T04:28:38.000Z</time><extensions><gpxtpx:TrackPointExtension><gpxtpx:hr>130</gpxtpx:hr></gpxtpx:TrackPointExtension></extensions></trkpt>
      <trkpt lat="50.673989" lon="-120.322434"><ele>361.2</ele><time>2026-06-17T04:28:39.000Z</time><extensions><gpxtpx:TrackPointExtension><gpxtpx:hr>129</gpxtpx:hr></gpxtpx:TrackPointExtension></extensions></trkpt>
      <trkpt lat="50.673991" lon="-120.322485"><ele>361.2</ele><time>2026-06-17T04:28:40.000Z</time><extensions><gpxtpx:TrackPointExtension><gpxtpx:hr>129</gpxtpx:hr></gpxtpx:TrackPointExtension></extensions></trkpt>
      <trkpt lat="50.673991" lon="-120.322502"><ele>361.2</ele><time>2026-06-17T04:28:41.000Z</time><extensions><gpxtpx:TrackPointExtension><gpxtpx:hr>129</gpxtpx:hr></gpxtpx:TrackPointExtension></extensions></trkpt>
      <trkpt lat="50.673991" lon="-120.322558"><ele>361.4</ele><time>2026-06-17T04:28:42.000Z</time><extensions><gpxtpx:TrackPointExtension><gpxtpx:hr>130</gpxtpx:hr></gpxtpx:TrackPointExtension></extensions></trkpt>
      <trkpt lat="50.67399" lon="-120.32258"><ele>361.4</ele><time>2026-06-17T04:28:43.000Z</time><extensions><gpxtpx:TrackPointExtension><gpxtpx:hr>130</gpxtpx:hr></gpxtpx:TrackPointExtension></extensions></trkpt>
      <trkpt lat="50.67399" lon="-120.322603"><ele>361.4</ele><time>2026-06-17T04:28:44.000Z</time><extensions><gpxtpx:TrackPointExtension><gpxtpx:hr>130</gpxtpx:hr></gpxtpx:TrackPointExtension></extensions></trkpt>
      <trkpt lat="50.67399" lon="-120.322658"><ele>361.4</ele><time>2026-06-17T04:28:45.000Z</time><extensions><gpxtpx:TrackPointExtension><gpxtpx:hr>130</gpxtpx:hr></gpxtpx:TrackPointExtension></extensions></trkpt>
      <trkpt lat="50.673989" lon="-120.322676"><ele>361.4</ele><time>2026-06-17T04:28:46.000Z</time><extensions><gpxtpx:TrackPointExtension><gpxtpx:hr>130</gpxtpx:hr></gpxtpx:TrackPointExtension></extensions></trkpt>
      <trkpt lat="50.673989" lon="-120.322734"><ele>361.6</ele><time>2026-06-17T04:28:47.000Z</time><extensions><gpxtpx:TrackPointExtension><gpxtpx:hr>130</gpxtpx:hr></gpxtpx:TrackPointExtension></extensions></trkpt>
      <trkpt lat="50.67399" lon="-120.322758"><ele>361.6</ele><time>2026-06-17T04:28:48.000Z</time><extensions><gpxtpx:TrackPointExtension><gpxtpx:hr>130</gpxtpx:hr></gpxtpx:TrackPointExtension></extensions></trkpt>
      <trkpt lat="50.67399" lon="-120.322781"><ele>361.6</ele><time>2026-06-17T04:28:49.000Z</time><extensions><gpxtpx:TrackPointExtension><gpxtpx:hr>130</gpxtpx:hr></gpxtpx:TrackPointExtension></extensions></trkpt>
      <trkpt lat="50.673989" lon="-120.322839"><ele>361.6</ele><time>2026-06-17T04:28:50.000Z</time><extensions><gpxtpx:TrackPointExtension><gpxtpx:hr>128</gpxtpx:hr></gpxtpx:TrackPointExtension></extensions></trkpt>
      <trkpt lat="50.673988" lon="-120.322861"><ele>361.6</ele><time>2026-06-17T04:28:51.000Z</time><extensions><gpxtpx:TrackPointExtension><gpxtpx:hr>128</gpxtpx:hr></gpxtpx:TrackPointExtension></extensions></trkpt>
      <trkpt lat="50.673988" lon="-120.322884"><ele>361.8</ele><time>2026-06-17T04:28:52.000Z</time><extensions><gpxtpx:TrackPointExtension><gpxtpx:hr>128</gpxtpx:hr></gpxtpx:TrackPointExtension></extensions></trkpt>
      <trkpt lat="50.673989" lon="-120.322934"><ele>361.8</ele><time>2026-06-17T04:28:53.000Z</time><extensions><gpxtpx:TrackPointExtension><gpxtpx:hr>128</gpxtpx:hr></gpxtpx:TrackPointExtension></extensions></trkpt>
      <trkpt lat="50.673989" lon="-120.32295"><ele>361.8</ele><time>2026-06-17T04:28:54.000Z</time><extensions><gpxtpx:TrackPointExtension><gpxtpx:hr>128</gpxtpx:hr></gpxtpx:TrackPointExtension></extensions></trkpt>
      <trkpt lat="50.67399" lon="-120.323003"><ele>361.8</ele><time>2026-06-17T04:28:55.000Z</time><extensions><gpxtpx:TrackPointExtension><gpxtpx:hr>128</gpxtpx:hr></gpxtpx:TrackPointExtension></extensions></trkpt>
      <trkpt lat="50.673991" lon="-120.323025"><ele>361.8</ele><time>2026-06-17T04:28:56.000Z</time><extensions><gpxtpx:TrackPointExtension><gpxtpx:hr>128</gpxtpx:hr></gpxtpx:TrackPointExtension></extensions></trkpt>
      <trkpt lat="50.673991" lon="-120.323046"><ele>362</ele><time>2026-06-17T04:28:57.000Z</time><extensions><gpxtpx:TrackPointExtension><gpxtpx:hr>127</gpxtpx:hr></gpxtpx:TrackPointExtension></extensions></trkpt>
      <trkpt lat="50.673992" lon="-120.323095"><ele>362</ele><time>2026-06-17T04:28:58.000Z</time><extensions><gpxtpx:TrackPointExtension><gpxtpx:hr>127</gpxtpx:hr></gpxtpx:TrackPointExtension></extensions></trkpt>
      <trkpt lat="50.673992" lon="-120.323112"><ele>362</ele><time>2026-06-17T04:28:59.000Z</time><extensions><gpxtpx:TrackPointExtension><gpxtpx:hr>127</gpxtpx:hr></gpxtpx:TrackPointExtension></extensions></trkpt>
      <trkpt lat="50.673993" lon="-120.323163"><ele>362</ele><time>2026-06-17T04:29:00.000Z</time><extensions><gpxtpx:TrackPointExtension><gpxtpx:hr>127</gpxtpx:hr></gpxtpx:TrackPointExtension></extensions></trkpt>
      <trkpt lat="50.673993" lon="-120.323183"><ele>362</ele><time>2026-06-17T04:29:01.000Z</time><extensions><gpxtpx:TrackPointExtension><gpxtpx:hr>127</gpxtpx:hr></gpxtpx:TrackPointExtension></extensions></trkpt>
      <trkpt lat="50.673994" lon="-120.323202"><ele>362.2</ele><time>2026-06-17T04:29:02.000Z</time><extensions><gpxtpx:TrackPointExtension><gpxtpx:hr>127</gpxtpx:hr></gpxtpx:TrackPointExtension></extensions></trkpt>
      <trkpt lat="50.673997" lon="-120.323248"><ele>362.2</ele><time>2026-06-17T04:29:03.000Z</time><extensions><gpxtpx:TrackPointExtension><gpxtpx:hr>127</gpxtpx:hr></gpxtpx:TrackPointExtension></extensions></trkpt>
      <trkpt lat="50.673997" lon="-120.323264"><ele>362.2</ele><time>2026-06-17T04:29:04.000Z</time><extensions><gpxtpx:TrackPointExtension><gpxtpx:hr>128</gpxtpx:hr></gpxtpx:TrackPointExtension></extensions></trkpt>
      <trkpt lat="50.673998" lon="-120.323318"><ele>362.2</ele><time>2026-06-17T04:29:05.000Z</time><extensions><gpxtpx:TrackPointExtension><gpxtpx:hr>128</gpxtpx:hr></gpxtpx:TrackPointExtension></extensions></trkpt>
      <trkpt lat="50.673999" lon="-120.323339"><ele>362.2</ele><time>2026-06-17T04:29:06.000Z</time><extensions><gpxtpx:TrackPointExtension><gpxtpx:hr>128</gpxtpx:hr></gpxtpx:TrackPointExtension></extensions></trkpt>
      <trkpt lat="50.673999" lon="-120.32336"><ele>362.2</ele><time>2026-06-17T04:29:07.000Z</time><extensions><gpxtpx:TrackPointExtension><gpxtpx:hr>128</gpxtpx:hr></gpxtpx:TrackPointExtension></extensions></trkpt>
      <trkpt lat="50.673997" lon="-120.323407"><ele>362.4</ele><time>2026-06-17T04:29:08.000Z</time><extensions><gpxtpx:TrackPointExtension><gpxtpx:hr>128</gpxtpx:hr></gpxtpx:TrackPointExtension></extensions></trkpt>
      <trkpt lat="50.673996" lon="-120.323422"><ele>362.4</ele><time>2026-06-17T04:29:09.000Z</time><extensions><gpxtpx:TrackPointExtension><gpxtpx:hr>128</gpxtpx:hr></gpxtpx:TrackPointExtension></extensions></trkpt>
      <trkpt lat="50.673995" lon="-120.323476"><ele>362.4</ele><time>2026-06-17T04:29:10.000Z</time><extensions><gpxtpx:TrackPointExtension><gpxtpx:hr>128</gpxtpx:hr></gpxtpx:TrackPointExtension></extensions></trkpt>
      <trkpt lat="50.673994" lon="-120.323498"><ele>362.4</ele><time>2026-06-17T04:29:11.000Z</time><extensions><gpxtpx:TrackPointExtension><gpxtpx:hr>128</gpxtpx:hr></gpxtpx:TrackPointExtension></extensions></trkpt>
      <trkpt lat="50.673994" lon="-120.32352"><ele>362.4</ele><time>2026-06-17T04:29:12.000Z</time><extensions><gpxtpx:TrackPointExtension><gpxtpx:hr>128</gpxtpx:hr></gpxtpx:TrackPointExtension></extensions></trkpt>
      <trkpt lat="50.673994" lon="-120.323575"><ele>362.6</ele><time>2026-06-17T04:29:13.000Z</time><extensions><gpxtpx:TrackPointExtension><gpxtpx:hr>128</gpxtpx:hr></gpxtpx:TrackPointExtension></extensions></trkpt>
      <trkpt lat="50.673994" lon="-120.323597"><ele>362.6</ele><time>2026-06-17T04:29:14.000Z</time><extensions><gpxtpx:TrackPointExtension><gpxtpx:hr>129</gpxtpx:hr></gpxtpx:TrackPointExtension></extensions></trkpt>
      <trkpt lat="50.673994" lon="-120.323619"><ele>362.6</ele><time>2026-06-17T04:29:15.000Z</time><extensions><gpxtpx:TrackPointExtension><gpxtpx:hr>129</gpxtpx:hr></gpxtpx:TrackPointExtension></extensions></trkpt>
      <trkpt lat="50.673992" lon="-120.323669"><ele>362.6</ele><time>2026-06-17T04:29:16.000Z</time><extensions><gpxtpx:TrackPointExtension><gpxtpx:hr>128</gpxtpx:hr></gpxtpx:TrackPointExtension></extensions></trkpt>
      <trkpt lat="50.67399" lon="-120.323685"><ele>362.6</ele><time>2026-06-17T04:29:17.000Z</time><extensions><gpxtpx:TrackPointExtension><gpxtpx:hr>128</gpxtpx:hr></gpxtpx:TrackPointExtension></extensions></trkpt>
      <trkpt lat="50.673986" lon="-120.32374"><ele>362.8</ele><time>2026-06-17T04:29:18.000Z</time><extensions><gpxtpx:TrackPointExtension><gpxtpx:hr>128</gpxtpx:hr></gpxtpx:TrackPointExtension></extensions></trkpt>
      <trkpt lat="50.673985" lon="-120.323763"><ele>362.8</ele><time>2026-06-17T04:29:19.000Z</time><extensions><gpxtpx:TrackPointExtension><gpxtpx:hr>128</gpxtpx:hr></gpxtpx:TrackPointExtension></extensions></trkpt>
      <trkpt lat="50.673983" lon="-120.323785"><ele>362.8</ele><time>2026-06-17T04:29:20.000Z</time><extensions><gpxtpx:TrackPointExtension><gpxtpx:hr>128</gpxtpx:hr></gpxtpx:TrackPointExtension></extensions></trkpt>
      <trkpt lat="50.673979" lon="-120.323836"><ele>362.8</ele><time>2026-06-17T04:29:21.000Z</time><extensions><gpxtpx:TrackPointExtension><gpxtpx:hr>128</gpxtpx:hr></gpxtpx:TrackPointExtension></extensions></trkpt>
      <trkpt lat="50.673977" lon="-120.323852"><ele>362.8</ele><time>2026-06-17T04:29:22.000Z</time><extensions><gpxtpx:TrackPointExtension><gpxtpx:hr>128</gpxtpx:hr></gpxtpx:TrackPointExtension></extensions></trkpt>
      <trkpt lat="50.673974" lon="-120.323907"><ele>363</ele><time>2026-06-17T04:29:23.000Z</time><extensions><gpxtpx:TrackPointExtension><gpxtpx:hr>128</gpxtpx:hr></gpxtpx:TrackPointExtension></extensions></trkpt>
      <trkpt lat="50.673974" lon="-120.323929"><ele>363</ele><time>2026-06-17T04:29:24.000Z</time><extensions><gpxtpx:TrackPointExtension><gpxtpx:hr>128</gpxtpx:hr></gpxtpx:TrackPointExtension></extensions></trkpt>
      <trkpt lat="50.673973" lon="-120.323951"><ele>363</ele><time>2026-06-17T04:29:25.000Z</time><extensions><gpxtpx:TrackPointExtension><gpxtpx:hr>126</gpxtpx:hr></gpxtpx:TrackPointExtension></extensions></trkpt>
      <trkpt lat="50.673973" lon="-120.324001"><ele>363</ele><time>2026-06-17T04:29:26.000Z</time><extensions><gpxtpx:TrackPointExtension><gpxtpx:hr>126</gpxtpx:hr></gpxtpx:TrackPointExtension></extensions></trkpt>
      <trkpt lat="50.673972" lon="-120.324017"><ele>363</ele><time>2026-06-17T04:29:27.000Z</time><extensions><gpxtpx:TrackPointExtension><gpxtpx:hr>126</gpxtpx:hr></gpxtpx:TrackPointExtension></extensions></trkpt>
      <trkpt lat="50.673973" lon="-120.324074"><ele>363.2</ele><time>2026-06-17T04:29:28.000Z</time><extensions><gpxtpx:TrackPointExtension><gpxtpx:hr>126</gpxtpx:hr></gpxtpx:TrackPointExtension></extensions></trkpt>
      <trkpt lat="50.673974" lon="-120.324097"><ele>363.2</ele><time>2026-06-17T04:29:29.000Z</time><extensions><gpxtpx:TrackPointExtension><gpxtpx:hr>128</gpxtpx:hr></gpxtpx:TrackPointExtension></extensions></trkpt>
      <trkpt lat="50.673974" lon="-120.32412"><ele>363.2</ele><time>2026-06-17T04:29:30.000Z</time><extensions><gpxtpx:TrackPointExtension><gpxtpx:hr>128</gpxtpx:hr></gpxtpx:TrackPointExtension></extensions></trkpt>
      <trkpt lat="50.673975" lon="-120.324172"><ele>363.2</ele><time>2026-06-17T04:29:31.000Z</time><extensions><gpxtpx:TrackPointExtension><gpxtpx:hr>128</gpxtpx:hr></gpxtpx:TrackPointExtension></extensions></trkpt>
      <trkpt lat="50.673975" lon="-120.32419"><ele>363.4</ele><time>2026-06-17T04:29:32.000Z</time><extensions><gpxtpx:TrackPointExtension><gpxtpx:hr>129</gpxtpx:hr></gpxtpx:TrackPointExtension></extensions></trkpt>
      <trkpt lat="50.673975" lon="-120.324248"><ele>363.4</ele><time>2026-06-17T04:29:33.000Z</time><extensions><gpxtpx:TrackPointExtension><gpxtpx:hr>129</gpxtpx:hr></gpxtpx:TrackPointExtension></extensions></trkpt>
      <trkpt lat="50.673975" lon="-120.324271"><ele>363.4</ele><time>2026-06-17T04:29:34.000Z</time><extensions><gpxtpx:TrackPointExtension><gpxtpx:hr>129</gpxtpx:hr></gpxtpx:TrackPointExtension></extensions></trkpt>
      <trkpt lat="50.673975" lon="-120.324294"><ele>363.6</ele><time>2026-06-17T04:29:35.000Z</time><extensions><gpxtpx:TrackPointExtension><gpxtpx:hr>129</gpxtpx:hr></gpxtpx:TrackPointExtension></extensions></trkpt>
      <trkpt lat="50.673975" lon="-120.324346"><ele>363.6</ele><time>2026-06-17T04:29:36.000Z</time><extensions><gpxtpx:TrackPointExtension><gpxtpx:hr>129</gpxtpx:hr></gpxtpx:TrackPointExtension></extensions></trkpt>
      <trkpt lat="50.673975" lon="-120.324363"><ele>363.6</ele><time>2026-06-17T04:29:37.000Z</time><extensions><gpxtpx:TrackPointExtension><gpxtpx:hr>129</gpxtpx:hr></gpxtpx:TrackPointExtension></extensions></trkpt>
      <trkpt lat="50.673974" lon="-120.324424"><ele>363.6</ele><time>2026-06-17T04:29:38.000Z</time><extensions><gpxtpx:TrackPointExtension><gpxtpx:hr>129</gpxtpx:hr></gpxtpx:TrackPointExtension></extensions></trkpt>
      <trkpt lat="50.673974" lon="-120.324449"><ele>363.8</ele><time>2026-06-17T04:29:39.000Z</time><extensions><gpxtpx:TrackPointExtension><gpxtpx:hr>129</gpxtpx:hr></gpxtpx:TrackPointExtension></extensions></trkpt>
      <trkpt lat="50.673974" lon="-120.324474"><ele>363.8</ele><time>2026-06-17T04:29:40.000Z</time><extensions><gpxtpx:TrackPointExtension><gpxtpx:hr>129</gpxtpx:hr></gpxtpx:TrackPointExtension></extensions></trkpt>
      <trkpt lat="50.673975" lon="-120.324532"><ele>363.8</ele><time>2026-06-17T04:29:41.000Z</time><extensions><gpxtpx:TrackPointExtension><gpxtpx:hr>129</gpxtpx:hr></gpxtpx:TrackPointExtension></extensions></trkpt>
      <trkpt lat="50.673974" lon="-120.324555"><ele>363.8</ele><time>2026-06-17T04:29:42.000Z</time><extensions><gpxtpx:TrackPointExtension><gpxtpx:hr>129</gpxtpx:hr></gpxtpx:TrackPointExtension></extensions></trkpt>
      <trkpt lat="50.673974" lon="-120.324578"><ele>364</ele><time>2026-06-17T04:29:43.000Z</time><extensions><gpxtpx:TrackPointExtension><gpxtpx:hr>129</gpxtpx:hr></gpxtpx:TrackPointExtension></extensions></trkpt>
      <trkpt lat="50.673972" lon="-120.324629"><ele>364</ele><time>2026-06-17T04:29:44.000Z</time><extensions><gpxtpx:TrackPointExtension><gpxtpx:hr>128</gpxtpx:hr></gpxtpx:TrackPointExtension></extensions></trkpt>
      <trkpt lat="50.673971" lon="-120.324645"><ele>364</ele><time>2026-06-17T04:29:45.000Z</time><extensions><gpxtpx:TrackPointExtension><gpxtpx:hr>128</gpxtpx:hr></gpxtpx:TrackPointExtension></extensions></trkpt>
      <trkpt lat="50.673972" lon="-120.324703"><ele>364</ele><time>2026-06-17T04:29:46.000Z</time><extensions><gpxtpx:TrackPointExtension><gpxtpx:hr>128</gpxtpx:hr></gpxtpx:TrackPointExtension></extensions></trkpt>
      <trkpt lat="50.673972" lon="-120.324726"><ele>364.2</ele><time>2026-06-17T04:29:47.000Z</time><extensions><gpxtpx:TrackPointExtension><gpxtpx:hr>128</gpxtpx:hr></gpxtpx:TrackPointExtension></extensions></trkpt>
      <trkpt lat="50.673973" lon="-120.32475"><ele>364.2</ele><time>2026-06-17T04:29:48.000Z</time><extensions><gpxtpx:TrackPointExtension><gpxtpx:hr>128</gpxtpx:hr></gpxtpx:TrackPointExtension></extensions></trkpt>
      <trkpt lat="50.673975" lon="-120.324802"><ele>364.2</ele><time>2026-06-17T04:29:49.000Z</time><extensions><gpxtpx:TrackPointExtension><gpxtpx:hr>128</gpxtpx:hr></gpxtpx:TrackPointExtension></extensions></trkpt>
      <trkpt lat="50.673975" lon="-120.324819"><ele>364.2</ele><time>2026-06-17T04:29:50.000Z</time><extensions><gpxtpx:TrackPointExtension><gpxtpx:hr>128</gpxtpx:hr></gpxtpx:TrackPointExtension></extensions></trkpt>
      <trkpt lat="50.673977" lon="-120.324878"><ele>364.2</ele><time>2026-06-17T04:29:51.000Z</time><extensions><gpxtpx:TrackPointExtension><gpxtpx:hr>128</gpxtpx:hr></gpxtpx:TrackPointExtension></extensions></trkpt>
      <trkpt lat="50.673978" lon="-120.324901"><ele>364.4</ele><time>2026-06-17T04:29:52.000Z</time><extensions><gpxtpx:TrackPointExtension><gpxtpx:hr>128</gpxtpx:hr></gpxtpx:TrackPointExtension></extensions></trkpt>
      <trkpt lat="50.673979" lon="-120.324924"><ele>364.4</ele><time>2026-06-17T04:29:53.000Z</time><extensions><gpxtpx:TrackPointExtension><gpxtpx:hr>128</gpxtpx:hr></gpxtpx:TrackPointExtension></extensions></trkpt>
      <trkpt lat="50.673982" lon="-120.324974"><ele>364.4</ele><time>2026-06-17T04:29:54.000Z</time><extensions><gpxtpx:TrackPointExtension><gpxtpx:hr>128</gpxtpx:hr></gpxtpx:TrackPointExtension></extensions></trkpt>
      <trkpt lat="50.673982" lon="-120.324992"><ele>364.4</ele><time>2026-06-17T04:29:55.000Z</time><extensions><gpxtpx:TrackPointExtension><gpxtpx:hr>128</gpxtpx:hr></gpxtpx:TrackPointExtension></extensions></trkpt>
      <trkpt lat="50.673983" lon="-120.325054"><ele>364.4</ele><time>2026-06-17T04:29:56.000Z</time><extensions><gpxtpx:TrackPointExtension><gpxtpx:hr>128</gpxtpx:hr></gpxtpx:TrackPointExtension></extensions></trkpt>
      <trkpt lat="50.673983" lon="-120.325079"><ele>364.6</ele><time>2026-06-17T04:29:57.000Z</time><extensions><gpxtpx:TrackPointExtension><gpxtpx:hr>128</gpxtpx:hr></gpxtpx:TrackPointExtension></extensions></trkpt>
      <trkpt lat="50.673984" lon="-120.325104"><ele>364.6</ele><time>2026-06-17T04:29:58.000Z</time><extensions><gpxtpx:TrackPointExtension><gpxtpx:hr>128</gpxtpx:hr></gpxtpx:TrackPointExtension></extensions></trkpt>
      <trkpt lat="50.673985" lon="-120.325161"><ele>364.6</ele><time>2026-06-17T04:29:59.000Z</time><extensions><gpxtpx:TrackPointExtension><gpxtpx:hr>128</gpxtpx:hr></gpxtpx:TrackPointExtension></extensions></trkpt>
      <trkpt lat="50.673985" lon="-120.32518"><ele>364.6</ele><time>2026-06-17T04:30:00.000Z</time><extensions><gpxtpx:TrackPointExtension><gpxtpx:hr>128</gpxtpx:hr></gpxtpx:TrackPointExtension></extensions></trkpt>
      <trkpt lat="50.673983" lon="-120.325241"><ele>364.6</ele><time>2026-06-17T04:30:01.000Z</time><extensions><gpxtpx:TrackPointExtension><gpxtpx:hr>128</gpxtpx:hr></gpxtpx:TrackPointExtension></extensions></trkpt>
      <trkpt lat="50.673983" lon="-120.325266"><ele>364.8</ele><time>2026-06-17T04:30:02.000Z</time><extensions><gpxtpx:TrackPointExtension><gpxtpx:hr>128</gpxtpx:hr></gpxtpx:TrackPointExtension></extensions></trkpt>
      <trkpt lat="50.673982" lon="-120.32529"><ele>364.8</ele><time>2026-06-17T04:30:03.000Z</time><extensions><gpxtpx:TrackPointExtension><gpxtpx:hr>128</gpxtpx:hr></gpxtpx:TrackPointExtension></extensions></trkpt>
      <trkpt lat="50.673984" lon="-120.325342"><ele>364.8</ele><time>2026-06-17T04:30:04.000Z</time><extensions><gpxtpx:TrackPointExtension><gpxtpx:hr>130</gpxtpx:hr></gpxtpx:TrackPointExtension></extensions></trkpt>
      <trkpt lat="50.673985" lon="-120.32536"><ele>365</ele><time>2026-06-17T04:30:05.000Z</time><extensions><gpxtpx:TrackPointExtension><gpxtpx:hr>130</gpxtpx:hr></gpxtpx:TrackPointExtension></extensions></trkpt>
      <trkpt lat="50.673987" lon="-120.325418"><ele>365</ele><time>2026-06-17T04:30:06.000Z</time><extensions><gpxtpx:TrackPointExtension><gpxtpx:hr>131</gpxtpx:hr></gpxtpx:TrackPointExtension></extensions></trkpt>
      <trkpt lat="50.673986" lon="-120.325441"><ele>365</ele><time>2026-06-17T04:30:07.000Z</time><extensions><gpxtpx:TrackPointExtension><gpxtpx:hr>131</gpxtpx:hr></gpxtpx:TrackPointExtension></extensions></trkpt>
      <trkpt lat="50.673986" lon="-120.325464"><ele>365.2</ele><time>2026-06-17T04:30:08.000Z</time><extensions><gpxtpx:TrackPointExtension><gpxtpx:hr>131</gpxtpx:hr></gpxtpx:TrackPointExtension></extensions></trkpt>
      <trkpt lat="50.673984" lon="-120.325518"><ele>365.2</ele><time>2026-06-17T04:30:09.000Z</time><extensions><gpxtpx:TrackPointExtension><gpxtpx:hr>131</gpxtpx:hr></gpxtpx:TrackPointExtension></extensions></trkpt>
      <trkpt lat="50.673983" lon="-120.325539"><ele>365.2</ele><time>2026-06-17T04:30:10.000Z</time><extensions><gpxtpx:TrackPointExtension><gpxtpx:hr>131</gpxtpx:hr></gpxtpx:TrackPointExtension></extensions></trkpt>
      <trkpt lat="50.673983" lon="-120.325561"><ele>365.4</ele><time>2026-06-17T04:30:11.000Z</time><extensions><gpxtpx:TrackPointExtension><gpxtpx:hr>131</gpxtpx:hr></gpxtpx:TrackPointExtension></extensions></trkpt>
      <trkpt lat="50.673983" lon="-120.325611"><ele>365.4</ele><time>2026-06-17T04:30:12.000Z</time><extensions><gpxtpx:TrackPointExtension><gpxtpx:hr>131</gpxtpx:hr></gpxtpx:TrackPointExtension></extensions></trkpt>
      <trkpt lat="50.673982" lon="-120.325627"><ele>365.4</ele><time>2026-06-17T04:30:13.000Z</time><extensions><gpxtpx:TrackPointExtension><gpxtpx:hr>131</gpxtpx:hr></gpxtpx:TrackPointExtension></extensions></trkpt>
      <trkpt lat="50.673979" lon="-120.325682"><ele>365.4</ele><time>2026-06-17T04:30:14.000Z</time><extensions><gpxtpx:TrackPointExtension><gpxtpx:hr>131</gpxtpx:hr></gpxtpx:TrackPointExtension></extensions></trkpt>
      <trkpt lat="50.673978" lon="-120.325705"><ele>365.6</ele><time>2026-06-17T04:30:15.000Z</time><extensions><gpxtpx:TrackPointExtension><gpxtpx:hr>131</gpxtpx:hr></gpxtpx:TrackPointExtension></extensions></trkpt>
      <trkpt lat="50.673977" lon="-120.325727"><ele>365.6</ele><time>2026-06-17T04:30:16.000Z</time><extensions><gpxtpx:TrackPointExtension><gpxtpx:hr>131</gpxtpx:hr></gpxtpx:TrackPointExtension></extensions></trkpt>
      <trkpt lat="50.673975" lon="-120.325775"><ele>365.6</ele><time>2026-06-17T04:30:17.000Z</time><extensions><gpxtpx:TrackPointExtension><gpxtpx:hr>131</gpxtpx:hr></gpxtpx:TrackPointExtension></extensions></trkpt>
      <trkpt lat="50.673974" lon="-120.325791"><ele>365.8</ele><time>2026-06-17T04:30:18.000Z</time><extensions><gpxtpx:TrackPointExtension><gpxtpx:hr>130</gpxtpx:hr></gpxtpx:TrackPointExtension></extensions></trkpt>
      <trkpt lat="50.67397" lon="-120.325843"><ele>366</ele><time>2026-06-17T04:30:19.000Z</time><extensions><gpxtpx:TrackPointExtension><gpxtpx:hr>130</gpxtpx:hr></gpxtpx:TrackPointExtension></extensions></trkpt>
      <trkpt lat="50.673969" lon="-120.325865"><ele>366</ele><time>2026-06-17T04:30:20.000Z</time><extensions><gpxtpx:TrackPointExtension><gpxtpx:hr>130</gpxtpx:hr></gpxtpx:TrackPointExtension></extensions></trkpt>
      <trkpt lat="50.673967" lon="-120.325886"><ele>366.2</ele><time>2026-06-17T04:30:21.000Z</time><extensions><gpxtpx:TrackPointExtension><gpxtpx:hr>130</gpxtpx:hr></gpxtpx:TrackPointExtension></extensions></trkpt>
      <trkpt lat="50.673963" lon="-120.325936"><ele>366.2</ele><time>2026-06-17T04:30:22.000Z</time><extensions><gpxtpx:TrackPointExtension><gpxtpx:hr>130</gpxtpx:hr></gpxtpx:TrackPointExtension></extensions></trkpt>
      <trkpt lat="50.673962" lon="-120.325952"><ele>366.2</ele><time>2026-06-17T04:30:23.000Z</time><extensions><gpxtpx:TrackPointExtension><gpxtpx:hr>130</gpxtpx:hr></gpxtpx:TrackPointExtension></extensions></trkpt>
      <trkpt lat="50.673962" lon="-120.326007"><ele>366.2</ele><time>2026-06-17T04:30:24.000Z</time><extensions><gpxtpx:TrackPointExtension><gpxtpx:hr>130</gpxtpx:hr></gpxtpx:TrackPointExtension></extensions></trkpt>
      <trkpt lat="50.673964" lon="-120.326029"><ele>366.4</ele><time>2026-06-17T04:30:25.000Z</time><extensions><gpxtpx:TrackPointExtension><gpxtpx:hr>130</gpxtpx:hr></gpxtpx:TrackPointExtension></extensions></trkpt>
      <trkpt lat="50.673965" lon="-120.326052"><ele>366.4</ele><time>2026-06-17T04:30:26.000Z</time><extensions><gpxtpx:TrackPointExtension><gpxtpx:hr>130</gpxtpx:hr></gpxtpx:TrackPointExtension></extensions></trkpt>
      <trkpt lat="50.67397" lon="-120.326102"><ele>366.4</ele><time>2026-06-17T04:30:27.000Z</time><extensions><gpxtpx:TrackPointExtension><gpxtpx:hr>130</gpxtpx:hr></gpxtpx:TrackPointExtension></extensions></trkpt>
      <trkpt lat="50.673971" lon="-120.326119"><ele>366.2</ele><time>2026-06-17T04:30:28.000Z</time><extensions><gpxtpx:TrackPointExtension><gpxtpx:hr>130</gpxtpx:hr></gpxtpx:TrackPointExtension></extensions></trkpt>
      <trkpt lat="50.673974" lon="-120.326173"><ele>366.2</ele><time>2026-06-17T04:30:29.000Z</time><extensions><gpxtpx:TrackPointExtension><gpxtpx:hr>130</gpxtpx:hr></gpxtpx:TrackPointExtension></extensions></trkpt>
      <trkpt lat="50.673974" lon="-120.326194"><ele>366.2</ele><time>2026-06-17T04:30:30.000Z</time><extensions><gpxtpx:TrackPointExtension><gpxtpx:hr>130</gpxtpx:hr></gpxtpx:TrackPointExtension></extensions></trkpt>
      <trkpt lat="50.673975" lon="-120.326216"><ele>366</ele><time>2026-06-17T04:30:31.000Z</time><extensions><gpxtpx:TrackPointExtension><gpxtpx:hr>130</gpxtpx:hr></gpxtpx:TrackPointExtension></extensions></trkpt>
      <trkpt lat="50.673976" lon="-120.326269"><ele>366</ele><time>2026-06-17T04:30:32.000Z</time><extensions><gpxtpx:TrackPointExtension><gpxtpx:hr>130</gpxtpx:hr></gpxtpx:TrackPointExtension></extensions></trkpt>
      <trkpt lat="50.673978" lon="-120.326289"><ele>366</ele><time>2026-06-17T04:30:33.000Z</time><extensions><gpxtpx:TrackPointExtension><gpxtpx:hr>130</gpxtpx:hr></gpxtpx:TrackPointExtension></extensions></trkpt>
      <trkpt lat="50.673979" lon="-120.32631"><ele>365.8</ele><time>2026-06-17T04:30:34.000Z</time><extensions><gpxtpx:TrackPointExtension><gpxtpx:hr>130</gpxtpx:hr></gpxtpx:TrackPointExtension></extensions></trkpt>
      <trkpt lat="50.673983" lon="-120.326358"><ele>365.8</ele><time>2026-06-17T04:30:35.000Z</time><extensions><gpxtpx:TrackPointExtension><gpxtpx:hr>130</gpxtpx:hr></gpxtpx:TrackPointExtension></extensions></trkpt>
      <trkpt lat="50.673984" lon="-120.326375"><ele>365.8</ele><time>2026-06-17T04:30:36.000Z</time><extensions><gpxtpx:TrackPointExtension><gpxtpx:hr>130</gpxtpx:hr></gpxtpx:TrackPointExtension></extensions></trkpt>
      <trkpt lat="50.673984" lon="-120.326428"><ele>366</ele><time>2026-06-17T04:30:37.000Z</time><extensions><gpxtpx:TrackPointExtension><gpxtpx:hr>130</gpxtpx:hr></gpxtpx:TrackPointExtension></extensions></trkpt>
      <trkpt lat="50.673983" lon="-120.326449"><ele>366</ele><time>2026-06-17T04:30:38.000Z</time><extensions><gpxtpx:TrackPointExtension><gpxtpx:hr>130</gpxtpx:hr></gpxtpx:TrackPointExtension></extensions></trkpt>
      <trkpt lat="50.673983" lon="-120.32647"><ele>366</ele><time>2026-06-17T04:30:39.000Z</time><extensions><gpxtpx:TrackPointExtension><gpxtpx:hr>130</gpxtpx:hr></gpxtpx:TrackPointExtension></extensions></trkpt>
      <trkpt lat="50.673979" lon="-120.326521"><ele>365.8</ele><time>2026-06-17T04:30:40.000Z</time><extensions><gpxtpx:TrackPointExtension><gpxtpx:hr>129</gpxtpx:hr></gpxtpx:TrackPointExtension></extensions></trkpt>
      <trkpt lat="50.673978" lon="-120.326538"><ele>365.8</ele><time>2026-06-17T04:30:41.000Z</time><extensions><gpxtpx:TrackPointExtension><gpxtpx:hr>129</gpxtpx:hr></gpxtpx:TrackPointExtension></extensions></trkpt>
      <trkpt lat="50.673977" lon="-120.326598"><ele>365.8</ele><time>2026-06-17T04:30:42.000Z</time><extensions><gpxtpx:TrackPointExtension><gpxtpx:hr>129</gpxtpx:hr></gpxtpx:TrackPointExtension></extensions></trkpt>
      <trkpt lat="50.673978" lon="-120.326623"><ele>365.6</ele><time>2026-06-17T04:30:43.000Z</time><extensions><gpxtpx:TrackPointExtension><gpxtpx:hr>129</gpxtpx:hr></gpxtpx:TrackPointExtension></extensions></trkpt>
      <trkpt lat="50.673978" lon="-120.326647"><ele>365.4</ele><time>2026-06-17T04:30:44.000Z</time><extensions><gpxtpx:TrackPointExtension><gpxtpx:hr>129</gpxtpx:hr></gpxtpx:TrackPointExtension></extensions></trkpt>
      <trkpt lat="50.673979" lon="-120.326679"><ele>365</ele><time>2026-06-17T04:30:45.000Z</time><extensions><gpxtpx:TrackPointExtension><gpxtpx:hr>129</gpxtpx:hr></gpxtpx:TrackPointExtension></extensions></trkpt>
      <trkpt lat="50.673982" lon="-120.326707"><ele>364.8</ele><time>2026-06-17T04:30:46.000Z</time><extensions><gpxtpx:TrackPointExtension><gpxtpx:hr>129</gpxtpx:hr></gpxtpx:TrackPointExtension></extensions></trkpt>
      <trkpt lat="50.673985" lon="-120.326732"><ele>364.2</ele><time>2026-06-17T04:30:47.000Z</time><extensions><gpxtpx:TrackPointExtension><gpxtpx:hr>129</gpxtpx:hr></gpxtpx:TrackPointExtension></extensions></trkpt>
      <trkpt lat="50.673987" lon="-120.326755"><ele>363.8</ele><time>2026-06-17T04:30:48.000Z</time><extensions><gpxtpx:TrackPointExtension><gpxtpx:hr>129</gpxtpx:hr></gpxtpx:TrackPointExtension></extensions></trkpt>
      <trkpt lat="50.673987" lon="-120.326755"><ele>363.8</ele><time>2026-06-17T04:30:49.000Z</time><extensions><gpxtpx:TrackPointExtension><gpxtpx:hr>129</gpxtpx:hr></gpxtpx:TrackPointExtension></extensions></trkpt>
    </trkseg>
  </trk>
</gpx>
