<?xml version="1.0" encoding="UTF-8"?>
<gpx version="1.1" creator="pull-strava.mjs"
  xmlns="http://www.topografix.com/GPX/1/1"
  xmlns:gpxtpx="http://www.garmin.com/xmlschemas/TrackPointExtension/v1">
  <metadata><name>Morning Run</name><time>2026-06-20T14:16:27.000Z</time></metadata>
  <trk><name>Morning Run</name><type>running</type>
    <trkseg>
      <trkpt lat="51.08475" lon="-115.343329"><ele>1322.4</ele><time>2026-06-20T14:16:27.000Z</time><extensions><gpxtpx:TrackPointExtension><gpxtpx:hr>108</gpxtpx:hr></gpxtpx:TrackPointExtension></extensions></trkpt>
      <trkpt lat="51.084755" lon="-115.343335"><ele>1321.6</ele><time>2026-06-20T14:16:28.000Z</time><extensions><gpxtpx:TrackPointExtension><gpxtpx:hr>108</gpxtpx:hr></gpxtpx:TrackPointExtension></extensions></trkpt>
      <trkpt lat="51.084756" lon="-115.343337"><ele>1321</ele><time>2026-06-20T14:16:29.000Z</time><extensions><gpxtpx:TrackPointExtension><gpxtpx:hr>108</gpxtpx:hr></gpxtpx:TrackPointExtension></extensions></trkpt>
      <trkpt lat="51.084759" lon="-115.343342"><ele>1320.4</ele><time>2026-06-20T14:16:30.000Z</time><extensions><gpxtpx:TrackPointExtension><gpxtpx:hr>108</gpxtpx:hr></gpxtpx:TrackPointExtension></extensions></trkpt>
      <trkpt lat="51.084763" lon="-115.343348"><ele>1319.8</ele><time>2026-06-20T14:16:31.000Z</time><extensions><gpxtpx:TrackPointExtension><gpxtpx:hr>108</gpxtpx:hr></gpxtpx:TrackPointExtension></extensions></trkpt>
      <trkpt lat="51.084769" lon="-115.343356"><ele>1319.4</ele><time>2026-06-20T14:16:32.000Z</time><extensions><gpxtpx:TrackPointExtension><gpxtpx:hr>108</gpxtpx:hr></gpxtpx:TrackPointExtension></extensions></trkpt>
      <trkpt lat="51.084784" lon="-115.343378"><ele>1319</ele><time>2026-06-20T14:16:33.000Z</time><extensions><gpxtpx:TrackPointExtension><gpxtpx:hr>108</gpxtpx:hr></gpxtpx:TrackPointExtension></extensions></trkpt>
      <trkpt lat="51.084792" lon="-115.343388"><ele>1318.8</ele><time>2026-06-20T14:16:34.000Z</time><extensions><gpxtpx:TrackPointExtension><gpxtpx:hr>108</gpxtpx:hr></gpxtpx:TrackPointExtension></extensions></trkpt>
      <trkpt lat="51.0848" lon="-115.343399"><ele>1318.6</ele><time>2026-06-20T14:16:35.000Z</time><extensions><gpxtpx:TrackPointExtension><gpxtpx:hr>108</gpxtpx:hr></gpxtpx:TrackPointExtension></extensions></trkpt>
      <trkpt lat="51.084825" lon="-115.343434"><ele>1318.6</ele><time>2026-06-20T14:16:36.000Z</time><extensions><gpxtpx:TrackPointExtension><gpxtpx:hr>108</gpxtpx:hr></gpxtpx:TrackPointExtension></extensions></trkpt>
      <trkpt lat="51.084833" lon="-115.343446"><ele>1318.6</ele><time>2026-06-20T14:16:37.000Z</time><extensions><gpxtpx:TrackPointExtension><gpxtpx:hr>108</gpxtpx:hr></gpxtpx:TrackPointExtension></extensions></trkpt>
      <trkpt lat="51.084858" lon="-115.343489"><ele>1318.4</ele><time>2026-06-20T14:16:38.000Z</time><extensions><gpxtpx:TrackPointExtension><gpxtpx:hr>108</gpxtpx:hr></gpxtpx:TrackPointExtension></extensions></trkpt>
      <trkpt lat="51.084867" lon="-115.343508"><ele>1318.4</ele><time>2026-06-20T14:16:39.000Z</time><extensions><gpxtpx:TrackPointExtension><gpxtpx:hr>108</gpxtpx:hr></gpxtpx:TrackPointExtension></extensions></trkpt>
      <trkpt lat="51.084877" lon="-115.343526"><ele>1318.4</ele><time>2026-06-20T14:16:40.000Z</time><extensions><gpxtpx:TrackPointExtension><gpxtpx:hr>108</gpxtpx:hr></gpxtpx:TrackPointExtension></extensions></trkpt>
      <trkpt lat="51.084896" lon="-115.34357"><ele>1318.4</ele><time>2026-06-20T14:16:41.000Z</time><extensions><gpxtpx:TrackPointExtension><gpxtpx:hr>108</gpxtpx:hr></gpxtpx:TrackPointExtension></extensions></trkpt>
      <trkpt lat="51.084902" lon="-115.343585"><ele>1318.4</ele><time>2026-06-20T14:16:42.000Z</time><extensions><gpxtpx:TrackPointExtension><gpxtpx:hr>108</gpxtpx:hr></gpxtpx:TrackPointExtension></extensions></trkpt>
      <trkpt lat="51.084911" lon="-115.343612"><ele>1318.4</ele><time>2026-06-20T14:16:43.000Z</time><extensions><gpxtpx:TrackPointExtension><gpxtpx:hr>108</gpxtpx:hr></gpxtpx:TrackPointExtension></extensions></trkpt>
      <trkpt lat="51.084917" lon="-115.343637"><ele>1318.4</ele><time>2026-06-20T14:16:44.000Z</time><extensions><gpxtpx:TrackPointExtension><gpxtpx:hr>108</gpxtpx:hr></gpxtpx:TrackPointExtension></extensions></trkpt>
      <trkpt lat="51.084919" lon="-115.34366"><ele>1318.4</ele><time>2026-06-20T14:16:45.000Z</time><extensions><gpxtpx:TrackPointExtension><gpxtpx:hr>108</gpxtpx:hr></gpxtpx:TrackPointExtension></extensions></trkpt>
      <trkpt lat="51.084917" lon="-115.34368"><ele>1318.2</ele><time>2026-06-20T14:16:46.000Z</time><extensions><gpxtpx:TrackPointExtension><gpxtpx:hr>108</gpxtpx:hr></gpxtpx:TrackPointExtension></extensions></trkpt>
      <trkpt lat="51.084915" lon="-115.343699"><ele>1318.2</ele><time>2026-06-20T14:16:47.000Z</time><extensions><gpxtpx:TrackPointExtension><gpxtpx:hr>108</gpxtpx:hr></gpxtpx:TrackPointExtension></extensions></trkpt>
      <trkpt lat="51.084915" lon="-115.343717"><ele>1318.2</ele><time>2026-06-20T14:16:48.000Z</time><extensions><gpxtpx:TrackPointExtension><gpxtpx:hr>108</gpxtpx:hr></gpxtpx:TrackPointExtension></extensions></trkpt>
      <trkpt lat="51.084915" lon="-115.343736"><ele>1318</ele><time>2026-06-20T14:16:49.000Z</time><extensions><gpxtpx:TrackPointExtension><gpxtpx:hr>108</gpxtpx:hr></gpxtpx:TrackPointExtension></extensions></trkpt>
      <trkpt lat="51.084913" lon="-115.343755"><ele>1318</ele><time>2026-06-20T14:16:50.000Z</time><extensions><gpxtpx:TrackPointExtension><gpxtpx:hr>108</gpxtpx:hr></gpxtpx:TrackPointExtension></extensions></trkpt>
      <trkpt lat="51.084909" lon="-115.34379"><ele>1317.8</ele><time>2026-06-20T14:16:51.000Z</time><extensions><gpxtpx:TrackPointExtension><gpxtpx:hr>108</gpxtpx:hr></gpxtpx:TrackPointExtension></extensions></trkpt>
      <trkpt lat="51.084906" lon="-115.343801"><ele>1317.6</ele><time>2026-06-20T14:16:52.000Z</time><extensions><gpxtpx:TrackPointExtension><gpxtpx:hr>108</gpxtpx:hr></gpxtpx:TrackPointExtension></extensions></trkpt>
      <trkpt lat="51.0849" lon="-115.343826"><ele>1317.6</ele><time>2026-06-20T14:16:53.000Z</time><extensions><gpxtpx:TrackPointExtension><gpxtpx:hr>108</gpxtpx:hr></gpxtpx:TrackPointExtension></extensions></trkpt>
      <trkpt lat="51.084893" lon="-115.343853"><ele>1317.4</ele><time>2026-06-20T14:16:54.000Z</time><extensions><gpxtpx:TrackPointExtension><gpxtpx:hr>108</gpxtpx:hr></gpxtpx:TrackPointExtension></extensions></trkpt>
      <trkpt lat="51.084885" lon="-115.343882"><ele>1317.2</ele><time>2026-06-20T14:16:55.000Z</time><extensions><gpxtpx:TrackPointExtension><gpxtpx:hr>108</gpxtpx:hr></gpxtpx:TrackPointExtension></extensions></trkpt>
      <trkpt lat="51.08487" lon="-115.343933"><ele>1317.2</ele><time>2026-06-20T14:16:56.000Z</time><extensions><gpxtpx:TrackPointExtension><gpxtpx:hr>108</gpxtpx:hr></gpxtpx:TrackPointExtension></extensions></trkpt>
      <trkpt lat="51.084864" lon="-115.343951"><ele>1317</ele><time>2026-06-20T14:16:57.000Z</time><extensions><gpxtpx:TrackPointExtension><gpxtpx:hr>108</gpxtpx:hr></gpxtpx:TrackPointExtension></extensions></trkpt>
      <trkpt lat="51.084846" lon="-115.344008"><ele>1317</ele><time>2026-06-20T14:16:58.000Z</time><extensions><gpxtpx:TrackPointExtension><gpxtpx:hr>108</gpxtpx:hr></gpxtpx:TrackPointExtension></extensions></trkpt>
      <trkpt lat="51.084839" lon="-115.34403"><ele>1316.8</ele><time>2026-06-20T14:16:59.000Z</time><extensions><gpxtpx:TrackPointExtension><gpxtpx:hr>108</gpxtpx:hr></gpxtpx:TrackPointExtension></extensions></trkpt>
      <trkpt lat="51.084832" lon="-115.344052"><ele>1316.6</ele><time>2026-06-20T14:17:00.000Z</time><extensions><gpxtpx:TrackPointExtension><gpxtpx:hr>108</gpxtpx:hr></gpxtpx:TrackPointExtension></extensions></trkpt>
      <trkpt lat="51.084825" lon="-115.344083"><ele>1316.6</ele><time>2026-06-20T14:17:01.000Z</time><extensions><gpxtpx:TrackPointExtension><gpxtpx:hr>108</gpxtpx:hr></gpxtpx:TrackPointExtension></extensions></trkpt>
      <trkpt lat="51.084822" lon="-115.344108"><ele>1316.4</ele><time>2026-06-20T14:17:02.000Z</time><extensions><gpxtpx:TrackPointExtension><gpxtpx:hr>108</gpxtpx:hr></gpxtpx:TrackPointExtension></extensions></trkpt>
      <trkpt lat="51.084823" lon="-115.344127"><ele>1316.4</ele><time>2026-06-20T14:17:03.000Z</time><extensions><gpxtpx:TrackPointExtension><gpxtpx:hr>108</gpxtpx:hr></gpxtpx:TrackPointExtension></extensions></trkpt>
      <trkpt lat="51.084801" lon="-115.344209"><ele>1316</ele><time>2026-06-20T14:17:08.000Z</time><extensions><gpxtpx:TrackPointExtension><gpxtpx:hr>108</gpxtpx:hr></gpxtpx:TrackPointExtension></extensions></trkpt>
      <trkpt lat="51.084791" lon="-115.344227"><ele>1316</ele><time>2026-06-20T14:17:09.000Z</time><extensions><gpxtpx:TrackPointExtension><gpxtpx:hr>108</gpxtpx:hr></gpxtpx:TrackPointExtension></extensions></trkpt>
      <trkpt lat="51.08478" lon="-115.344244"><ele>1316</ele><time>2026-06-20T14:17:10.000Z</time><extensions><gpxtpx:TrackPointExtension><gpxtpx:hr>108</gpxtpx:hr></gpxtpx:TrackPointExtension></extensions></trkpt>
      <trkpt lat="51.084753" lon="-115.344299"><ele>1316</ele><time>2026-06-20T14:17:11.000Z</time><extensions><gpxtpx:TrackPointExtension><gpxtpx:hr>108</gpxtpx:hr></gpxtpx:TrackPointExtension></extensions></trkpt>
      <trkpt lat="51.084742" lon="-115.344324"><ele>1315.8</ele><time>2026-06-20T14:17:12.000Z</time><extensions><gpxtpx:TrackPointExtension><gpxtpx:hr>108</gpxtpx:hr></gpxtpx:TrackPointExtension></extensions></trkpt>
      <trkpt lat="51.084732" lon="-115.344348"><ele>1315.8</ele><time>2026-06-20T14:17:13.000Z</time><extensions><gpxtpx:TrackPointExtension><gpxtpx:hr>108</gpxtpx:hr></gpxtpx:TrackPointExtension></extensions></trkpt>
      <trkpt lat="51.084707" lon="-115.344398"><ele>1315.8</ele><time>2026-06-20T14:17:14.000Z</time><extensions><gpxtpx:TrackPointExtension><gpxtpx:hr>108</gpxtpx:hr></gpxtpx:TrackPointExtension></extensions></trkpt>
      <trkpt lat="51.084698" lon="-115.344414"><ele>1315.8</ele><time>2026-06-20T14:17:15.000Z</time><extensions><gpxtpx:TrackPointExtension><gpxtpx:hr>108</gpxtpx:hr></gpxtpx:TrackPointExtension></extensions></trkpt>
      <trkpt lat="51.084682" lon="-115.34448"><ele>1315.8</ele><time>2026-06-20T14:17:16.000Z</time><extensions><gpxtpx:TrackPointExtension><gpxtpx:hr>108</gpxtpx:hr></gpxtpx:TrackPointExtension></extensions></trkpt>
      <trkpt lat="51.084679" lon="-115.344511"><ele>1315.8</ele><time>2026-06-20T14:17:17.000Z</time><extensions><gpxtpx:TrackPointExtension><gpxtpx:hr>108</gpxtpx:hr></gpxtpx:TrackPointExtension></extensions></trkpt>
      <trkpt lat="51.084677" lon="-115.344541"><ele>1315.8</ele><time>2026-06-20T14:17:18.000Z</time><extensions><gpxtpx:TrackPointExtension><gpxtpx:hr>108</gpxtpx:hr></gpxtpx:TrackPointExtension></extensions></trkpt>
      <trkpt lat="51.084688" lon="-115.344611"><ele>1315.8</ele><time>2026-06-20T14:17:19.000Z</time><extensions><gpxtpx:TrackPointExtension><gpxtpx:hr>110</gpxtpx:hr></gpxtpx:TrackPointExtension></extensions></trkpt>
      <trkpt lat="51.084693" lon="-115.344634"><ele>1315.8</ele><time>2026-06-20T14:17:20.000Z</time><extensions><gpxtpx:TrackPointExtension><gpxtpx:hr>110</gpxtpx:hr></gpxtpx:TrackPointExtension></extensions></trkpt>
      <trkpt lat="51.084707" lon="-115.344714"><ele>1315.8</ele><time>2026-06-20T14:17:21.000Z</time><extensions><gpxtpx:TrackPointExtension><gpxtpx:hr>110</gpxtpx:hr></gpxtpx:TrackPointExtension></extensions></trkpt>
      <trkpt lat="51.084711" lon="-115.344747"><ele>1315.6</ele><time>2026-06-20T14:17:22.000Z</time><extensions><gpxtpx:TrackPointExtension><gpxtpx:hr>110</gpxtpx:hr></gpxtpx:TrackPointExtension></extensions></trkpt>
      <trkpt lat="51.084714" lon="-115.34478"><ele>1315.4</ele><time>2026-06-20T14:17:23.000Z</time><extensions><gpxtpx:TrackPointExtension><gpxtpx:hr>110</gpxtpx:hr></gpxtpx:TrackPointExtension></extensions></trkpt>
      <trkpt lat="51.084706" lon="-115.344862"><ele>1315.4</ele><time>2026-06-20T14:17:24.000Z</time><extensions><gpxtpx:TrackPointExtension><gpxtpx:hr>110</gpxtpx:hr></gpxtpx:TrackPointExtension></extensions></trkpt>
      <trkpt lat="51.084701" lon="-115.344893"><ele>1315.2</ele><time>2026-06-20T14:17:25.000Z</time><extensions><gpxtpx:TrackPointExtension><gpxtpx:hr>110</gpxtpx:hr></gpxtpx:TrackPointExtension></extensions></trkpt>
      <trkpt lat="51.084696" lon="-115.344924"><ele>1315</ele><time>2026-06-20T14:17:26.000Z</time><extensions><gpxtpx:TrackPointExtension><gpxtpx:hr>110</gpxtpx:hr></gpxtpx:TrackPointExtension></extensions></trkpt>
      <trkpt lat="51.084682" lon="-115.34499"><ele>1314.8</ele><time>2026-06-20T14:17:27.000Z</time><extensions><gpxtpx:TrackPointExtension><gpxtpx:hr>110</gpxtpx:hr></gpxtpx:TrackPointExtension></extensions></trkpt>
      <trkpt lat="51.084677" lon="-115.345012"><ele>1314.6</ele><time>2026-06-20T14:17:28.000Z</time><extensions><gpxtpx:TrackPointExtension><gpxtpx:hr>110</gpxtpx:hr></gpxtpx:TrackPointExtension></extensions></trkpt>
      <trkpt lat="51.084657" lon="-115.345079"><ele>1314.4</ele><time>2026-06-20T14:17:29.000Z</time><extensions><gpxtpx:TrackPointExtension><gpxtpx:hr>110</gpxtpx:hr></gpxtpx:TrackPointExtension></extensions></trkpt>
      <trkpt lat="51.084648" lon="-115.345104"><ele>1314</ele><time>2026-06-20T14:17:30.000Z</time><extensions><gpxtpx:TrackPointExtension><gpxtpx:hr>110</gpxtpx:hr></gpxtpx:TrackPointExtension></extensions></trkpt>
      <trkpt lat="51.08464" lon="-115.34513"><ele>1313.8</ele><time>2026-06-20T14:17:31.000Z</time><extensions><gpxtpx:TrackPointExtension><gpxtpx:hr>110</gpxtpx:hr></gpxtpx:TrackPointExtension></extensions></trkpt>
      <trkpt lat="51.084622" lon="-115.345185"><ele>1313.6</ele><time>2026-06-20T14:17:32.000Z</time><extensions><gpxtpx:TrackPointExtension><gpxtpx:hr>110</gpxtpx:hr></gpxtpx:TrackPointExtension></extensions></trkpt>
      <trkpt lat="51.084616" lon="-115.345204"><ele>1313.4</ele><time>2026-06-20T14:17:33.000Z</time><extensions><gpxtpx:TrackPointExtension><gpxtpx:hr>115</gpxtpx:hr></gpxtpx:TrackPointExtension></extensions></trkpt>
      <trkpt lat="51.084599" lon="-115.345273"><ele>1313.2</ele><time>2026-06-20T14:17:34.000Z</time><extensions><gpxtpx:TrackPointExtension><gpxtpx:hr>115</gpxtpx:hr></gpxtpx:TrackPointExtension></extensions></trkpt>
      <trkpt lat="51.084592" lon="-115.345302"><ele>1313</ele><time>2026-06-20T14:17:35.000Z</time><extensions><gpxtpx:TrackPointExtension><gpxtpx:hr>115</gpxtpx:hr></gpxtpx:TrackPointExtension></extensions></trkpt>
      <trkpt lat="51.084586" lon="-115.34533"><ele>1312.8</ele><time>2026-06-20T14:17:36.000Z</time><extensions><gpxtpx:TrackPointExtension><gpxtpx:hr>115</gpxtpx:hr></gpxtpx:TrackPointExtension></extensions></trkpt>
      <trkpt lat="51.084572" lon="-115.345391"><ele>1312.8</ele><time>2026-06-20T14:17:37.000Z</time><extensions><gpxtpx:TrackPointExtension><gpxtpx:hr>115</gpxtpx:hr></gpxtpx:TrackPointExtension></extensions></trkpt>
      <trkpt lat="51.084567" lon="-115.34541"><ele>1312.6</ele><time>2026-06-20T14:17:38.000Z</time><extensions><gpxtpx:TrackPointExtension><gpxtpx:hr>115</gpxtpx:hr></gpxtpx:TrackPointExtension></extensions></trkpt>
      <trkpt lat="51.084549" lon="-115.345469"><ele>1312.6</ele><time>2026-06-20T14:17:39.000Z</time><extensions><gpxtpx:TrackPointExtension><gpxtpx:hr>120</gpxtpx:hr></gpxtpx:TrackPointExtension></extensions></trkpt>
      <trkpt lat="51.084541" lon="-115.345491"><ele>1312.6</ele><time>2026-06-20T14:17:40.000Z</time><extensions><gpxtpx:TrackPointExtension><gpxtpx:hr>120</gpxtpx:hr></gpxtpx:TrackPointExtension></extensions></trkpt>
      <trkpt lat="51.084533" lon="-115.345514"><ele>1312.6</ele><time>2026-06-20T14:17:41.000Z</time><extensions><gpxtpx:TrackPointExtension><gpxtpx:hr>119</gpxtpx:hr></gpxtpx:TrackPointExtension></extensions></trkpt>
      <trkpt lat="51.084513" lon="-115.345565"><ele>1312.6</ele><time>2026-06-20T14:17:42.000Z</time><extensions><gpxtpx:TrackPointExtension><gpxtpx:hr>119</gpxtpx:hr></gpxtpx:TrackPointExtension></extensions></trkpt>
      <trkpt lat="51.084506" lon="-115.345582"><ele>1312.8</ele><time>2026-06-20T14:17:43.000Z</time><extensions><gpxtpx:TrackPointExtension><gpxtpx:hr>119</gpxtpx:hr></gpxtpx:TrackPointExtension></extensions></trkpt>
      <trkpt lat="51.084485" lon="-115.345643"><ele>1312.8</ele><time>2026-06-20T14:17:44.000Z</time><extensions><gpxtpx:TrackPointExtension><gpxtpx:hr>119</gpxtpx:hr></gpxtpx:TrackPointExtension></extensions></trkpt>
      <trkpt lat="51.084477" lon="-115.34567"><ele>1313</ele><time>2026-06-20T14:17:45.000Z</time><extensions><gpxtpx:TrackPointExtension><gpxtpx:hr>119</gpxtpx:hr></gpxtpx:TrackPointExtension></extensions></trkpt>
      <trkpt lat="51.084469" lon="-115.345696"><ele>1313</ele><time>2026-06-20T14:17:46.000Z</time><extensions><gpxtpx:TrackPointExtension><gpxtpx:hr>119</gpxtpx:hr></gpxtpx:TrackPointExtension></extensions></trkpt>
      <trkpt lat="51.084452" lon="-115.345761"><ele>1313</ele><time>2026-06-20T14:17:47.000Z</time><extensions><gpxtpx:TrackPointExtension><gpxtpx:hr>119</gpxtpx:hr></gpxtpx:TrackPointExtension></extensions></trkpt>
      <trkpt lat="51.084447" lon="-115.345783"><ele>1313.2</ele><time>2026-06-20T14:17:48.000Z</time><extensions><gpxtpx:TrackPointExtension><gpxtpx:hr>119</gpxtpx:hr></gpxtpx:TrackPointExtension></extensions></trkpt>
      <trkpt lat="51.084432" lon="-115.345855"><ele>1313.2</ele><time>2026-06-20T14:17:49.000Z</time><extensions><gpxtpx:TrackPointExtension><gpxtpx:hr>119</gpxtpx:hr></gpxtpx:TrackPointExtension></extensions></trkpt>
      <trkpt lat="51.084426" lon="-115.345882"><ele>1313.2</ele><time>2026-06-20T14:17:50.000Z</time><extensions><gpxtpx:TrackPointExtension><gpxtpx:hr>119</gpxtpx:hr></gpxtpx:TrackPointExtension></extensions></trkpt>
      <trkpt lat="51.08442" lon="-115.34591"><ele>1313.2</ele><time>2026-06-20T14:17:51.000Z</time><extensions><gpxtpx:TrackPointExtension><gpxtpx:hr>119</gpxtpx:hr></gpxtpx:TrackPointExtension></extensions></trkpt>
      <trkpt lat="51.084398" lon="-115.345976"><ele>1313.2</ele><time>2026-06-20T14:17:52.000Z</time><extensions><gpxtpx:TrackPointExtension><gpxtpx:hr>119</gpxtpx:hr></gpxtpx:TrackPointExtension></extensions></trkpt>
      <trkpt lat="51.084387" lon="-115.346003"><ele>1313.2</ele><time>2026-06-20T14:17:53.000Z</time><extensions><gpxtpx:TrackPointExtension><gpxtpx:hr>119</gpxtpx:hr></gpxtpx:TrackPointExtension></extensions></trkpt>
      <trkpt lat="51.084377" lon="-115.34603"><ele>1313.2</ele><time>2026-06-20T14:17:54.000Z</time><extensions><gpxtpx:TrackPointExtension><gpxtpx:hr>122</gpxtpx:hr></gpxtpx:TrackPointExtension></extensions></trkpt>
      <trkpt lat="51.084354" lon="-115.34609"><ele>1313</ele><time>2026-06-20T14:17:55.000Z</time><extensions><gpxtpx:TrackPointExtension><gpxtpx:hr>122</gpxtpx:hr></gpxtpx:TrackPointExtension></extensions></trkpt>
      <trkpt lat="51.084346" lon="-115.34611"><ele>1313</ele><time>2026-06-20T14:17:56.000Z</time><extensions><gpxtpx:TrackPointExtension><gpxtpx:hr>122</gpxtpx:hr></gpxtpx:TrackPointExtension></extensions></trkpt>
      <trkpt lat="51.084323" lon="-115.346172"><ele>1312.8</ele><time>2026-06-20T14:17:57.000Z</time><extensions><gpxtpx:TrackPointExtension><gpxtpx:hr>122</gpxtpx:hr></gpxtpx:TrackPointExtension></extensions></trkpt>
      <trkpt lat="51.084315" lon="-115.346196"><ele>1312.4</ele><time>2026-06-20T14:17:58.000Z</time><extensions><gpxtpx:TrackPointExtension><gpxtpx:hr>122</gpxtpx:hr></gpxtpx:TrackPointExtension></extensions></trkpt>
      <trkpt lat="51.084306" lon="-115.346219"><ele>1312.2</ele><time>2026-06-20T14:17:59.000Z</time><extensions><gpxtpx:TrackPointExtension><gpxtpx:hr>124</gpxtpx:hr></gpxtpx:TrackPointExtension></extensions></trkpt>
      <trkpt lat="51.084284" lon="-115.34627"><ele>1311.8</ele><time>2026-06-20T14:18:00.000Z</time><extensions><gpxtpx:TrackPointExtension><gpxtpx:hr>124</gpxtpx:hr></gpxtpx:TrackPointExtension></extensions></trkpt>
      <trkpt lat="51.084276" lon="-115.346286"><ele>1311.4</ele><time>2026-06-20T14:18:01.000Z</time><extensions><gpxtpx:TrackPointExtension><gpxtpx:hr>124</gpxtpx:hr></gpxtpx:TrackPointExtension></extensions></trkpt>
      <trkpt lat="51.084256" lon="-115.346347"><ele>1311</ele><time>2026-06-20T14:18:02.000Z</time><extensions><gpxtpx:TrackPointExtension><gpxtpx:hr>124</gpxtpx:hr></gpxtpx:TrackPointExtension></extensions></trkpt>
      <trkpt lat="51.08425" lon="-115.346373"><ele>1310.4</ele><time>2026-06-20T14:18:03.000Z</time><extensions><gpxtpx:TrackPointExtension><gpxtpx:hr>125</gpxtpx:hr></gpxtpx:TrackPointExtension></extensions></trkpt>
      <trkpt lat="51.084244" lon="-115.3464"><ele>1309.8</ele><time>2026-06-20T14:18:04.000Z</time><extensions><gpxtpx:TrackPointExtension><gpxtpx:hr>125</gpxtpx:hr></gpxtpx:TrackPointExtension></extensions></trkpt>
      <trkpt lat="51.084238" lon="-115.346426"><ele>1314.8</ele><time>2026-06-20T14:18:27.000Z</time><extensions><gpxtpx:TrackPointExtension><gpxtpx:hr>125</gpxtpx:hr></gpxtpx:TrackPointExtension></extensions></trkpt>
      <trkpt lat="51.084231" lon="-115.346453"><ele>1314.6</ele><time>2026-06-20T14:18:28.000Z</time><extensions><gpxtpx:TrackPointExtension><gpxtpx:hr>125</gpxtpx:hr></gpxtpx:TrackPointExtension></extensions></trkpt>
      <trkpt lat="51.084225" lon="-115.346479"><ele>1314.4</ele><time>2026-06-20T14:18:29.000Z</time><extensions><gpxtpx:TrackPointExtension><gpxtpx:hr>125</gpxtpx:hr></gpxtpx:TrackPointExtension></extensions></trkpt>
      <trkpt lat="51.084219" lon="-115.346506"><ele>1314.4</ele><time>2026-06-20T14:18:30.000Z</time><extensions><gpxtpx:TrackPointExtension><gpxtpx:hr>116</gpxtpx:hr></gpxtpx:TrackPointExtension></extensions></trkpt>
      <trkpt lat="51.084213" lon="-115.346532"><ele>1314.2</ele><time>2026-06-20T14:18:31.000Z</time><extensions><gpxtpx:TrackPointExtension><gpxtpx:hr>116</gpxtpx:hr></gpxtpx:TrackPointExtension></extensions></trkpt>
      <trkpt lat="51.084207" lon="-115.346559"><ele>1314.2</ele><time>2026-06-20T14:18:32.000Z</time><extensions><gpxtpx:TrackPointExtension><gpxtpx:hr>116</gpxtpx:hr></gpxtpx:TrackPointExtension></extensions></trkpt>
      <trkpt lat="51.084191" lon="-115.346604"><ele>1314.2</ele><time>2026-06-20T14:18:33.000Z</time><extensions><gpxtpx:TrackPointExtension><gpxtpx:hr>116</gpxtpx:hr></gpxtpx:TrackPointExtension></extensions></trkpt>
      <trkpt lat="51.084185" lon="-115.346619"><ele>1314.2</ele><time>2026-06-20T14:18:34.000Z</time><extensions><gpxtpx:TrackPointExtension><gpxtpx:hr>116</gpxtpx:hr></gpxtpx:TrackPointExtension></extensions></trkpt>
      <trkpt lat="51.084165" lon="-115.346675"><ele>1314.2</ele><time>2026-06-20T14:18:35.000Z</time><extensions><gpxtpx:TrackPointExtension><gpxtpx:hr>116</gpxtpx:hr></gpxtpx:TrackPointExtension></extensions></trkpt>
      <trkpt lat="51.084156" lon="-115.346698"><ele>1314.2</ele><time>2026-06-20T14:18:36.000Z</time><extensions><gpxtpx:TrackPointExtension><gpxtpx:hr>116</gpxtpx:hr></gpxtpx:TrackPointExtension></extensions></trkpt>
      <trkpt lat="51.084147" lon="-115.34672"><ele>1314.2</ele><time>2026-06-20T14:18:37.000Z</time><extensions><gpxtpx:TrackPointExtension><gpxtpx:hr>116</gpxtpx:hr></gpxtpx:TrackPointExtension></extensions></trkpt>
      <trkpt lat="51.084128" lon="-115.346771"><ele>1314.2</ele><time>2026-06-20T14:18:38.000Z</time><extensions><gpxtpx:TrackPointExtension><gpxtpx:hr>116</gpxtpx:hr></gpxtpx:TrackPointExtension></extensions></trkpt>
      <trkpt lat="51.084121" lon="-115.346788"><ele>1314.2</ele><time>2026-06-20T14:18:39.000Z</time><extensions><gpxtpx:TrackPointExtension><gpxtpx:hr>116</gpxtpx:hr></gpxtpx:TrackPointExtension></extensions></trkpt>
      <trkpt lat="51.084102" lon="-115.346848"><ele>1314</ele><time>2026-06-20T14:18:40.000Z</time><extensions><gpxtpx:TrackPointExtension><gpxtpx:hr>116</gpxtpx:hr></gpxtpx:TrackPointExtension></extensions></trkpt>
      <trkpt lat="51.084095" lon="-115.346872"><ele>1314</ele><time>2026-06-20T14:18:41.000Z</time><extensions><gpxtpx:TrackPointExtension><gpxtpx:hr>116</gpxtpx:hr></gpxtpx:TrackPointExtension></extensions></trkpt>
      <trkpt lat="51.084088" lon="-115.346896"><ele>1314</ele><time>2026-06-20T14:18:42.000Z</time><extensions><gpxtpx:TrackPointExtension><gpxtpx:hr>116</gpxtpx:hr></gpxtpx:TrackPointExtension></extensions></trkpt>
      <trkpt lat="51.084072" lon="-115.346955"><ele>1313.8</ele><time>2026-06-20T14:18:43.000Z</time><extensions><gpxtpx:TrackPointExtension><gpxtpx:hr>116</gpxtpx:hr></gpxtpx:TrackPointExtension></extensions></trkpt>
      <trkpt lat="51.084064" lon="-115.346978"><ele>1313.8</ele><time>2026-06-20T14:18:44.000Z</time><extensions><gpxtpx:TrackPointExtension><gpxtpx:hr>116</gpxtpx:hr></gpxtpx:TrackPointExtension></extensions></trkpt>
      <trkpt lat="51.084057" lon="-115.347002"><ele>1313.8</ele><time>2026-06-20T14:18:45.000Z</time><extensions><gpxtpx:TrackPointExtension><gpxtpx:hr>118</gpxtpx:hr></gpxtpx:TrackPointExtension></extensions></trkpt>
      <trkpt lat="51.084042" lon="-115.347056"><ele>1313.8</ele><time>2026-06-20T14:18:46.000Z</time><extensions><gpxtpx:TrackPointExtension><gpxtpx:hr>118</gpxtpx:hr></gpxtpx:TrackPointExtension></extensions></trkpt>
      <trkpt lat="51.084037" lon="-115.347074"><ele>1313.8</ele><time>2026-06-20T14:18:47.000Z</time><extensions><gpxtpx:TrackPointExtension><gpxtpx:hr>118</gpxtpx:hr></gpxtpx:TrackPointExtension></extensions></trkpt>
      <trkpt lat="51.084023" lon="-115.347134"><ele>1313.6</ele><time>2026-06-20T14:18:48.000Z</time><extensions><gpxtpx:TrackPointExtension><gpxtpx:hr>118</gpxtpx:hr></gpxtpx:TrackPointExtension></extensions></trkpt>
      <trkpt lat="51.084019" lon="-115.347159"><ele>1313.6</ele><time>2026-06-20T14:18:49.000Z</time><extensions><gpxtpx:TrackPointExtension><gpxtpx:hr>118</gpxtpx:hr></gpxtpx:TrackPointExtension></extensions></trkpt>
      <trkpt lat="51.084014" lon="-115.347183"><ele>1313.6</ele><time>2026-06-20T14:18:50.000Z</time><extensions><gpxtpx:TrackPointExtension><gpxtpx:hr>118</gpxtpx:hr></gpxtpx:TrackPointExtension></extensions></trkpt>
      <trkpt lat="51.084019" lon="-115.347221"><ele>1313.4</ele><time>2026-06-20T14:18:51.000Z</time><extensions><gpxtpx:TrackPointExtension><gpxtpx:hr>119</gpxtpx:hr></gpxtpx:TrackPointExtension></extensions></trkpt>
      <trkpt lat="51.084032" lon="-115.347245"><ele>1313.4</ele><time>2026-06-20T14:18:52.000Z</time><extensions><gpxtpx:TrackPointExtension><gpxtpx:hr>119</gpxtpx:hr></gpxtpx:TrackPointExtension></extensions></trkpt>
      <trkpt lat="51.08405" lon="-115.34726"><ele>1313.4</ele><time>2026-06-20T14:18:53.000Z</time><extensions><gpxtpx:TrackPointExtension><gpxtpx:hr>119</gpxtpx:hr></gpxtpx:TrackPointExtension></extensions></trkpt>
      <trkpt lat="51.084069" lon="-115.347271"><ele>1313.2</ele><time>2026-06-20T14:18:54.000Z</time><extensions><gpxtpx:TrackPointExtension><gpxtpx:hr>119</gpxtpx:hr></gpxtpx:TrackPointExtension></extensions></trkpt>
      <trkpt lat="51.08409" lon="-115.347278"><ele>1313.2</ele><time>2026-06-20T14:18:55.000Z</time><extensions><gpxtpx:TrackPointExtension><gpxtpx:hr>119</gpxtpx:hr></gpxtpx:TrackPointExtension></extensions></trkpt>
      <trkpt lat="51.084126" lon="-115.347282"><ele>1313</ele><time>2026-06-20T14:18:56.000Z</time><extensions><gpxtpx:TrackPointExtension><gpxtpx:hr>119</gpxtpx:hr></gpxtpx:TrackPointExtension></extensions></trkpt>
      <trkpt lat="51.084138" lon="-115.347283"><ele>1313</ele><time>2026-06-20T14:18:57.000Z</time><extensions><gpxtpx:TrackPointExtension><gpxtpx:hr>119</gpxtpx:hr></gpxtpx:TrackPointExtension></extensions></trkpt>
      <trkpt lat="51.08418" lon="-115.347296"><ele>1312.8</ele><time>2026-06-20T14:18:58.000Z</time><extensions><gpxtpx:TrackPointExtension><gpxtpx:hr>119</gpxtpx:hr></gpxtpx:TrackPointExtension></extensions></trkpt>
      <trkpt lat="51.084196" lon="-115.347304"><ele>1312.8</ele><time>2026-06-20T14:18:59.000Z</time><extensions><gpxtpx:TrackPointExtension><gpxtpx:hr>123</gpxtpx:hr></gpxtpx:TrackPointExtension></extensions></trkpt>
      <trkpt lat="51.084213" lon="-115.347312"><ele>1312.6</ele><time>2026-06-20T14:19:00.000Z</time><extensions><gpxtpx:TrackPointExtension><gpxtpx:hr>123</gpxtpx:hr></gpxtpx:TrackPointExtension></extensions></trkpt>
      <trkpt lat="51.084258" lon="-115.347338"><ele>1312.6</ele><time>2026-06-20T14:19:01.000Z</time><extensions><gpxtpx:TrackPointExtension><gpxtpx:hr>123</gpxtpx:hr></gpxtpx:TrackPointExtension></extensions></trkpt>
      <trkpt lat="51.084273" lon="-115.347348"><ele>1312.6</ele><time>2026-06-20T14:19:02.000Z</time><extensions><gpxtpx:TrackPointExtension><gpxtpx:hr>123</gpxtpx:hr></gpxtpx:TrackPointExtension></extensions></trkpt>
      <trkpt lat="51.084322" lon="-115.34737"><ele>1312.6</ele><time>2026-06-20T14:19:03.000Z</time><extensions><gpxtpx:TrackPointExtension><gpxtpx:hr>123</gpxtpx:hr></gpxtpx:TrackPointExtension></extensions></trkpt>
      <trkpt lat="51.084341" lon="-115.347377"><ele>1312.6</ele><time>2026-06-20T14:19:04.000Z</time><extensions><gpxtpx:TrackPointExtension><gpxtpx:hr>123</gpxtpx:hr></gpxtpx:TrackPointExtension></extensions></trkpt>
      <trkpt lat="51.084359" lon="-115.347385"><ele>1312.6</ele><time>2026-06-20T14:19:05.000Z</time><extensions><gpxtpx:TrackPointExtension><gpxtpx:hr>126</gpxtpx:hr></gpxtpx:TrackPointExtension></extensions></trkpt>
      <trkpt lat="51.084396" lon="-115.347406"><ele>1312.6</ele><time>2026-06-20T14:19:06.000Z</time><extensions><gpxtpx:TrackPointExtension><gpxtpx:hr>126</gpxtpx:hr></gpxtpx:TrackPointExtension></extensions></trkpt>
      <trkpt lat="51.084407" lon="-115.347414"><ele>1312.6</ele><time>2026-06-20T14:19:07.000Z</time><extensions><gpxtpx:TrackPointExtension><gpxtpx:hr>126</gpxtpx:hr></gpxtpx:TrackPointExtension></extensions></trkpt>
      <trkpt lat="51.084436" lon="-115.34745"><ele>1312.6</ele><time>2026-06-20T14:19:08.000Z</time><extensions><gpxtpx:TrackPointExtension><gpxtpx:hr>126</gpxtpx:hr></gpxtpx:TrackPointExtension></extensions></trkpt>
      <trkpt lat="51.084444" lon="-115.347466"><ele>1312.6</ele><time>2026-06-20T14:19:09.000Z</time><extensions><gpxtpx:TrackPointExtension><gpxtpx:hr>126</gpxtpx:hr></gpxtpx:TrackPointExtension></extensions></trkpt>
      <trkpt lat="51.084453" lon="-115.347483"><ele>1312.6</ele><time>2026-06-20T14:19:10.000Z</time><extensions><gpxtpx:TrackPointExtension><gpxtpx:hr>126</gpxtpx:hr></gpxtpx:TrackPointExtension></extensions></trkpt>
      <trkpt lat="51.084461" lon="-115.347532"><ele>1312.6</ele><time>2026-06-20T14:19:11.000Z</time><extensions><gpxtpx:TrackPointExtension><gpxtpx:hr>126</gpxtpx:hr></gpxtpx:TrackPointExtension></extensions></trkpt>
      <trkpt lat="51.084462" lon="-115.347552"><ele>1312.6</ele><time>2026-06-20T14:19:12.000Z</time><extensions><gpxtpx:TrackPointExtension><gpxtpx:hr>130</gpxtpx:hr></gpxtpx:TrackPointExtension></extensions></trkpt>
      <trkpt lat="51.084463" lon="-115.347573"><ele>1312.6</ele><time>2026-06-20T14:19:13.000Z</time><extensions><gpxtpx:TrackPointExtension><gpxtpx:hr>130</gpxtpx:hr></gpxtpx:TrackPointExtension></extensions></trkpt>
      <trkpt lat="51.08446" lon="-115.347628"><ele>1312.6</ele><time>2026-06-20T14:19:14.000Z</time><extensions><gpxtpx:TrackPointExtension><gpxtpx:hr>130</gpxtpx:hr></gpxtpx:TrackPointExtension></extensions></trkpt>
      <trkpt lat="51.084459" lon="-115.347647"><ele>1312.8</ele><time>2026-06-20T14:19:15.000Z</time><extensions><gpxtpx:TrackPointExtension><gpxtpx:hr>131</gpxtpx:hr></gpxtpx:TrackPointExtension></extensions></trkpt>
      <trkpt lat="51.084457" lon="-115.347714"><ele>1312.8</ele><time>2026-06-20T14:19:16.000Z</time><extensions><gpxtpx:TrackPointExtension><gpxtpx:hr>131</gpxtpx:hr></gpxtpx:TrackPointExtension></extensions></trkpt>
      <trkpt lat="51.084456" lon="-115.347741"><ele>1312.8</ele><time>2026-06-20T14:19:17.000Z</time><extensions><gpxtpx:TrackPointExtension><gpxtpx:hr>131</gpxtpx:hr></gpxtpx:TrackPointExtension></extensions></trkpt>
      <trkpt lat="51.084455" lon="-115.347768"><ele>1312.8</ele><time>2026-06-20T14:19:18.000Z</time><extensions><gpxtpx:TrackPointExtension><gpxtpx:hr>131</gpxtpx:hr></gpxtpx:TrackPointExtension></extensions></trkpt>
      <trkpt lat="51.084453" lon="-115.347826"><ele>1312.8</ele><time>2026-06-20T14:19:19.000Z</time><extensions><gpxtpx:TrackPointExtension><gpxtpx:hr>131</gpxtpx:hr></gpxtpx:TrackPointExtension></extensions></trkpt>
      <trkpt lat="51.084452" lon="-115.347844"><ele>1312.8</ele><time>2026-06-20T14:19:20.000Z</time><extensions><gpxtpx:TrackPointExtension><gpxtpx:hr>131</gpxtpx:hr></gpxtpx:TrackPointExtension></extensions></trkpt>
      <trkpt lat="51.084461" lon="-115.347897"><ele>1313</ele><time>2026-06-20T14:19:21.000Z</time><extensions><gpxtpx:TrackPointExtension><gpxtpx:hr>131</gpxtpx:hr></gpxtpx:TrackPointExtension></extensions></trkpt>
      <trkpt lat="51.084469" lon="-115.347916"><ele>1313</ele><time>2026-06-20T14:19:22.000Z</time><extensions><gpxtpx:TrackPointExtension><gpxtpx:hr>131</gpxtpx:hr></gpxtpx:TrackPointExtension></extensions></trkpt>
      <trkpt lat="51.084476" lon="-115.347934"><ele>1313</ele><time>2026-06-20T14:19:23.000Z</time><extensions><gpxtpx:TrackPointExtension><gpxtpx:hr>132</gpxtpx:hr></gpxtpx:TrackPointExtension></extensions></trkpt>
      <trkpt lat="51.084504" lon="-115.34796"><ele>1313</ele><time>2026-06-20T14:19:24.000Z</time><extensions><gpxtpx:TrackPointExtension><gpxtpx:hr>132</gpxtpx:hr></gpxtpx:TrackPointExtension></extensions></trkpt>
      <trkpt lat="51.084514" lon="-115.347968"><ele>1313</ele><time>2026-06-20T14:19:25.000Z</time><extensions><gpxtpx:TrackPointExtension><gpxtpx:hr>132</gpxtpx:hr></gpxtpx:TrackPointExtension></extensions></trkpt>
      <trkpt lat="51.084553" lon="-115.347995"><ele>1313</ele><time>2026-06-20T14:19:26.000Z</time><extensions><gpxtpx:TrackPointExtension><gpxtpx:hr>132</gpxtpx:hr></gpxtpx:TrackPointExtension></extensions></trkpt>
      <trkpt lat="51.084569" lon="-115.348006"><ele>1313</ele><time>2026-06-20T14:19:27.000Z</time><extensions><gpxtpx:TrackPointExtension><gpxtpx:hr>132</gpxtpx:hr></gpxtpx:TrackPointExtension></extensions></trkpt>
      <trkpt lat="51.084584" lon="-115.348017"><ele>1313</ele><time>2026-06-20T14:19:28.000Z</time><extensions><gpxtpx:TrackPointExtension><gpxtpx:hr>132</gpxtpx:hr></gpxtpx:TrackPointExtension></extensions></trkpt>
      <trkpt lat="51.084615" lon="-115.348034"><ele>1313</ele><time>2026-06-20T14:19:29.000Z</time><extensions><gpxtpx:TrackPointExtension><gpxtpx:hr>132</gpxtpx:hr></gpxtpx:TrackPointExtension></extensions></trkpt>
      <trkpt lat="51.084625" lon="-115.34804"><ele>1313</ele><time>2026-06-20T14:19:30.000Z</time><extensions><gpxtpx:TrackPointExtension><gpxtpx:hr>132</gpxtpx:hr></gpxtpx:TrackPointExtension></extensions></trkpt>
      <trkpt lat="51.084672" lon="-115.348063"><ele>1313</ele><time>2026-06-20T14:19:31.000Z</time><extensions><gpxtpx:TrackPointExtension><gpxtpx:hr>132</gpxtpx:hr></gpxtpx:TrackPointExtension></extensions></trkpt>
      <trkpt lat="51.084696" lon="-115.348076"><ele>1313.2</ele><time>2026-06-20T14:19:32.000Z</time><extensions><gpxtpx:TrackPointExtension><gpxtpx:hr>132</gpxtpx:hr></gpxtpx:TrackPointExtension></extensions></trkpt>
      <trkpt lat="51.084721" lon="-115.348088"><ele>1313.2</ele><time>2026-06-20T14:19:33.000Z</time><extensions><gpxtpx:TrackPointExtension><gpxtpx:hr>132</gpxtpx:hr></gpxtpx:TrackPointExtension></extensions></trkpt>
      <trkpt lat="51.08476" lon="-115.348108"><ele>1313.2</ele><time>2026-06-20T14:19:34.000Z</time><extensions><gpxtpx:TrackPointExtension><gpxtpx:hr>133</gpxtpx:hr></gpxtpx:TrackPointExtension></extensions></trkpt>
      <trkpt lat="51.084772" lon="-115.348115"><ele>1313.4</ele><time>2026-06-20T14:19:35.000Z</time><extensions><gpxtpx:TrackPointExtension><gpxtpx:hr>133</gpxtpx:hr></gpxtpx:TrackPointExtension></extensions></trkpt>
      <trkpt lat="51.084812" lon="-115.348133"><ele>1313.4</ele><time>2026-06-20T14:19:36.000Z</time><extensions><gpxtpx:TrackPointExtension><gpxtpx:hr>133</gpxtpx:hr></gpxtpx:TrackPointExtension></extensions></trkpt>
      <trkpt lat="51.084828" lon="-115.348138"><ele>1313.4</ele><time>2026-06-20T14:19:37.000Z</time><extensions><gpxtpx:TrackPointExtension><gpxtpx:hr>133</gpxtpx:hr></gpxtpx:TrackPointExtension></extensions></trkpt>
      <trkpt lat="51.084843" lon="-115.348143"><ele>1313.4</ele><time>2026-06-20T14:19:38.000Z</time><extensions><gpxtpx:TrackPointExtension><gpxtpx:hr>134</gpxtpx:hr></gpxtpx:TrackPointExtension></extensions></trkpt>
      <trkpt lat="51.084884" lon="-115.348148"><ele>1313.6</ele><time>2026-06-20T14:19:39.000Z</time><extensions><gpxtpx:TrackPointExtension><gpxtpx:hr>134</gpxtpx:hr></gpxtpx:TrackPointExtension></extensions></trkpt>
      <trkpt lat="51.084901" lon="-115.348149"><ele>1313.6</ele><time>2026-06-20T14:19:40.000Z</time><extensions><gpxtpx:TrackPointExtension><gpxtpx:hr>134</gpxtpx:hr></gpxtpx:TrackPointExtension></extensions></trkpt>
      <trkpt lat="51.084918" lon="-115.348151"><ele>1313.6</ele><time>2026-06-20T14:19:41.000Z</time><extensions><gpxtpx:TrackPointExtension><gpxtpx:hr>134</gpxtpx:hr></gpxtpx:TrackPointExtension></extensions></trkpt>
      <trkpt lat="51.084953" lon="-115.348155"><ele>1313.6</ele><time>2026-06-20T14:19:42.000Z</time><extensions><gpxtpx:TrackPointExtension><gpxtpx:hr>134</gpxtpx:hr></gpxtpx:TrackPointExtension></extensions></trkpt>
      <trkpt lat="51.084964" lon="-115.348156"><ele>1313.8</ele><time>2026-06-20T14:19:43.000Z</time><extensions><gpxtpx:TrackPointExtension><gpxtpx:hr>134</gpxtpx:hr></gpxtpx:TrackPointExtension></extensions></trkpt>
      <trkpt lat="51.085001" lon="-115.348159"><ele>1313.8</ele><time>2026-06-20T14:19:44.000Z</time><extensions><gpxtpx:TrackPointExtension><gpxtpx:hr>134</gpxtpx:hr></gpxtpx:TrackPointExtension></extensions></trkpt>
      <trkpt lat="51.085017" lon="-115.34816"><ele>1313.8</ele><time>2026-06-20T14:19:45.000Z</time><extensions><gpxtpx:TrackPointExtension><gpxtpx:hr>134</gpxtpx:hr></gpxtpx:TrackPointExtension></extensions></trkpt>
      <trkpt lat="51.085032" lon="-115.348161"><ele>1313.8</ele><time>2026-06-20T14:19:46.000Z</time><extensions><gpxtpx:TrackPointExtension><gpxtpx:hr>134</gpxtpx:hr></gpxtpx:TrackPointExtension></extensions></trkpt>
      <trkpt lat="51.085074" lon="-115.348166"><ele>1313.8</ele><time>2026-06-20T14:19:47.000Z</time><extensions><gpxtpx:TrackPointExtension><gpxtpx:hr>134</gpxtpx:hr></gpxtpx:TrackPointExtension></extensions></trkpt>
      <trkpt lat="51.085089" lon="-115.348168"><ele>1313.8</ele><time>2026-06-20T14:19:48.000Z</time><extensions><gpxtpx:TrackPointExtension><gpxtpx:hr>134</gpxtpx:hr></gpxtpx:TrackPointExtension></extensions></trkpt>
      <trkpt lat="51.085137" lon="-115.348178"><ele>1313.8</ele><time>2026-06-20T14:19:49.000Z</time><extensions><gpxtpx:TrackPointExtension><gpxtpx:hr>134</gpxtpx:hr></gpxtpx:TrackPointExtension></extensions></trkpt>
      <trkpt lat="51.085155" lon="-115.348182"><ele>1313.8</ele><time>2026-06-20T14:19:50.000Z</time><extensions><gpxtpx:TrackPointExtension><gpxtpx:hr>134</gpxtpx:hr></gpxtpx:TrackPointExtension></extensions></trkpt>
      <trkpt lat="51.085174" lon="-115.348187"><ele>1313.8</ele><time>2026-06-20T14:19:51.000Z</time><extensions><gpxtpx:TrackPointExtension><gpxtpx:hr>134</gpxtpx:hr></gpxtpx:TrackPointExtension></extensions></trkpt>
      <trkpt lat="51.085209" lon="-115.348206"><ele>1313.8</ele><time>2026-06-20T14:19:52.000Z</time><extensions><gpxtpx:TrackPointExtension><gpxtpx:hr>134</gpxtpx:hr></gpxtpx:TrackPointExtension></extensions></trkpt>
      <trkpt lat="51.08522" lon="-115.348214"><ele>1313.8</ele><time>2026-06-20T14:19:53.000Z</time><extensions><gpxtpx:TrackPointExtension><gpxtpx:hr>134</gpxtpx:hr></gpxtpx:TrackPointExtension></extensions></trkpt>
      <trkpt lat="51.085255" lon="-115.34825"><ele>1313.6</ele><time>2026-06-20T14:19:54.000Z</time><extensions><gpxtpx:TrackPointExtension><gpxtpx:hr>133</gpxtpx:hr></gpxtpx:TrackPointExtension></extensions></trkpt>
      <trkpt lat="51.085268" lon="-115.348268"><ele>1313.6</ele><time>2026-06-20T14:19:55.000Z</time><extensions><gpxtpx:TrackPointExtension><gpxtpx:hr>133</gpxtpx:hr></gpxtpx:TrackPointExtension></extensions></trkpt>
      <trkpt lat="51.085282" lon="-115.348285"><ele>1313.6</ele><time>2026-06-20T14:19:56.000Z</time><extensions><gpxtpx:TrackPointExtension><gpxtpx:hr>133</gpxtpx:hr></gpxtpx:TrackPointExtension></extensions></trkpt>
      <trkpt lat="51.085312" lon="-115.348331"><ele>1313.4</ele><time>2026-06-20T14:19:57.000Z</time><extensions><gpxtpx:TrackPointExtension><gpxtpx:hr>133</gpxtpx:hr></gpxtpx:TrackPointExtension></extensions></trkpt>
      <trkpt lat="51.085322" lon="-115.348348"><ele>1313.4</ele><time>2026-06-20T14:19:58.000Z</time><extensions><gpxtpx:TrackPointExtension><gpxtpx:hr>134</gpxtpx:hr></gpxtpx:TrackPointExtension></extensions></trkpt>
      <trkpt lat="51.085345" lon="-115.348405"><ele>1313.4</ele><time>2026-06-20T14:19:59.000Z</time><extensions><gpxtpx:TrackPointExtension><gpxtpx:hr>134</gpxtpx:hr></gpxtpx:TrackPointExtension></extensions></trkpt>
      <trkpt lat="51.085351" lon="-115.348429"><ele>1313.2</ele><time>2026-06-20T14:20:00.000Z</time><extensions><gpxtpx:TrackPointExtension><gpxtpx:hr>134</gpxtpx:hr></gpxtpx:TrackPointExtension></extensions></trkpt>
      <trkpt lat="51.085358" lon="-115.348453"><ele>1313.2</ele><time>2026-06-20T14:20:01.000Z</time><extensions><gpxtpx:TrackPointExtension><gpxtpx:hr>134</gpxtpx:hr></gpxtpx:TrackPointExtension></extensions></trkpt>
      <trkpt lat="51.085368" lon="-115.348521"><ele>1313.2</ele><time>2026-06-20T14:20:02.000Z</time><extensions><gpxtpx:TrackPointExtension><gpxtpx:hr>134</gpxtpx:hr></gpxtpx:TrackPointExtension></extensions></trkpt>
      <trkpt lat="51.08537" lon="-115.348548"><ele>1313.2</ele><time>2026-06-20T14:20:03.000Z</time><extensions><gpxtpx:TrackPointExtension><gpxtpx:hr>134</gpxtpx:hr></gpxtpx:TrackPointExtension></extensions></trkpt>
      <trkpt lat="51.085373" lon="-115.348575"><ele>1313.2</ele><time>2026-06-20T14:20:04.000Z</time><extensions><gpxtpx:TrackPointExtension><gpxtpx:hr>133</gpxtpx:hr></gpxtpx:TrackPointExtension></extensions></trkpt>
      <trkpt lat="51.085377" lon="-115.348629"><ele>1313.2</ele><time>2026-06-20T14:20:05.000Z</time><extensions><gpxtpx:TrackPointExtension><gpxtpx:hr>133</gpxtpx:hr></gpxtpx:TrackPointExtension></extensions></trkpt>
      <trkpt lat="51.085378" lon="-115.348647"><ele>1313.4</ele><time>2026-06-20T14:20:06.000Z</time><extensions><gpxtpx:TrackPointExtension><gpxtpx:hr>133</gpxtpx:hr></gpxtpx:TrackPointExtension></extensions></trkpt>
      <trkpt lat="51.08538" lon="-115.348708"><ele>1313.4</ele><time>2026-06-20T14:20:07.000Z</time><extensions><gpxtpx:TrackPointExtension><gpxtpx:hr>133</gpxtpx:hr></gpxtpx:TrackPointExtension></extensions></trkpt>
      <trkpt lat="51.085381" lon="-115.348735"><ele>1313.4</ele><time>2026-06-20T14:20:08.000Z</time><extensions><gpxtpx:TrackPointExtension><gpxtpx:hr>133</gpxtpx:hr></gpxtpx:TrackPointExtension></extensions></trkpt>
      <trkpt lat="51.085382" lon="-115.348761"><ele>1313.4</ele><time>2026-06-20T14:20:09.000Z</time><extensions><gpxtpx:TrackPointExtension><gpxtpx:hr>134</gpxtpx:hr></gpxtpx:TrackPointExtension></extensions></trkpt>
      <trkpt lat="51.085383" lon="-115.348822"><ele>1313.6</ele><time>2026-06-20T14:20:10.000Z</time><extensions><gpxtpx:TrackPointExtension><gpxtpx:hr>133</gpxtpx:hr></gpxtpx:TrackPointExtension></extensions></trkpt>
      <trkpt lat="51.085382" lon="-115.348842"><ele>1313.6</ele><time>2026-06-20T14:20:11.000Z</time><extensions><gpxtpx:TrackPointExtension><gpxtpx:hr>133</gpxtpx:hr></gpxtpx:TrackPointExtension></extensions></trkpt>
      <trkpt lat="51.085383" lon="-115.348902"><ele>1313.6</ele><time>2026-06-20T14:20:12.000Z</time><extensions><gpxtpx:TrackPointExtension><gpxtpx:hr>133</gpxtpx:hr></gpxtpx:TrackPointExtension></extensions></trkpt>
      <trkpt lat="51.085383" lon="-115.348927"><ele>1313.6</ele><time>2026-06-20T14:20:13.000Z</time><extensions><gpxtpx:TrackPointExtension><gpxtpx:hr>133</gpxtpx:hr></gpxtpx:TrackPointExtension></extensions></trkpt>
      <trkpt lat="51.085384" lon="-115.348951"><ele>1313.8</ele><time>2026-06-20T14:20:14.000Z</time><extensions><gpxtpx:TrackPointExtension><gpxtpx:hr>133</gpxtpx:hr></gpxtpx:TrackPointExtension></extensions></trkpt>
      <trkpt lat="51.085384" lon="-115.34901"><ele>1313.8</ele><time>2026-06-20T14:20:15.000Z</time><extensions><gpxtpx:TrackPointExtension><gpxtpx:hr>133</gpxtpx:hr></gpxtpx:TrackPointExtension></extensions></trkpt>
      <trkpt lat="51.085384" lon="-115.34903"><ele>1313.8</ele><time>2026-06-20T14:20:16.000Z</time><extensions><gpxtpx:TrackPointExtension><gpxtpx:hr>133</gpxtpx:hr></gpxtpx:TrackPointExtension></extensions></trkpt>
      <trkpt lat="51.085393" lon="-115.349094"><ele>1313.8</ele><time>2026-06-20T14:20:17.000Z</time><extensions><gpxtpx:TrackPointExtension><gpxtpx:hr>133</gpxtpx:hr></gpxtpx:TrackPointExtension></extensions></trkpt>
      <trkpt lat="51.085398" lon="-115.349118"><ele>1314</ele><time>2026-06-20T14:20:18.000Z</time><extensions><gpxtpx:TrackPointExtension><gpxtpx:hr>133</gpxtpx:hr></gpxtpx:TrackPointExtension></extensions></trkpt>
      <trkpt lat="51.085404" lon="-115.349142"><ele>1314</ele><time>2026-06-20T14:20:19.000Z</time><extensions><gpxtpx:TrackPointExtension><gpxtpx:hr>134</gpxtpx:hr></gpxtpx:TrackPointExtension></extensions></trkpt>
      <trkpt lat="51.085429" lon="-115.349184"><ele>1314</ele><time>2026-06-20T14:20:20.000Z</time><extensions><gpxtpx:TrackPointExtension><gpxtpx:hr>134</gpxtpx:hr></gpxtpx:TrackPointExtension></extensions></trkpt>
      <trkpt lat="51.085438" lon="-115.349196"><ele>1314</ele><time>2026-06-20T14:20:21.000Z</time><extensions><gpxtpx:TrackPointExtension><gpxtpx:hr>134</gpxtpx:hr></gpxtpx:TrackPointExtension></extensions></trkpt>
      <trkpt lat="51.085475" lon="-115.349221"><ele>1314</ele><time>2026-06-20T14:20:22.000Z</time><extensions><gpxtpx:TrackPointExtension><gpxtpx:hr>134</gpxtpx:hr></gpxtpx:TrackPointExtension></extensions></trkpt>
      <trkpt lat="51.08549" lon="-115.349227"><ele>1314</ele><time>2026-06-20T14:20:23.000Z</time><extensions><gpxtpx:TrackPointExtension><gpxtpx:hr>134</gpxtpx:hr></gpxtpx:TrackPointExtension></extensions></trkpt>
      <trkpt lat="51.085505" lon="-115.349234"><ele>1314.2</ele><time>2026-06-20T14:20:24.000Z</time><extensions><gpxtpx:TrackPointExtension><gpxtpx:hr>134</gpxtpx:hr></gpxtpx:TrackPointExtension></extensions></trkpt>
      <trkpt lat="51.085538" lon="-115.349246"><ele>1314.2</ele><time>2026-06-20T14:20:25.000Z</time><extensions><gpxtpx:TrackPointExtension><gpxtpx:hr>136</gpxtpx:hr></gpxtpx:TrackPointExtension></extensions></trkpt>
      <trkpt lat="51.085549" lon="-115.34925"><ele>1314.2</ele><time>2026-06-20T14:20:26.000Z</time><extensions><gpxtpx:TrackPointExtension><gpxtpx:hr>136</gpxtpx:hr></gpxtpx:TrackPointExtension></extensions></trkpt>
      <trkpt lat="51.085589" lon="-115.349263"><ele>1314.2</ele><time>2026-06-20T14:20:27.000Z</time><extensions><gpxtpx:TrackPointExtension><gpxtpx:hr>136</gpxtpx:hr></gpxtpx:TrackPointExtension></extensions></trkpt>
      <trkpt lat="51.085605" lon="-115.349269"><ele>1314.2</ele><time>2026-06-20T14:20:28.000Z</time><extensions><gpxtpx:TrackPointExtension><gpxtpx:hr>136</gpxtpx:hr></gpxtpx:TrackPointExtension></extensions></trkpt>
      <trkpt lat="51.085622" lon="-115.349274"><ele>1314.2</ele><time>2026-06-20T14:20:29.000Z</time><extensions><gpxtpx:TrackPointExtension><gpxtpx:hr>136</gpxtpx:hr></gpxtpx:TrackPointExtension></extensions></trkpt>
      <trkpt lat="51.085666" lon="-115.349287"><ele>1314.2</ele><time>2026-06-20T14:20:30.000Z</time><extensions><gpxtpx:TrackPointExtension><gpxtpx:hr>136</gpxtpx:hr></gpxtpx:TrackPointExtension></extensions></trkpt>
      <trkpt lat="51.085685" lon="-115.349293"><ele>1314.2</ele><time>2026-06-20T14:20:31.000Z</time><extensions><gpxtpx:TrackPointExtension><gpxtpx:hr>136</gpxtpx:hr></gpxtpx:TrackPointExtension></extensions></trkpt>
      <trkpt lat="51.085703" lon="-115.349299"><ele>1314.2</ele><time>2026-06-20T14:20:32.000Z</time><extensions><gpxtpx:TrackPointExtension><gpxtpx:hr>136</gpxtpx:hr></gpxtpx:TrackPointExtension></extensions></trkpt>
      <trkpt lat="51.085747" lon="-115.349314"><ele>1314.2</ele><time>2026-06-20T14:20:33.000Z</time><extensions><gpxtpx:TrackPointExtension><gpxtpx:hr>136</gpxtpx:hr></gpxtpx:TrackPointExtension></extensions></trkpt>
      <trkpt lat="51.085761" lon="-115.349319"><ele>1314.2</ele><time>2026-06-20T14:20:34.000Z</time><extensions><gpxtpx:TrackPointExtension><gpxtpx:hr>136</gpxtpx:hr></gpxtpx:TrackPointExtension></extensions></trkpt>
      <trkpt lat="51.08581" lon="-115.349338"><ele>1314</ele><time>2026-06-20T14:20:35.000Z</time><extensions><gpxtpx:TrackPointExtension><gpxtpx:hr>137</gpxtpx:hr></gpxtpx:TrackPointExtension></extensions></trkpt>
      <trkpt lat="51.085829" lon="-115.349346"><ele>1314</ele><time>2026-06-20T14:20:36.000Z</time><extensions><gpxtpx:TrackPointExtension><gpxtpx:hr>137</gpxtpx:hr></gpxtpx:TrackPointExtension></extensions></trkpt>
      <trkpt lat="51.085848" lon="-115.349354"><ele>1314</ele><time>2026-06-20T14:20:37.000Z</time><extensions><gpxtpx:TrackPointExtension><gpxtpx:hr>137</gpxtpx:hr></gpxtpx:TrackPointExtension></extensions></trkpt>
      <trkpt lat="51.085885" lon="-115.349376"><ele>1314</ele><time>2026-06-20T14:20:38.000Z</time><extensions><gpxtpx:TrackPointExtension><gpxtpx:hr>137</gpxtpx:hr></gpxtpx:TrackPointExtension></extensions></trkpt>
      <trkpt lat="51.085896" lon="-115.349384"><ele>1314</ele><time>2026-06-20T14:20:39.000Z</time><extensions><gpxtpx:TrackPointExtension><gpxtpx:hr>137</gpxtpx:hr></gpxtpx:TrackPointExtension></extensions></trkpt>
      <trkpt lat="51.085931" lon="-115.349417"><ele>1314</ele><time>2026-06-20T14:20:40.000Z</time><extensions><gpxtpx:TrackPointExtension><gpxtpx:hr>138</gpxtpx:hr></gpxtpx:TrackPointExtension></extensions></trkpt>
      <trkpt lat="51.085944" lon="-115.349432"><ele>1313.8</ele><time>2026-06-20T14:20:41.000Z</time><extensions><gpxtpx:TrackPointExtension><gpxtpx:hr>138</gpxtpx:hr></gpxtpx:TrackPointExtension></extensions></trkpt>
      <trkpt lat="51.085957" lon="-115.349448"><ele>1313.8</ele><time>2026-06-20T14:20:42.000Z</time><extensions><gpxtpx:TrackPointExtension><gpxtpx:hr>138</gpxtpx:hr></gpxtpx:TrackPointExtension></extensions></trkpt>
      <trkpt lat="51.085981" lon="-115.349495"><ele>1313.8</ele><time>2026-06-20T14:20:43.000Z</time><extensions><gpxtpx:TrackPointExtension><gpxtpx:hr>138</gpxtpx:hr></gpxtpx:TrackPointExtension></extensions></trkpt>
      <trkpt lat="51.085988" lon="-115.349512"><ele>1313.8</ele><time>2026-06-20T14:20:44.000Z</time><extensions><gpxtpx:TrackPointExtension><gpxtpx:hr>138</gpxtpx:hr></gpxtpx:TrackPointExtension></extensions></trkpt>
      <trkpt lat="51.086008" lon="-115.349566"><ele>1313.8</ele><time>2026-06-20T14:20:45.000Z</time><extensions><gpxtpx:TrackPointExtension><gpxtpx:hr>138</gpxtpx:hr></gpxtpx:TrackPointExtension></extensions></trkpt>
      <trkpt lat="51.086016" lon="-115.349588"><ele>1313.8</ele><time>2026-06-20T14:20:46.000Z</time><extensions><gpxtpx:TrackPointExtension><gpxtpx:hr>138</gpxtpx:hr></gpxtpx:TrackPointExtension></extensions></trkpt>
      <trkpt lat="51.086023" lon="-115.34961"><ele>1313.8</ele><time>2026-06-20T14:20:47.000Z</time><extensions><gpxtpx:TrackPointExtension><gpxtpx:hr>138</gpxtpx:hr></gpxtpx:TrackPointExtension></extensions></trkpt>
      <trkpt lat="51.086043" lon="-115.349652"><ele>1313.8</ele><time>2026-06-20T14:20:48.000Z</time><extensions><gpxtpx:TrackPointExtension><gpxtpx:hr>138</gpxtpx:hr></gpxtpx:TrackPointExtension></extensions></trkpt>
      <trkpt lat="51.086049" lon="-115.349666"><ele>1313.8</ele><time>2026-06-20T14:20:49.000Z</time><extensions><gpxtpx:TrackPointExtension><gpxtpx:hr>138</gpxtpx:hr></gpxtpx:TrackPointExtension></extensions></trkpt>
      <trkpt lat="51.086071" lon="-115.349714"><ele>1313.8</ele><time>2026-06-20T14:20:50.000Z</time><extensions><gpxtpx:TrackPointExtension><gpxtpx:hr>138</gpxtpx:hr></gpxtpx:TrackPointExtension></extensions></trkpt>
      <trkpt lat="51.086079" lon="-115.349734"><ele>1313.8</ele><time>2026-06-20T14:20:51.000Z</time><extensions><gpxtpx:TrackPointExtension><gpxtpx:hr>138</gpxtpx:hr></gpxtpx:TrackPointExtension></extensions></trkpt>
      <trkpt lat="51.086088" lon="-115.349755"><ele>1313.8</ele><time>2026-06-20T14:20:52.000Z</time><extensions><gpxtpx:TrackPointExtension><gpxtpx:hr>138</gpxtpx:hr></gpxtpx:TrackPointExtension></extensions></trkpt>
      <trkpt lat="51.08611" lon="-115.349805"><ele>1313.8</ele><time>2026-06-20T14:20:53.000Z</time><extensions><gpxtpx:TrackPointExtension><gpxtpx:hr>138</gpxtpx:hr></gpxtpx:TrackPointExtension></extensions></trkpt>
      <trkpt lat="51.086117" lon="-115.349822"><ele>1313.8</ele><time>2026-06-20T14:20:54.000Z</time><extensions><gpxtpx:TrackPointExtension><gpxtpx:hr>138</gpxtpx:hr></gpxtpx:TrackPointExtension></extensions></trkpt>
      <trkpt lat="51.086146" lon="-115.349876"><ele>1313.8</ele><time>2026-06-20T14:20:55.000Z</time><extensions><gpxtpx:TrackPointExtension><gpxtpx:hr>138</gpxtpx:hr></gpxtpx:TrackPointExtension></extensions></trkpt>
      <trkpt lat="51.086158" lon="-115.349896"><ele>1313.8</ele><time>2026-06-20T14:20:56.000Z</time><extensions><gpxtpx:TrackPointExtension><gpxtpx:hr>140</gpxtpx:hr></gpxtpx:TrackPointExtension></extensions></trkpt>
      <trkpt lat="51.086171" lon="-115.349917"><ele>1313.8</ele><time>2026-06-20T14:20:57.000Z</time><extensions><gpxtpx:TrackPointExtension><gpxtpx:hr>140</gpxtpx:hr></gpxtpx:TrackPointExtension></extensions></trkpt>
      <trkpt lat="51.086212" lon="-115.349959"><ele>1313.8</ele><time>2026-06-20T14:20:58.000Z</time><extensions><gpxtpx:TrackPointExtension><gpxtpx:hr>140</gpxtpx:hr></gpxtpx:TrackPointExtension></extensions></trkpt>
      <trkpt lat="51.08623" lon="-115.349976"><ele>1313.8</ele><time>2026-06-20T14:20:59.000Z</time><extensions><gpxtpx:TrackPointExtension><gpxtpx:hr>140</gpxtpx:hr></gpxtpx:TrackPointExtension></extensions></trkpt>
      <trkpt lat="51.086248" lon="-115.349992"><ele>1313.6</ele><time>2026-06-20T14:21:00.000Z</time><extensions><gpxtpx:TrackPointExtension><gpxtpx:hr>140</gpxtpx:hr></gpxtpx:TrackPointExtension></extensions></trkpt>
      <trkpt lat="51.086284" lon="-115.350036"><ele>1313.6</ele><time>2026-06-20T14:21:01.000Z</time><extensions><gpxtpx:TrackPointExtension><gpxtpx:hr>140</gpxtpx:hr></gpxtpx:TrackPointExtension></extensions></trkpt>
      <trkpt lat="51.086295" lon="-115.350053"><ele>1313.6</ele><time>2026-06-20T14:21:02.000Z</time><extensions><gpxtpx:TrackPointExtension><gpxtpx:hr>140</gpxtpx:hr></gpxtpx:TrackPointExtension></extensions></trkpt>
      <trkpt lat="51.086327" lon="-115.350119"><ele>1313.6</ele><time>2026-06-20T14:21:03.000Z</time><extensions><gpxtpx:TrackPointExtension><gpxtpx:hr>140</gpxtpx:hr></gpxtpx:TrackPointExtension></extensions></trkpt>
      <trkpt lat="51.086339" lon="-115.350147"><ele>1313.4</ele><time>2026-06-20T14:21:04.000Z</time><extensions><gpxtpx:TrackPointExtension><gpxtpx:hr>140</gpxtpx:hr></gpxtpx:TrackPointExtension></extensions></trkpt>
      <trkpt lat="51.086351" lon="-115.350174"><ele>1313.4</ele><time>2026-06-20T14:21:05.000Z</time><extensions><gpxtpx:TrackPointExtension><gpxtpx:hr>141</gpxtpx:hr></gpxtpx:TrackPointExtension></extensions></trkpt>
      <trkpt lat="51.086377" lon="-115.350229"><ele>1313.2</ele><time>2026-06-20T14:21:06.000Z</time><extensions><gpxtpx:TrackPointExtension><gpxtpx:hr>141</gpxtpx:hr></gpxtpx:TrackPointExtension></extensions></trkpt>
      <trkpt lat="51.086386" lon="-115.350246"><ele>1313.2</ele><time>2026-06-20T14:21:07.000Z</time><extensions><gpxtpx:TrackPointExtension><gpxtpx:hr>141</gpxtpx:hr></gpxtpx:TrackPointExtension></extensions></trkpt>
      <trkpt lat="51.086416" lon="-115.350301"><ele>1313.2</ele><time>2026-06-20T14:21:08.000Z</time><extensions><gpxtpx:TrackPointExtension><gpxtpx:hr>141</gpxtpx:hr></gpxtpx:TrackPointExtension></extensions></trkpt>
      <trkpt lat="51.086427" lon="-115.350324"><ele>1313</ele><time>2026-06-20T14:21:09.000Z</time><extensions><gpxtpx:TrackPointExtension><gpxtpx:hr>141</gpxtpx:hr></gpxtpx:TrackPointExtension></extensions></trkpt>
      <trkpt lat="51.086438" lon="-115.350347"><ele>1313</ele><time>2026-06-20T14:21:10.000Z</time><extensions><gpxtpx:TrackPointExtension><gpxtpx:hr>141</gpxtpx:hr></gpxtpx:TrackPointExtension></extensions></trkpt>
      <trkpt lat="51.086458" lon="-115.350404"><ele>1312.8</ele><time>2026-06-20T14:21:11.000Z</time><extensions><gpxtpx:TrackPointExtension><gpxtpx:hr>143</gpxtpx:hr></gpxtpx:TrackPointExtension></extensions></trkpt>
      <trkpt lat="51.086464" lon="-115.350424"><ele>1312.8</ele><time>2026-06-20T14:21:12.000Z</time><extensions><gpxtpx:TrackPointExtension><gpxtpx:hr>143</gpxtpx:hr></gpxtpx:TrackPointExtension></extensions></trkpt>
      <trkpt lat="51.086483" lon="-115.350489"><ele>1312.8</ele><time>2026-06-20T14:21:13.000Z</time><extensions><gpxtpx:TrackPointExtension><gpxtpx:hr>143</gpxtpx:hr></gpxtpx:TrackPointExtension></extensions></trkpt>
      <trkpt lat="51.086491" lon="-115.350514"><ele>1312.8</ele><time>2026-06-20T14:21:14.000Z</time><extensions><gpxtpx:TrackPointExtension><gpxtpx:hr>143</gpxtpx:hr></gpxtpx:TrackPointExtension></extensions></trkpt>
      <trkpt lat="51.086499" lon="-115.35054"><ele>1312.6</ele><time>2026-06-20T14:21:15.000Z</time><extensions><gpxtpx:TrackPointExtension><gpxtpx:hr>143</gpxtpx:hr></gpxtpx:TrackPointExtension></extensions></trkpt>
      <trkpt lat="51.086519" lon="-115.350595"><ele>1312.6</ele><time>2026-06-20T14:21:16.000Z</time><extensions><gpxtpx:TrackPointExtension><gpxtpx:hr>143</gpxtpx:hr></gpxtpx:TrackPointExtension></extensions></trkpt>
      <trkpt lat="51.086525" lon="-115.350614"><ele>1312.6</ele><time>2026-06-20T14:21:17.000Z</time><extensions><gpxtpx:TrackPointExtension><gpxtpx:hr>143</gpxtpx:hr></gpxtpx:TrackPointExtension></extensions></trkpt>
      <trkpt lat="51.086548" lon="-115.350684"><ele>1312.6</ele><time>2026-06-20T14:21:18.000Z</time><extensions><gpxtpx:TrackPointExtension><gpxtpx:hr>143</gpxtpx:hr></gpxtpx:TrackPointExtension></extensions></trkpt>
      <trkpt lat="51.086558" lon="-115.350714"><ele>1312.6</ele><time>2026-06-20T14:21:19.000Z</time><extensions><gpxtpx:TrackPointExtension><gpxtpx:hr>143</gpxtpx:hr></gpxtpx:TrackPointExtension></extensions></trkpt>
      <trkpt lat="51.086567" lon="-115.350743"><ele>1312.6</ele><time>2026-06-20T14:21:20.000Z</time><extensions><gpxtpx:TrackPointExtension><gpxtpx:hr>143</gpxtpx:hr></gpxtpx:TrackPointExtension></extensions></trkpt>
      <trkpt lat="51.086592" lon="-115.350809"><ele>1312.6</ele><time>2026-06-20T14:21:21.000Z</time><extensions><gpxtpx:TrackPointExtension><gpxtpx:hr>143</gpxtpx:hr></gpxtpx:TrackPointExtension></extensions></trkpt>
      <trkpt lat="51.086603" lon="-115.350835"><ele>1312.4</ele><time>2026-06-20T14:21:22.000Z</time><extensions><gpxtpx:TrackPointExtension><gpxtpx:hr>143</gpxtpx:hr></gpxtpx:TrackPointExtension></extensions></trkpt>
      <trkpt lat="51.086613" lon="-115.35086"><ele>1312.4</ele><time>2026-06-20T14:21:23.000Z</time><extensions><gpxtpx:TrackPointExtension><gpxtpx:hr>143</gpxtpx:hr></gpxtpx:TrackPointExtension></extensions></trkpt>
      <trkpt lat="51.086634" lon="-115.350918"><ele>1312.4</ele><time>2026-06-20T14:21:24.000Z</time><extensions><gpxtpx:TrackPointExtension><gpxtpx:hr>143</gpxtpx:hr></gpxtpx:TrackPointExtension></extensions></trkpt>
      <trkpt lat="51.08664" lon="-115.350938"><ele>1312.4</ele><time>2026-06-20T14:21:25.000Z</time><extensions><gpxtpx:TrackPointExtension><gpxtpx:hr>143</gpxtpx:hr></gpxtpx:TrackPointExtension></extensions></trkpt>
      <trkpt lat="51.08666" lon="-115.351002"><ele>1312.4</ele><time>2026-06-20T14:21:26.000Z</time><extensions><gpxtpx:TrackPointExtension><gpxtpx:hr>142</gpxtpx:hr></gpxtpx:TrackPointExtension></extensions></trkpt>
      <trkpt lat="51.086668" lon="-115.351028"><ele>1312.4</ele><time>2026-06-20T14:21:27.000Z</time><extensions><gpxtpx:TrackPointExtension><gpxtpx:hr>142</gpxtpx:hr></gpxtpx:TrackPointExtension></extensions></trkpt>
      <trkpt lat="51.086676" lon="-115.351053"><ele>1312.4</ele><time>2026-06-20T14:21:28.000Z</time><extensions><gpxtpx:TrackPointExtension><gpxtpx:hr>142</gpxtpx:hr></gpxtpx:TrackPointExtension></extensions></trkpt>
      <trkpt lat="51.086697" lon="-115.351104"><ele>1312.4</ele><time>2026-06-20T14:21:29.000Z</time><extensions><gpxtpx:TrackPointExtension><gpxtpx:hr>142</gpxtpx:hr></gpxtpx:TrackPointExtension></extensions></trkpt>
      <trkpt lat="51.086704" lon="-115.351121"><ele>1312.4</ele><time>2026-06-20T14:21:30.000Z</time><extensions><gpxtpx:TrackPointExtension><gpxtpx:hr>142</gpxtpx:hr></gpxtpx:TrackPointExtension></extensions></trkpt>
      <trkpt lat="51.086725" lon="-115.351174"><ele>1312.2</ele><time>2026-06-20T14:21:31.000Z</time><extensions><gpxtpx:TrackPointExtension><gpxtpx:hr>142</gpxtpx:hr></gpxtpx:TrackPointExtension></extensions></trkpt>
      <trkpt lat="51.086732" lon="-115.351195"><ele>1312.2</ele><time>2026-06-20T14:21:32.000Z</time><extensions><gpxtpx:TrackPointExtension><gpxtpx:hr>142</gpxtpx:hr></gpxtpx:TrackPointExtension></extensions></trkpt>
      <trkpt lat="51.08674" lon="-115.351216"><ele>1312.2</ele><time>2026-06-20T14:21:33.000Z</time><extensions><gpxtpx:TrackPointExtension><gpxtpx:hr>141</gpxtpx:hr></gpxtpx:TrackPointExtension></extensions></trkpt>
      <trkpt lat="51.086756" lon="-115.351265"><ele>1312.2</ele><time>2026-06-20T14:21:34.000Z</time><extensions><gpxtpx:TrackPointExtension><gpxtpx:hr>141</gpxtpx:hr></gpxtpx:TrackPointExtension></extensions></trkpt>
      <trkpt lat="51.08676" lon="-115.351282"><ele>1312.2</ele><time>2026-06-20T14:21:35.000Z</time><extensions><gpxtpx:TrackPointExtension><gpxtpx:hr>141</gpxtpx:hr></gpxtpx:TrackPointExtension></extensions></trkpt>
      <trkpt lat="51.086775" lon="-115.351341"><ele>1312.2</ele><time>2026-06-20T14:21:36.000Z</time><extensions><gpxtpx:TrackPointExtension><gpxtpx:hr>141</gpxtpx:hr></gpxtpx:TrackPointExtension></extensions></trkpt>
      <trkpt lat="51.08678" lon="-115.351365"><ele>1312.2</ele><time>2026-06-20T14:21:37.000Z</time><extensions><gpxtpx:TrackPointExtension><gpxtpx:hr>142</gpxtpx:hr></gpxtpx:TrackPointExtension></extensions></trkpt>
      <trkpt lat="51.086786" lon="-115.351389"><ele>1312.2</ele><time>2026-06-20T14:21:38.000Z</time><extensions><gpxtpx:TrackPointExtension><gpxtpx:hr>142</gpxtpx:hr></gpxtpx:TrackPointExtension></extensions></trkpt>
      <trkpt lat="51.086797" lon="-115.351441"><ele>1312.2</ele><time>2026-06-20T14:21:39.000Z</time><extensions><gpxtpx:TrackPointExtension><gpxtpx:hr>142</gpxtpx:hr></gpxtpx:TrackPointExtension></extensions></trkpt>
      <trkpt lat="51.086801" lon="-115.351458"><ele>1312.2</ele><time>2026-06-20T14:21:40.000Z</time><extensions><gpxtpx:TrackPointExtension><gpxtpx:hr>142</gpxtpx:hr></gpxtpx:TrackPointExtension></extensions></trkpt>
      <trkpt lat="51.086817" lon="-115.351515"><ele>1312.2</ele><time>2026-06-20T14:21:41.000Z</time><extensions><gpxtpx:TrackPointExtension><gpxtpx:hr>142</gpxtpx:hr></gpxtpx:TrackPointExtension></extensions></trkpt>
      <trkpt lat="51.086825" lon="-115.351537"><ele>1312.2</ele><time>2026-06-20T14:21:42.000Z</time><extensions><gpxtpx:TrackPointExtension><gpxtpx:hr>142</gpxtpx:hr></gpxtpx:TrackPointExtension></extensions></trkpt>
      <trkpt lat="51.086832" lon="-115.35156"><ele>1312.4</ele><time>2026-06-20T14:21:43.000Z</time><extensions><gpxtpx:TrackPointExtension><gpxtpx:hr>142</gpxtpx:hr></gpxtpx:TrackPointExtension></extensions></trkpt>
      <trkpt lat="51.086852" lon="-115.351609"><ele>1312.4</ele><time>2026-06-20T14:21:44.000Z</time><extensions><gpxtpx:TrackPointExtension><gpxtpx:hr>142</gpxtpx:hr></gpxtpx:TrackPointExtension></extensions></trkpt>
      <trkpt lat="51.086859" lon="-115.351625"><ele>1312.4</ele><time>2026-06-20T14:21:45.000Z</time><extensions><gpxtpx:TrackPointExtension><gpxtpx:hr>142</gpxtpx:hr></gpxtpx:TrackPointExtension></extensions></trkpt>
      <trkpt lat="51.086882" lon="-115.351684"><ele>1312.4</ele><time>2026-06-20T14:21:46.000Z</time><extensions><gpxtpx:TrackPointExtension><gpxtpx:hr>142</gpxtpx:hr></gpxtpx:TrackPointExtension></extensions></trkpt>
      <trkpt lat="51.086892" lon="-115.351709"><ele>1312.4</ele><time>2026-06-20T14:21:47.000Z</time><extensions><gpxtpx:TrackPointExtension><gpxtpx:hr>142</gpxtpx:hr></gpxtpx:TrackPointExtension></extensions></trkpt>
      <trkpt lat="51.086901" lon="-115.351734"><ele>1312.4</ele><time>2026-06-20T14:21:48.000Z</time><extensions><gpxtpx:TrackPointExtension><gpxtpx:hr>141</gpxtpx:hr></gpxtpx:TrackPointExtension></extensions></trkpt>
      <trkpt lat="51.08692" lon="-115.3518"><ele>1312.4</ele><time>2026-06-20T14:21:49.000Z</time><extensions><gpxtpx:TrackPointExtension><gpxtpx:hr>141</gpxtpx:hr></gpxtpx:TrackPointExtension></extensions></trkpt>
      <trkpt lat="51.086926" lon="-115.351826"><ele>1312.4</ele><time>2026-06-20T14:21:50.000Z</time><extensions><gpxtpx:TrackPointExtension><gpxtpx:hr>141</gpxtpx:hr></gpxtpx:TrackPointExtension></extensions></trkpt>
      <trkpt lat="51.086933" lon="-115.351852"><ele>1312.4</ele><time>2026-06-20T14:21:51.000Z</time><extensions><gpxtpx:TrackPointExtension><gpxtpx:hr>141</gpxtpx:hr></gpxtpx:TrackPointExtension></extensions></trkpt>
      <trkpt lat="51.086948" lon="-115.351907"><ele>1312.4</ele><time>2026-06-20T14:21:52.000Z</time><extensions><gpxtpx:TrackPointExtension><gpxtpx:hr>141</gpxtpx:hr></gpxtpx:TrackPointExtension></extensions></trkpt>
      <trkpt lat="51.086953" lon="-115.351926"><ele>1312.4</ele><time>2026-06-20T14:21:53.000Z</time><extensions><gpxtpx:TrackPointExtension><gpxtpx:hr>141</gpxtpx:hr></gpxtpx:TrackPointExtension></extensions></trkpt>
      <trkpt lat="51.086971" lon="-115.351988"><ele>1312.4</ele><time>2026-06-20T14:21:54.000Z</time><extensions><gpxtpx:TrackPointExtension><gpxtpx:hr>142</gpxtpx:hr></gpxtpx:TrackPointExtension></extensions></trkpt>
      <trkpt lat="51.086978" lon="-115.352012"><ele>1312.2</ele><time>2026-06-20T14:21:55.000Z</time><extensions><gpxtpx:TrackPointExtension><gpxtpx:hr>142</gpxtpx:hr></gpxtpx:TrackPointExtension></extensions></trkpt>
      <trkpt lat="51.086986" lon="-115.352036"><ele>1312.2</ele><time>2026-06-20T14:21:56.000Z</time><extensions><gpxtpx:TrackPointExtension><gpxtpx:hr>142</gpxtpx:hr></gpxtpx:TrackPointExtension></extensions></trkpt>
      <trkpt lat="51.087004" lon="-115.352088"><ele>1312.2</ele><time>2026-06-20T14:21:57.000Z</time><extensions><gpxtpx:TrackPointExtension><gpxtpx:hr>142</gpxtpx:hr></gpxtpx:TrackPointExtension></extensions></trkpt>
      <trkpt lat="51.087009" lon="-115.352106"><ele>1312.2</ele><time>2026-06-20T14:21:58.000Z</time><extensions><gpxtpx:TrackPointExtension><gpxtpx:hr>142</gpxtpx:hr></gpxtpx:TrackPointExtension></extensions></trkpt>
      <trkpt lat="51.087025" lon="-115.352166"><ele>1312.2</ele><time>2026-06-20T14:21:59.000Z</time><extensions><gpxtpx:TrackPointExtension><gpxtpx:hr>143</gpxtpx:hr></gpxtpx:TrackPointExtension></extensions></trkpt>
      <trkpt lat="51.08703" lon="-115.352189"><ele>1312.2</ele><time>2026-06-20T14:22:00.000Z</time><extensions><gpxtpx:TrackPointExtension><gpxtpx:hr>143</gpxtpx:hr></gpxtpx:TrackPointExtension></extensions></trkpt>
      <trkpt lat="51.087036" lon="-115.352213"><ele>1312.2</ele><time>2026-06-20T14:22:01.000Z</time><extensions><gpxtpx:TrackPointExtension><gpxtpx:hr>143</gpxtpx:hr></gpxtpx:TrackPointExtension></extensions></trkpt>
      <trkpt lat="51.087047" lon="-115.352259"><ele>1312.2</ele><time>2026-06-20T14:22:02.000Z</time><extensions><gpxtpx:TrackPointExtension><gpxtpx:hr>142</gpxtpx:hr></gpxtpx:TrackPointExtension></extensions></trkpt>
      <trkpt lat="51.087051" lon="-115.352275"><ele>1312.2</ele><time>2026-06-20T14:22:03.000Z</time><extensions><gpxtpx:TrackPointExtension><gpxtpx:hr>142</gpxtpx:hr></gpxtpx:TrackPointExtension></extensions></trkpt>
      <trkpt lat="51.087064" lon="-115.352323"><ele>1312.2</ele><time>2026-06-20T14:22:04.000Z</time><extensions><gpxtpx:TrackPointExtension><gpxtpx:hr>142</gpxtpx:hr></gpxtpx:TrackPointExtension></extensions></trkpt>
      <trkpt lat="51.08707" lon="-115.352342"><ele>1312.4</ele><time>2026-06-20T14:22:05.000Z</time><extensions><gpxtpx:TrackPointExtension><gpxtpx:hr>142</gpxtpx:hr></gpxtpx:TrackPointExtension></extensions></trkpt>
      <trkpt lat="51.087075" lon="-115.35236"><ele>1312.4</ele><time>2026-06-20T14:22:06.000Z</time><extensions><gpxtpx:TrackPointExtension><gpxtpx:hr>142</gpxtpx:hr></gpxtpx:TrackPointExtension></extensions></trkpt>
      <trkpt lat="51.087081" lon="-115.352387"><ele>1312.4</ele><time>2026-06-20T14:22:07.000Z</time><extensions><gpxtpx:TrackPointExtension><gpxtpx:hr>142</gpxtpx:hr></gpxtpx:TrackPointExtension></extensions></trkpt>
      <trkpt lat="51.087084" lon="-115.352413"><ele>1312.6</ele><time>2026-06-20T14:22:08.000Z</time><extensions><gpxtpx:TrackPointExtension><gpxtpx:hr>142</gpxtpx:hr></gpxtpx:TrackPointExtension></extensions></trkpt>
      <trkpt lat="51.087086" lon="-115.352458"><ele>1312.6</ele><time>2026-06-20T14:22:09.000Z</time><extensions><gpxtpx:TrackPointExtension><gpxtpx:hr>141</gpxtpx:hr></gpxtpx:TrackPointExtension></extensions></trkpt>
      <trkpt lat="51.087086" lon="-115.352476"><ele>1312.8</ele><time>2026-06-20T14:22:10.000Z</time><extensions><gpxtpx:TrackPointExtension><gpxtpx:hr>141</gpxtpx:hr></gpxtpx:TrackPointExtension></extensions></trkpt>
      <trkpt lat="51.087087" lon="-115.352495"><ele>1313</ele><time>2026-06-20T14:22:11.000Z</time><extensions><gpxtpx:TrackPointExtension><gpxtpx:hr>141</gpxtpx:hr></gpxtpx:TrackPointExtension></extensions></trkpt>
      <trkpt lat="51.087092" lon="-115.352538"><ele>1313</ele><time>2026-06-20T14:22:12.000Z</time><extensions><gpxtpx:TrackPointExtension><gpxtpx:hr>141</gpxtpx:hr></gpxtpx:TrackPointExtension></extensions></trkpt>
      <trkpt lat="51.087093" lon="-115.352553"><ele>1313.2</ele><time>2026-06-20T14:22:13.000Z</time><extensions><gpxtpx:TrackPointExtension><gpxtpx:hr>141</gpxtpx:hr></gpxtpx:TrackPointExtension></extensions></trkpt>
      <trkpt lat="51.087106" lon="-115.352593"><ele>1313.2</ele><time>2026-06-20T14:22:14.000Z</time><extensions><gpxtpx:TrackPointExtension><gpxtpx:hr>138</gpxtpx:hr></gpxtpx:TrackPointExtension></extensions></trkpt>
      <trkpt lat="51.087114" lon="-115.352608"><ele>1313.4</ele><time>2026-06-20T14:22:15.000Z</time><extensions><gpxtpx:TrackPointExtension><gpxtpx:hr>138</gpxtpx:hr></gpxtpx:TrackPointExtension></extensions></trkpt>
      <trkpt lat="51.087121" lon="-115.352622"><ele>1313.4</ele><time>2026-06-20T14:22:16.000Z</time><extensions><gpxtpx:TrackPointExtension><gpxtpx:hr>138</gpxtpx:hr></gpxtpx:TrackPointExtension></extensions></trkpt>
      <trkpt lat="51.087147" lon="-115.352655"><ele>1313.4</ele><time>2026-06-20T14:22:17.000Z</time><extensions><gpxtpx:TrackPointExtension><gpxtpx:hr>138</gpxtpx:hr></gpxtpx:TrackPointExtension></extensions></trkpt>
      <trkpt lat="51.087158" lon="-115.35267"><ele>1313.4</ele><time>2026-06-20T14:22:18.000Z</time><extensions><gpxtpx:TrackPointExtension><gpxtpx:hr>138</gpxtpx:hr></gpxtpx:TrackPointExtension></extensions></trkpt>
      <trkpt lat="51.087169" lon="-115.352684"><ele>1313.4</ele><time>2026-06-20T14:22:19.000Z</time><extensions><gpxtpx:TrackPointExtension><gpxtpx:hr>138</gpxtpx:hr></gpxtpx:TrackPointExtension></extensions></trkpt>
      <trkpt lat="51.087191" lon="-115.352728"><ele>1313.4</ele><time>2026-06-20T14:22:20.000Z</time><extensions><gpxtpx:TrackPointExtension><gpxtpx:hr>138</gpxtpx:hr></gpxtpx:TrackPointExtension></extensions></trkpt>
      <trkpt lat="51.087198" lon="-115.352745"><ele>1313.2</ele><time>2026-06-20T14:22:21.000Z</time><extensions><gpxtpx:TrackPointExtension><gpxtpx:hr>138</gpxtpx:hr></gpxtpx:TrackPointExtension></extensions></trkpt>
      <trkpt lat="51.087217" lon="-115.352803"><ele>1313.2</ele><time>2026-06-20T14:22:22.000Z</time><extensions><gpxtpx:TrackPointExtension><gpxtpx:hr>138</gpxtpx:hr></gpxtpx:TrackPointExtension></extensions></trkpt>
      <trkpt lat="51.087226" lon="-115.352825"><ele>1313</ele><time>2026-06-20T14:22:23.000Z</time><extensions><gpxtpx:TrackPointExtension><gpxtpx:hr>138</gpxtpx:hr></gpxtpx:TrackPointExtension></extensions></trkpt>
      <trkpt lat="51.087234" lon="-115.352848"><ele>1313</ele><time>2026-06-20T14:22:24.000Z</time><extensions><gpxtpx:TrackPointExtension><gpxtpx:hr>138</gpxtpx:hr></gpxtpx:TrackPointExtension></extensions></trkpt>
      <trkpt lat="51.087256" lon="-115.352895"><ele>1312.8</ele><time>2026-06-20T14:22:25.000Z</time><extensions><gpxtpx:TrackPointExtension><gpxtpx:hr>137</gpxtpx:hr></gpxtpx:TrackPointExtension></extensions></trkpt>
      <trkpt lat="51.087264" lon="-115.35291"><ele>1312.8</ele><time>2026-06-20T14:22:26.000Z</time><extensions><gpxtpx:TrackPointExtension><gpxtpx:hr>137</gpxtpx:hr></gpxtpx:TrackPointExtension></extensions></trkpt>
      <trkpt lat="51.087292" lon="-115.352954"><ele>1312.8</ele><time>2026-06-20T14:22:27.000Z</time><extensions><gpxtpx:TrackPointExtension><gpxtpx:hr>137</gpxtpx:hr></gpxtpx:TrackPointExtension></extensions></trkpt>
      <trkpt lat="51.087304" lon="-115.352971"><ele>1312.6</ele><time>2026-06-20T14:22:28.000Z</time><extensions><gpxtpx:TrackPointExtension><gpxtpx:hr>137</gpxtpx:hr></gpxtpx:TrackPointExtension></extensions></trkpt>
      <trkpt lat="51.087315" lon="-115.352988"><ele>1312.6</ele><time>2026-06-20T14:22:29.000Z</time><extensions><gpxtpx:TrackPointExtension><gpxtpx:hr>137</gpxtpx:hr></gpxtpx:TrackPointExtension></extensions></trkpt>
      <trkpt lat="51.087336" lon="-115.353031"><ele>1312.6</ele><time>2026-06-20T14:22:30.000Z</time><extensions><gpxtpx:TrackPointExtension><gpxtpx:hr>137</gpxtpx:hr></gpxtpx:TrackPointExtension></extensions></trkpt>
      <trkpt lat="51.087342" lon="-115.353047"><ele>1312.6</ele><time>2026-06-20T14:22:31.000Z</time><extensions><gpxtpx:TrackPointExtension><gpxtpx:hr>137</gpxtpx:hr></gpxtpx:TrackPointExtension></extensions></trkpt>
      <trkpt lat="51.087364" lon="-115.353102"><ele>1312.6</ele><time>2026-06-20T14:22:32.000Z</time><extensions><gpxtpx:TrackPointExtension><gpxtpx:hr>137</gpxtpx:hr></gpxtpx:TrackPointExtension></extensions></trkpt>
      <trkpt lat="51.087375" lon="-115.353125"><ele>1312.6</ele><time>2026-06-20T14:22:33.000Z</time><extensions><gpxtpx:TrackPointExtension><gpxtpx:hr>137</gpxtpx:hr></gpxtpx:TrackPointExtension></extensions></trkpt>
      <trkpt lat="51.087385" lon="-115.353147"><ele>1312.6</ele><time>2026-06-20T14:22:34.000Z</time><extensions><gpxtpx:TrackPointExtension><gpxtpx:hr>137</gpxtpx:hr></gpxtpx:TrackPointExtension></extensions></trkpt>
      <trkpt lat="51.087412" lon="-115.353194"><ele>1312.6</ele><time>2026-06-20T14:22:35.000Z</time><extensions><gpxtpx:TrackPointExtension><gpxtpx:hr>137</gpxtpx:hr></gpxtpx:TrackPointExtension></extensions></trkpt>
      <trkpt lat="51.087421" lon="-115.35321"><ele>1312.6</ele><time>2026-06-20T14:22:36.000Z</time><extensions><gpxtpx:TrackPointExtension><gpxtpx:hr>137</gpxtpx:hr></gpxtpx:TrackPointExtension></extensions></trkpt>
      <trkpt lat="51.087452" lon="-115.35326"><ele>1312.6</ele><time>2026-06-20T14:22:37.000Z</time><extensions><gpxtpx:TrackPointExtension><gpxtpx:hr>137</gpxtpx:hr></gpxtpx:TrackPointExtension></extensions></trkpt>
      <trkpt lat="51.087465" lon="-115.353279"><ele>1312.6</ele><time>2026-06-20T14:22:38.000Z</time><extensions><gpxtpx:TrackPointExtension><gpxtpx:hr>137</gpxtpx:hr></gpxtpx:TrackPointExtension></extensions></trkpt>
      <trkpt lat="51.087477" lon="-115.353299"><ele>1312.6</ele><time>2026-06-20T14:22:39.000Z</time><extensions><gpxtpx:TrackPointExtension><gpxtpx:hr>137</gpxtpx:hr></gpxtpx:TrackPointExtension></extensions></trkpt>
      <trkpt lat="51.087507" lon="-115.353348"><ele>1312.6</ele><time>2026-06-20T14:22:40.000Z</time><extensions><gpxtpx:TrackPointExtension><gpxtpx:hr>137</gpxtpx:hr></gpxtpx:TrackPointExtension></extensions></trkpt>
      <trkpt lat="51.08752" lon="-115.353367"><ele>1312.6</ele><time>2026-06-20T14:22:41.000Z</time><extensions><gpxtpx:TrackPointExtension><gpxtpx:hr>137</gpxtpx:hr></gpxtpx:TrackPointExtension></extensions></trkpt>
      <trkpt lat="51.087532" lon="-115.353386"><ele>1312.4</ele><time>2026-06-20T14:22:42.000Z</time><extensions><gpxtpx:TrackPointExtension><gpxtpx:hr>137</gpxtpx:hr></gpxtpx:TrackPointExtension></extensions></trkpt>
      <trkpt lat="51.087562" lon="-115.353427"><ele>1312.4</ele><time>2026-06-20T14:22:43.000Z</time><extensions><gpxtpx:TrackPointExtension><gpxtpx:hr>137</gpxtpx:hr></gpxtpx:TrackPointExtension></extensions></trkpt>
      <trkpt lat="51.087572" lon="-115.353441"><ele>1312.4</ele><time>2026-06-20T14:22:44.000Z</time><extensions><gpxtpx:TrackPointExtension><gpxtpx:hr>137</gpxtpx:hr></gpxtpx:TrackPointExtension></extensions></trkpt>
      <trkpt lat="51.087605" lon="-115.353483"><ele>1312.4</ele><time>2026-06-20T14:22:45.000Z</time><extensions><gpxtpx:TrackPointExtension><gpxtpx:hr>137</gpxtpx:hr></gpxtpx:TrackPointExtension></extensions></trkpt>
      <trkpt lat="51.087618" lon="-115.353499"><ele>1312.4</ele><time>2026-06-20T14:22:46.000Z</time><extensions><gpxtpx:TrackPointExtension><gpxtpx:hr>137</gpxtpx:hr></gpxtpx:TrackPointExtension></extensions></trkpt>
      <trkpt lat="51.087631" lon="-115.353514"><ele>1312.2</ele><time>2026-06-20T14:22:47.000Z</time><extensions><gpxtpx:TrackPointExtension><gpxtpx:hr>137</gpxtpx:hr></gpxtpx:TrackPointExtension></extensions></trkpt>
      <trkpt lat="51.087661" lon="-115.353543"><ele>1312.2</ele><time>2026-06-20T14:22:48.000Z</time><extensions><gpxtpx:TrackPointExtension><gpxtpx:hr>137</gpxtpx:hr></gpxtpx:TrackPointExtension></extensions></trkpt>
      <trkpt lat="51.087671" lon="-115.353552"><ele>1312.2</ele><time>2026-06-20T14:22:49.000Z</time><extensions><gpxtpx:TrackPointExtension><gpxtpx:hr>137</gpxtpx:hr></gpxtpx:TrackPointExtension></extensions></trkpt>
      <trkpt lat="51.087702" lon="-115.353584"><ele>1312.2</ele><time>2026-06-20T14:22:50.000Z</time><extensions><gpxtpx:TrackPointExtension><gpxtpx:hr>137</gpxtpx:hr></gpxtpx:TrackPointExtension></extensions></trkpt>
      <trkpt lat="51.087714" lon="-115.353599"><ele>1312.2</ele><time>2026-06-20T14:22:51.000Z</time><extensions><gpxtpx:TrackPointExtension><gpxtpx:hr>137</gpxtpx:hr></gpxtpx:TrackPointExtension></extensions></trkpt>
      <trkpt lat="51.087725" lon="-115.353613"><ele>1312.2</ele><time>2026-06-20T14:22:52.000Z</time><extensions><gpxtpx:TrackPointExtension><gpxtpx:hr>137</gpxtpx:hr></gpxtpx:TrackPointExtension></extensions></trkpt>
      <trkpt lat="51.087747" lon="-115.353652"><ele>1312</ele><time>2026-06-20T14:22:53.000Z</time><extensions><gpxtpx:TrackPointExtension><gpxtpx:hr>137</gpxtpx:hr></gpxtpx:TrackPointExtension></extensions></trkpt>
      <trkpt lat="51.087753" lon="-115.353665"><ele>1312</ele><time>2026-06-20T14:22:54.000Z</time><extensions><gpxtpx:TrackPointExtension><gpxtpx:hr>137</gpxtpx:hr></gpxtpx:TrackPointExtension></extensions></trkpt>
      <trkpt lat="51.087774" lon="-115.353709"><ele>1312</ele><time>2026-06-20T14:22:55.000Z</time><extensions><gpxtpx:TrackPointExtension><gpxtpx:hr>137</gpxtpx:hr></gpxtpx:TrackPointExtension></extensions></trkpt>
      <trkpt lat="51.087783" lon="-115.353726"><ele>1312</ele><time>2026-06-20T14:22:56.000Z</time><extensions><gpxtpx:TrackPointExtension><gpxtpx:hr>137</gpxtpx:hr></gpxtpx:TrackPointExtension></extensions></trkpt>
      <trkpt lat="51.087791" lon="-115.353743"><ele>1312</ele><time>2026-06-20T14:22:57.000Z</time><extensions><gpxtpx:TrackPointExtension><gpxtpx:hr>137</gpxtpx:hr></gpxtpx:TrackPointExtension></extensions></trkpt>
      <trkpt lat="51.087809" lon="-115.353783"><ele>1312.2</ele><time>2026-06-20T14:22:58.000Z</time><extensions><gpxtpx:TrackPointExtension><gpxtpx:hr>137</gpxtpx:hr></gpxtpx:TrackPointExtension></extensions></trkpt>
      <trkpt lat="51.087814" lon="-115.353797"><ele>1312.2</ele><time>2026-06-20T14:22:59.000Z</time><extensions><gpxtpx:TrackPointExtension><gpxtpx:hr>137</gpxtpx:hr></gpxtpx:TrackPointExtension></extensions></trkpt>
      <trkpt lat="51.087827" lon="-115.353851"><ele>1312.2</ele><time>2026-06-20T14:23:00.000Z</time><extensions><gpxtpx:TrackPointExtension><gpxtpx:hr>137</gpxtpx:hr></gpxtpx:TrackPointExtension></extensions></trkpt>
      <trkpt lat="51.087831" lon="-115.353872"><ele>1312.2</ele><time>2026-06-20T14:23:01.000Z</time><extensions><gpxtpx:TrackPointExtension><gpxtpx:hr>137</gpxtpx:hr></gpxtpx:TrackPointExtension></extensions></trkpt>
      <trkpt lat="51.087834" lon="-115.353894"><ele>1312.2</ele><time>2026-06-20T14:23:02.000Z</time><extensions><gpxtpx:TrackPointExtension><gpxtpx:hr>137</gpxtpx:hr></gpxtpx:TrackPointExtension></extensions></trkpt>
      <trkpt lat="51.087837" lon="-115.353949"><ele>1312.4</ele><time>2026-06-20T14:23:03.000Z</time><extensions><gpxtpx:TrackPointExtension><gpxtpx:hr>137</gpxtpx:hr></gpxtpx:TrackPointExtension></extensions></trkpt>
      <trkpt lat="51.087838" lon="-115.353968"><ele>1312.4</ele><time>2026-06-20T14:23:04.000Z</time><extensions><gpxtpx:TrackPointExtension><gpxtpx:hr>137</gpxtpx:hr></gpxtpx:TrackPointExtension></extensions></trkpt>
      <trkpt lat="51.087845" lon="-115.354033"><ele>1312.4</ele><time>2026-06-20T14:23:05.000Z</time><extensions><gpxtpx:TrackPointExtension><gpxtpx:hr>137</gpxtpx:hr></gpxtpx:TrackPointExtension></extensions></trkpt>
      <trkpt lat="51.087848" lon="-115.35406"><ele>1312.6</ele><time>2026-06-20T14:23:06.000Z</time><extensions><gpxtpx:TrackPointExtension><gpxtpx:hr>137</gpxtpx:hr></gpxtpx:TrackPointExtension></extensions></trkpt>
      <trkpt lat="51.087852" lon="-115.354086"><ele>1312.6</ele><time>2026-06-20T14:23:07.000Z</time><extensions><gpxtpx:TrackPointExtension><gpxtpx:hr>137</gpxtpx:hr></gpxtpx:TrackPointExtension></extensions></trkpt>
      <trkpt lat="51.087869" lon="-115.354148"><ele>1312.6</ele><time>2026-06-20T14:23:08.000Z</time><extensions><gpxtpx:TrackPointExtension><gpxtpx:hr>137</gpxtpx:hr></gpxtpx:TrackPointExtension></extensions></trkpt>
      <trkpt lat="51.087877" lon="-115.354173"><ele>1312.6</ele><time>2026-06-20T14:23:09.000Z</time><extensions><gpxtpx:TrackPointExtension><gpxtpx:hr>137</gpxtpx:hr></gpxtpx:TrackPointExtension></extensions></trkpt>
      <trkpt lat="51.087886" lon="-115.354197"><ele>1312.8</ele><time>2026-06-20T14:23:10.000Z</time><extensions><gpxtpx:TrackPointExtension><gpxtpx:hr>136</gpxtpx:hr></gpxtpx:TrackPointExtension></extensions></trkpt>
      <trkpt lat="51.08791" lon="-115.354246"><ele>1312.8</ele><time>2026-06-20T14:23:11.000Z</time><extensions><gpxtpx:TrackPointExtension><gpxtpx:hr>136</gpxtpx:hr></gpxtpx:TrackPointExtension></extensions></trkpt>
      <trkpt lat="51.087918" lon="-115.354262"><ele>1312.8</ele><time>2026-06-20T14:23:12.000Z</time><extensions><gpxtpx:TrackPointExtension><gpxtpx:hr>136</gpxtpx:hr></gpxtpx:TrackPointExtension></extensions></trkpt>
      <trkpt lat="51.087945" lon="-115.354318"><ele>1312.8</ele><time>2026-06-20T14:23:13.000Z</time><extensions><gpxtpx:TrackPointExtension><gpxtpx:hr>136</gpxtpx:hr></gpxtpx:TrackPointExtension></extensions></trkpt>
      <trkpt lat="51.087957" lon="-115.35434"><ele>1312.8</ele><time>2026-06-20T14:23:14.000Z</time><extensions><gpxtpx:TrackPointExtension><gpxtpx:hr>136</gpxtpx:hr></gpxtpx:TrackPointExtension></extensions></trkpt>
      <trkpt lat="51.087968" lon="-115.354363"><ele>1312.8</ele><time>2026-06-20T14:23:15.000Z</time><extensions><gpxtpx:TrackPointExtension><gpxtpx:hr>136</gpxtpx:hr></gpxtpx:TrackPointExtension></extensions></trkpt>
      <trkpt lat="51.087991" lon="-115.354413"><ele>1312.8</ele><time>2026-06-20T14:23:16.000Z</time><extensions><gpxtpx:TrackPointExtension><gpxtpx:hr>136</gpxtpx:hr></gpxtpx:TrackPointExtension></extensions></trkpt>
      <trkpt lat="51.087998" lon="-115.35443"><ele>1312.8</ele><time>2026-06-20T14:23:17.000Z</time><extensions><gpxtpx:TrackPointExtension><gpxtpx:hr>136</gpxtpx:hr></gpxtpx:TrackPointExtension></extensions></trkpt>
      <trkpt lat="51.088024" lon="-115.354487"><ele>1312.8</ele><time>2026-06-20T14:23:18.000Z</time><extensions><gpxtpx:TrackPointExtension><gpxtpx:hr>136</gpxtpx:hr></gpxtpx:TrackPointExtension></extensions></trkpt>
      <trkpt lat="51.088035" lon="-115.354509"><ele>1312.8</ele><time>2026-06-20T14:23:19.000Z</time><extensions><gpxtpx:TrackPointExtension><gpxtpx:hr>136</gpxtpx:hr></gpxtpx:TrackPointExtension></extensions></trkpt>
      <trkpt lat="51.088045" lon="-115.354532"><ele>1312.8</ele><time>2026-06-20T14:23:20.000Z</time><extensions><gpxtpx:TrackPointExtension><gpxtpx:hr>136</gpxtpx:hr></gpxtpx:TrackPointExtension></extensions></trkpt>
      <trkpt lat="51.088067" lon="-115.354584"><ele>1312.8</ele><time>2026-06-20T14:23:21.000Z</time><extensions><gpxtpx:TrackPointExtension><gpxtpx:hr>136</gpxtpx:hr></gpxtpx:TrackPointExtension></extensions></trkpt>
      <trkpt lat="51.088074" lon="-115.354602"><ele>1312.6</ele><time>2026-06-20T14:23:22.000Z</time><extensions><gpxtpx:TrackPointExtension><gpxtpx:hr>136</gpxtpx:hr></gpxtpx:TrackPointExtension></extensions></trkpt>
      <trkpt lat="51.088099" lon="-115.354662"><ele>1312.6</ele><time>2026-06-20T14:23:23.000Z</time><extensions><gpxtpx:TrackPointExtension><gpxtpx:hr>135</gpxtpx:hr></gpxtpx:TrackPointExtension></extensions></trkpt>
      <trkpt lat="51.08811" lon="-115.354687"><ele>1312.6</ele><time>2026-06-20T14:23:24.000Z</time><extensions><gpxtpx:TrackPointExtension><gpxtpx:hr>135</gpxtpx:hr></gpxtpx:TrackPointExtension></extensions></trkpt>
      <trkpt lat="51.08812" lon="-115.354711"><ele>1312.6</ele><time>2026-06-20T14:23:25.000Z</time><extensions><gpxtpx:TrackPointExtension><gpxtpx:hr>135</gpxtpx:hr></gpxtpx:TrackPointExtension></extensions></trkpt>
      <trkpt lat="51.08814" lon="-115.354761"><ele>1312.6</ele><time>2026-06-20T14:23:26.000Z</time><extensions><gpxtpx:TrackPointExtension><gpxtpx:hr>135</gpxtpx:hr></gpxtpx:TrackPointExtension></extensions></trkpt>
      <trkpt lat="51.088145" lon="-115.354778"><ele>1312.6</ele><time>2026-06-20T14:23:27.000Z</time><extensions><gpxtpx:TrackPointExtension><gpxtpx:hr>135</gpxtpx:hr></gpxtpx:TrackPointExtension></extensions></trkpt>
      <trkpt lat="51.088159" lon="-115.354832"><ele>1312.6</ele><time>2026-06-20T14:23:28.000Z</time><extensions><gpxtpx:TrackPointExtension><gpxtpx:hr>135</gpxtpx:hr></gpxtpx:TrackPointExtension></extensions></trkpt>
      <trkpt lat="51.088165" lon="-115.354854"><ele>1312.6</ele><time>2026-06-20T14:23:29.000Z</time><extensions><gpxtpx:TrackPointExtension><gpxtpx:hr>135</gpxtpx:hr></gpxtpx:TrackPointExtension></extensions></trkpt>
      <trkpt lat="51.08817" lon="-115.354875"><ele>1312.6</ele><time>2026-06-20T14:23:30.000Z</time><extensions><gpxtpx:TrackPointExtension><gpxtpx:hr>135</gpxtpx:hr></gpxtpx:TrackPointExtension></extensions></trkpt>
      <trkpt lat="51.088181" lon="-115.354925"><ele>1312.8</ele><time>2026-06-20T14:23:31.000Z</time><extensions><gpxtpx:TrackPointExtension><gpxtpx:hr>135</gpxtpx:hr></gpxtpx:TrackPointExtension></extensions></trkpt>
      <trkpt lat="51.088184" lon="-115.354942"><ele>1312.8</ele><time>2026-06-20T14:23:32.000Z</time><extensions><gpxtpx:TrackPointExtension><gpxtpx:hr>135</gpxtpx:hr></gpxtpx:TrackPointExtension></extensions></trkpt>
      <trkpt lat="51.088196" lon="-115.355"><ele>1312.8</ele><time>2026-06-20T14:23:33.000Z</time><extensions><gpxtpx:TrackPointExtension><gpxtpx:hr>135</gpxtpx:hr></gpxtpx:TrackPointExtension></extensions></trkpt>
      <trkpt lat="51.0882" lon="-115.355023"><ele>1312.8</ele><time>2026-06-20T14:23:34.000Z</time><extensions><gpxtpx:TrackPointExtension><gpxtpx:hr>133</gpxtpx:hr></gpxtpx:TrackPointExtension></extensions></trkpt>
      <trkpt lat="51.088205" lon="-115.355046"><ele>1312.8</ele><time>2026-06-20T14:23:35.000Z</time><extensions><gpxtpx:TrackPointExtension><gpxtpx:hr>132</gpxtpx:hr></gpxtpx:TrackPointExtension></extensions></trkpt>
      <trkpt lat="51.088212" lon="-115.355099"><ele>1312.8</ele><time>2026-06-20T14:23:36.000Z</time><extensions><gpxtpx:TrackPointExtension><gpxtpx:hr>132</gpxtpx:hr></gpxtpx:TrackPointExtension></extensions></trkpt>
      <trkpt lat="51.088214" lon="-115.355121"><ele>1312.8</ele><time>2026-06-20T14:23:37.000Z</time><extensions><gpxtpx:TrackPointExtension><gpxtpx:hr>132</gpxtpx:hr></gpxtpx:TrackPointExtension></extensions></trkpt>
      <trkpt lat="51.088216" lon="-115.355142"><ele>1312.8</ele><time>2026-06-20T14:23:38.000Z</time><extensions><gpxtpx:TrackPointExtension><gpxtpx:hr>132</gpxtpx:hr></gpxtpx:TrackPointExtension></extensions></trkpt>
      <trkpt lat="51.088219" lon="-115.355191"><ele>1312.8</ele><time>2026-06-20T14:23:39.000Z</time><extensions><gpxtpx:TrackPointExtension><gpxtpx:hr>132</gpxtpx:hr></gpxtpx:TrackPointExtension></extensions></trkpt>
      <trkpt lat="51.08822" lon="-115.355208"><ele>1313</ele><time>2026-06-20T14:23:40.000Z</time><extensions><gpxtpx:TrackPointExtension><gpxtpx:hr>135</gpxtpx:hr></gpxtpx:TrackPointExtension></extensions></trkpt>
      <trkpt lat="51.088224" lon="-115.355265"><ele>1313</ele><time>2026-06-20T14:23:41.000Z</time><extensions><gpxtpx:TrackPointExtension><gpxtpx:hr>135</gpxtpx:hr></gpxtpx:TrackPointExtension></extensions></trkpt>
      <trkpt lat="51.088225" lon="-115.355287"><ele>1313</ele><time>2026-06-20T14:23:42.000Z</time><extensions><gpxtpx:TrackPointExtension><gpxtpx:hr>135</gpxtpx:hr></gpxtpx:TrackPointExtension></extensions></trkpt>
      <trkpt lat="51.088227" lon="-115.35531"><ele>1313</ele><time>2026-06-20T14:23:43.000Z</time><extensions><gpxtpx:TrackPointExtension><gpxtpx:hr>135</gpxtpx:hr></gpxtpx:TrackPointExtension></extensions></trkpt>
      <trkpt lat="51.08823" lon="-115.355364"><ele>1313</ele><time>2026-06-20T14:23:44.000Z</time><extensions><gpxtpx:TrackPointExtension><gpxtpx:hr>135</gpxtpx:hr></gpxtpx:TrackPointExtension></extensions></trkpt>
      <trkpt lat="51.088231" lon="-115.355383"><ele>1313</ele><time>2026-06-20T14:23:45.000Z</time><extensions><gpxtpx:TrackPointExtension><gpxtpx:hr>135</gpxtpx:hr></gpxtpx:TrackPointExtension></extensions></trkpt>
      <trkpt lat="51.088238" lon="-115.355447"><ele>1313</ele><time>2026-06-20T14:23:46.000Z</time><extensions><gpxtpx:TrackPointExtension><gpxtpx:hr>135</gpxtpx:hr></gpxtpx:TrackPointExtension></extensions></trkpt>
      <trkpt lat="51.088241" lon="-115.355473"><ele>1313</ele><time>2026-06-20T14:23:47.000Z</time><extensions><gpxtpx:TrackPointExtension><gpxtpx:hr>135</gpxtpx:hr></gpxtpx:TrackPointExtension></extensions></trkpt>
      <trkpt lat="51.088245" lon="-115.355499"><ele>1313</ele><time>2026-06-20T14:23:48.000Z</time><extensions><gpxtpx:TrackPointExtension><gpxtpx:hr>135</gpxtpx:hr></gpxtpx:TrackPointExtension></extensions></trkpt>
      <trkpt lat="51.088259" lon="-115.355556"><ele>1313</ele><time>2026-06-20T14:23:49.000Z</time><extensions><gpxtpx:TrackPointExtension><gpxtpx:hr>135</gpxtpx:hr></gpxtpx:TrackPointExtension></extensions></trkpt>
      <trkpt lat="51.088264" lon="-115.355575"><ele>1313</ele><time>2026-06-20T14:23:50.000Z</time><extensions><gpxtpx:TrackPointExtension><gpxtpx:hr>135</gpxtpx:hr></gpxtpx:TrackPointExtension></extensions></trkpt>
      <trkpt lat="51.088288" lon="-115.355638"><ele>1313</ele><time>2026-06-20T14:23:51.000Z</time><extensions><gpxtpx:TrackPointExtension><gpxtpx:hr>135</gpxtpx:hr></gpxtpx:TrackPointExtension></extensions></trkpt>
      <trkpt lat="51.088298" lon="-115.355662"><ele>1313</ele><time>2026-06-20T14:23:52.000Z</time><extensions><gpxtpx:TrackPointExtension><gpxtpx:hr>135</gpxtpx:hr></gpxtpx:TrackPointExtension></extensions></trkpt>
      <trkpt lat="51.088309" lon="-115.355687"><ele>1313</ele><time>2026-06-20T14:23:53.000Z</time><extensions><gpxtpx:TrackPointExtension><gpxtpx:hr>133</gpxtpx:hr></gpxtpx:TrackPointExtension></extensions></trkpt>
      <trkpt lat="51.088338" lon="-115.355739"><ele>1313</ele><time>2026-06-20T14:23:54.000Z</time><extensions><gpxtpx:TrackPointExtension><gpxtpx:hr>133</gpxtpx:hr></gpxtpx:TrackPointExtension></extensions></trkpt>
      <trkpt lat="51.088347" lon="-115.355756"><ele>1313</ele><time>2026-06-20T14:23:55.000Z</time><extensions><gpxtpx:TrackPointExtension><gpxtpx:hr>133</gpxtpx:hr></gpxtpx:TrackPointExtension></extensions></trkpt>
      <trkpt lat="51.088383" lon="-115.355802"><ele>1313</ele><time>2026-06-20T14:23:56.000Z</time><extensions><gpxtpx:TrackPointExtension><gpxtpx:hr>133</gpxtpx:hr></gpxtpx:TrackPointExtension></extensions></trkpt>
      <trkpt lat="51.088398" lon="-115.355819"><ele>1313</ele><time>2026-06-20T14:23:57.000Z</time><extensions><gpxtpx:TrackPointExtension><gpxtpx:hr>133</gpxtpx:hr></gpxtpx:TrackPointExtension></extensions></trkpt>
      <trkpt lat="51.088413" lon="-115.355835"><ele>1313</ele><time>2026-06-20T14:23:58.000Z</time><extensions><gpxtpx:TrackPointExtension><gpxtpx:hr>135</gpxtpx:hr></gpxtpx:TrackPointExtension></extensions></trkpt>
      <trkpt lat="51.088449" lon="-115.355865"><ele>1313</ele><time>2026-06-20T14:23:59.000Z</time><extensions><gpxtpx:TrackPointExtension><gpxtpx:hr>135</gpxtpx:hr></gpxtpx:TrackPointExtension></extensions></trkpt>
      <trkpt lat="51.088463" lon="-115.355875"><ele>1313.2</ele><time>2026-06-20T14:24:00.000Z</time><extensions><gpxtpx:TrackPointExtension><gpxtpx:hr>135</gpxtpx:hr></gpxtpx:TrackPointExtension></extensions></trkpt>
      <trkpt lat="51.088477" lon="-115.355885"><ele>1313.2</ele><time>2026-06-20T14:24:01.000Z</time><extensions><gpxtpx:TrackPointExtension><gpxtpx:hr>135</gpxtpx:hr></gpxtpx:TrackPointExtension></extensions></trkpt>
      <trkpt lat="51.08851" lon="-115.355909"><ele>1313.2</ele><time>2026-06-20T14:24:02.000Z</time><extensions><gpxtpx:TrackPointExtension><gpxtpx:hr>135</gpxtpx:hr></gpxtpx:TrackPointExtension></extensions></trkpt>
      <trkpt lat="51.088521" lon="-115.355917"><ele>1313.2</ele><time>2026-06-20T14:24:03.000Z</time><extensions><gpxtpx:TrackPointExtension><gpxtpx:hr>135</gpxtpx:hr></gpxtpx:TrackPointExtension></extensions></trkpt>
      <trkpt lat="51.08856" lon="-115.355935"><ele>1313.2</ele><time>2026-06-20T14:24:04.000Z</time><extensions><gpxtpx:TrackPointExtension><gpxtpx:hr>135</gpxtpx:hr></gpxtpx:TrackPointExtension></extensions></trkpt>
      <trkpt lat="51.088575" lon="-115.355939"><ele>1313.2</ele><time>2026-06-20T14:24:05.000Z</time><extensions><gpxtpx:TrackPointExtension><gpxtpx:hr>135</gpxtpx:hr></gpxtpx:TrackPointExtension></extensions></trkpt>
      <trkpt lat="51.08859" lon="-115.355943"><ele>1313.2</ele><time>2026-06-20T14:24:06.000Z</time><extensions><gpxtpx:TrackPointExtension><gpxtpx:hr>135</gpxtpx:hr></gpxtpx:TrackPointExtension></extensions></trkpt>
      <trkpt lat="51.088623" lon="-115.355944"><ele>1313.2</ele><time>2026-06-20T14:24:07.000Z</time><extensions><gpxtpx:TrackPointExtension><gpxtpx:hr>135</gpxtpx:hr></gpxtpx:TrackPointExtension></extensions></trkpt>
      <trkpt lat="51.088634" lon="-115.355943"><ele>1313.4</ele><time>2026-06-20T14:24:08.000Z</time><extensions><gpxtpx:TrackPointExtension><gpxtpx:hr>136</gpxtpx:hr></gpxtpx:TrackPointExtension></extensions></trkpt>
      <trkpt lat="51.088673" lon="-115.355948"><ele>1313.4</ele><time>2026-06-20T14:24:09.000Z</time><extensions><gpxtpx:TrackPointExtension><gpxtpx:hr>136</gpxtpx:hr></gpxtpx:TrackPointExtension></extensions></trkpt>
      <trkpt lat="51.088688" lon="-115.355951"><ele>1313.4</ele><time>2026-06-20T14:24:10.000Z</time><extensions><gpxtpx:TrackPointExtension><gpxtpx:hr>137</gpxtpx:hr></gpxtpx:TrackPointExtension></extensions></trkpt>
      <trkpt lat="51.088704" lon="-115.355954"><ele>1313.4</ele><time>2026-06-20T14:24:11.000Z</time><extensions><gpxtpx:TrackPointExtension><gpxtpx:hr>137</gpxtpx:hr></gpxtpx:TrackPointExtension></extensions></trkpt>
      <trkpt lat="51.088738" lon="-115.355956"><ele>1313.4</ele><time>2026-06-20T14:24:12.000Z</time><extensions><gpxtpx:TrackPointExtension><gpxtpx:hr>137</gpxtpx:hr></gpxtpx:TrackPointExtension></extensions></trkpt>
      <trkpt lat="51.088748" lon="-115.355957"><ele>1313.4</ele><time>2026-06-20T14:24:13.000Z</time><extensions><gpxtpx:TrackPointExtension><gpxtpx:hr>137</gpxtpx:hr></gpxtpx:TrackPointExtension></extensions></trkpt>
      <trkpt lat="51.088783" lon="-115.355954"><ele>1313.4</ele><time>2026-06-20T14:24:14.000Z</time><extensions><gpxtpx:TrackPointExtension><gpxtpx:hr>137</gpxtpx:hr></gpxtpx:TrackPointExtension></extensions></trkpt>
      <trkpt lat="51.088797" lon="-115.355953"><ele>1313.4</ele><time>2026-06-20T14:24:15.000Z</time><extensions><gpxtpx:TrackPointExtension><gpxtpx:hr>137</gpxtpx:hr></gpxtpx:TrackPointExtension></extensions></trkpt>
      <trkpt lat="51.088812" lon="-115.355951"><ele>1313.4</ele><time>2026-06-20T14:24:16.000Z</time><extensions><gpxtpx:TrackPointExtension><gpxtpx:hr>137</gpxtpx:hr></gpxtpx:TrackPointExtension></extensions></trkpt>
      <trkpt lat="51.08885" lon="-115.355945"><ele>1313.4</ele><time>2026-06-20T14:24:17.000Z</time><extensions><gpxtpx:TrackPointExtension><gpxtpx:hr>137</gpxtpx:hr></gpxtpx:TrackPointExtension></extensions></trkpt>
      <trkpt lat="51.088863" lon="-115.355942"><ele>1313.4</ele><time>2026-06-20T14:24:18.000Z</time><extensions><gpxtpx:TrackPointExtension><gpxtpx:hr>137</gpxtpx:hr></gpxtpx:TrackPointExtension></extensions></trkpt>
      <trkpt lat="51.088911" lon="-115.355933"><ele>1313.4</ele><time>2026-06-20T14:24:19.000Z</time><extensions><gpxtpx:TrackPointExtension><gpxtpx:hr>135</gpxtpx:hr></gpxtpx:TrackPointExtension></extensions></trkpt>
      <trkpt lat="51.088931" lon="-115.355929"><ele>1313.4</ele><time>2026-06-20T14:24:20.000Z</time><extensions><gpxtpx:TrackPointExtension><gpxtpx:hr>135</gpxtpx:hr></gpxtpx:TrackPointExtension></extensions></trkpt>
      <trkpt lat="51.088951" lon="-115.355925"><ele>1313.2</ele><time>2026-06-20T14:24:21.000Z</time><extensions><gpxtpx:TrackPointExtension><gpxtpx:hr>135</gpxtpx:hr></gpxtpx:TrackPointExtension></extensions></trkpt>
      <trkpt lat="51.088996" lon="-115.355915"><ele>1313.2</ele><time>2026-06-20T14:24:22.000Z</time><extensions><gpxtpx:TrackPointExtension><gpxtpx:hr>135</gpxtpx:hr></gpxtpx:TrackPointExtension></extensions></trkpt>
      <trkpt lat="51.089011" lon="-115.355912"><ele>1313.2</ele><time>2026-06-20T14:24:23.000Z</time><extensions><gpxtpx:TrackPointExtension><gpxtpx:hr>135</gpxtpx:hr></gpxtpx:TrackPointExtension></extensions></trkpt>
      <trkpt lat="51.089061" lon="-115.3559"><ele>1313.2</ele><time>2026-06-20T14:24:24.000Z</time><extensions><gpxtpx:TrackPointExtension><gpxtpx:hr>134</gpxtpx:hr></gpxtpx:TrackPointExtension></extensions></trkpt>
      <trkpt lat="51.08908" lon="-115.355896"><ele>1313</ele><time>2026-06-20T14:24:25.000Z</time><extensions><gpxtpx:TrackPointExtension><gpxtpx:hr>134</gpxtpx:hr></gpxtpx:TrackPointExtension></extensions></trkpt>
      <trkpt lat="51.0891" lon="-115.355891"><ele>1313</ele><time>2026-06-20T14:24:26.000Z</time><extensions><gpxtpx:TrackPointExtension><gpxtpx:hr>134</gpxtpx:hr></gpxtpx:TrackPointExtension></extensions></trkpt>
      <trkpt lat="51.089147" lon="-115.355884"><ele>1312.8</ele><time>2026-06-20T14:24:27.000Z</time><extensions><gpxtpx:TrackPointExtension><gpxtpx:hr>134</gpxtpx:hr></gpxtpx:TrackPointExtension></extensions></trkpt>
      <trkpt lat="51.089165" lon="-115.355884"><ele>1312.6</ele><time>2026-06-20T14:24:28.000Z</time><extensions><gpxtpx:TrackPointExtension><gpxtpx:hr>134</gpxtpx:hr></gpxtpx:TrackPointExtension></extensions></trkpt>
      <trkpt lat="51.089183" lon="-115.355883"><ele>1312.4</ele><time>2026-06-20T14:24:29.000Z</time><extensions><gpxtpx:TrackPointExtension><gpxtpx:hr>132</gpxtpx:hr></gpxtpx:TrackPointExtension></extensions></trkpt>
      <trkpt lat="51.089223" lon="-115.355902"><ele>1312.2</ele><time>2026-06-20T14:24:30.000Z</time><extensions><gpxtpx:TrackPointExtension><gpxtpx:hr>132</gpxtpx:hr></gpxtpx:TrackPointExtension></extensions></trkpt>
      <trkpt lat="51.089236" lon="-115.355912"><ele>1312</ele><time>2026-06-20T14:24:31.000Z</time><extensions><gpxtpx:TrackPointExtension><gpxtpx:hr>132</gpxtpx:hr></gpxtpx:TrackPointExtension></extensions></trkpt>
      <trkpt lat="51.08927" lon="-115.355967"><ele>1311.8</ele><time>2026-06-20T14:24:32.000Z</time><extensions><gpxtpx:TrackPointExtension><gpxtpx:hr>132</gpxtpx:hr></gpxtpx:TrackPointExtension></extensions></trkpt>
      <trkpt lat="51.08928" lon="-115.355994"><ele>1311.6</ele><time>2026-06-20T14:24:33.000Z</time><extensions><gpxtpx:TrackPointExtension><gpxtpx:hr>132</gpxtpx:hr></gpxtpx:TrackPointExtension></extensions></trkpt>
      <trkpt lat="51.08929" lon="-115.356021"><ele>1311.4</ele><time>2026-06-20T14:24:34.000Z</time><extensions><gpxtpx:TrackPointExtension><gpxtpx:hr>132</gpxtpx:hr></gpxtpx:TrackPointExtension></extensions></trkpt>
      <trkpt lat="51.08929" lon="-115.356091"><ele>1311.2</ele><time>2026-06-20T14:24:35.000Z</time><extensions><gpxtpx:TrackPointExtension><gpxtpx:hr>133</gpxtpx:hr></gpxtpx:TrackPointExtension></extensions></trkpt>
      <trkpt lat="51.089288" lon="-115.356114"><ele>1311</ele><time>2026-06-20T14:24:36.000Z</time><extensions><gpxtpx:TrackPointExtension><gpxtpx:hr>133</gpxtpx:hr></gpxtpx:TrackPointExtension></extensions></trkpt>
      <trkpt lat="51.089283" lon="-115.356187"><ele>1310.8</ele><time>2026-06-20T14:24:37.000Z</time><extensions><gpxtpx:TrackPointExtension><gpxtpx:hr>133</gpxtpx:hr></gpxtpx:TrackPointExtension></extensions></trkpt>
      <trkpt lat="51.089281" lon="-115.356214"><ele>1310.8</ele><time>2026-06-20T14:24:38.000Z</time><extensions><gpxtpx:TrackPointExtension><gpxtpx:hr>133</gpxtpx:hr></gpxtpx:TrackPointExtension></extensions></trkpt>
      <trkpt lat="51.08928" lon="-115.356241"><ele>1310.6</ele><time>2026-06-20T14:24:39.000Z</time><extensions><gpxtpx:TrackPointExtension><gpxtpx:hr>133</gpxtpx:hr></gpxtpx:TrackPointExtension></extensions></trkpt>
      <trkpt lat="51.089278" lon="-115.356296"><ele>1310.4</ele><time>2026-06-20T14:24:40.000Z</time><extensions><gpxtpx:TrackPointExtension><gpxtpx:hr>133</gpxtpx:hr></gpxtpx:TrackPointExtension></extensions></trkpt>
      <trkpt lat="51.089277" lon="-115.356314"><ele>1310.4</ele><time>2026-06-20T14:24:41.000Z</time><extensions><gpxtpx:TrackPointExtension><gpxtpx:hr>133</gpxtpx:hr></gpxtpx:TrackPointExtension></extensions></trkpt>
      <trkpt lat="51.089277" lon="-115.356378"><ele>1310.2</ele><time>2026-06-20T14:24:42.000Z</time><extensions><gpxtpx:TrackPointExtension><gpxtpx:hr>133</gpxtpx:hr></gpxtpx:TrackPointExtension></extensions></trkpt>
      <trkpt lat="51.089278" lon="-115.356404"><ele>1310.2</ele><time>2026-06-20T14:24:43.000Z</time><extensions><gpxtpx:TrackPointExtension><gpxtpx:hr>133</gpxtpx:hr></gpxtpx:TrackPointExtension></extensions></trkpt>
      <trkpt lat="51.089278" lon="-115.356429"><ele>1310</ele><time>2026-06-20T14:24:44.000Z</time><extensions><gpxtpx:TrackPointExtension><gpxtpx:hr>136</gpxtpx:hr></gpxtpx:TrackPointExtension></extensions></trkpt>
      <trkpt lat="51.089279" lon="-115.356486"><ele>1310</ele><time>2026-06-20T14:24:45.000Z</time><extensions><gpxtpx:TrackPointExtension><gpxtpx:hr>136</gpxtpx:hr></gpxtpx:TrackPointExtension></extensions></trkpt>
      <trkpt lat="51.089279" lon="-115.356505"><ele>1310</ele><time>2026-06-20T14:24:46.000Z</time><extensions><gpxtpx:TrackPointExtension><gpxtpx:hr>136</gpxtpx:hr></gpxtpx:TrackPointExtension></extensions></trkpt>
      <trkpt lat="51.089282" lon="-115.356564"><ele>1309.8</ele><time>2026-06-20T14:24:47.000Z</time><extensions><gpxtpx:TrackPointExtension><gpxtpx:hr>136</gpxtpx:hr></gpxtpx:TrackPointExtension></extensions></trkpt>
      <trkpt lat="51.089282" lon="-115.356586"><ele>1309.8</ele><time>2026-06-20T14:24:48.000Z</time><extensions><gpxtpx:TrackPointExtension><gpxtpx:hr>136</gpxtpx:hr></gpxtpx:TrackPointExtension></extensions></trkpt>
      <trkpt lat="51.089283" lon="-115.356608"><ele>1309.8</ele><time>2026-06-20T14:24:49.000Z</time><extensions><gpxtpx:TrackPointExtension><gpxtpx:hr>136</gpxtpx:hr></gpxtpx:TrackPointExtension></extensions></trkpt>
      <trkpt lat="51.089282" lon="-115.35666"><ele>1310</ele><time>2026-06-20T14:24:50.000Z</time><extensions><gpxtpx:TrackPointExtension><gpxtpx:hr>136</gpxtpx:hr></gpxtpx:TrackPointExtension></extensions></trkpt>
      <trkpt lat="51.089281" lon="-115.356677"><ele>1310</ele><time>2026-06-20T14:24:51.000Z</time><extensions><gpxtpx:TrackPointExtension><gpxtpx:hr>136</gpxtpx:hr></gpxtpx:TrackPointExtension></extensions></trkpt>
      <trkpt lat="51.089281" lon="-115.356736"><ele>1310</ele><time>2026-06-20T14:24:52.000Z</time><extensions><gpxtpx:TrackPointExtension><gpxtpx:hr>136</gpxtpx:hr></gpxtpx:TrackPointExtension></extensions></trkpt>
      <trkpt lat="51.08928" lon="-115.35676"><ele>1310.2</ele><time>2026-06-20T14:24:53.000Z</time><extensions><gpxtpx:TrackPointExtension><gpxtpx:hr>137</gpxtpx:hr></gpxtpx:TrackPointExtension></extensions></trkpt>
      <trkpt lat="51.08928" lon="-115.356784"><ele>1310.2</ele><time>2026-06-20T14:24:54.000Z</time><extensions><gpxtpx:TrackPointExtension><gpxtpx:hr>137</gpxtpx:hr></gpxtpx:TrackPointExtension></extensions></trkpt>
      <trkpt lat="51.089275" lon="-115.356843"><ele>1310.4</ele><time>2026-06-20T14:24:55.000Z</time><extensions><gpxtpx:TrackPointExtension><gpxtpx:hr>137</gpxtpx:hr></gpxtpx:TrackPointExtension></extensions></trkpt>
      <trkpt lat="51.089274" lon="-115.356865"><ele>1310.4</ele><time>2026-06-20T14:24:56.000Z</time><extensions><gpxtpx:TrackPointExtension><gpxtpx:hr>137</gpxtpx:hr></gpxtpx:TrackPointExtension></extensions></trkpt>
      <trkpt lat="51.089272" lon="-115.356887"><ele>1310.4</ele><time>2026-06-20T14:24:57.000Z</time><extensions><gpxtpx:TrackPointExtension><gpxtpx:hr>137</gpxtpx:hr></gpxtpx:TrackPointExtension></extensions></trkpt>
      <trkpt lat="51.089271" lon="-115.356938"><ele>1310.4</ele><time>2026-06-20T14:24:58.000Z</time><extensions><gpxtpx:TrackPointExtension><gpxtpx:hr>137</gpxtpx:hr></gpxtpx:TrackPointExtension></extensions></trkpt>
      <trkpt lat="51.089271" lon="-115.356955"><ele>1310.4</ele><time>2026-06-20T14:24:59.000Z</time><extensions><gpxtpx:TrackPointExtension><gpxtpx:hr>137</gpxtpx:hr></gpxtpx:TrackPointExtension></extensions></trkpt>
      <trkpt lat="51.089268" lon="-115.357016"><ele>1310.4</ele><time>2026-06-20T14:25:00.000Z</time><extensions><gpxtpx:TrackPointExtension><gpxtpx:hr>137</gpxtpx:hr></gpxtpx:TrackPointExtension></extensions></trkpt>
      <trkpt lat="51.089265" lon="-115.35704"><ele>1310.4</ele><time>2026-06-20T14:25:01.000Z</time><extensions><gpxtpx:TrackPointExtension><gpxtpx:hr>137</gpxtpx:hr></gpxtpx:TrackPointExtension></extensions></trkpt>
      <trkpt lat="51.089263" lon="-115.357064"><ele>1310.4</ele><time>2026-06-20T14:25:02.000Z</time><extensions><gpxtpx:TrackPointExtension><gpxtpx:hr>137</gpxtpx:hr></gpxtpx:TrackPointExtension></extensions></trkpt>
      <trkpt lat="51.089256" lon="-115.357107"><ele>1310.2</ele><time>2026-06-20T14:25:03.000Z</time><extensions><gpxtpx:TrackPointExtension><gpxtpx:hr>137</gpxtpx:hr></gpxtpx:TrackPointExtension></extensions></trkpt>
      <trkpt lat="51.089253" lon="-115.357119"><ele>1310.2</ele><time>2026-06-20T14:25:04.000Z</time><extensions><gpxtpx:TrackPointExtension><gpxtpx:hr>137</gpxtpx:hr></gpxtpx:TrackPointExtension></extensions></trkpt>
      <trkpt lat="51.089255" lon="-115.357156"><ele>1310.2</ele><time>2026-06-20T14:25:05.000Z</time><extensions><gpxtpx:TrackPointExtension><gpxtpx:hr>137</gpxtpx:hr></gpxtpx:TrackPointExtension></extensions></trkpt>
      <trkpt lat="51.08926" lon="-115.357177"><ele>1310.2</ele><time>2026-06-20T14:25:06.000Z</time><extensions><gpxtpx:TrackPointExtension><gpxtpx:hr>137</gpxtpx:hr></gpxtpx:TrackPointExtension></extensions></trkpt>
      <trkpt lat="51.089265" lon="-115.357199"><ele>1311.8</ele><time>2026-06-20T14:25:16.000Z</time><extensions><gpxtpx:TrackPointExtension><gpxtpx:hr>137</gpxtpx:hr></gpxtpx:TrackPointExtension></extensions></trkpt>
      <trkpt lat="51.08927" lon="-115.357221"><ele>1312</ele><time>2026-06-20T14:25:17.000Z</time><extensions><gpxtpx:TrackPointExtension><gpxtpx:hr>137</gpxtpx:hr></gpxtpx:TrackPointExtension></extensions></trkpt>
      <trkpt lat="51.089274" lon="-115.357242"><ele>1312</ele><time>2026-06-20T14:25:18.000Z</time><extensions><gpxtpx:TrackPointExtension><gpxtpx:hr>137</gpxtpx:hr></gpxtpx:TrackPointExtension></extensions></trkpt>
      <trkpt lat="51.089279" lon="-115.357264"><ele>1312.2</ele><time>2026-06-20T14:25:19.000Z</time><extensions><gpxtpx:TrackPointExtension><gpxtpx:hr>137</gpxtpx:hr></gpxtpx:TrackPointExtension></extensions></trkpt>
      <trkpt lat="51.089284" lon="-115.357286"><ele>1312.2</ele><time>2026-06-20T14:25:20.000Z</time><extensions><gpxtpx:TrackPointExtension><gpxtpx:hr>130</gpxtpx:hr></gpxtpx:TrackPointExtension></extensions></trkpt>
      <trkpt lat="51.089289" lon="-115.357307"><ele>1312.2</ele><time>2026-06-20T14:25:21.000Z</time><extensions><gpxtpx:TrackPointExtension><gpxtpx:hr>130</gpxtpx:hr></gpxtpx:TrackPointExtension></extensions></trkpt>
      <trkpt lat="51.089294" lon="-115.357329"><ele>1312.2</ele><time>2026-06-20T14:25:22.000Z</time><extensions><gpxtpx:TrackPointExtension><gpxtpx:hr>130</gpxtpx:hr></gpxtpx:TrackPointExtension></extensions></trkpt>
      <trkpt lat="51.089294" lon="-115.357382"><ele>1312.2</ele><time>2026-06-20T14:25:23.000Z</time><extensions><gpxtpx:TrackPointExtension><gpxtpx:hr>130</gpxtpx:hr></gpxtpx:TrackPointExtension></extensions></trkpt>
      <trkpt lat="51.089294" lon="-115.357403"><ele>1312.4</ele><time>2026-06-20T14:25:24.000Z</time><extensions><gpxtpx:TrackPointExtension><gpxtpx:hr>130</gpxtpx:hr></gpxtpx:TrackPointExtension></extensions></trkpt>
      <trkpt lat="51.089293" lon="-115.357425"><ele>1312.4</ele><time>2026-06-20T14:25:25.000Z</time><extensions><gpxtpx:TrackPointExtension><gpxtpx:hr>129</gpxtpx:hr></gpxtpx:TrackPointExtension></extensions></trkpt>
      <trkpt lat="51.089293" lon="-115.357474"><ele>1312.4</ele><time>2026-06-20T14:25:26.000Z</time><extensions><gpxtpx:TrackPointExtension><gpxtpx:hr>129</gpxtpx:hr></gpxtpx:TrackPointExtension></extensions></trkpt>
      <trkpt lat="51.089293" lon="-115.357491"><ele>1312.4</ele><time>2026-06-20T14:25:27.000Z</time><extensions><gpxtpx:TrackPointExtension><gpxtpx:hr>129</gpxtpx:hr></gpxtpx:TrackPointExtension></extensions></trkpt>
      <trkpt lat="51.089293" lon="-115.357545"><ele>1312.4</ele><time>2026-06-20T14:25:28.000Z</time><extensions><gpxtpx:TrackPointExtension><gpxtpx:hr>129</gpxtpx:hr></gpxtpx:TrackPointExtension></extensions></trkpt>
      <trkpt lat="51.089294" lon="-115.357568"><ele>1312.4</ele><time>2026-06-20T14:25:29.000Z</time><extensions><gpxtpx:TrackPointExtension><gpxtpx:hr>129</gpxtpx:hr></gpxtpx:TrackPointExtension></extensions></trkpt>
      <trkpt lat="51.089294" lon="-115.35759"><ele>1312.4</ele><time>2026-06-20T14:25:30.000Z</time><extensions><gpxtpx:TrackPointExtension><gpxtpx:hr>129</gpxtpx:hr></gpxtpx:TrackPointExtension></extensions></trkpt>
      <trkpt lat="51.089294" lon="-115.357643"><ele>1312.4</ele><time>2026-06-20T14:25:31.000Z</time><extensions><gpxtpx:TrackPointExtension><gpxtpx:hr>129</gpxtpx:hr></gpxtpx:TrackPointExtension></extensions></trkpt>
      <trkpt lat="51.089293" lon="-115.357661"><ele>1312.4</ele><time>2026-06-20T14:25:32.000Z</time><extensions><gpxtpx:TrackPointExtension><gpxtpx:hr>129</gpxtpx:hr></gpxtpx:TrackPointExtension></extensions></trkpt>
      <trkpt lat="51.08929" lon="-115.357722"><ele>1312.4</ele><time>2026-06-20T14:25:33.000Z</time><extensions><gpxtpx:TrackPointExtension><gpxtpx:hr>129</gpxtpx:hr></gpxtpx:TrackPointExtension></extensions></trkpt>
      <trkpt lat="51.089289" lon="-115.357746"><ele>1312.4</ele><time>2026-06-20T14:25:34.000Z</time><extensions><gpxtpx:TrackPointExtension><gpxtpx:hr>129</gpxtpx:hr></gpxtpx:TrackPointExtension></extensions></trkpt>
      <trkpt lat="51.089288" lon="-115.357771"><ele>1312.4</ele><time>2026-06-20T14:25:35.000Z</time><extensions><gpxtpx:TrackPointExtension><gpxtpx:hr>129</gpxtpx:hr></gpxtpx:TrackPointExtension></extensions></trkpt>
      <trkpt lat="51.089289" lon="-115.357828"><ele>1312.4</ele><time>2026-06-20T14:25:36.000Z</time><extensions><gpxtpx:TrackPointExtension><gpxtpx:hr>129</gpxtpx:hr></gpxtpx:TrackPointExtension></extensions></trkpt>
      <trkpt lat="51.089289" lon="-115.357847"><ele>1312.4</ele><time>2026-06-20T14:25:37.000Z</time><extensions><gpxtpx:TrackPointExtension><gpxtpx:hr>129</gpxtpx:hr></gpxtpx:TrackPointExtension></extensions></trkpt>
      <trkpt lat="51.08929" lon="-115.357912"><ele>1312.4</ele><time>2026-06-20T14:25:38.000Z</time><extensions><gpxtpx:TrackPointExtension><gpxtpx:hr>129</gpxtpx:hr></gpxtpx:TrackPointExtension></extensions></trkpt>
      <trkpt lat="51.089289" lon="-115.357939"><ele>1312.6</ele><time>2026-06-20T14:25:39.000Z</time><extensions><gpxtpx:TrackPointExtension><gpxtpx:hr>129</gpxtpx:hr></gpxtpx:TrackPointExtension></extensions></trkpt>
      <trkpt lat="51.089289" lon="-115.357967"><ele>1312.6</ele><time>2026-06-20T14:25:40.000Z</time><extensions><gpxtpx:TrackPointExtension><gpxtpx:hr>129</gpxtpx:hr></gpxtpx:TrackPointExtension></extensions></trkpt>
      <trkpt lat="51.08929" lon="-115.358027"><ele>1312.6</ele><time>2026-06-20T14:25:41.000Z</time><extensions><gpxtpx:TrackPointExtension><gpxtpx:hr>129</gpxtpx:hr></gpxtpx:TrackPointExtension></extensions></trkpt>
      <trkpt lat="51.08929" lon="-115.358046"><ele>1312.6</ele><time>2026-06-20T14:25:42.000Z</time><extensions><gpxtpx:TrackPointExtension><gpxtpx:hr>129</gpxtpx:hr></gpxtpx:TrackPointExtension></extensions></trkpt>
      <trkpt lat="51.08929" lon="-115.358111"><ele>1312.6</ele><time>2026-06-20T14:25:43.000Z</time><extensions><gpxtpx:TrackPointExtension><gpxtpx:hr>129</gpxtpx:hr></gpxtpx:TrackPointExtension></extensions></trkpt>
      <trkpt lat="51.08929" lon="-115.358136"><ele>1312.6</ele><time>2026-06-20T14:25:44.000Z</time><extensions><gpxtpx:TrackPointExtension><gpxtpx:hr>129</gpxtpx:hr></gpxtpx:TrackPointExtension></extensions></trkpt>
      <trkpt lat="51.08929" lon="-115.358162"><ele>1312.6</ele><time>2026-06-20T14:25:45.000Z</time><extensions><gpxtpx:TrackPointExtension><gpxtpx:hr>129</gpxtpx:hr></gpxtpx:TrackPointExtension></extensions></trkpt>
      <trkpt lat="51.089296" lon="-115.358226"><ele>1312.6</ele><time>2026-06-20T14:25:46.000Z</time><extensions><gpxtpx:TrackPointExtension><gpxtpx:hr>129</gpxtpx:hr></gpxtpx:TrackPointExtension></extensions></trkpt>
      <trkpt lat="51.089301" lon="-115.35825"><ele>1312.6</ele><time>2026-06-20T14:25:47.000Z</time><extensions><gpxtpx:TrackPointExtension><gpxtpx:hr>128</gpxtpx:hr></gpxtpx:TrackPointExtension></extensions></trkpt>
      <trkpt lat="51.089305" lon="-115.358275"><ele>1312.6</ele><time>2026-06-20T14:25:48.000Z</time><extensions><gpxtpx:TrackPointExtension><gpxtpx:hr>128</gpxtpx:hr></gpxtpx:TrackPointExtension></extensions></trkpt>
      <trkpt lat="51.089332" lon="-115.358324"><ele>1312.6</ele><time>2026-06-20T14:25:49.000Z</time><extensions><gpxtpx:TrackPointExtension><gpxtpx:hr>128</gpxtpx:hr></gpxtpx:TrackPointExtension></extensions></trkpt>
      <trkpt lat="51.089342" lon="-115.35834"><ele>1312.6</ele><time>2026-06-20T14:25:50.000Z</time><extensions><gpxtpx:TrackPointExtension><gpxtpx:hr>128</gpxtpx:hr></gpxtpx:TrackPointExtension></extensions></trkpt>
      <trkpt lat="51.089381" lon="-115.358369"><ele>1312.6</ele><time>2026-06-20T14:25:51.000Z</time><extensions><gpxtpx:TrackPointExtension><gpxtpx:hr>128</gpxtpx:hr></gpxtpx:TrackPointExtension></extensions></trkpt>
      <trkpt lat="51.089396" lon="-115.358377"><ele>1312.6</ele><time>2026-06-20T14:25:52.000Z</time><extensions><gpxtpx:TrackPointExtension><gpxtpx:hr>128</gpxtpx:hr></gpxtpx:TrackPointExtension></extensions></trkpt>
      <trkpt lat="51.089412" lon="-115.358385"><ele>1312.6</ele><time>2026-06-20T14:25:53.000Z</time><extensions><gpxtpx:TrackPointExtension><gpxtpx:hr>128</gpxtpx:hr></gpxtpx:TrackPointExtension></extensions></trkpt>
      <trkpt lat="51.089449" lon="-115.358393"><ele>1312.6</ele><time>2026-06-20T14:25:54.000Z</time><extensions><gpxtpx:TrackPointExtension><gpxtpx:hr>128</gpxtpx:hr></gpxtpx:TrackPointExtension></extensions></trkpt>
      <trkpt lat="51.089461" lon="-115.358396"><ele>1312.6</ele><time>2026-06-20T14:25:55.000Z</time><extensions><gpxtpx:TrackPointExtension><gpxtpx:hr>128</gpxtpx:hr></gpxtpx:TrackPointExtension></extensions></trkpt>
      <trkpt lat="51.089502" lon="-115.358403"><ele>1312.6</ele><time>2026-06-20T14:25:56.000Z</time><extensions><gpxtpx:TrackPointExtension><gpxtpx:hr>128</gpxtpx:hr></gpxtpx:TrackPointExtension></extensions></trkpt>
      <trkpt lat="51.089517" lon="-115.358405"><ele>1312.6</ele><time>2026-06-20T14:25:57.000Z</time><extensions><gpxtpx:TrackPointExtension><gpxtpx:hr>128</gpxtpx:hr></gpxtpx:TrackPointExtension></extensions></trkpt>
      <trkpt lat="51.089533" lon="-115.358407"><ele>1312.6</ele><time>2026-06-20T14:25:58.000Z</time><extensions><gpxtpx:TrackPointExtension><gpxtpx:hr>128</gpxtpx:hr></gpxtpx:TrackPointExtension></extensions></trkpt>
      <trkpt lat="51.089568" lon="-115.358411"><ele>1312.6</ele><time>2026-06-20T14:25:59.000Z</time><extensions><gpxtpx:TrackPointExtension><gpxtpx:hr>128</gpxtpx:hr></gpxtpx:TrackPointExtension></extensions></trkpt>
      <trkpt lat="51.089579" lon="-115.358412"><ele>1312.6</ele><time>2026-06-20T14:26:00.000Z</time><extensions><gpxtpx:TrackPointExtension><gpxtpx:hr>128</gpxtpx:hr></gpxtpx:TrackPointExtension></extensions></trkpt>
      <trkpt lat="51.08962" lon="-115.358414"><ele>1312.6</ele><time>2026-06-20T14:26:01.000Z</time><extensions><gpxtpx:TrackPointExtension><gpxtpx:hr>128</gpxtpx:hr></gpxtpx:TrackPointExtension></extensions></trkpt>
      <trkpt lat="51.089636" lon="-115.358414"><ele>1312.4</ele><time>2026-06-20T14:26:02.000Z</time><extensions><gpxtpx:TrackPointExtension><gpxtpx:hr>130</gpxtpx:hr></gpxtpx:TrackPointExtension></extensions></trkpt>
      <trkpt lat="51.089652" lon="-115.358415"><ele>1312.4</ele><time>2026-06-20T14:26:03.000Z</time><extensions><gpxtpx:TrackPointExtension><gpxtpx:hr>130</gpxtpx:hr></gpxtpx:TrackPointExtension></extensions></trkpt>
      <trkpt lat="51.089686" lon="-115.358418"><ele>1312.4</ele><time>2026-06-20T14:26:04.000Z</time><extensions><gpxtpx:TrackPointExtension><gpxtpx:hr>130</gpxtpx:hr></gpxtpx:TrackPointExtension></extensions></trkpt>
      <trkpt lat="51.089697" lon="-115.35842"><ele>1312.4</ele><time>2026-06-20T14:26:05.000Z</time><extensions><gpxtpx:TrackPointExtension><gpxtpx:hr>130</gpxtpx:hr></gpxtpx:TrackPointExtension></extensions></trkpt>
      <trkpt lat="51.089734" lon="-115.358427"><ele>1312.4</ele><time>2026-06-20T14:26:06.000Z</time><extensions><gpxtpx:TrackPointExtension><gpxtpx:hr>130</gpxtpx:hr></gpxtpx:TrackPointExtension></extensions></trkpt>
      <trkpt lat="51.089749" lon="-115.358429"><ele>1312.4</ele><time>2026-06-20T14:26:07.000Z</time><extensions><gpxtpx:TrackPointExtension><gpxtpx:hr>130</gpxtpx:hr></gpxtpx:TrackPointExtension></extensions></trkpt>
      <trkpt lat="51.089764" lon="-115.358432"><ele>1312.4</ele><time>2026-06-20T14:26:08.000Z</time><extensions><gpxtpx:TrackPointExtension><gpxtpx:hr>130</gpxtpx:hr></gpxtpx:TrackPointExtension></extensions></trkpt>
      <trkpt lat="51.089796" lon="-115.358439"><ele>1312.4</ele><time>2026-06-20T14:26:09.000Z</time><extensions><gpxtpx:TrackPointExtension><gpxtpx:hr>130</gpxtpx:hr></gpxtpx:TrackPointExtension></extensions></trkpt>
      <trkpt lat="51.089807" lon="-115.358441"><ele>1312.4</ele><time>2026-06-20T14:26:10.000Z</time><extensions><gpxtpx:TrackPointExtension><gpxtpx:hr>130</gpxtpx:hr></gpxtpx:TrackPointExtension></extensions></trkpt>
      <trkpt lat="51.089842" lon="-115.358445"><ele>1312.4</ele><time>2026-06-20T14:26:11.000Z</time><extensions><gpxtpx:TrackPointExtension><gpxtpx:hr>130</gpxtpx:hr></gpxtpx:TrackPointExtension></extensions></trkpt>
      <trkpt lat="51.089855" lon="-115.358446"><ele>1312.4</ele><time>2026-06-20T14:26:12.000Z</time><extensions><gpxtpx:TrackPointExtension><gpxtpx:hr>130</gpxtpx:hr></gpxtpx:TrackPointExtension></extensions></trkpt>
      <trkpt lat="51.089869" lon="-115.358447"><ele>1312.4</ele><time>2026-06-20T14:26:13.000Z</time><extensions><gpxtpx:TrackPointExtension><gpxtpx:hr>129</gpxtpx:hr></gpxtpx:TrackPointExtension></extensions></trkpt>
      <trkpt lat="51.089901" lon="-115.35845"><ele>1312.4</ele><time>2026-06-20T14:26:14.000Z</time><extensions><gpxtpx:TrackPointExtension><gpxtpx:hr>129</gpxtpx:hr></gpxtpx:TrackPointExtension></extensions></trkpt>
      <trkpt lat="51.089914" lon="-115.358452"><ele>1312.4</ele><time>2026-06-20T14:26:15.000Z</time><extensions><gpxtpx:TrackPointExtension><gpxtpx:hr>129</gpxtpx:hr></gpxtpx:TrackPointExtension></extensions></trkpt>
      <trkpt lat="51.089927" lon="-115.358454"><ele>1312.4</ele><time>2026-06-20T14:26:16.000Z</time><extensions><gpxtpx:TrackPointExtension><gpxtpx:hr>129</gpxtpx:hr></gpxtpx:TrackPointExtension></extensions></trkpt>
      <trkpt lat="51.089951" lon="-115.358473"><ele>1312.4</ele><time>2026-06-20T14:26:17.000Z</time><extensions><gpxtpx:TrackPointExtension><gpxtpx:hr>130</gpxtpx:hr></gpxtpx:TrackPointExtension></extensions></trkpt>
      <trkpt lat="51.089958" lon="-115.358483"><ele>1312.4</ele><time>2026-06-20T14:26:18.000Z</time><extensions><gpxtpx:TrackPointExtension><gpxtpx:hr>130</gpxtpx:hr></gpxtpx:TrackPointExtension></extensions></trkpt>
      <trkpt lat="51.089969" lon="-115.358533"><ele>1312.4</ele><time>2026-06-20T14:26:19.000Z</time><extensions><gpxtpx:TrackPointExtension><gpxtpx:hr>130</gpxtpx:hr></gpxtpx:TrackPointExtension></extensions></trkpt>
      <trkpt lat="51.089972" lon="-115.358555"><ele>1312.4</ele><time>2026-06-20T14:26:20.000Z</time><extensions><gpxtpx:TrackPointExtension><gpxtpx:hr>130</gpxtpx:hr></gpxtpx:TrackPointExtension></extensions></trkpt>
      <trkpt lat="51.089974" lon="-115.358578"><ele>1312.4</ele><time>2026-06-20T14:26:21.000Z</time><extensions><gpxtpx:TrackPointExtension><gpxtpx:hr>130</gpxtpx:hr></gpxtpx:TrackPointExtension></extensions></trkpt>
      <trkpt lat="51.089974" lon="-115.358632"><ele>1312.4</ele><time>2026-06-20T14:26:22.000Z</time><extensions><gpxtpx:TrackPointExtension><gpxtpx:hr>130</gpxtpx:hr></gpxtpx:TrackPointExtension></extensions></trkpt>
      <trkpt lat="51.089974" lon="-115.35865"><ele>1312.4</ele><time>2026-06-20T14:26:23.000Z</time><extensions><gpxtpx:TrackPointExtension><gpxtpx:hr>128</gpxtpx:hr></gpxtpx:TrackPointExtension></extensions></trkpt>
      <trkpt lat="51.089973" lon="-115.358704"><ele>1312.4</ele><time>2026-06-20T14:26:24.000Z</time><extensions><gpxtpx:TrackPointExtension><gpxtpx:hr>128</gpxtpx:hr></gpxtpx:TrackPointExtension></extensions></trkpt>
      <trkpt lat="51.089972" lon="-115.358724"><ele>1312.4</ele><time>2026-06-20T14:26:25.000Z</time><extensions><gpxtpx:TrackPointExtension><gpxtpx:hr>128</gpxtpx:hr></gpxtpx:TrackPointExtension></extensions></trkpt>
      <trkpt lat="51.089972" lon="-115.358745"><ele>1312.4</ele><time>2026-06-20T14:26:26.000Z</time><extensions><gpxtpx:TrackPointExtension><gpxtpx:hr>128</gpxtpx:hr></gpxtpx:TrackPointExtension></extensions></trkpt>
      <trkpt lat="51.089976" lon="-115.358792"><ele>1312.4</ele><time>2026-06-20T14:26:27.000Z</time><extensions><gpxtpx:TrackPointExtension><gpxtpx:hr>128</gpxtpx:hr></gpxtpx:TrackPointExtension></extensions></trkpt>
      <trkpt lat="51.089977" lon="-115.358809"><ele>1312.4</ele><time>2026-06-20T14:26:28.000Z</time><extensions><gpxtpx:TrackPointExtension><gpxtpx:hr>128</gpxtpx:hr></gpxtpx:TrackPointExtension></extensions></trkpt>
      <trkpt lat="51.089981" lon="-115.358866"><ele>1312.4</ele><time>2026-06-20T14:26:29.000Z</time><extensions><gpxtpx:TrackPointExtension><gpxtpx:hr>129</gpxtpx:hr></gpxtpx:TrackPointExtension></extensions></trkpt>
      <trkpt lat="51.089983" lon="-115.35889"><ele>1312.4</ele><time>2026-06-20T14:26:30.000Z</time><extensions><gpxtpx:TrackPointExtension><gpxtpx:hr>130</gpxtpx:hr></gpxtpx:TrackPointExtension></extensions></trkpt>
      <trkpt lat="51.089984" lon="-115.358913"><ele>1312.4</ele><time>2026-06-20T14:26:31.000Z</time><extensions><gpxtpx:TrackPointExtension><gpxtpx:hr>130</gpxtpx:hr></gpxtpx:TrackPointExtension></extensions></trkpt>
      <trkpt lat="51.089986" lon="-115.358964"><ele>1312.6</ele><time>2026-06-20T14:26:32.000Z</time><extensions><gpxtpx:TrackPointExtension><gpxtpx:hr>130</gpxtpx:hr></gpxtpx:TrackPointExtension></extensions></trkpt>
      <trkpt lat="51.089986" lon="-115.358981"><ele>1312.6</ele><time>2026-06-20T14:26:33.000Z</time><extensions><gpxtpx:TrackPointExtension><gpxtpx:hr>130</gpxtpx:hr></gpxtpx:TrackPointExtension></extensions></trkpt>
      <trkpt lat="51.089986" lon="-115.359037"><ele>1312.6</ele><time>2026-06-20T14:26:34.000Z</time><extensions><gpxtpx:TrackPointExtension><gpxtpx:hr>130</gpxtpx:hr></gpxtpx:TrackPointExtension></extensions></trkpt>
      <trkpt lat="51.089987" lon="-115.35906"><ele>1312.6</ele><time>2026-06-20T14:26:35.000Z</time><extensions><gpxtpx:TrackPointExtension><gpxtpx:hr>130</gpxtpx:hr></gpxtpx:TrackPointExtension></extensions></trkpt>
      <trkpt lat="51.089987" lon="-115.359083"><ele>1312.6</ele><time>2026-06-20T14:26:36.000Z</time><extensions><gpxtpx:TrackPointExtension><gpxtpx:hr>131</gpxtpx:hr></gpxtpx:TrackPointExtension></extensions></trkpt>
      <trkpt lat="51.08999" lon="-115.359139"><ele>1312.6</ele><time>2026-06-20T14:26:37.000Z</time><extensions><gpxtpx:TrackPointExtension><gpxtpx:hr>131</gpxtpx:hr></gpxtpx:TrackPointExtension></extensions></trkpt>
      <trkpt lat="51.08999" lon="-115.359158"><ele>1312.6</ele><time>2026-06-20T14:26:38.000Z</time><extensions><gpxtpx:TrackPointExtension><gpxtpx:hr>131</gpxtpx:hr></gpxtpx:TrackPointExtension></extensions></trkpt>
      <trkpt lat="51.08999" lon="-115.359219"><ele>1312.6</ele><time>2026-06-20T14:26:39.000Z</time><extensions><gpxtpx:TrackPointExtension><gpxtpx:hr>131</gpxtpx:hr></gpxtpx:TrackPointExtension></extensions></trkpt>
      <trkpt lat="51.08999" lon="-115.359242"><ele>1312.8</ele><time>2026-06-20T14:26:40.000Z</time><extensions><gpxtpx:TrackPointExtension><gpxtpx:hr>131</gpxtpx:hr></gpxtpx:TrackPointExtension></extensions></trkpt>
      <trkpt lat="51.089989" lon="-115.359266"><ele>1312.8</ele><time>2026-06-20T14:26:41.000Z</time><extensions><gpxtpx:TrackPointExtension><gpxtpx:hr>131</gpxtpx:hr></gpxtpx:TrackPointExtension></extensions></trkpt>
      <trkpt lat="51.089988" lon="-115.359329"><ele>1312.8</ele><time>2026-06-20T14:26:42.000Z</time><extensions><gpxtpx:TrackPointExtension><gpxtpx:hr>131</gpxtpx:hr></gpxtpx:TrackPointExtension></extensions></trkpt>
      <trkpt lat="51.089989" lon="-115.359355"><ele>1312.8</ele><time>2026-06-20T14:26:43.000Z</time><extensions><gpxtpx:TrackPointExtension><gpxtpx:hr>131</gpxtpx:hr></gpxtpx:TrackPointExtension></extensions></trkpt>
      <trkpt lat="51.089989" lon="-115.35938"><ele>1312.8</ele><time>2026-06-20T14:26:44.000Z</time><extensions><gpxtpx:TrackPointExtension><gpxtpx:hr>131</gpxtpx:hr></gpxtpx:TrackPointExtension></extensions></trkpt>
      <trkpt lat="51.089994" lon="-115.359438"><ele>1312.8</ele><time>2026-06-20T14:26:45.000Z</time><extensions><gpxtpx:TrackPointExtension><gpxtpx:hr>131</gpxtpx:hr></gpxtpx:TrackPointExtension></extensions></trkpt>
      <trkpt lat="51.089996" lon="-115.359459"><ele>1312.8</ele><time>2026-06-20T14:26:46.000Z</time><extensions><gpxtpx:TrackPointExtension><gpxtpx:hr>131</gpxtpx:hr></gpxtpx:TrackPointExtension></extensions></trkpt>
      <trkpt lat="51.090003" lon="-115.359527"><ele>1313</ele><time>2026-06-20T14:26:47.000Z</time><extensions><gpxtpx:TrackPointExtension><gpxtpx:hr>131</gpxtpx:hr></gpxtpx:TrackPointExtension></extensions></trkpt>
      <trkpt lat="51.090005" lon="-115.359553"><ele>1313</ele><time>2026-06-20T14:26:48.000Z</time><extensions><gpxtpx:TrackPointExtension><gpxtpx:hr>131</gpxtpx:hr></gpxtpx:TrackPointExtension></extensions></trkpt>
      <trkpt lat="51.090008" lon="-115.35958"><ele>1313</ele><time>2026-06-20T14:26:49.000Z</time><extensions><gpxtpx:TrackPointExtension><gpxtpx:hr>132</gpxtpx:hr></gpxtpx:TrackPointExtension></extensions></trkpt>
      <trkpt lat="51.090012" lon="-115.359637"><ele>1313</ele><time>2026-06-20T14:26:50.000Z</time><extensions><gpxtpx:TrackPointExtension><gpxtpx:hr>132</gpxtpx:hr></gpxtpx:TrackPointExtension></extensions></trkpt>
      <trkpt lat="51.090013" lon="-115.359656"><ele>1313</ele><time>2026-06-20T14:26:51.000Z</time><extensions><gpxtpx:TrackPointExtension><gpxtpx:hr>132</gpxtpx:hr></gpxtpx:TrackPointExtension></extensions></trkpt>
      <trkpt lat="51.090016" lon="-115.359721"><ele>1313</ele><time>2026-06-20T14:26:52.000Z</time><extensions><gpxtpx:TrackPointExtension><gpxtpx:hr>132</gpxtpx:hr></gpxtpx:TrackPointExtension></extensions></trkpt>
      <trkpt lat="51.090018" lon="-115.359747"><ele>1313</ele><time>2026-06-20T14:26:53.000Z</time><extensions><gpxtpx:TrackPointExtension><gpxtpx:hr>130</gpxtpx:hr></gpxtpx:TrackPointExtension></extensions></trkpt>
      <trkpt lat="51.090019" lon="-115.359773"><ele>1313</ele><time>2026-06-20T14:26:54.000Z</time><extensions><gpxtpx:TrackPointExtension><gpxtpx:hr>130</gpxtpx:hr></gpxtpx:TrackPointExtension></extensions></trkpt>
      <trkpt lat="51.090022" lon="-115.359834"><ele>1313</ele><time>2026-06-20T14:26:55.000Z</time><extensions><gpxtpx:TrackPointExtension><gpxtpx:hr>130</gpxtpx:hr></gpxtpx:TrackPointExtension></extensions></trkpt>
      <trkpt lat="51.090023" lon="-115.359854"><ele>1313</ele><time>2026-06-20T14:26:56.000Z</time><extensions><gpxtpx:TrackPointExtension><gpxtpx:hr>130</gpxtpx:hr></gpxtpx:TrackPointExtension></extensions></trkpt>
      <trkpt lat="51.090025" lon="-115.359919"><ele>1313</ele><time>2026-06-20T14:26:57.000Z</time><extensions><gpxtpx:TrackPointExtension><gpxtpx:hr>130</gpxtpx:hr></gpxtpx:TrackPointExtension></extensions></trkpt>
      <trkpt lat="51.090025" lon="-115.359946"><ele>1313</ele><time>2026-06-20T14:26:58.000Z</time><extensions><gpxtpx:TrackPointExtension><gpxtpx:hr>130</gpxtpx:hr></gpxtpx:TrackPointExtension></extensions></trkpt>
      <trkpt lat="51.090026" lon="-115.359972"><ele>1313</ele><time>2026-06-20T14:26:59.000Z</time><extensions><gpxtpx:TrackPointExtension><gpxtpx:hr>131</gpxtpx:hr></gpxtpx:TrackPointExtension></extensions></trkpt>
      <trkpt lat="51.090026" lon="-115.360031"><ele>1313</ele><time>2026-06-20T14:27:00.000Z</time><extensions><gpxtpx:TrackPointExtension><gpxtpx:hr>131</gpxtpx:hr></gpxtpx:TrackPointExtension></extensions></trkpt>
      <trkpt lat="51.090026" lon="-115.360051"><ele>1313</ele><time>2026-06-20T14:27:01.000Z</time><extensions><gpxtpx:TrackPointExtension><gpxtpx:hr>131</gpxtpx:hr></gpxtpx:TrackPointExtension></extensions></trkpt>
      <trkpt lat="51.090024" lon="-115.360115"><ele>1313</ele><time>2026-06-20T14:27:02.000Z</time><extensions><gpxtpx:TrackPointExtension><gpxtpx:hr>131</gpxtpx:hr></gpxtpx:TrackPointExtension></extensions></trkpt>
      <trkpt lat="51.090024" lon="-115.36014"><ele>1313</ele><time>2026-06-20T14:27:03.000Z</time><extensions><gpxtpx:TrackPointExtension><gpxtpx:hr>131</gpxtpx:hr></gpxtpx:TrackPointExtension></extensions></trkpt>
      <trkpt lat="51.090023" lon="-115.360166"><ele>1313</ele><time>2026-06-20T14:27:04.000Z</time><extensions><gpxtpx:TrackPointExtension><gpxtpx:hr>131</gpxtpx:hr></gpxtpx:TrackPointExtension></extensions></trkpt>
      <trkpt lat="51.09002" lon="-115.36023"><ele>1313.2</ele><time>2026-06-20T14:27:05.000Z</time><extensions><gpxtpx:TrackPointExtension><gpxtpx:hr>131</gpxtpx:hr></gpxtpx:TrackPointExtension></extensions></trkpt>
      <trkpt lat="51.090018" lon="-115.360256"><ele>1313.2</ele><time>2026-06-20T14:27:06.000Z</time><extensions><gpxtpx:TrackPointExtension><gpxtpx:hr>131</gpxtpx:hr></gpxtpx:TrackPointExtension></extensions></trkpt>
      <trkpt lat="51.090017" lon="-115.360282"><ele>1313.2</ele><time>2026-06-20T14:27:07.000Z</time><extensions><gpxtpx:TrackPointExtension><gpxtpx:hr>131</gpxtpx:hr></gpxtpx:TrackPointExtension></extensions></trkpt>
      <trkpt lat="51.090014" lon="-115.360342"><ele>1313.2</ele><time>2026-06-20T14:27:08.000Z</time><extensions><gpxtpx:TrackPointExtension><gpxtpx:hr>131</gpxtpx:hr></gpxtpx:TrackPointExtension></extensions></trkpt>
      <trkpt lat="51.090013" lon="-115.360361"><ele>1313.2</ele><time>2026-06-20T14:27:09.000Z</time><extensions><gpxtpx:TrackPointExtension><gpxtpx:hr>128</gpxtpx:hr></gpxtpx:TrackPointExtension></extensions></trkpt>
      <trkpt lat="51.09001" lon="-115.360421"><ele>1313.2</ele><time>2026-06-20T14:27:10.000Z</time><extensions><gpxtpx:TrackPointExtension><gpxtpx:hr>128</gpxtpx:hr></gpxtpx:TrackPointExtension></extensions></trkpt>
      <trkpt lat="51.090009" lon="-115.360444"><ele>1313.2</ele><time>2026-06-20T14:27:11.000Z</time><extensions><gpxtpx:TrackPointExtension><gpxtpx:hr>128</gpxtpx:hr></gpxtpx:TrackPointExtension></extensions></trkpt>
      <trkpt lat="51.090008" lon="-115.360467"><ele>1313.2</ele><time>2026-06-20T14:27:12.000Z</time><extensions><gpxtpx:TrackPointExtension><gpxtpx:hr>128</gpxtpx:hr></gpxtpx:TrackPointExtension></extensions></trkpt>
      <trkpt lat="51.090006" lon="-115.360519"><ele>1313.2</ele><time>2026-06-20T14:27:13.000Z</time><extensions><gpxtpx:TrackPointExtension><gpxtpx:hr>128</gpxtpx:hr></gpxtpx:TrackPointExtension></extensions></trkpt>
      <trkpt lat="51.090004" lon="-115.360537"><ele>1313.4</ele><time>2026-06-20T14:27:14.000Z</time><extensions><gpxtpx:TrackPointExtension><gpxtpx:hr>130</gpxtpx:hr></gpxtpx:TrackPointExtension></extensions></trkpt>
      <trkpt lat="51.090002" lon="-115.360596"><ele>1313.4</ele><time>2026-06-20T14:27:15.000Z</time><extensions><gpxtpx:TrackPointExtension><gpxtpx:hr>130</gpxtpx:hr></gpxtpx:TrackPointExtension></extensions></trkpt>
      <trkpt lat="51.090001" lon="-115.360619"><ele>1313.4</ele><time>2026-06-20T14:27:16.000Z</time><extensions><gpxtpx:TrackPointExtension><gpxtpx:hr>130</gpxtpx:hr></gpxtpx:TrackPointExtension></extensions></trkpt>
      <trkpt lat="51.090001" lon="-115.360643"><ele>1313.4</ele><time>2026-06-20T14:27:17.000Z</time><extensions><gpxtpx:TrackPointExtension><gpxtpx:hr>130</gpxtpx:hr></gpxtpx:TrackPointExtension></extensions></trkpt>
      <trkpt lat="51.090009" lon="-115.360696"><ele>1313.4</ele><time>2026-06-20T14:27:18.000Z</time><extensions><gpxtpx:TrackPointExtension><gpxtpx:hr>129</gpxtpx:hr></gpxtpx:TrackPointExtension></extensions></trkpt>
      <trkpt lat="51.090012" lon="-115.360714"><ele>1313.4</ele><time>2026-06-20T14:27:19.000Z</time><extensions><gpxtpx:TrackPointExtension><gpxtpx:hr>129</gpxtpx:hr></gpxtpx:TrackPointExtension></extensions></trkpt>
      <trkpt lat="51.090036" lon="-115.36076"><ele>1313.4</ele><time>2026-06-20T14:27:20.000Z</time><extensions><gpxtpx:TrackPointExtension><gpxtpx:hr>128</gpxtpx:hr></gpxtpx:TrackPointExtension></extensions></trkpt>
      <trkpt lat="51.090049" lon="-115.360774"><ele>1313.4</ele><time>2026-06-20T14:27:21.000Z</time><extensions><gpxtpx:TrackPointExtension><gpxtpx:hr>128</gpxtpx:hr></gpxtpx:TrackPointExtension></extensions></trkpt>
      <trkpt lat="51.090061" lon="-115.360789"><ele>1313.4</ele><time>2026-06-20T14:27:22.000Z</time><extensions><gpxtpx:TrackPointExtension><gpxtpx:hr>128</gpxtpx:hr></gpxtpx:TrackPointExtension></extensions></trkpt>
      <trkpt lat="51.090096" lon="-115.360806"><ele>1313.2</ele><time>2026-06-20T14:27:23.000Z</time><extensions><gpxtpx:TrackPointExtension><gpxtpx:hr>128</gpxtpx:hr></gpxtpx:TrackPointExtension></extensions></trkpt>
      <trkpt lat="51.090108" lon="-115.360811"><ele>1313.2</ele><time>2026-06-20T14:27:24.000Z</time><extensions><gpxtpx:TrackPointExtension><gpxtpx:hr>128</gpxtpx:hr></gpxtpx:TrackPointExtension></extensions></trkpt>
      <trkpt lat="51.090151" lon="-115.360823"><ele>1313.2</ele><time>2026-06-20T14:27:25.000Z</time><extensions><gpxtpx:TrackPointExtension><gpxtpx:hr>128</gpxtpx:hr></gpxtpx:TrackPointExtension></extensions></trkpt>
      <trkpt lat="51.090168" lon="-115.360828"><ele>1313.2</ele><time>2026-06-20T14:27:26.000Z</time><extensions><gpxtpx:TrackPointExtension><gpxtpx:hr>130</gpxtpx:hr></gpxtpx:TrackPointExtension></extensions></trkpt>
      <trkpt lat="51.090186" lon="-115.360832"><ele>1313.2</ele><time>2026-06-20T14:27:27.000Z</time><extensions><gpxtpx:TrackPointExtension><gpxtpx:hr>130</gpxtpx:hr></gpxtpx:TrackPointExtension></extensions></trkpt>
      <trkpt lat="51.090227" lon="-115.360836"><ele>1313.2</ele><time>2026-06-20T14:27:28.000Z</time><extensions><gpxtpx:TrackPointExtension><gpxtpx:hr>130</gpxtpx:hr></gpxtpx:TrackPointExtension></extensions></trkpt>
      <trkpt lat="51.090241" lon="-115.360836"><ele>1313.2</ele><time>2026-06-20T14:27:29.000Z</time><extensions><gpxtpx:TrackPointExtension><gpxtpx:hr>130</gpxtpx:hr></gpxtpx:TrackPointExtension></extensions></trkpt>
      <trkpt lat="51.090284" lon="-115.360833"><ele>1313</ele><time>2026-06-20T14:27:30.000Z</time><extensions><gpxtpx:TrackPointExtension><gpxtpx:hr>130</gpxtpx:hr></gpxtpx:TrackPointExtension></extensions></trkpt>
      <trkpt lat="51.090301" lon="-115.360831"><ele>1313</ele><time>2026-06-20T14:27:31.000Z</time><extensions><gpxtpx:TrackPointExtension><gpxtpx:hr>132</gpxtpx:hr></gpxtpx:TrackPointExtension></extensions></trkpt>
      <trkpt lat="51.090319" lon="-115.36083"><ele>1313</ele><time>2026-06-20T14:27:32.000Z</time><extensions><gpxtpx:TrackPointExtension><gpxtpx:hr>132</gpxtpx:hr></gpxtpx:TrackPointExtension></extensions></trkpt>
      <trkpt lat="51.090364" lon="-115.360829"><ele>1313</ele><time>2026-06-20T14:27:33.000Z</time><extensions><gpxtpx:TrackPointExtension><gpxtpx:hr>132</gpxtpx:hr></gpxtpx:TrackPointExtension></extensions></trkpt>
      <trkpt lat="51.090381" lon="-115.360828"><ele>1313</ele><time>2026-06-20T14:27:34.000Z</time><extensions><gpxtpx:TrackPointExtension><gpxtpx:hr>132</gpxtpx:hr></gpxtpx:TrackPointExtension></extensions></trkpt>
      <trkpt lat="51.090399" lon="-115.360828"><ele>1313</ele><time>2026-06-20T14:27:35.000Z</time><extensions><gpxtpx:TrackPointExtension><gpxtpx:hr>132</gpxtpx:hr></gpxtpx:TrackPointExtension></extensions></trkpt>
      <trkpt lat="51.09044" lon="-115.360827"><ele>1313</ele><time>2026-06-20T14:27:36.000Z</time><extensions><gpxtpx:TrackPointExtension><gpxtpx:hr>132</gpxtpx:hr></gpxtpx:TrackPointExtension></extensions></trkpt>
      <trkpt lat="51.090453" lon="-115.360827"><ele>1313</ele><time>2026-06-20T14:27:37.000Z</time><extensions><gpxtpx:TrackPointExtension><gpxtpx:hr>132</gpxtpx:hr></gpxtpx:TrackPointExtension></extensions></trkpt>
      <trkpt lat="51.090501" lon="-115.360834"><ele>1312.8</ele><time>2026-06-20T14:27:38.000Z</time><extensions><gpxtpx:TrackPointExtension><gpxtpx:hr>132</gpxtpx:hr></gpxtpx:TrackPointExtension></extensions></trkpt>
      <trkpt lat="51.090519" lon="-115.360837"><ele>1312.8</ele><time>2026-06-20T14:27:39.000Z</time><extensions><gpxtpx:TrackPointExtension><gpxtpx:hr>132</gpxtpx:hr></gpxtpx:TrackPointExtension></extensions></trkpt>
      <trkpt lat="51.090538" lon="-115.360841"><ele>1312.8</ele><time>2026-06-20T14:27:40.000Z</time><extensions><gpxtpx:TrackPointExtension><gpxtpx:hr>132</gpxtpx:hr></gpxtpx:TrackPointExtension></extensions></trkpt>
      <trkpt lat="51.090579" lon="-115.360849"><ele>1312.8</ele><time>2026-06-20T14:27:41.000Z</time><extensions><gpxtpx:TrackPointExtension><gpxtpx:hr>132</gpxtpx:hr></gpxtpx:TrackPointExtension></extensions></trkpt>
      <trkpt lat="51.090592" lon="-115.360852"><ele>1312.8</ele><time>2026-06-20T14:27:42.000Z</time><extensions><gpxtpx:TrackPointExtension><gpxtpx:hr>132</gpxtpx:hr></gpxtpx:TrackPointExtension></extensions></trkpt>
      <trkpt lat="51.090636" lon="-115.360861"><ele>1313</ele><time>2026-06-20T14:27:43.000Z</time><extensions><gpxtpx:TrackPointExtension><gpxtpx:hr>132</gpxtpx:hr></gpxtpx:TrackPointExtension></extensions></trkpt>
      <trkpt lat="51.090654" lon="-115.360863"><ele>1313</ele><time>2026-06-20T14:27:44.000Z</time><extensions><gpxtpx:TrackPointExtension><gpxtpx:hr>132</gpxtpx:hr></gpxtpx:TrackPointExtension></extensions></trkpt>
      <trkpt lat="51.090671" lon="-115.360866"><ele>1313</ele><time>2026-06-20T14:27:45.000Z</time><extensions><gpxtpx:TrackPointExtension><gpxtpx:hr>131</gpxtpx:hr></gpxtpx:TrackPointExtension></extensions></trkpt>
      <trkpt lat="51.090709" lon="-115.360868"><ele>1313</ele><time>2026-06-20T14:27:46.000Z</time><extensions><gpxtpx:TrackPointExtension><gpxtpx:hr>131</gpxtpx:hr></gpxtpx:TrackPointExtension></extensions></trkpt>
      <trkpt lat="51.090723" lon="-115.360869"><ele>1313</ele><time>2026-06-20T14:27:47.000Z</time><extensions><gpxtpx:TrackPointExtension><gpxtpx:hr>131</gpxtpx:hr></gpxtpx:TrackPointExtension></extensions></trkpt>
      <trkpt lat="51.090765" lon="-115.360867"><ele>1313</ele><time>2026-06-20T14:27:48.000Z</time><extensions><gpxtpx:TrackPointExtension><gpxtpx:hr>131</gpxtpx:hr></gpxtpx:TrackPointExtension></extensions></trkpt>
      <trkpt lat="51.090782" lon="-115.360867"><ele>1313</ele><time>2026-06-20T14:27:49.000Z</time><extensions><gpxtpx:TrackPointExtension><gpxtpx:hr>131</gpxtpx:hr></gpxtpx:TrackPointExtension></extensions></trkpt>
      <trkpt lat="51.090798" lon="-115.360866"><ele>1313</ele><time>2026-06-20T14:27:50.000Z</time><extensions><gpxtpx:TrackPointExtension><gpxtpx:hr>131</gpxtpx:hr></gpxtpx:TrackPointExtension></extensions></trkpt>
      <trkpt lat="51.090834" lon="-115.360864"><ele>1313</ele><time>2026-06-20T14:27:51.000Z</time><extensions><gpxtpx:TrackPointExtension><gpxtpx:hr>131</gpxtpx:hr></gpxtpx:TrackPointExtension></extensions></trkpt>
      <trkpt lat="51.090846" lon="-115.360863"><ele>1313</ele><time>2026-06-20T14:27:52.000Z</time><extensions><gpxtpx:TrackPointExtension><gpxtpx:hr>131</gpxtpx:hr></gpxtpx:TrackPointExtension></extensions></trkpt>
      <trkpt lat="51.090882" lon="-115.360865"><ele>1313</ele><time>2026-06-20T14:27:53.000Z</time><extensions><gpxtpx:TrackPointExtension><gpxtpx:hr>131</gpxtpx:hr></gpxtpx:TrackPointExtension></extensions></trkpt>
      <trkpt lat="51.090897" lon="-115.360865"><ele>1313</ele><time>2026-06-20T14:27:54.000Z</time><extensions><gpxtpx:TrackPointExtension><gpxtpx:hr>133</gpxtpx:hr></gpxtpx:TrackPointExtension></extensions></trkpt>
      <trkpt lat="51.090911" lon="-115.360866"><ele>1312.8</ele><time>2026-06-20T14:27:55.000Z</time><extensions><gpxtpx:TrackPointExtension><gpxtpx:hr>133</gpxtpx:hr></gpxtpx:TrackPointExtension></extensions></trkpt>
      <trkpt lat="51.090942" lon="-115.360869"><ele>1312.8</ele><time>2026-06-20T14:27:56.000Z</time><extensions><gpxtpx:TrackPointExtension><gpxtpx:hr>133</gpxtpx:hr></gpxtpx:TrackPointExtension></extensions></trkpt>
      <trkpt lat="51.090952" lon="-115.36087"><ele>1312.8</ele><time>2026-06-20T14:27:57.000Z</time><extensions><gpxtpx:TrackPointExtension><gpxtpx:hr>133</gpxtpx:hr></gpxtpx:TrackPointExtension></extensions></trkpt>
      <trkpt lat="51.090969" lon="-115.360876"><ele>1312.8</ele><time>2026-06-20T14:27:58.000Z</time><extensions><gpxtpx:TrackPointExtension><gpxtpx:hr>133</gpxtpx:hr></gpxtpx:TrackPointExtension></extensions></trkpt>
      <trkpt lat="51.09098" lon="-115.360891"><ele>1312.8</ele><time>2026-06-20T14:27:59.000Z</time><extensions><gpxtpx:TrackPointExtension><gpxtpx:hr>133</gpxtpx:hr></gpxtpx:TrackPointExtension></extensions></trkpt>
      <trkpt lat="51.090986" lon="-115.360915"><ele>1312.8</ele><time>2026-06-20T14:28:00.000Z</time><extensions><gpxtpx:TrackPointExtension><gpxtpx:hr>133</gpxtpx:hr></gpxtpx:TrackPointExtension></extensions></trkpt>
      <trkpt lat="51.090987" lon="-115.360968"><ele>1312.8</ele><time>2026-06-20T14:28:01.000Z</time><extensions><gpxtpx:TrackPointExtension><gpxtpx:hr>133</gpxtpx:hr></gpxtpx:TrackPointExtension></extensions></trkpt>
      <trkpt lat="51.090985" lon="-115.36099"><ele>1312.8</ele><time>2026-06-20T14:28:02.000Z</time><extensions><gpxtpx:TrackPointExtension><gpxtpx:hr>133</gpxtpx:hr></gpxtpx:TrackPointExtension></extensions></trkpt>
      <trkpt lat="51.090984" lon="-115.361013"><ele>1312.8</ele><time>2026-06-20T14:28:03.000Z</time><extensions><gpxtpx:TrackPointExtension><gpxtpx:hr>133</gpxtpx:hr></gpxtpx:TrackPointExtension></extensions></trkpt>
      <trkpt lat="51.090983" lon="-115.361063"><ele>1312.8</ele><time>2026-06-20T14:28:04.000Z</time><extensions><gpxtpx:TrackPointExtension><gpxtpx:hr>133</gpxtpx:hr></gpxtpx:TrackPointExtension></extensions></trkpt>
      <trkpt lat="51.090983" lon="-115.36108"><ele>1312.8</ele><time>2026-06-20T14:28:05.000Z</time><extensions><gpxtpx:TrackPointExtension><gpxtpx:hr>133</gpxtpx:hr></gpxtpx:TrackPointExtension></extensions></trkpt>
      <trkpt lat="51.090983" lon="-115.361136"><ele>1312.8</ele><time>2026-06-20T14:28:06.000Z</time><extensions><gpxtpx:TrackPointExtension><gpxtpx:hr>133</gpxtpx:hr></gpxtpx:TrackPointExtension></extensions></trkpt>
      <trkpt lat="51.090982" lon="-115.361158"><ele>1312.8</ele><time>2026-06-20T14:28:07.000Z</time><extensions><gpxtpx:TrackPointExtension><gpxtpx:hr>133</gpxtpx:hr></gpxtpx:TrackPointExtension></extensions></trkpt>
      <trkpt lat="51.090981" lon="-115.361181"><ele>1312.8</ele><time>2026-06-20T14:28:08.000Z</time><extensions><gpxtpx:TrackPointExtension><gpxtpx:hr>134</gpxtpx:hr></gpxtpx:TrackPointExtension></extensions></trkpt>
      <trkpt lat="51.090979" lon="-115.361235"><ele>1312.8</ele><time>2026-06-20T14:28:09.000Z</time><extensions><gpxtpx:TrackPointExtension><gpxtpx:hr>134</gpxtpx:hr></gpxtpx:TrackPointExtension></extensions></trkpt>
      <trkpt lat="51.090977" lon="-115.361253"><ele>1312.8</ele><time>2026-06-20T14:28:10.000Z</time><extensions><gpxtpx:TrackPointExtension><gpxtpx:hr>134</gpxtpx:hr></gpxtpx:TrackPointExtension></extensions></trkpt>
      <trkpt lat="51.090974" lon="-115.361313"><ele>1312.8</ele><time>2026-06-20T14:28:11.000Z</time><extensions><gpxtpx:TrackPointExtension><gpxtpx:hr>134</gpxtpx:hr></gpxtpx:TrackPointExtension></extensions></trkpt>
      <trkpt lat="51.090973" lon="-115.361337"><ele>1312.8</ele><time>2026-06-20T14:28:12.000Z</time><extensions><gpxtpx:TrackPointExtension><gpxtpx:hr>134</gpxtpx:hr></gpxtpx:TrackPointExtension></extensions></trkpt>
      <trkpt lat="51.090972" lon="-115.361362"><ele>1312.8</ele><time>2026-06-20T14:28:13.000Z</time><extensions><gpxtpx:TrackPointExtension><gpxtpx:hr>134</gpxtpx:hr></gpxtpx:TrackPointExtension></extensions></trkpt>
      <trkpt lat="51.090971" lon="-115.361417"><ele>1312.8</ele><time>2026-06-20T14:28:14.000Z</time><extensions><gpxtpx:TrackPointExtension><gpxtpx:hr>134</gpxtpx:hr></gpxtpx:TrackPointExtension></extensions></trkpt>
      <trkpt lat="51.09097" lon="-115.361434"><ele>1312.8</ele><time>2026-06-20T14:28:15.000Z</time><extensions><gpxtpx:TrackPointExtension><gpxtpx:hr>134</gpxtpx:hr></gpxtpx:TrackPointExtension></extensions></trkpt>
      <trkpt lat="51.090967" lon="-115.361493"><ele>1313</ele><time>2026-06-20T14:28:16.000Z</time><extensions><gpxtpx:TrackPointExtension><gpxtpx:hr>134</gpxtpx:hr></gpxtpx:TrackPointExtension></extensions></trkpt>
      <trkpt lat="51.090965" lon="-115.361516"><ele>1313</ele><time>2026-06-20T14:28:17.000Z</time><extensions><gpxtpx:TrackPointExtension><gpxtpx:hr>134</gpxtpx:hr></gpxtpx:TrackPointExtension></extensions></trkpt>
      <trkpt lat="51.090963" lon="-115.361539"><ele>1313</ele><time>2026-06-20T14:28:18.000Z</time><extensions><gpxtpx:TrackPointExtension><gpxtpx:hr>135</gpxtpx:hr></gpxtpx:TrackPointExtension></extensions></trkpt>
      <trkpt lat="51.09096" lon="-115.361587"><ele>1313.2</ele><time>2026-06-20T14:28:19.000Z</time><extensions><gpxtpx:TrackPointExtension><gpxtpx:hr>135</gpxtpx:hr></gpxtpx:TrackPointExtension></extensions></trkpt>
      <trkpt lat="51.090959" lon="-115.361603"><ele>1313.2</ele><time>2026-06-20T14:28:20.000Z</time><extensions><gpxtpx:TrackPointExtension><gpxtpx:hr>135</gpxtpx:hr></gpxtpx:TrackPointExtension></extensions></trkpt>
      <trkpt lat="51.090958" lon="-115.361655"><ele>1313.4</ele><time>2026-06-20T14:28:21.000Z</time><extensions><gpxtpx:TrackPointExtension><gpxtpx:hr>135</gpxtpx:hr></gpxtpx:TrackPointExtension></extensions></trkpt>
      <trkpt lat="51.090958" lon="-115.361677"><ele>1313.4</ele><time>2026-06-20T14:28:22.000Z</time><extensions><gpxtpx:TrackPointExtension><gpxtpx:hr>135</gpxtpx:hr></gpxtpx:TrackPointExtension></extensions></trkpt>
      <trkpt lat="51.090958" lon="-115.361698"><ele>1313.6</ele><time>2026-06-20T14:28:23.000Z</time><extensions><gpxtpx:TrackPointExtension><gpxtpx:hr>135</gpxtpx:hr></gpxtpx:TrackPointExtension></extensions></trkpt>
      <trkpt lat="51.090956" lon="-115.361753"><ele>1313.8</ele><time>2026-06-20T14:28:24.000Z</time><extensions><gpxtpx:TrackPointExtension><gpxtpx:hr>135</gpxtpx:hr></gpxtpx:TrackPointExtension></extensions></trkpt>
      <trkpt lat="51.090954" lon="-115.361776"><ele>1313.8</ele><time>2026-06-20T14:28:25.000Z</time><extensions><gpxtpx:TrackPointExtension><gpxtpx:hr>135</gpxtpx:hr></gpxtpx:TrackPointExtension></extensions></trkpt>
      <trkpt lat="51.090953" lon="-115.361798"><ele>1314</ele><time>2026-06-20T14:28:26.000Z</time><extensions><gpxtpx:TrackPointExtension><gpxtpx:hr>136</gpxtpx:hr></gpxtpx:TrackPointExtension></extensions></trkpt>
      <trkpt lat="51.090952" lon="-115.361851"><ele>1314.2</ele><time>2026-06-20T14:28:27.000Z</time><extensions><gpxtpx:TrackPointExtension><gpxtpx:hr>136</gpxtpx:hr></gpxtpx:TrackPointExtension></extensions></trkpt>
      <trkpt lat="51.090951" lon="-115.361868"><ele>1314.2</ele><time>2026-06-20T14:28:28.000Z</time><extensions><gpxtpx:TrackPointExtension><gpxtpx:hr>136</gpxtpx:hr></gpxtpx:TrackPointExtension></extensions></trkpt>
      <trkpt lat="51.09095" lon="-115.361925"><ele>1314.4</ele><time>2026-06-20T14:28:29.000Z</time><extensions><gpxtpx:TrackPointExtension><gpxtpx:hr>136</gpxtpx:hr></gpxtpx:TrackPointExtension></extensions></trkpt>
      <trkpt lat="51.09095" lon="-115.361948"><ele>1314.4</ele><time>2026-06-20T14:28:30.000Z</time><extensions><gpxtpx:TrackPointExtension><gpxtpx:hr>136</gpxtpx:hr></gpxtpx:TrackPointExtension></extensions></trkpt>
      <trkpt lat="51.09095" lon="-115.361971"><ele>1314.6</ele><time>2026-06-20T14:28:31.000Z</time><extensions><gpxtpx:TrackPointExtension><gpxtpx:hr>136</gpxtpx:hr></gpxtpx:TrackPointExtension></extensions></trkpt>
      <trkpt lat="51.09095" lon="-115.362023"><ele>1314.6</ele><time>2026-06-20T14:28:32.000Z</time><extensions><gpxtpx:TrackPointExtension><gpxtpx:hr>136</gpxtpx:hr></gpxtpx:TrackPointExtension></extensions></trkpt>
      <trkpt lat="51.09095" lon="-115.36204"><ele>1314.8</ele><time>2026-06-20T14:28:33.000Z</time><extensions><gpxtpx:TrackPointExtension><gpxtpx:hr>136</gpxtpx:hr></gpxtpx:TrackPointExtension></extensions></trkpt>
      <trkpt lat="51.090951" lon="-115.362097"><ele>1314.8</ele><time>2026-06-20T14:28:34.000Z</time><extensions><gpxtpx:TrackPointExtension><gpxtpx:hr>136</gpxtpx:hr></gpxtpx:TrackPointExtension></extensions></trkpt>
      <trkpt lat="51.090952" lon="-115.36212"><ele>1314.8</ele><time>2026-06-20T14:28:35.000Z</time><extensions><gpxtpx:TrackPointExtension><gpxtpx:hr>136</gpxtpx:hr></gpxtpx:TrackPointExtension></extensions></trkpt>
      <trkpt lat="51.090952" lon="-115.362142"><ele>1314.8</ele><time>2026-06-20T14:28:36.000Z</time><extensions><gpxtpx:TrackPointExtension><gpxtpx:hr>137</gpxtpx:hr></gpxtpx:TrackPointExtension></extensions></trkpt>
      <trkpt lat="51.090954" lon="-115.362192"><ele>1314.8</ele><time>2026-06-20T14:28:37.000Z</time><extensions><gpxtpx:TrackPointExtension><gpxtpx:hr>137</gpxtpx:hr></gpxtpx:TrackPointExtension></extensions></trkpt>
      <trkpt lat="51.090955" lon="-115.362209"><ele>1314.8</ele><time>2026-06-20T14:28:38.000Z</time><extensions><gpxtpx:TrackPointExtension><gpxtpx:hr>137</gpxtpx:hr></gpxtpx:TrackPointExtension></extensions></trkpt>
      <trkpt lat="51.090956" lon="-115.36227"><ele>1314.8</ele><time>2026-06-20T14:28:39.000Z</time><extensions><gpxtpx:TrackPointExtension><gpxtpx:hr>137</gpxtpx:hr></gpxtpx:TrackPointExtension></extensions></trkpt>
      <trkpt lat="51.090956" lon="-115.362295"><ele>1314.8</ele><time>2026-06-20T14:28:40.000Z</time><extensions><gpxtpx:TrackPointExtension><gpxtpx:hr>137</gpxtpx:hr></gpxtpx:TrackPointExtension></extensions></trkpt>
      <trkpt lat="51.090956" lon="-115.362319"><ele>1314.8</ele><time>2026-06-20T14:28:41.000Z</time><extensions><gpxtpx:TrackPointExtension><gpxtpx:hr>137</gpxtpx:hr></gpxtpx:TrackPointExtension></extensions></trkpt>
      <trkpt lat="51.090955" lon="-115.362356"><ele>1314.8</ele><time>2026-06-20T14:28:42.000Z</time><extensions><gpxtpx:TrackPointExtension><gpxtpx:hr>137</gpxtpx:hr></gpxtpx:TrackPointExtension></extensions></trkpt>
      <trkpt lat="51.090955" lon="-115.362356"><ele>1314.8</ele><time>2026-06-20T14:28:43.000Z</time><extensions><gpxtpx:TrackPointExtension><gpxtpx:hr>137</gpxtpx:hr></gpxtpx:TrackPointExtension></extensions></trkpt>
      <trkpt lat="51.090954" lon="-115.362418"><ele>1314.8</ele><time>2026-06-20T14:28:44.000Z</time><extensions><gpxtpx:TrackPointExtension><gpxtpx:hr>137</gpxtpx:hr></gpxtpx:TrackPointExtension></extensions></trkpt>
      <trkpt lat="51.090955" lon="-115.362444"><ele>1314.8</ele><time>2026-06-20T14:28:45.000Z</time><extensions><gpxtpx:TrackPointExtension><gpxtpx:hr>137</gpxtpx:hr></gpxtpx:TrackPointExtension></extensions></trkpt>
      <trkpt lat="51.090955" lon="-115.362469"><ele>1314.8</ele><time>2026-06-20T14:28:46.000Z</time><extensions><gpxtpx:TrackPointExtension><gpxtpx:hr>137</gpxtpx:hr></gpxtpx:TrackPointExtension></extensions></trkpt>
      <trkpt lat="51.090957" lon="-115.362527"><ele>1314.8</ele><time>2026-06-20T14:28:47.000Z</time><extensions><gpxtpx:TrackPointExtension><gpxtpx:hr>137</gpxtpx:hr></gpxtpx:TrackPointExtension></extensions></trkpt>
      <trkpt lat="51.090957" lon="-115.362547"><ele>1314.6</ele><time>2026-06-20T14:28:48.000Z</time><extensions><gpxtpx:TrackPointExtension><gpxtpx:hr>135</gpxtpx:hr></gpxtpx:TrackPointExtension></extensions></trkpt>
      <trkpt lat="51.090957" lon="-115.36261"><ele>1314.6</ele><time>2026-06-20T14:28:49.000Z</time><extensions><gpxtpx:TrackPointExtension><gpxtpx:hr>135</gpxtpx:hr></gpxtpx:TrackPointExtension></extensions></trkpt>
      <trkpt lat="51.090956" lon="-115.362636"><ele>1314.6</ele><time>2026-06-20T14:28:50.000Z</time><extensions><gpxtpx:TrackPointExtension><gpxtpx:hr>135</gpxtpx:hr></gpxtpx:TrackPointExtension></extensions></trkpt>
      <trkpt lat="51.090956" lon="-115.362662"><ele>1314.6</ele><time>2026-06-20T14:28:51.000Z</time><extensions><gpxtpx:TrackPointExtension><gpxtpx:hr>135</gpxtpx:hr></gpxtpx:TrackPointExtension></extensions></trkpt>
      <trkpt lat="51.090956" lon="-115.362732"><ele>1314.6</ele><time>2026-06-20T14:28:52.000Z</time><extensions><gpxtpx:TrackPointExtension><gpxtpx:hr>135</gpxtpx:hr></gpxtpx:TrackPointExtension></extensions></trkpt>
      <trkpt lat="51.090956" lon="-115.362759"><ele>1314.6</ele><time>2026-06-20T14:28:53.000Z</time><extensions><gpxtpx:TrackPointExtension><gpxtpx:hr>135</gpxtpx:hr></gpxtpx:TrackPointExtension></extensions></trkpt>
      <trkpt lat="51.090956" lon="-115.362787"><ele>1314.6</ele><time>2026-06-20T14:28:54.000Z</time><extensions><gpxtpx:TrackPointExtension><gpxtpx:hr>135</gpxtpx:hr></gpxtpx:TrackPointExtension></extensions></trkpt>
      <trkpt lat="51.090957" lon="-115.362844"><ele>1314.6</ele><time>2026-06-20T14:28:55.000Z</time><extensions><gpxtpx:TrackPointExtension><gpxtpx:hr>135</gpxtpx:hr></gpxtpx:TrackPointExtension></extensions></trkpt>
      <trkpt lat="51.090957" lon="-115.362862"><ele>1314.6</ele><time>2026-06-20T14:28:56.000Z</time><extensions><gpxtpx:TrackPointExtension><gpxtpx:hr>135</gpxtpx:hr></gpxtpx:TrackPointExtension></extensions></trkpt>
      <trkpt lat="51.090959" lon="-115.362932"><ele>1314.6</ele><time>2026-06-20T14:28:57.000Z</time><extensions><gpxtpx:TrackPointExtension><gpxtpx:hr>135</gpxtpx:hr></gpxtpx:TrackPointExtension></extensions></trkpt>
      <trkpt lat="51.090961" lon="-115.362961"><ele>1314.6</ele><time>2026-06-20T14:28:58.000Z</time><extensions><gpxtpx:TrackPointExtension><gpxtpx:hr>135</gpxtpx:hr></gpxtpx:TrackPointExtension></extensions></trkpt>
      <trkpt lat="51.090962" lon="-115.36299"><ele>1314.6</ele><time>2026-06-20T14:28:59.000Z</time><extensions><gpxtpx:TrackPointExtension><gpxtpx:hr>135</gpxtpx:hr></gpxtpx:TrackPointExtension></extensions></trkpt>
      <trkpt lat="51.090963" lon="-115.363051"><ele>1314.6</ele><time>2026-06-20T14:29:00.000Z</time><extensions><gpxtpx:TrackPointExtension><gpxtpx:hr>135</gpxtpx:hr></gpxtpx:TrackPointExtension></extensions></trkpt>
      <trkpt lat="51.090963" lon="-115.36307"><ele>1314.6</ele><time>2026-06-20T14:29:01.000Z</time><extensions><gpxtpx:TrackPointExtension><gpxtpx:hr>135</gpxtpx:hr></gpxtpx:TrackPointExtension></extensions></trkpt>
      <trkpt lat="51.090963" lon="-115.363131"><ele>1314.6</ele><time>2026-06-20T14:29:02.000Z</time><extensions><gpxtpx:TrackPointExtension><gpxtpx:hr>135</gpxtpx:hr></gpxtpx:TrackPointExtension></extensions></trkpt>
      <trkpt lat="51.090964" lon="-115.363156"><ele>1314.6</ele><time>2026-06-20T14:29:03.000Z</time><extensions><gpxtpx:TrackPointExtension><gpxtpx:hr>135</gpxtpx:hr></gpxtpx:TrackPointExtension></extensions></trkpt>
      <trkpt lat="51.090964" lon="-115.36318"><ele>1314.6</ele><time>2026-06-20T14:29:04.000Z</time><extensions><gpxtpx:TrackPointExtension><gpxtpx:hr>136</gpxtpx:hr></gpxtpx:TrackPointExtension></extensions></trkpt>
      <trkpt lat="51.090968" lon="-115.363232"><ele>1314.6</ele><time>2026-06-20T14:29:05.000Z</time><extensions><gpxtpx:TrackPointExtension><gpxtpx:hr>136</gpxtpx:hr></gpxtpx:TrackPointExtension></extensions></trkpt>
      <trkpt lat="51.090969" lon="-115.36325"><ele>1314.6</ele><time>2026-06-20T14:29:06.000Z</time><extensions><gpxtpx:TrackPointExtension><gpxtpx:hr>136</gpxtpx:hr></gpxtpx:TrackPointExtension></extensions></trkpt>
      <trkpt lat="51.090987" lon="-115.363303"><ele>1314.4</ele><time>2026-06-20T14:29:07.000Z</time><extensions><gpxtpx:TrackPointExtension><gpxtpx:hr>136</gpxtpx:hr></gpxtpx:TrackPointExtension></extensions></trkpt>
      <trkpt lat="51.090996" lon="-115.363323"><ele>1314.4</ele><time>2026-06-20T14:29:08.000Z</time><extensions><gpxtpx:TrackPointExtension><gpxtpx:hr>136</gpxtpx:hr></gpxtpx:TrackPointExtension></extensions></trkpt>
      <trkpt lat="51.091006" lon="-115.363343"><ele>1314.4</ele><time>2026-06-20T14:29:09.000Z</time><extensions><gpxtpx:TrackPointExtension><gpxtpx:hr>136</gpxtpx:hr></gpxtpx:TrackPointExtension></extensions></trkpt>
      <trkpt lat="51.091037" lon="-115.363376"><ele>1314.4</ele><time>2026-06-20T14:29:10.000Z</time><extensions><gpxtpx:TrackPointExtension><gpxtpx:hr>136</gpxtpx:hr></gpxtpx:TrackPointExtension></extensions></trkpt>
      <trkpt lat="51.091048" lon="-115.363386"><ele>1314.2</ele><time>2026-06-20T14:29:11.000Z</time><extensions><gpxtpx:TrackPointExtension><gpxtpx:hr>136</gpxtpx:hr></gpxtpx:TrackPointExtension></extensions></trkpt>
      <trkpt lat="51.091085" lon="-115.363412"><ele>1314.2</ele><time>2026-06-20T14:29:12.000Z</time><extensions><gpxtpx:TrackPointExtension><gpxtpx:hr>136</gpxtpx:hr></gpxtpx:TrackPointExtension></extensions></trkpt>
      <trkpt lat="51.091099" lon="-115.363423"><ele>1314</ele><time>2026-06-20T14:29:13.000Z</time><extensions><gpxtpx:TrackPointExtension><gpxtpx:hr>135</gpxtpx:hr></gpxtpx:TrackPointExtension></extensions></trkpt>
      <trkpt lat="51.091114" lon="-115.363433"><ele>1313.8</ele><time>2026-06-20T14:29:14.000Z</time><extensions><gpxtpx:TrackPointExtension><gpxtpx:hr>135</gpxtpx:hr></gpxtpx:TrackPointExtension></extensions></trkpt>
      <trkpt lat="51.09115" lon="-115.363456"><ele>1313.6</ele><time>2026-06-20T14:29:15.000Z</time><extensions><gpxtpx:TrackPointExtension><gpxtpx:hr>135</gpxtpx:hr></gpxtpx:TrackPointExtension></extensions></trkpt>
      <trkpt lat="51.091162" lon="-115.363463"><ele>1313.4</ele><time>2026-06-20T14:29:16.000Z</time><extensions><gpxtpx:TrackPointExtension><gpxtpx:hr>135</gpxtpx:hr></gpxtpx:TrackPointExtension></extensions></trkpt>
      <trkpt lat="51.091204" lon="-115.363477"><ele>1313.2</ele><time>2026-06-20T14:29:17.000Z</time><extensions><gpxtpx:TrackPointExtension><gpxtpx:hr>135</gpxtpx:hr></gpxtpx:TrackPointExtension></extensions></trkpt>
      <trkpt lat="51.09122" lon="-115.363482"><ele>1312.8</ele><time>2026-06-20T14:29:18.000Z</time><extensions><gpxtpx:TrackPointExtension><gpxtpx:hr>135</gpxtpx:hr></gpxtpx:TrackPointExtension></extensions></trkpt>
      <trkpt lat="51.091237" lon="-115.363486"><ele>1312.6</ele><time>2026-06-20T14:29:19.000Z</time><extensions><gpxtpx:TrackPointExtension><gpxtpx:hr>135</gpxtpx:hr></gpxtpx:TrackPointExtension></extensions></trkpt>
      <trkpt lat="51.091279" lon="-115.363495"><ele>1312.4</ele><time>2026-06-20T14:29:20.000Z</time><extensions><gpxtpx:TrackPointExtension><gpxtpx:hr>135</gpxtpx:hr></gpxtpx:TrackPointExtension></extensions></trkpt>
      <trkpt lat="51.091295" lon="-115.363499"><ele>1312</ele><time>2026-06-20T14:29:21.000Z</time><extensions><gpxtpx:TrackPointExtension><gpxtpx:hr>135</gpxtpx:hr></gpxtpx:TrackPointExtension></extensions></trkpt>
      <trkpt lat="51.091311" lon="-115.363503"><ele>1311.8</ele><time>2026-06-20T14:29:22.000Z</time><extensions><gpxtpx:TrackPointExtension><gpxtpx:hr>135</gpxtpx:hr></gpxtpx:TrackPointExtension></extensions></trkpt>
      <trkpt lat="51.091344" lon="-115.363515"><ele>1311.8</ele><time>2026-06-20T14:29:23.000Z</time><extensions><gpxtpx:TrackPointExtension><gpxtpx:hr>135</gpxtpx:hr></gpxtpx:TrackPointExtension></extensions></trkpt>
      <trkpt lat="51.091355" lon="-115.36352"><ele>1311.6</ele><time>2026-06-20T14:29:24.000Z</time><extensions><gpxtpx:TrackPointExtension><gpxtpx:hr>136</gpxtpx:hr></gpxtpx:TrackPointExtension></extensions></trkpt>
      <trkpt lat="51.091392" lon="-115.363534"><ele>1311.4</ele><time>2026-06-20T14:29:25.000Z</time><extensions><gpxtpx:TrackPointExtension><gpxtpx:hr>136</gpxtpx:hr></gpxtpx:TrackPointExtension></extensions></trkpt>
      <trkpt lat="51.091408" lon="-115.363539"><ele>1311.4</ele><time>2026-06-20T14:29:26.000Z</time><extensions><gpxtpx:TrackPointExtension><gpxtpx:hr>136</gpxtpx:hr></gpxtpx:TrackPointExtension></extensions></trkpt>
      <trkpt lat="51.091423" lon="-115.363544"><ele>1311.4</ele><time>2026-06-20T14:29:27.000Z</time><extensions><gpxtpx:TrackPointExtension><gpxtpx:hr>136</gpxtpx:hr></gpxtpx:TrackPointExtension></extensions></trkpt>
      <trkpt lat="51.091458" lon="-115.363551"><ele>1311.4</ele><time>2026-06-20T14:29:28.000Z</time><extensions><gpxtpx:TrackPointExtension><gpxtpx:hr>136</gpxtpx:hr></gpxtpx:TrackPointExtension></extensions></trkpt>
      <trkpt lat="51.09147" lon="-115.363553"><ele>1311.2</ele><time>2026-06-20T14:29:29.000Z</time><extensions><gpxtpx:TrackPointExtension><gpxtpx:hr>136</gpxtpx:hr></gpxtpx:TrackPointExtension></extensions></trkpt>
      <trkpt lat="51.091511" lon="-115.363562"><ele>1311.2</ele><time>2026-06-20T14:29:30.000Z</time><extensions><gpxtpx:TrackPointExtension><gpxtpx:hr>135</gpxtpx:hr></gpxtpx:TrackPointExtension></extensions></trkpt>
      <trkpt lat="51.091528" lon="-115.363565"><ele>1311.2</ele><time>2026-06-20T14:29:31.000Z</time><extensions><gpxtpx:TrackPointExtension><gpxtpx:hr>135</gpxtpx:hr></gpxtpx:TrackPointExtension></extensions></trkpt>
      <trkpt lat="51.091544" lon="-115.363569"><ele>1311.4</ele><time>2026-06-20T14:29:32.000Z</time><extensions><gpxtpx:TrackPointExtension><gpxtpx:hr>135</gpxtpx:hr></gpxtpx:TrackPointExtension></extensions></trkpt>
      <trkpt lat="51.09158" lon="-115.363581"><ele>1311.4</ele><time>2026-06-20T14:29:33.000Z</time><extensions><gpxtpx:TrackPointExtension><gpxtpx:hr>135</gpxtpx:hr></gpxtpx:TrackPointExtension></extensions></trkpt>
      <trkpt lat="51.091591" lon="-115.363586"><ele>1311.4</ele><time>2026-06-20T14:29:34.000Z</time><extensions><gpxtpx:TrackPointExtension><gpxtpx:hr>135</gpxtpx:hr></gpxtpx:TrackPointExtension></extensions></trkpt>
      <trkpt lat="51.09163" lon="-115.363603"><ele>1311.4</ele><time>2026-06-20T14:29:35.000Z</time><extensions><gpxtpx:TrackPointExtension><gpxtpx:hr>135</gpxtpx:hr></gpxtpx:TrackPointExtension></extensions></trkpt>
      <trkpt lat="51.091645" lon="-115.363611"><ele>1311.4</ele><time>2026-06-20T14:29:36.000Z</time><extensions><gpxtpx:TrackPointExtension><gpxtpx:hr>135</gpxtpx:hr></gpxtpx:TrackPointExtension></extensions></trkpt>
      <trkpt lat="51.09166" lon="-115.363618"><ele>1311.6</ele><time>2026-06-20T14:29:37.000Z</time><extensions><gpxtpx:TrackPointExtension><gpxtpx:hr>135</gpxtpx:hr></gpxtpx:TrackPointExtension></extensions></trkpt>
      <trkpt lat="51.091694" lon="-115.363633"><ele>1311.6</ele><time>2026-06-20T14:29:38.000Z</time><extensions><gpxtpx:TrackPointExtension><gpxtpx:hr>135</gpxtpx:hr></gpxtpx:TrackPointExtension></extensions></trkpt>
      <trkpt lat="51.091705" lon="-115.363638"><ele>1311.8</ele><time>2026-06-20T14:29:39.000Z</time><extensions><gpxtpx:TrackPointExtension><gpxtpx:hr>135</gpxtpx:hr></gpxtpx:TrackPointExtension></extensions></trkpt>
      <trkpt lat="51.091742" lon="-115.363648"><ele>1311.8</ele><time>2026-06-20T14:29:40.000Z</time><extensions><gpxtpx:TrackPointExtension><gpxtpx:hr>135</gpxtpx:hr></gpxtpx:TrackPointExtension></extensions></trkpt>
      <trkpt lat="51.091757" lon="-115.363651"><ele>1312</ele><time>2026-06-20T14:29:41.000Z</time><extensions><gpxtpx:TrackPointExtension><gpxtpx:hr>135</gpxtpx:hr></gpxtpx:TrackPointExtension></extensions></trkpt>
      <trkpt lat="51.091772" lon="-115.363654"><ele>1312</ele><time>2026-06-20T14:29:42.000Z</time><extensions><gpxtpx:TrackPointExtension><gpxtpx:hr>135</gpxtpx:hr></gpxtpx:TrackPointExtension></extensions></trkpt>
      <trkpt lat="51.091809" lon="-115.36366"><ele>1312.2</ele><time>2026-06-20T14:29:43.000Z</time><extensions><gpxtpx:TrackPointExtension><gpxtpx:hr>135</gpxtpx:hr></gpxtpx:TrackPointExtension></extensions></trkpt>
      <trkpt lat="51.091824" lon="-115.363664"><ele>1312.2</ele><time>2026-06-20T14:29:44.000Z</time><extensions><gpxtpx:TrackPointExtension><gpxtpx:hr>135</gpxtpx:hr></gpxtpx:TrackPointExtension></extensions></trkpt>
      <trkpt lat="51.091839" lon="-115.363667"><ele>1312.2</ele><time>2026-06-20T14:29:45.000Z</time><extensions><gpxtpx:TrackPointExtension><gpxtpx:hr>135</gpxtpx:hr></gpxtpx:TrackPointExtension></extensions></trkpt>
      <trkpt lat="51.091875" lon="-115.363682"><ele>1312.2</ele><time>2026-06-20T14:29:46.000Z</time><extensions><gpxtpx:TrackPointExtension><gpxtpx:hr>135</gpxtpx:hr></gpxtpx:TrackPointExtension></extensions></trkpt>
      <trkpt lat="51.091886" lon="-115.363688"><ele>1312.2</ele><time>2026-06-20T14:29:47.000Z</time><extensions><gpxtpx:TrackPointExtension><gpxtpx:hr>135</gpxtpx:hr></gpxtpx:TrackPointExtension></extensions></trkpt>
      <trkpt lat="51.091922" lon="-115.363711"><ele>1312.4</ele><time>2026-06-20T14:29:48.000Z</time><extensions><gpxtpx:TrackPointExtension><gpxtpx:hr>135</gpxtpx:hr></gpxtpx:TrackPointExtension></extensions></trkpt>
      <trkpt lat="51.091937" lon="-115.363722"><ele>1312.4</ele><time>2026-06-20T14:29:49.000Z</time><extensions><gpxtpx:TrackPointExtension><gpxtpx:hr>135</gpxtpx:hr></gpxtpx:TrackPointExtension></extensions></trkpt>
      <trkpt lat="51.091951" lon="-115.363732"><ele>1312.4</ele><time>2026-06-20T14:29:50.000Z</time><extensions><gpxtpx:TrackPointExtension><gpxtpx:hr>135</gpxtpx:hr></gpxtpx:TrackPointExtension></extensions></trkpt>
      <trkpt lat="51.091983" lon="-115.363758"><ele>1312.4</ele><time>2026-06-20T14:29:51.000Z</time><extensions><gpxtpx:TrackPointExtension><gpxtpx:hr>135</gpxtpx:hr></gpxtpx:TrackPointExtension></extensions></trkpt>
      <trkpt lat="51.091994" lon="-115.363767"><ele>1312.4</ele><time>2026-06-20T14:29:52.000Z</time><extensions><gpxtpx:TrackPointExtension><gpxtpx:hr>135</gpxtpx:hr></gpxtpx:TrackPointExtension></extensions></trkpt>
      <trkpt lat="51.092032" lon="-115.363789"><ele>1312.4</ele><time>2026-06-20T14:29:53.000Z</time><extensions><gpxtpx:TrackPointExtension><gpxtpx:hr>135</gpxtpx:hr></gpxtpx:TrackPointExtension></extensions></trkpt>
      <trkpt lat="51.092048" lon="-115.363796"><ele>1312.4</ele><time>2026-06-20T14:29:54.000Z</time><extensions><gpxtpx:TrackPointExtension><gpxtpx:hr>135</gpxtpx:hr></gpxtpx:TrackPointExtension></extensions></trkpt>
      <trkpt lat="51.092063" lon="-115.363804"><ele>1312.4</ele><time>2026-06-20T14:29:55.000Z</time><extensions><gpxtpx:TrackPointExtension><gpxtpx:hr>135</gpxtpx:hr></gpxtpx:TrackPointExtension></extensions></trkpt>
      <trkpt lat="51.092098" lon="-115.363818"><ele>1312.6</ele><time>2026-06-20T14:29:56.000Z</time><extensions><gpxtpx:TrackPointExtension><gpxtpx:hr>135</gpxtpx:hr></gpxtpx:TrackPointExtension></extensions></trkpt>
      <trkpt lat="51.092109" lon="-115.363822"><ele>1312.6</ele><time>2026-06-20T14:29:57.000Z</time><extensions><gpxtpx:TrackPointExtension><gpxtpx:hr>135</gpxtpx:hr></gpxtpx:TrackPointExtension></extensions></trkpt>
      <trkpt lat="51.092147" lon="-115.363834"><ele>1312.4</ele><time>2026-06-20T14:29:58.000Z</time><extensions><gpxtpx:TrackPointExtension><gpxtpx:hr>135</gpxtpx:hr></gpxtpx:TrackPointExtension></extensions></trkpt>
      <trkpt lat="51.092162" lon="-115.363838"><ele>1312.4</ele><time>2026-06-20T14:29:59.000Z</time><extensions><gpxtpx:TrackPointExtension><gpxtpx:hr>137</gpxtpx:hr></gpxtpx:TrackPointExtension></extensions></trkpt>
      <trkpt lat="51.092177" lon="-115.363842"><ele>1312.4</ele><time>2026-06-20T14:30:00.000Z</time><extensions><gpxtpx:TrackPointExtension><gpxtpx:hr>137</gpxtpx:hr></gpxtpx:TrackPointExtension></extensions></trkpt>
      <trkpt lat="51.09221" lon="-115.363851"><ele>1312.4</ele><time>2026-06-20T14:30:01.000Z</time><extensions><gpxtpx:TrackPointExtension><gpxtpx:hr>137</gpxtpx:hr></gpxtpx:TrackPointExtension></extensions></trkpt>
      <trkpt lat="51.09222" lon="-115.363855"><ele>1312.4</ele><time>2026-06-20T14:30:02.000Z</time><extensions><gpxtpx:TrackPointExtension><gpxtpx:hr>137</gpxtpx:hr></gpxtpx:TrackPointExtension></extensions></trkpt>
      <trkpt lat="51.09224" lon="-115.363861"><ele>1312.4</ele><time>2026-06-20T14:30:03.000Z</time><extensions><gpxtpx:TrackPointExtension><gpxtpx:hr>137</gpxtpx:hr></gpxtpx:TrackPointExtension></extensions></trkpt>
      <trkpt lat="51.092259" lon="-115.363867"><ele>1312.4</ele><time>2026-06-20T14:30:04.000Z</time><extensions><gpxtpx:TrackPointExtension><gpxtpx:hr>137</gpxtpx:hr></gpxtpx:TrackPointExtension></extensions></trkpt>
      <trkpt lat="51.092277" lon="-115.36387"><ele>1312.6</ele><time>2026-06-20T14:30:05.000Z</time><extensions><gpxtpx:TrackPointExtension><gpxtpx:hr>137</gpxtpx:hr></gpxtpx:TrackPointExtension></extensions></trkpt>
      <trkpt lat="51.092292" lon="-115.363869"><ele>1313</ele><time>2026-06-20T14:30:06.000Z</time><extensions><gpxtpx:TrackPointExtension><gpxtpx:hr>137</gpxtpx:hr></gpxtpx:TrackPointExtension></extensions></trkpt>
      <trkpt lat="51.092368" lon="-115.363889"><ele>1316.4</ele><time>2026-06-20T14:30:20.000Z</time><extensions><gpxtpx:TrackPointExtension><gpxtpx:hr>130</gpxtpx:hr></gpxtpx:TrackPointExtension></extensions></trkpt>
      <trkpt lat="51.092365" lon="-115.363901"><ele>1316.4</ele><time>2026-06-20T14:30:21.000Z</time><extensions><gpxtpx:TrackPointExtension><gpxtpx:hr>130</gpxtpx:hr></gpxtpx:TrackPointExtension></extensions></trkpt>
      <trkpt lat="51.092361" lon="-115.36392"><ele>1316.2</ele><time>2026-06-20T14:30:22.000Z</time><extensions><gpxtpx:TrackPointExtension><gpxtpx:hr>130</gpxtpx:hr></gpxtpx:TrackPointExtension></extensions></trkpt>
      <trkpt lat="51.092359" lon="-115.363943"><ele>1316.2</ele><time>2026-06-20T14:30:23.000Z</time><extensions><gpxtpx:TrackPointExtension><gpxtpx:hr>130</gpxtpx:hr></gpxtpx:TrackPointExtension></extensions></trkpt>
      <trkpt lat="51.092354" lon="-115.363983"><ele>1316</ele><time>2026-06-20T14:30:24.000Z</time><extensions><gpxtpx:TrackPointExtension><gpxtpx:hr>130</gpxtpx:hr></gpxtpx:TrackPointExtension></extensions></trkpt>
      <trkpt lat="51.092352" lon="-115.363997"><ele>1315.8</ele><time>2026-06-20T14:30:25.000Z</time><extensions><gpxtpx:TrackPointExtension><gpxtpx:hr>130</gpxtpx:hr></gpxtpx:TrackPointExtension></extensions></trkpt>
      <trkpt lat="51.092344" lon="-115.36405"><ele>1315.6</ele><time>2026-06-20T14:30:26.000Z</time><extensions><gpxtpx:TrackPointExtension><gpxtpx:hr>130</gpxtpx:hr></gpxtpx:TrackPointExtension></extensions></trkpt>
      <trkpt lat="51.092339" lon="-115.364073"><ele>1315.4</ele><time>2026-06-20T14:30:27.000Z</time><extensions><gpxtpx:TrackPointExtension><gpxtpx:hr>130</gpxtpx:hr></gpxtpx:TrackPointExtension></extensions></trkpt>
      <trkpt lat="51.092335" lon="-115.364095"><ele>1315.2</ele><time>2026-06-20T14:30:28.000Z</time><extensions><gpxtpx:TrackPointExtension><gpxtpx:hr>129</gpxtpx:hr></gpxtpx:TrackPointExtension></extensions></trkpt>
      <trkpt lat="51.092328" lon="-115.364147"><ele>1315.2</ele><time>2026-06-20T14:30:29.000Z</time><extensions><gpxtpx:TrackPointExtension><gpxtpx:hr>129</gpxtpx:hr></gpxtpx:TrackPointExtension></extensions></trkpt>
      <trkpt lat="51.092325" lon="-115.364164"><ele>1315.2</ele><time>2026-06-20T14:30:30.000Z</time><extensions><gpxtpx:TrackPointExtension><gpxtpx:hr>129</gpxtpx:hr></gpxtpx:TrackPointExtension></extensions></trkpt>
      <trkpt lat="51.092315" lon="-115.364224"><ele>1315.2</ele><time>2026-06-20T14:30:31.000Z</time><extensions><gpxtpx:TrackPointExtension><gpxtpx:hr>129</gpxtpx:hr></gpxtpx:TrackPointExtension></extensions></trkpt>
      <trkpt lat="51.09231" lon="-115.364247"><ele>1315.2</ele><time>2026-06-20T14:30:32.000Z</time><extensions><gpxtpx:TrackPointExtension><gpxtpx:hr>129</gpxtpx:hr></gpxtpx:TrackPointExtension></extensions></trkpt>
      <trkpt lat="51.092306" lon="-115.364271"><ele>1315.2</ele><time>2026-06-20T14:30:33.000Z</time><extensions><gpxtpx:TrackPointExtension><gpxtpx:hr>128</gpxtpx:hr></gpxtpx:TrackPointExtension></extensions></trkpt>
      <trkpt lat="51.092298" lon="-115.364325"><ele>1315.2</ele><time>2026-06-20T14:30:34.000Z</time><extensions><gpxtpx:TrackPointExtension><gpxtpx:hr>128</gpxtpx:hr></gpxtpx:TrackPointExtension></extensions></trkpt>
      <trkpt lat="51.092295" lon="-115.364343"><ele>1315.2</ele><time>2026-06-20T14:30:35.000Z</time><extensions><gpxtpx:TrackPointExtension><gpxtpx:hr>128</gpxtpx:hr></gpxtpx:TrackPointExtension></extensions></trkpt>
      <trkpt lat="51.092285" lon="-115.364403"><ele>1315.2</ele><time>2026-06-20T14:30:36.000Z</time><extensions><gpxtpx:TrackPointExtension><gpxtpx:hr>128</gpxtpx:hr></gpxtpx:TrackPointExtension></extensions></trkpt>
      <trkpt lat="51.092281" lon="-115.364428"><ele>1315.2</ele><time>2026-06-20T14:30:37.000Z</time><extensions><gpxtpx:TrackPointExtension><gpxtpx:hr>128</gpxtpx:hr></gpxtpx:TrackPointExtension></extensions></trkpt>
      <trkpt lat="51.092277" lon="-115.364452"><ele>1315.2</ele><time>2026-06-20T14:30:38.000Z</time><extensions><gpxtpx:TrackPointExtension><gpxtpx:hr>128</gpxtpx:hr></gpxtpx:TrackPointExtension></extensions></trkpt>
      <trkpt lat="51.092267" lon="-115.364513"><ele>1315.2</ele><time>2026-06-20T14:30:39.000Z</time><extensions><gpxtpx:TrackPointExtension><gpxtpx:hr>127</gpxtpx:hr></gpxtpx:TrackPointExtension></extensions></trkpt>
      <trkpt lat="51.092263" lon="-115.364537"><ele>1315.4</ele><time>2026-06-20T14:30:40.000Z</time><extensions><gpxtpx:TrackPointExtension><gpxtpx:hr>126</gpxtpx:hr></gpxtpx:TrackPointExtension></extensions></trkpt>
      <trkpt lat="51.092259" lon="-115.364562"><ele>1315.4</ele><time>2026-06-20T14:30:41.000Z</time><extensions><gpxtpx:TrackPointExtension><gpxtpx:hr>126</gpxtpx:hr></gpxtpx:TrackPointExtension></extensions></trkpt>
      <trkpt lat="51.092248" lon="-115.364617"><ele>1315.4</ele><time>2026-06-20T14:30:42.000Z</time><extensions><gpxtpx:TrackPointExtension><gpxtpx:hr>126</gpxtpx:hr></gpxtpx:TrackPointExtension></extensions></trkpt>
      <trkpt lat="51.092244" lon="-115.364635"><ele>1315.4</ele><time>2026-06-20T14:30:43.000Z</time><extensions><gpxtpx:TrackPointExtension><gpxtpx:hr>126</gpxtpx:hr></gpxtpx:TrackPointExtension></extensions></trkpt>
      <trkpt lat="51.092235" lon="-115.364699"><ele>1315.4</ele><time>2026-06-20T14:30:44.000Z</time><extensions><gpxtpx:TrackPointExtension><gpxtpx:hr>126</gpxtpx:hr></gpxtpx:TrackPointExtension></extensions></trkpt>
      <trkpt lat="51.092231" lon="-115.364725"><ele>1315.4</ele><time>2026-06-20T14:30:45.000Z</time><extensions><gpxtpx:TrackPointExtension><gpxtpx:hr>126</gpxtpx:hr></gpxtpx:TrackPointExtension></extensions></trkpt>
      <trkpt lat="51.092228" lon="-115.36475"><ele>1315.6</ele><time>2026-06-20T14:30:46.000Z</time><extensions><gpxtpx:TrackPointExtension><gpxtpx:hr>126</gpxtpx:hr></gpxtpx:TrackPointExtension></extensions></trkpt>
      <trkpt lat="51.092222" lon="-115.364806"><ele>1315.6</ele><time>2026-06-20T14:30:47.000Z</time><extensions><gpxtpx:TrackPointExtension><gpxtpx:hr>126</gpxtpx:hr></gpxtpx:TrackPointExtension></extensions></trkpt>
      <trkpt lat="51.092219" lon="-115.364824"><ele>1315.6</ele><time>2026-06-20T14:30:48.000Z</time><extensions><gpxtpx:TrackPointExtension><gpxtpx:hr>126</gpxtpx:hr></gpxtpx:TrackPointExtension></extensions></trkpt>
      <trkpt lat="51.09221" lon="-115.364885"><ele>1315.6</ele><time>2026-06-20T14:30:49.000Z</time><extensions><gpxtpx:TrackPointExtension><gpxtpx:hr>126</gpxtpx:hr></gpxtpx:TrackPointExtension></extensions></trkpt>
      <trkpt lat="51.092206" lon="-115.36491"><ele>1315.6</ele><time>2026-06-20T14:30:50.000Z</time><extensions><gpxtpx:TrackPointExtension><gpxtpx:hr>126</gpxtpx:hr></gpxtpx:TrackPointExtension></extensions></trkpt>
      <trkpt lat="51.092203" lon="-115.364934"><ele>1315.6</ele><time>2026-06-20T14:30:51.000Z</time><extensions><gpxtpx:TrackPointExtension><gpxtpx:hr>126</gpxtpx:hr></gpxtpx:TrackPointExtension></extensions></trkpt>
      <trkpt lat="51.09219" lon="-115.364988"><ele>1315.6</ele><time>2026-06-20T14:30:52.000Z</time><extensions><gpxtpx:TrackPointExtension><gpxtpx:hr>126</gpxtpx:hr></gpxtpx:TrackPointExtension></extensions></trkpt>
      <trkpt lat="51.092185" lon="-115.365006"><ele>1315.6</ele><time>2026-06-20T14:30:53.000Z</time><extensions><gpxtpx:TrackPointExtension><gpxtpx:hr>126</gpxtpx:hr></gpxtpx:TrackPointExtension></extensions></trkpt>
      <trkpt lat="51.092168" lon="-115.365068"><ele>1315.6</ele><time>2026-06-20T14:30:54.000Z</time><extensions><gpxtpx:TrackPointExtension><gpxtpx:hr>127</gpxtpx:hr></gpxtpx:TrackPointExtension></extensions></trkpt>
      <trkpt lat="51.092162" lon="-115.365094"><ele>1315.6</ele><time>2026-06-20T14:30:55.000Z</time><extensions><gpxtpx:TrackPointExtension><gpxtpx:hr>127</gpxtpx:hr></gpxtpx:TrackPointExtension></extensions></trkpt>
      <trkpt lat="51.092156" lon="-115.365119"><ele>1315.6</ele><time>2026-06-20T14:30:56.000Z</time><extensions><gpxtpx:TrackPointExtension><gpxtpx:hr>127</gpxtpx:hr></gpxtpx:TrackPointExtension></extensions></trkpt>
      <trkpt lat="51.092148" lon="-115.365176"><ele>1315.6</ele><time>2026-06-20T14:30:57.000Z</time><extensions><gpxtpx:TrackPointExtension><gpxtpx:hr>127</gpxtpx:hr></gpxtpx:TrackPointExtension></extensions></trkpt>
      <trkpt lat="51.092145" lon="-115.365195"><ele>1315.6</ele><time>2026-06-20T14:30:58.000Z</time><extensions><gpxtpx:TrackPointExtension><gpxtpx:hr>127</gpxtpx:hr></gpxtpx:TrackPointExtension></extensions></trkpt>
      <trkpt lat="51.092135" lon="-115.365256"><ele>1315.8</ele><time>2026-06-20T14:30:59.000Z</time><extensions><gpxtpx:TrackPointExtension><gpxtpx:hr>127</gpxtpx:hr></gpxtpx:TrackPointExtension></extensions></trkpt>
      <trkpt lat="51.092132" lon="-115.365279"><ele>1315.8</ele><time>2026-06-20T14:31:00.000Z</time><extensions><gpxtpx:TrackPointExtension><gpxtpx:hr>128</gpxtpx:hr></gpxtpx:TrackPointExtension></extensions></trkpt>
      <trkpt lat="51.092128" lon="-115.365303"><ele>1315.8</ele><time>2026-06-20T14:31:01.000Z</time><extensions><gpxtpx:TrackPointExtension><gpxtpx:hr>128</gpxtpx:hr></gpxtpx:TrackPointExtension></extensions></trkpt>
      <trkpt lat="51.092119" lon="-115.365366"><ele>1315.8</ele><time>2026-06-20T14:31:02.000Z</time><extensions><gpxtpx:TrackPointExtension><gpxtpx:hr>128</gpxtpx:hr></gpxtpx:TrackPointExtension></extensions></trkpt>
      <trkpt lat="51.092116" lon="-115.365392"><ele>1315.8</ele><time>2026-06-20T14:31:03.000Z</time><extensions><gpxtpx:TrackPointExtension><gpxtpx:hr>128</gpxtpx:hr></gpxtpx:TrackPointExtension></extensions></trkpt>
      <trkpt lat="51.092113" lon="-115.365417"><ele>1315.8</ele><time>2026-06-20T14:31:04.000Z</time><extensions><gpxtpx:TrackPointExtension><gpxtpx:hr>128</gpxtpx:hr></gpxtpx:TrackPointExtension></extensions></trkpt>
      <trkpt lat="51.092108" lon="-115.365473"><ele>1315.8</ele><time>2026-06-20T14:31:05.000Z</time><extensions><gpxtpx:TrackPointExtension><gpxtpx:hr>130</gpxtpx:hr></gpxtpx:TrackPointExtension></extensions></trkpt>
      <trkpt lat="51.092106" lon="-115.365491"><ele>1315.8</ele><time>2026-06-20T14:31:06.000Z</time><extensions><gpxtpx:TrackPointExtension><gpxtpx:hr>130</gpxtpx:hr></gpxtpx:TrackPointExtension></extensions></trkpt>
      <trkpt lat="51.092099" lon="-115.365553"><ele>1315.8</ele><time>2026-06-20T14:31:07.000Z</time><extensions><gpxtpx:TrackPointExtension><gpxtpx:hr>130</gpxtpx:hr></gpxtpx:TrackPointExtension></extensions></trkpt>
      <trkpt lat="51.092095" lon="-115.365576"><ele>1315.8</ele><time>2026-06-20T14:31:08.000Z</time><extensions><gpxtpx:TrackPointExtension><gpxtpx:hr>130</gpxtpx:hr></gpxtpx:TrackPointExtension></extensions></trkpt>
      <trkpt lat="51.092091" lon="-115.3656"><ele>1315.8</ele><time>2026-06-20T14:31:09.000Z</time><extensions><gpxtpx:TrackPointExtension><gpxtpx:hr>130</gpxtpx:hr></gpxtpx:TrackPointExtension></extensions></trkpt>
      <trkpt lat="51.092081" lon="-115.365652"><ele>1315.8</ele><time>2026-06-20T14:31:10.000Z</time><extensions><gpxtpx:TrackPointExtension><gpxtpx:hr>131</gpxtpx:hr></gpxtpx:TrackPointExtension></extensions></trkpt>
      <trkpt lat="51.092077" lon="-115.36567"><ele>1315.8</ele><time>2026-06-20T14:31:11.000Z</time><extensions><gpxtpx:TrackPointExtension><gpxtpx:hr>131</gpxtpx:hr></gpxtpx:TrackPointExtension></extensions></trkpt>
      <trkpt lat="51.092066" lon="-115.365733"><ele>1315.8</ele><time>2026-06-20T14:31:12.000Z</time><extensions><gpxtpx:TrackPointExtension><gpxtpx:hr>131</gpxtpx:hr></gpxtpx:TrackPointExtension></extensions></trkpt>
      <trkpt lat="51.092062" lon="-115.365758"><ele>1315.8</ele><time>2026-06-20T14:31:13.000Z</time><extensions><gpxtpx:TrackPointExtension><gpxtpx:hr>131</gpxtpx:hr></gpxtpx:TrackPointExtension></extensions></trkpt>
      <trkpt lat="51.092058" lon="-115.365784"><ele>1315.8</ele><time>2026-06-20T14:31:14.000Z</time><extensions><gpxtpx:TrackPointExtension><gpxtpx:hr>131</gpxtpx:hr></gpxtpx:TrackPointExtension></extensions></trkpt>
      <trkpt lat="51.092049" lon="-115.365841"><ele>1315.8</ele><time>2026-06-20T14:31:15.000Z</time><extensions><gpxtpx:TrackPointExtension><gpxtpx:hr>131</gpxtpx:hr></gpxtpx:TrackPointExtension></extensions></trkpt>
      <trkpt lat="51.092045" lon="-115.36586"><ele>1315.8</ele><time>2026-06-20T14:31:16.000Z</time><extensions><gpxtpx:TrackPointExtension><gpxtpx:hr>130</gpxtpx:hr></gpxtpx:TrackPointExtension></extensions></trkpt>
      <trkpt lat="51.092033" lon="-115.365926"><ele>1315.8</ele><time>2026-06-20T14:31:17.000Z</time><extensions><gpxtpx:TrackPointExtension><gpxtpx:hr>130</gpxtpx:hr></gpxtpx:TrackPointExtension></extensions></trkpt>
      <trkpt lat="51.092028" lon="-115.365954"><ele>1315.8</ele><time>2026-06-20T14:31:18.000Z</time><extensions><gpxtpx:TrackPointExtension><gpxtpx:hr>130</gpxtpx:hr></gpxtpx:TrackPointExtension></extensions></trkpt>
      <trkpt lat="51.092023" lon="-115.365981"><ele>1315.8</ele><time>2026-06-20T14:31:19.000Z</time><extensions><gpxtpx:TrackPointExtension><gpxtpx:hr>130</gpxtpx:hr></gpxtpx:TrackPointExtension></extensions></trkpt>
      <trkpt lat="51.092012" lon="-115.366043"><ele>1315.8</ele><time>2026-06-20T14:31:20.000Z</time><extensions><gpxtpx:TrackPointExtension><gpxtpx:hr>130</gpxtpx:hr></gpxtpx:TrackPointExtension></extensions></trkpt>
      <trkpt lat="51.092008" lon="-115.366063"><ele>1315.8</ele><time>2026-06-20T14:31:21.000Z</time><extensions><gpxtpx:TrackPointExtension><gpxtpx:hr>130</gpxtpx:hr></gpxtpx:TrackPointExtension></extensions></trkpt>
      <trkpt lat="51.092001" lon="-115.366133"><ele>1315.8</ele><time>2026-06-20T14:31:22.000Z</time><extensions><gpxtpx:TrackPointExtension><gpxtpx:hr>130</gpxtpx:hr></gpxtpx:TrackPointExtension></extensions></trkpt>
      <trkpt lat="51.091999" lon="-115.36616"><ele>1315.8</ele><time>2026-06-20T14:31:23.000Z</time><extensions><gpxtpx:TrackPointExtension><gpxtpx:hr>130</gpxtpx:hr></gpxtpx:TrackPointExtension></extensions></trkpt>
      <trkpt lat="51.091997" lon="-115.366188"><ele>1315.8</ele><time>2026-06-20T14:31:24.000Z</time><extensions><gpxtpx:TrackPointExtension><gpxtpx:hr>129</gpxtpx:hr></gpxtpx:TrackPointExtension></extensions></trkpt>
      <trkpt lat="51.091993" lon="-115.366248"><ele>1315.8</ele><time>2026-06-20T14:31:25.000Z</time><extensions><gpxtpx:TrackPointExtension><gpxtpx:hr>129</gpxtpx:hr></gpxtpx:TrackPointExtension></extensions></trkpt>
      <trkpt lat="51.091991" lon="-115.366267"><ele>1315.8</ele><time>2026-06-20T14:31:26.000Z</time><extensions><gpxtpx:TrackPointExtension><gpxtpx:hr>129</gpxtpx:hr></gpxtpx:TrackPointExtension></extensions></trkpt>
      <trkpt lat="51.091983" lon="-115.366335"><ele>1315.8</ele><time>2026-06-20T14:31:27.000Z</time><extensions><gpxtpx:TrackPointExtension><gpxtpx:hr>130</gpxtpx:hr></gpxtpx:TrackPointExtension></extensions></trkpt>
      <trkpt lat="51.091979" lon="-115.366362"><ele>1315.8</ele><time>2026-06-20T14:31:28.000Z</time><extensions><gpxtpx:TrackPointExtension><gpxtpx:hr>130</gpxtpx:hr></gpxtpx:TrackPointExtension></extensions></trkpt>
      <trkpt lat="51.091976" lon="-115.36639"><ele>1315.8</ele><time>2026-06-20T14:31:29.000Z</time><extensions><gpxtpx:TrackPointExtension><gpxtpx:hr>130</gpxtpx:hr></gpxtpx:TrackPointExtension></extensions></trkpt>
      <trkpt lat="51.09197" lon="-115.366456"><ele>1315.8</ele><time>2026-06-20T14:31:30.000Z</time><extensions><gpxtpx:TrackPointExtension><gpxtpx:hr>130</gpxtpx:hr></gpxtpx:TrackPointExtension></extensions></trkpt>
      <trkpt lat="51.091969" lon="-115.366482"><ele>1315.8</ele><time>2026-06-20T14:31:31.000Z</time><extensions><gpxtpx:TrackPointExtension><gpxtpx:hr>130</gpxtpx:hr></gpxtpx:TrackPointExtension></extensions></trkpt>
      <trkpt lat="51.091967" lon="-115.366508"><ele>1315.8</ele><time>2026-06-20T14:31:32.000Z</time><extensions><gpxtpx:TrackPointExtension><gpxtpx:hr>130</gpxtpx:hr></gpxtpx:TrackPointExtension></extensions></trkpt>
      <trkpt lat="51.091961" lon="-115.366568"><ele>1315.8</ele><time>2026-06-20T14:31:33.000Z</time><extensions><gpxtpx:TrackPointExtension><gpxtpx:hr>130</gpxtpx:hr></gpxtpx:TrackPointExtension></extensions></trkpt>
      <trkpt lat="51.091959" lon="-115.366587"><ele>1315.8</ele><time>2026-06-20T14:31:34.000Z</time><extensions><gpxtpx:TrackPointExtension><gpxtpx:hr>130</gpxtpx:hr></gpxtpx:TrackPointExtension></extensions></trkpt>
      <trkpt lat="51.091951" lon="-115.366652"><ele>1315.8</ele><time>2026-06-20T14:31:35.000Z</time><extensions><gpxtpx:TrackPointExtension><gpxtpx:hr>130</gpxtpx:hr></gpxtpx:TrackPointExtension></extensions></trkpt>
      <trkpt lat="51.091948" lon="-115.366678"><ele>1315.8</ele><time>2026-06-20T14:31:36.000Z</time><extensions><gpxtpx:TrackPointExtension><gpxtpx:hr>130</gpxtpx:hr></gpxtpx:TrackPointExtension></extensions></trkpt>
      <trkpt lat="51.091944" lon="-115.366705"><ele>1315.8</ele><time>2026-06-20T14:31:37.000Z</time><extensions><gpxtpx:TrackPointExtension><gpxtpx:hr>130</gpxtpx:hr></gpxtpx:TrackPointExtension></extensions></trkpt>
      <trkpt lat="51.091938" lon="-115.366769"><ele>1315.8</ele><time>2026-06-20T14:31:38.000Z</time><extensions><gpxtpx:TrackPointExtension><gpxtpx:hr>130</gpxtpx:hr></gpxtpx:TrackPointExtension></extensions></trkpt>
      <trkpt lat="51.091935" lon="-115.36679"><ele>1315.8</ele><time>2026-06-20T14:31:39.000Z</time><extensions><gpxtpx:TrackPointExtension><gpxtpx:hr>130</gpxtpx:hr></gpxtpx:TrackPointExtension></extensions></trkpt>
      <trkpt lat="51.091926" lon="-115.366863"><ele>1315.8</ele><time>2026-06-20T14:31:40.000Z</time><extensions><gpxtpx:TrackPointExtension><gpxtpx:hr>130</gpxtpx:hr></gpxtpx:TrackPointExtension></extensions></trkpt>
      <trkpt lat="51.091921" lon="-115.366891"><ele>1316</ele><time>2026-06-20T14:31:41.000Z</time><extensions><gpxtpx:TrackPointExtension><gpxtpx:hr>130</gpxtpx:hr></gpxtpx:TrackPointExtension></extensions></trkpt>
      <trkpt lat="51.091917" lon="-115.36692"><ele>1316</ele><time>2026-06-20T14:31:42.000Z</time><extensions><gpxtpx:TrackPointExtension><gpxtpx:hr>132</gpxtpx:hr></gpxtpx:TrackPointExtension></extensions></trkpt>
      <trkpt lat="51.091908" lon="-115.366982"><ele>1316</ele><time>2026-06-20T14:31:43.000Z</time><extensions><gpxtpx:TrackPointExtension><gpxtpx:hr>132</gpxtpx:hr></gpxtpx:TrackPointExtension></extensions></trkpt>
      <trkpt lat="51.091905" lon="-115.367003"><ele>1316</ele><time>2026-06-20T14:31:44.000Z</time><extensions><gpxtpx:TrackPointExtension><gpxtpx:hr>132</gpxtpx:hr></gpxtpx:TrackPointExtension></extensions></trkpt>
      <trkpt lat="51.091896" lon="-115.367069"><ele>1316</ele><time>2026-06-20T14:31:45.000Z</time><extensions><gpxtpx:TrackPointExtension><gpxtpx:hr>132</gpxtpx:hr></gpxtpx:TrackPointExtension></extensions></trkpt>
      <trkpt lat="51.091891" lon="-115.367095"><ele>1316</ele><time>2026-06-20T14:31:46.000Z</time><extensions><gpxtpx:TrackPointExtension><gpxtpx:hr>132</gpxtpx:hr></gpxtpx:TrackPointExtension></extensions></trkpt>
      <trkpt lat="51.091887" lon="-115.36712"><ele>1316</ele><time>2026-06-20T14:31:47.000Z</time><extensions><gpxtpx:TrackPointExtension><gpxtpx:hr>131</gpxtpx:hr></gpxtpx:TrackPointExtension></extensions></trkpt>
      <trkpt lat="51.091876" lon="-115.367178"><ele>1316</ele><time>2026-06-20T14:31:48.000Z</time><extensions><gpxtpx:TrackPointExtension><gpxtpx:hr>131</gpxtpx:hr></gpxtpx:TrackPointExtension></extensions></trkpt>
      <trkpt lat="51.091872" lon="-115.367198"><ele>1316</ele><time>2026-06-20T14:31:49.000Z</time><extensions><gpxtpx:TrackPointExtension><gpxtpx:hr>131</gpxtpx:hr></gpxtpx:TrackPointExtension></extensions></trkpt>
      <trkpt lat="51.091858" lon="-115.367267"><ele>1316</ele><time>2026-06-20T14:31:50.000Z</time><extensions><gpxtpx:TrackPointExtension><gpxtpx:hr>133</gpxtpx:hr></gpxtpx:TrackPointExtension></extensions></trkpt>
      <trkpt lat="51.091853" lon="-115.367295"><ele>1316</ele><time>2026-06-20T14:31:51.000Z</time><extensions><gpxtpx:TrackPointExtension><gpxtpx:hr>133</gpxtpx:hr></gpxtpx:TrackPointExtension></extensions></trkpt>
      <trkpt lat="51.091848" lon="-115.367323"><ele>1316</ele><time>2026-06-20T14:31:52.000Z</time><extensions><gpxtpx:TrackPointExtension><gpxtpx:hr>133</gpxtpx:hr></gpxtpx:TrackPointExtension></extensions></trkpt>
      <trkpt lat="51.09184" lon="-115.36738"><ele>1316</ele><time>2026-06-20T14:31:53.000Z</time><extensions><gpxtpx:TrackPointExtension><gpxtpx:hr>133</gpxtpx:hr></gpxtpx:TrackPointExtension></extensions></trkpt>
      <trkpt lat="51.091837" lon="-115.367398"><ele>1316</ele><time>2026-06-20T14:31:54.000Z</time><extensions><gpxtpx:TrackPointExtension><gpxtpx:hr>133</gpxtpx:hr></gpxtpx:TrackPointExtension></extensions></trkpt>
      <trkpt lat="51.091828" lon="-115.367459"><ele>1316</ele><time>2026-06-20T14:31:55.000Z</time><extensions><gpxtpx:TrackPointExtension><gpxtpx:hr>133</gpxtpx:hr></gpxtpx:TrackPointExtension></extensions></trkpt>
      <trkpt lat="51.091824" lon="-115.367485"><ele>1316</ele><time>2026-06-20T14:31:56.000Z</time><extensions><gpxtpx:TrackPointExtension><gpxtpx:hr>133</gpxtpx:hr></gpxtpx:TrackPointExtension></extensions></trkpt>
      <trkpt lat="51.09182" lon="-115.36751"><ele>1316</ele><time>2026-06-20T14:31:57.000Z</time><extensions><gpxtpx:TrackPointExtension><gpxtpx:hr>133</gpxtpx:hr></gpxtpx:TrackPointExtension></extensions></trkpt>
      <trkpt lat="51.091809" lon="-115.367576"><ele>1316</ele><time>2026-06-20T14:31:58.000Z</time><extensions><gpxtpx:TrackPointExtension><gpxtpx:hr>133</gpxtpx:hr></gpxtpx:TrackPointExtension></extensions></trkpt>
      <trkpt lat="51.091805" lon="-115.367602"><ele>1316</ele><time>2026-06-20T14:31:59.000Z</time><extensions><gpxtpx:TrackPointExtension><gpxtpx:hr>133</gpxtpx:hr></gpxtpx:TrackPointExtension></extensions></trkpt>
      <trkpt lat="51.0918" lon="-115.367629"><ele>1316</ele><time>2026-06-20T14:32:00.000Z</time><extensions><gpxtpx:TrackPointExtension><gpxtpx:hr>133</gpxtpx:hr></gpxtpx:TrackPointExtension></extensions></trkpt>
      <trkpt lat="51.091789" lon="-115.367685"><ele>1316</ele><time>2026-06-20T14:32:01.000Z</time><extensions><gpxtpx:TrackPointExtension><gpxtpx:hr>133</gpxtpx:hr></gpxtpx:TrackPointExtension></extensions></trkpt>
      <trkpt lat="51.091785" lon="-115.367703"><ele>1316</ele><time>2026-06-20T14:32:02.000Z</time><extensions><gpxtpx:TrackPointExtension><gpxtpx:hr>133</gpxtpx:hr></gpxtpx:TrackPointExtension></extensions></trkpt>
      <trkpt lat="51.091772" lon="-115.367763"><ele>1316</ele><time>2026-06-20T14:32:03.000Z</time><extensions><gpxtpx:TrackPointExtension><gpxtpx:hr>133</gpxtpx:hr></gpxtpx:TrackPointExtension></extensions></trkpt>
      <trkpt lat="51.091766" lon="-115.367788"><ele>1316</ele><time>2026-06-20T14:32:04.000Z</time><extensions><gpxtpx:TrackPointExtension><gpxtpx:hr>133</gpxtpx:hr></gpxtpx:TrackPointExtension></extensions></trkpt>
      <trkpt lat="51.091761" lon="-115.367813"><ele>1316</ele><time>2026-06-20T14:32:05.000Z</time><extensions><gpxtpx:TrackPointExtension><gpxtpx:hr>134</gpxtpx:hr></gpxtpx:TrackPointExtension></extensions></trkpt>
      <trkpt lat="51.091752" lon="-115.367872"><ele>1316</ele><time>2026-06-20T14:32:06.000Z</time><extensions><gpxtpx:TrackPointExtension><gpxtpx:hr>134</gpxtpx:hr></gpxtpx:TrackPointExtension></extensions></trkpt>
      <trkpt lat="51.091749" lon="-115.367892"><ele>1316</ele><time>2026-06-20T14:32:07.000Z</time><extensions><gpxtpx:TrackPointExtension><gpxtpx:hr>134</gpxtpx:hr></gpxtpx:TrackPointExtension></extensions></trkpt>
      <trkpt lat="51.091742" lon="-115.367958"><ele>1316</ele><time>2026-06-20T14:32:08.000Z</time><extensions><gpxtpx:TrackPointExtension><gpxtpx:hr>134</gpxtpx:hr></gpxtpx:TrackPointExtension></extensions></trkpt>
      <trkpt lat="51.09174" lon="-115.367984"><ele>1316.2</ele><time>2026-06-20T14:32:09.000Z</time><extensions><gpxtpx:TrackPointExtension><gpxtpx:hr>134</gpxtpx:hr></gpxtpx:TrackPointExtension></extensions></trkpt>
      <trkpt lat="51.091737" lon="-115.36801"><ele>1316.2</ele><time>2026-06-20T14:32:10.000Z</time><extensions><gpxtpx:TrackPointExtension><gpxtpx:hr>134</gpxtpx:hr></gpxtpx:TrackPointExtension></extensions></trkpt>
      <trkpt lat="51.091731" lon="-115.368068"><ele>1316.2</ele><time>2026-06-20T14:32:11.000Z</time><extensions><gpxtpx:TrackPointExtension><gpxtpx:hr>134</gpxtpx:hr></gpxtpx:TrackPointExtension></extensions></trkpt>
      <trkpt lat="51.091728" lon="-115.368086"><ele>1316.2</ele><time>2026-06-20T14:32:12.000Z</time><extensions><gpxtpx:TrackPointExtension><gpxtpx:hr>134</gpxtpx:hr></gpxtpx:TrackPointExtension></extensions></trkpt>
      <trkpt lat="51.09172" lon="-115.368148"><ele>1316.2</ele><time>2026-06-20T14:32:13.000Z</time><extensions><gpxtpx:TrackPointExtension><gpxtpx:hr>134</gpxtpx:hr></gpxtpx:TrackPointExtension></extensions></trkpt>
      <trkpt lat="51.091717" lon="-115.368173"><ele>1316.2</ele><time>2026-06-20T14:32:14.000Z</time><extensions><gpxtpx:TrackPointExtension><gpxtpx:hr>135</gpxtpx:hr></gpxtpx:TrackPointExtension></extensions></trkpt>
      <trkpt lat="51.091713" lon="-115.368198"><ele>1316.2</ele><time>2026-06-20T14:32:15.000Z</time><extensions><gpxtpx:TrackPointExtension><gpxtpx:hr>135</gpxtpx:hr></gpxtpx:TrackPointExtension></extensions></trkpt>
      <trkpt lat="51.091705" lon="-115.368255"><ele>1316</ele><time>2026-06-20T14:32:16.000Z</time><extensions><gpxtpx:TrackPointExtension><gpxtpx:hr>135</gpxtpx:hr></gpxtpx:TrackPointExtension></extensions></trkpt>
      <trkpt lat="51.091702" lon="-115.368273"><ele>1316</ele><time>2026-06-20T14:32:17.000Z</time><extensions><gpxtpx:TrackPointExtension><gpxtpx:hr>136</gpxtpx:hr></gpxtpx:TrackPointExtension></extensions></trkpt>
      <trkpt lat="51.091689" lon="-115.368335"><ele>1316</ele><time>2026-06-20T14:32:18.000Z</time><extensions><gpxtpx:TrackPointExtension><gpxtpx:hr>136</gpxtpx:hr></gpxtpx:TrackPointExtension></extensions></trkpt>
      <trkpt lat="51.091684" lon="-115.36836"><ele>1316</ele><time>2026-06-20T14:32:19.000Z</time><extensions><gpxtpx:TrackPointExtension><gpxtpx:hr>136</gpxtpx:hr></gpxtpx:TrackPointExtension></extensions></trkpt>
      <trkpt lat="51.091678" lon="-115.368384"><ele>1315.8</ele><time>2026-06-20T14:32:20.000Z</time><extensions><gpxtpx:TrackPointExtension><gpxtpx:hr>137</gpxtpx:hr></gpxtpx:TrackPointExtension></extensions></trkpt>
      <trkpt lat="51.091668" lon="-115.368438"><ele>1315.8</ele><time>2026-06-20T14:32:21.000Z</time><extensions><gpxtpx:TrackPointExtension><gpxtpx:hr>137</gpxtpx:hr></gpxtpx:TrackPointExtension></extensions></trkpt>
      <trkpt lat="51.091664" lon="-115.368455"><ele>1315.6</ele><time>2026-06-20T14:32:22.000Z</time><extensions><gpxtpx:TrackPointExtension><gpxtpx:hr>137</gpxtpx:hr></gpxtpx:TrackPointExtension></extensions></trkpt>
      <trkpt lat="51.091651" lon="-115.368517"><ele>1315.6</ele><time>2026-06-20T14:32:23.000Z</time><extensions><gpxtpx:TrackPointExtension><gpxtpx:hr>137</gpxtpx:hr></gpxtpx:TrackPointExtension></extensions></trkpt>
      <trkpt lat="51.091646" lon="-115.368542"><ele>1315.4</ele><time>2026-06-20T14:32:24.000Z</time><extensions><gpxtpx:TrackPointExtension><gpxtpx:hr>137</gpxtpx:hr></gpxtpx:TrackPointExtension></extensions></trkpt>
      <trkpt lat="51.091641" lon="-115.368568"><ele>1315.4</ele><time>2026-06-20T14:32:25.000Z</time><extensions><gpxtpx:TrackPointExtension><gpxtpx:hr>137</gpxtpx:hr></gpxtpx:TrackPointExtension></extensions></trkpt>
      <trkpt lat="51.091628" lon="-115.368633"><ele>1315.2</ele><time>2026-06-20T14:32:26.000Z</time><extensions><gpxtpx:TrackPointExtension><gpxtpx:hr>137</gpxtpx:hr></gpxtpx:TrackPointExtension></extensions></trkpt>
      <trkpt lat="51.091623" lon="-115.368658"><ele>1315</ele><time>2026-06-20T14:32:27.000Z</time><extensions><gpxtpx:TrackPointExtension><gpxtpx:hr>137</gpxtpx:hr></gpxtpx:TrackPointExtension></extensions></trkpt>
      <trkpt lat="51.091618" lon="-115.368684"><ele>1315</ele><time>2026-06-20T14:32:28.000Z</time><extensions><gpxtpx:TrackPointExtension><gpxtpx:hr>138</gpxtpx:hr></gpxtpx:TrackPointExtension></extensions></trkpt>
      <trkpt lat="51.09161" lon="-115.368742"><ele>1314.8</ele><time>2026-06-20T14:32:29.000Z</time><extensions><gpxtpx:TrackPointExtension><gpxtpx:hr>138</gpxtpx:hr></gpxtpx:TrackPointExtension></extensions></trkpt>
      <trkpt lat="51.091607" lon="-115.368761"><ele>1314.6</ele><time>2026-06-20T14:32:30.000Z</time><extensions><gpxtpx:TrackPointExtension><gpxtpx:hr>138</gpxtpx:hr></gpxtpx:TrackPointExtension></extensions></trkpt>
      <trkpt lat="51.0916" lon="-115.368829"><ele>1314.4</ele><time>2026-06-20T14:32:31.000Z</time><extensions><gpxtpx:TrackPointExtension><gpxtpx:hr>138</gpxtpx:hr></gpxtpx:TrackPointExtension></extensions></trkpt>
      <trkpt lat="51.091597" lon="-115.368856"><ele>1314.2</ele><time>2026-06-20T14:32:32.000Z</time><extensions><gpxtpx:TrackPointExtension><gpxtpx:hr>138</gpxtpx:hr></gpxtpx:TrackPointExtension></extensions></trkpt>
      <trkpt lat="51.091595" lon="-115.368884"><ele>1314.2</ele><time>2026-06-20T14:32:33.000Z</time><extensions><gpxtpx:TrackPointExtension><gpxtpx:hr>138</gpxtpx:hr></gpxtpx:TrackPointExtension></extensions></trkpt>
      <trkpt lat="51.091589" lon="-115.368944"><ele>1314</ele><time>2026-06-20T14:32:34.000Z</time><extensions><gpxtpx:TrackPointExtension><gpxtpx:hr>138</gpxtpx:hr></gpxtpx:TrackPointExtension></extensions></trkpt>
      <trkpt lat="51.091587" lon="-115.368963"><ele>1314</ele><time>2026-06-20T14:32:35.000Z</time><extensions><gpxtpx:TrackPointExtension><gpxtpx:hr>138</gpxtpx:hr></gpxtpx:TrackPointExtension></extensions></trkpt>
      <trkpt lat="51.09158" lon="-115.369025"><ele>1313.8</ele><time>2026-06-20T14:32:36.000Z</time><extensions><gpxtpx:TrackPointExtension><gpxtpx:hr>138</gpxtpx:hr></gpxtpx:TrackPointExtension></extensions></trkpt>
      <trkpt lat="51.091576" lon="-115.369051"><ele>1313.8</ele><time>2026-06-20T14:32:37.000Z</time><extensions><gpxtpx:TrackPointExtension><gpxtpx:hr>138</gpxtpx:hr></gpxtpx:TrackPointExtension></extensions></trkpt>
      <trkpt lat="51.091573" lon="-115.369076"><ele>1313.8</ele><time>2026-06-20T14:32:38.000Z</time><extensions><gpxtpx:TrackPointExtension><gpxtpx:hr>138</gpxtpx:hr></gpxtpx:TrackPointExtension></extensions></trkpt>
      <trkpt lat="51.091567" lon="-115.369136"><ele>1313.6</ele><time>2026-06-20T14:32:39.000Z</time><extensions><gpxtpx:TrackPointExtension><gpxtpx:hr>138</gpxtpx:hr></gpxtpx:TrackPointExtension></extensions></trkpt>
      <trkpt lat="51.091565" lon="-115.369156"><ele>1313.6</ele><time>2026-06-20T14:32:40.000Z</time><extensions><gpxtpx:TrackPointExtension><gpxtpx:hr>138</gpxtpx:hr></gpxtpx:TrackPointExtension></extensions></trkpt>
      <trkpt lat="51.091555" lon="-115.369264"><ele>1313.6</ele><time>2026-06-20T14:32:41.000Z</time><extensions><gpxtpx:TrackPointExtension><gpxtpx:hr>138</gpxtpx:hr></gpxtpx:TrackPointExtension></extensions></trkpt>
      <trkpt lat="51.091552" lon="-115.369291"><ele>1313.6</ele><time>2026-06-20T14:32:42.000Z</time><extensions><gpxtpx:TrackPointExtension><gpxtpx:hr>138</gpxtpx:hr></gpxtpx:TrackPointExtension></extensions></trkpt>
      <trkpt lat="51.091549" lon="-115.369319"><ele>1313.8</ele><time>2026-06-20T14:32:43.000Z</time><extensions><gpxtpx:TrackPointExtension><gpxtpx:hr>138</gpxtpx:hr></gpxtpx:TrackPointExtension></extensions></trkpt>
      <trkpt lat="51.091541" lon="-115.369384"><ele>1313.8</ele><time>2026-06-20T14:32:44.000Z</time><extensions><gpxtpx:TrackPointExtension><gpxtpx:hr>138</gpxtpx:hr></gpxtpx:TrackPointExtension></extensions></trkpt>
      <trkpt lat="51.091538" lon="-115.369406"><ele>1313.8</ele><time>2026-06-20T14:32:45.000Z</time><extensions><gpxtpx:TrackPointExtension><gpxtpx:hr>139</gpxtpx:hr></gpxtpx:TrackPointExtension></extensions></trkpt>
      <trkpt lat="51.091527" lon="-115.369481"><ele>1314</ele><time>2026-06-20T14:32:46.000Z</time><extensions><gpxtpx:TrackPointExtension><gpxtpx:hr>139</gpxtpx:hr></gpxtpx:TrackPointExtension></extensions></trkpt>
      <trkpt lat="51.091523" lon="-115.36951"><ele>1314</ele><time>2026-06-20T14:32:47.000Z</time><extensions><gpxtpx:TrackPointExtension><gpxtpx:hr>139</gpxtpx:hr></gpxtpx:TrackPointExtension></extensions></trkpt>
      <trkpt lat="51.091519" lon="-115.36954"><ele>1314</ele><time>2026-06-20T14:32:48.000Z</time><extensions><gpxtpx:TrackPointExtension><gpxtpx:hr>139</gpxtpx:hr></gpxtpx:TrackPointExtension></extensions></trkpt>
      <trkpt lat="51.09151" lon="-115.36961"><ele>1314</ele><time>2026-06-20T14:32:49.000Z</time><extensions><gpxtpx:TrackPointExtension><gpxtpx:hr>139</gpxtpx:hr></gpxtpx:TrackPointExtension></extensions></trkpt>
      <trkpt lat="51.091507" lon="-115.369637"><ele>1314</ele><time>2026-06-20T14:32:50.000Z</time><extensions><gpxtpx:TrackPointExtension><gpxtpx:hr>139</gpxtpx:hr></gpxtpx:TrackPointExtension></extensions></trkpt>
      <trkpt lat="51.091503" lon="-115.369665"><ele>1313.8</ele><time>2026-06-20T14:32:51.000Z</time><extensions><gpxtpx:TrackPointExtension><gpxtpx:hr>139</gpxtpx:hr></gpxtpx:TrackPointExtension></extensions></trkpt>
      <trkpt lat="51.091493" lon="-115.369736"><ele>1313.8</ele><time>2026-06-20T14:32:52.000Z</time><extensions><gpxtpx:TrackPointExtension><gpxtpx:hr>139</gpxtpx:hr></gpxtpx:TrackPointExtension></extensions></trkpt>
      <trkpt lat="51.091489" lon="-115.36976"><ele>1313.8</ele><time>2026-06-20T14:32:53.000Z</time><extensions><gpxtpx:TrackPointExtension><gpxtpx:hr>139</gpxtpx:hr></gpxtpx:TrackPointExtension></extensions></trkpt>
      <trkpt lat="51.091477" lon="-115.369842"><ele>1313.6</ele><time>2026-06-20T14:32:54.000Z</time><extensions><gpxtpx:TrackPointExtension><gpxtpx:hr>138</gpxtpx:hr></gpxtpx:TrackPointExtension></extensions></trkpt>
      <trkpt lat="51.091473" lon="-115.369875"><ele>1313.6</ele><time>2026-06-20T14:32:55.000Z</time><extensions><gpxtpx:TrackPointExtension><gpxtpx:hr>138</gpxtpx:hr></gpxtpx:TrackPointExtension></extensions></trkpt>
      <trkpt lat="51.091468" lon="-115.369907"><ele>1313.2</ele><time>2026-06-20T14:32:56.000Z</time><extensions><gpxtpx:TrackPointExtension><gpxtpx:hr>138</gpxtpx:hr></gpxtpx:TrackPointExtension></extensions></trkpt>
      <trkpt lat="51.09146" lon="-115.369974"><ele>1313</ele><time>2026-06-20T14:32:57.000Z</time><extensions><gpxtpx:TrackPointExtension><gpxtpx:hr>138</gpxtpx:hr></gpxtpx:TrackPointExtension></extensions></trkpt>
      <trkpt lat="51.091457" lon="-115.369995"><ele>1312.6</ele><time>2026-06-20T14:32:58.000Z</time><extensions><gpxtpx:TrackPointExtension><gpxtpx:hr>138</gpxtpx:hr></gpxtpx:TrackPointExtension></extensions></trkpt>
      <trkpt lat="51.091446" lon="-115.370062"><ele>1312.2</ele><time>2026-06-20T14:32:59.000Z</time><extensions><gpxtpx:TrackPointExtension><gpxtpx:hr>138</gpxtpx:hr></gpxtpx:TrackPointExtension></extensions></trkpt>
      <trkpt lat="51.091441" lon="-115.370088"><ele>1311.8</ele><time>2026-06-20T14:33:00.000Z</time><extensions><gpxtpx:TrackPointExtension><gpxtpx:hr>138</gpxtpx:hr></gpxtpx:TrackPointExtension></extensions></trkpt>
      <trkpt lat="51.091437" lon="-115.370114"><ele>1311.2</ele><time>2026-06-20T14:33:01.000Z</time><extensions><gpxtpx:TrackPointExtension><gpxtpx:hr>138</gpxtpx:hr></gpxtpx:TrackPointExtension></extensions></trkpt>
      <trkpt lat="51.09143" lon="-115.37017"><ele>1310.6</ele><time>2026-06-20T14:33:02.000Z</time><extensions><gpxtpx:TrackPointExtension><gpxtpx:hr>138</gpxtpx:hr></gpxtpx:TrackPointExtension></extensions></trkpt>
      <trkpt lat="51.091428" lon="-115.370189"><ele>1310</ele><time>2026-06-20T14:33:03.000Z</time><extensions><gpxtpx:TrackPointExtension><gpxtpx:hr>138</gpxtpx:hr></gpxtpx:TrackPointExtension></extensions></trkpt>
      <trkpt lat="51.091442" lon="-115.370105"><ele>1309.4</ele><time>2026-06-20T14:33:04.000Z</time><extensions><gpxtpx:TrackPointExtension><gpxtpx:hr>139</gpxtpx:hr></gpxtpx:TrackPointExtension></extensions></trkpt>
      <trkpt lat="51.09146" lon="-115.369985"><ele>1308.8</ele><time>2026-06-20T14:33:05.000Z</time><extensions><gpxtpx:TrackPointExtension><gpxtpx:hr>139</gpxtpx:hr></gpxtpx:TrackPointExtension></extensions></trkpt>
      <trkpt lat="51.091479" lon="-115.369865"><ele>1308.8</ele><time>2026-06-20T14:33:06.000Z</time><extensions><gpxtpx:TrackPointExtension><gpxtpx:hr>139</gpxtpx:hr></gpxtpx:TrackPointExtension></extensions></trkpt>
      <trkpt lat="51.091497" lon="-115.369744"><ele>1317.6</ele><time>2026-06-20T14:38:52.000Z</time><extensions><gpxtpx:TrackPointExtension><gpxtpx:hr>139</gpxtpx:hr></gpxtpx:TrackPointExtension></extensions></trkpt>
      <trkpt lat="51.091515" lon="-115.369624"><ele>1317</ele><time>2026-06-20T14:38:53.000Z</time><extensions><gpxtpx:TrackPointExtension><gpxtpx:hr>139</gpxtpx:hr></gpxtpx:TrackPointExtension></extensions></trkpt>
      <trkpt lat="51.091533" lon="-115.369504"><ele>1316.6</ele><time>2026-06-20T14:38:54.000Z</time><extensions><gpxtpx:TrackPointExtension><gpxtpx:hr>139</gpxtpx:hr></gpxtpx:TrackPointExtension></extensions></trkpt>
      <trkpt lat="51.091552" lon="-115.369384"><ele>1316</ele><time>2026-06-20T14:38:55.000Z</time><extensions><gpxtpx:TrackPointExtension><gpxtpx:hr>87</gpxtpx:hr></gpxtpx:TrackPointExtension></extensions></trkpt>
      <trkpt lat="51.09157" lon="-115.369264"><ele>1315.6</ele><time>2026-06-20T14:38:56.000Z</time><extensions><gpxtpx:TrackPointExtension><gpxtpx:hr>87</gpxtpx:hr></gpxtpx:TrackPointExtension></extensions></trkpt>
      <trkpt lat="51.091588" lon="-115.369143"><ele>1315.4</ele><time>2026-06-20T14:38:57.000Z</time><extensions><gpxtpx:TrackPointExtension><gpxtpx:hr>87</gpxtpx:hr></gpxtpx:TrackPointExtension></extensions></trkpt>
      <trkpt lat="51.091566" lon="-115.36911"><ele>1315</ele><time>2026-06-20T14:38:58.000Z</time><extensions><gpxtpx:TrackPointExtension><gpxtpx:hr>87</gpxtpx:hr></gpxtpx:TrackPointExtension></extensions></trkpt>
      <trkpt lat="51.091555" lon="-115.369097"><ele>1314.8</ele><time>2026-06-20T14:38:59.000Z</time><extensions><gpxtpx:TrackPointExtension><gpxtpx:hr>87</gpxtpx:hr></gpxtpx:TrackPointExtension></extensions></trkpt>
      <trkpt lat="51.091543" lon="-115.369085"><ele>1314.6</ele><time>2026-06-20T14:39:00.000Z</time><extensions><gpxtpx:TrackPointExtension><gpxtpx:hr>91</gpxtpx:hr></gpxtpx:TrackPointExtension></extensions></trkpt>
      <trkpt lat="51.091506" lon="-115.369055"><ele>1314.6</ele><time>2026-06-20T14:39:01.000Z</time><extensions><gpxtpx:TrackPointExtension><gpxtpx:hr>91</gpxtpx:hr></gpxtpx:TrackPointExtension></extensions></trkpt>
      <trkpt lat="51.091489" lon="-115.369043"><ele>1314.4</ele><time>2026-06-20T14:39:02.000Z</time><extensions><gpxtpx:TrackPointExtension><gpxtpx:hr>91</gpxtpx:hr></gpxtpx:TrackPointExtension></extensions></trkpt>
      <trkpt lat="51.091473" lon="-115.369032"><ele>1314.4</ele><time>2026-06-20T14:39:03.000Z</time><extensions><gpxtpx:TrackPointExtension><gpxtpx:hr>91</gpxtpx:hr></gpxtpx:TrackPointExtension></extensions></trkpt>
      <trkpt lat="51.091435" lon="-115.369003"><ele>1314.2</ele><time>2026-06-20T14:39:04.000Z</time><extensions><gpxtpx:TrackPointExtension><gpxtpx:hr>91</gpxtpx:hr></gpxtpx:TrackPointExtension></extensions></trkpt>
      <trkpt lat="51.091422" lon="-115.368993"><ele>1314.2</ele><time>2026-06-20T14:39:05.000Z</time><extensions><gpxtpx:TrackPointExtension><gpxtpx:hr>98</gpxtpx:hr></gpxtpx:TrackPointExtension></extensions></trkpt>
      <trkpt lat="51.091382" lon="-115.368957"><ele>1314.2</ele><time>2026-06-20T14:39:06.000Z</time><extensions><gpxtpx:TrackPointExtension><gpxtpx:hr>98</gpxtpx:hr></gpxtpx:TrackPointExtension></extensions></trkpt>
      <trkpt lat="51.091365" lon="-115.368942"><ele>1314.2</ele><time>2026-06-20T14:39:07.000Z</time><extensions><gpxtpx:TrackPointExtension><gpxtpx:hr>98</gpxtpx:hr></gpxtpx:TrackPointExtension></extensions></trkpt>
      <trkpt lat="51.091349" lon="-115.368928"><ele>1314</ele><time>2026-06-20T14:39:08.000Z</time><extensions><gpxtpx:TrackPointExtension><gpxtpx:hr>98</gpxtpx:hr></gpxtpx:TrackPointExtension></extensions></trkpt>
      <trkpt lat="51.091309" lon="-115.368899"><ele>1314</ele><time>2026-06-20T14:39:09.000Z</time><extensions><gpxtpx:TrackPointExtension><gpxtpx:hr>98</gpxtpx:hr></gpxtpx:TrackPointExtension></extensions></trkpt>
      <trkpt lat="51.091295" lon="-115.36889"><ele>1314</ele><time>2026-06-20T14:39:10.000Z</time><extensions><gpxtpx:TrackPointExtension><gpxtpx:hr>98</gpxtpx:hr></gpxtpx:TrackPointExtension></extensions></trkpt>
      <trkpt lat="51.091249" lon="-115.368859"><ele>1314</ele><time>2026-06-20T14:39:11.000Z</time><extensions><gpxtpx:TrackPointExtension><gpxtpx:hr>106</gpxtpx:hr></gpxtpx:TrackPointExtension></extensions></trkpt>
      <trkpt lat="51.091231" lon="-115.368847"><ele>1314</ele><time>2026-06-20T14:39:12.000Z</time><extensions><gpxtpx:TrackPointExtension><gpxtpx:hr>106</gpxtpx:hr></gpxtpx:TrackPointExtension></extensions></trkpt>
      <trkpt lat="51.091212" lon="-115.368835"><ele>1314</ele><time>2026-06-20T14:39:13.000Z</time><extensions><gpxtpx:TrackPointExtension><gpxtpx:hr>106</gpxtpx:hr></gpxtpx:TrackPointExtension></extensions></trkpt>
      <trkpt lat="51.09117" lon="-115.368805"><ele>1314</ele><time>2026-06-20T14:39:14.000Z</time><extensions><gpxtpx:TrackPointExtension><gpxtpx:hr>106</gpxtpx:hr></gpxtpx:TrackPointExtension></extensions></trkpt>
      <trkpt lat="51.091155" lon="-115.368792"><ele>1314</ele><time>2026-06-20T14:39:15.000Z</time><extensions><gpxtpx:TrackPointExtension><gpxtpx:hr>112</gpxtpx:hr></gpxtpx:TrackPointExtension></extensions></trkpt>
      <trkpt lat="51.091109" lon="-115.368757"><ele>1314</ele><time>2026-06-20T14:39:16.000Z</time><extensions><gpxtpx:TrackPointExtension><gpxtpx:hr>112</gpxtpx:hr></gpxtpx:TrackPointExtension></extensions></trkpt>
      <trkpt lat="51.091091" lon="-115.368743"><ele>1314</ele><time>2026-06-20T14:39:17.000Z</time><extensions><gpxtpx:TrackPointExtension><gpxtpx:hr>112</gpxtpx:hr></gpxtpx:TrackPointExtension></extensions></trkpt>
      <trkpt lat="51.091073" lon="-115.36873"><ele>1314</ele><time>2026-06-20T14:39:18.000Z</time><extensions><gpxtpx:TrackPointExtension><gpxtpx:hr>112</gpxtpx:hr></gpxtpx:TrackPointExtension></extensions></trkpt>
      <trkpt lat="51.091033" lon="-115.368698"><ele>1314</ele><time>2026-06-20T14:39:19.000Z</time><extensions><gpxtpx:TrackPointExtension><gpxtpx:hr>112</gpxtpx:hr></gpxtpx:TrackPointExtension></extensions></trkpt>
      <trkpt lat="51.09102" lon="-115.368687"><ele>1314</ele><time>2026-06-20T14:39:20.000Z</time><extensions><gpxtpx:TrackPointExtension><gpxtpx:hr>117</gpxtpx:hr></gpxtpx:TrackPointExtension></extensions></trkpt>
      <trkpt lat="51.090978" lon="-115.368648"><ele>1314</ele><time>2026-06-20T14:39:21.000Z</time><extensions><gpxtpx:TrackPointExtension><gpxtpx:hr>117</gpxtpx:hr></gpxtpx:TrackPointExtension></extensions></trkpt>
      <trkpt lat="51.090962" lon="-115.368633"><ele>1314</ele><time>2026-06-20T14:39:22.000Z</time><extensions><gpxtpx:TrackPointExtension><gpxtpx:hr>117</gpxtpx:hr></gpxtpx:TrackPointExtension></extensions></trkpt>
      <trkpt lat="51.090945" lon="-115.368618"><ele>1314</ele><time>2026-06-20T14:39:23.000Z</time><extensions><gpxtpx:TrackPointExtension><gpxtpx:hr>117</gpxtpx:hr></gpxtpx:TrackPointExtension></extensions></trkpt>
      <trkpt lat="51.090908" lon="-115.368582"><ele>1314</ele><time>2026-06-20T14:39:24.000Z</time><extensions><gpxtpx:TrackPointExtension><gpxtpx:hr>117</gpxtpx:hr></gpxtpx:TrackPointExtension></extensions></trkpt>
      <trkpt lat="51.090896" lon="-115.36857"><ele>1314</ele><time>2026-06-20T14:39:25.000Z</time><extensions><gpxtpx:TrackPointExtension><gpxtpx:hr>122</gpxtpx:hr></gpxtpx:TrackPointExtension></extensions></trkpt>
      <trkpt lat="51.090858" lon="-115.368522"><ele>1314</ele><time>2026-06-20T14:39:26.000Z</time><extensions><gpxtpx:TrackPointExtension><gpxtpx:hr>122</gpxtpx:hr></gpxtpx:TrackPointExtension></extensions></trkpt>
      <trkpt lat="51.090842" lon="-115.368503"><ele>1314</ele><time>2026-06-20T14:39:27.000Z</time><extensions><gpxtpx:TrackPointExtension><gpxtpx:hr>122</gpxtpx:hr></gpxtpx:TrackPointExtension></extensions></trkpt>
      <trkpt lat="51.090827" lon="-115.368485"><ele>1314</ele><time>2026-06-20T14:39:28.000Z</time><extensions><gpxtpx:TrackPointExtension><gpxtpx:hr>122</gpxtpx:hr></gpxtpx:TrackPointExtension></extensions></trkpt>
      <trkpt lat="51.090789" lon="-115.368448"><ele>1314</ele><time>2026-06-20T14:39:29.000Z</time><extensions><gpxtpx:TrackPointExtension><gpxtpx:hr>122</gpxtpx:hr></gpxtpx:TrackPointExtension></extensions></trkpt>
      <trkpt lat="51.090774" lon="-115.368433"><ele>1314</ele><time>2026-06-20T14:39:30.000Z</time><extensions><gpxtpx:TrackPointExtension><gpxtpx:hr>122</gpxtpx:hr></gpxtpx:TrackPointExtension></extensions></trkpt>
      <trkpt lat="51.090759" lon="-115.368419"><ele>1314</ele><time>2026-06-20T14:39:31.000Z</time><extensions><gpxtpx:TrackPointExtension><gpxtpx:hr>122</gpxtpx:hr></gpxtpx:TrackPointExtension></extensions></trkpt>
      <trkpt lat="51.090727" lon="-115.368392"><ele>1314</ele><time>2026-06-20T14:39:32.000Z</time><extensions><gpxtpx:TrackPointExtension><gpxtpx:hr>122</gpxtpx:hr></gpxtpx:TrackPointExtension></extensions></trkpt>
      <trkpt lat="51.090716" lon="-115.368383"><ele>1314</ele><time>2026-06-20T14:39:33.000Z</time><extensions><gpxtpx:TrackPointExtension><gpxtpx:hr>122</gpxtpx:hr></gpxtpx:TrackPointExtension></extensions></trkpt>
      <trkpt lat="51.090678" lon="-115.368353"><ele>1314</ele><time>2026-06-20T14:39:34.000Z</time><extensions><gpxtpx:TrackPointExtension><gpxtpx:hr>122</gpxtpx:hr></gpxtpx:TrackPointExtension></extensions></trkpt>
      <trkpt lat="51.090661" lon="-115.368341"><ele>1314</ele><time>2026-06-20T14:39:35.000Z</time><extensions><gpxtpx:TrackPointExtension><gpxtpx:hr>122</gpxtpx:hr></gpxtpx:TrackPointExtension></extensions></trkpt>
      <trkpt lat="51.090645" lon="-115.368329"><ele>1314</ele><time>2026-06-20T14:39:36.000Z</time><extensions><gpxtpx:TrackPointExtension><gpxtpx:hr>122</gpxtpx:hr></gpxtpx:TrackPointExtension></extensions></trkpt>
      <trkpt lat="51.09061" lon="-115.368302"><ele>1314</ele><time>2026-06-20T14:39:37.000Z</time><extensions><gpxtpx:TrackPointExtension><gpxtpx:hr>122</gpxtpx:hr></gpxtpx:TrackPointExtension></extensions></trkpt>
      <trkpt lat="51.090598" lon="-115.368294"><ele>1314</ele><time>2026-06-20T14:39:38.000Z</time><extensions><gpxtpx:TrackPointExtension><gpxtpx:hr>122</gpxtpx:hr></gpxtpx:TrackPointExtension></extensions></trkpt>
      <trkpt lat="51.090558" lon="-115.368267"><ele>1314.2</ele><time>2026-06-20T14:39:39.000Z</time><extensions><gpxtpx:TrackPointExtension><gpxtpx:hr>122</gpxtpx:hr></gpxtpx:TrackPointExtension></extensions></trkpt>
      <trkpt lat="51.090542" lon="-115.368255"><ele>1314.2</ele><time>2026-06-20T14:39:40.000Z</time><extensions><gpxtpx:TrackPointExtension><gpxtpx:hr>122</gpxtpx:hr></gpxtpx:TrackPointExtension></extensions></trkpt>
      <trkpt lat="51.090526" lon="-115.368244"><ele>1314.2</ele><time>2026-06-20T14:39:41.000Z</time><extensions><gpxtpx:TrackPointExtension><gpxtpx:hr>122</gpxtpx:hr></gpxtpx:TrackPointExtension></extensions></trkpt>
      <trkpt lat="51.090489" lon="-115.368217"><ele>1314.2</ele><time>2026-06-20T14:39:42.000Z</time><extensions><gpxtpx:TrackPointExtension><gpxtpx:hr>122</gpxtpx:hr></gpxtpx:TrackPointExtension></extensions></trkpt>
      <trkpt lat="51.090477" lon="-115.368209"><ele>1314.2</ele><time>2026-06-20T14:39:43.000Z</time><extensions><gpxtpx:TrackPointExtension><gpxtpx:hr>122</gpxtpx:hr></gpxtpx:TrackPointExtension></extensions></trkpt>
      <trkpt lat="51.090435" lon="-115.368181"><ele>1314.2</ele><time>2026-06-20T14:39:44.000Z</time><extensions><gpxtpx:TrackPointExtension><gpxtpx:hr>132</gpxtpx:hr></gpxtpx:TrackPointExtension></extensions></trkpt>
      <trkpt lat="51.090419" lon="-115.36817"><ele>1314.2</ele><time>2026-06-20T14:39:45.000Z</time><extensions><gpxtpx:TrackPointExtension><gpxtpx:hr>132</gpxtpx:hr></gpxtpx:TrackPointExtension></extensions></trkpt>
      <trkpt lat="51.090402" lon="-115.368159"><ele>1314</ele><time>2026-06-20T14:39:46.000Z</time><extensions><gpxtpx:TrackPointExtension><gpxtpx:hr>132</gpxtpx:hr></gpxtpx:TrackPointExtension></extensions></trkpt>
      <trkpt lat="51.090364" lon="-115.368136"><ele>1314</ele><time>2026-06-20T14:39:47.000Z</time><extensions><gpxtpx:TrackPointExtension><gpxtpx:hr>134</gpxtpx:hr></gpxtpx:TrackPointExtension></extensions></trkpt>
      <trkpt lat="51.090351" lon="-115.368129"><ele>1314</ele><time>2026-06-20T14:39:48.000Z</time><extensions><gpxtpx:TrackPointExtension><gpxtpx:hr>134</gpxtpx:hr></gpxtpx:TrackPointExtension></extensions></trkpt>
      <trkpt lat="51.090307" lon="-115.368107"><ele>1314</ele><time>2026-06-20T14:39:49.000Z</time><extensions><gpxtpx:TrackPointExtension><gpxtpx:hr>134</gpxtpx:hr></gpxtpx:TrackPointExtension></extensions></trkpt>
      <trkpt lat="51.09029" lon="-115.368099"><ele>1314</ele><time>2026-06-20T14:39:50.000Z</time><extensions><gpxtpx:TrackPointExtension><gpxtpx:hr>134</gpxtpx:hr></gpxtpx:TrackPointExtension></extensions></trkpt>
      <trkpt lat="51.090272" lon="-115.368091"><ele>1314</ele><time>2026-06-20T14:39:51.000Z</time><extensions><gpxtpx:TrackPointExtension><gpxtpx:hr>134</gpxtpx:hr></gpxtpx:TrackPointExtension></extensions></trkpt>
      <trkpt lat="51.090228" lon="-115.368067"><ele>1314</ele><time>2026-06-20T14:39:52.000Z</time><extensions><gpxtpx:TrackPointExtension><gpxtpx:hr>134</gpxtpx:hr></gpxtpx:TrackPointExtension></extensions></trkpt>
      <trkpt lat="51.09021" lon="-115.368056"><ele>1314</ele><time>2026-06-20T14:39:53.000Z</time><extensions><gpxtpx:TrackPointExtension><gpxtpx:hr>134</gpxtpx:hr></gpxtpx:TrackPointExtension></extensions></trkpt>
      <trkpt lat="51.090193" lon="-115.368045"><ele>1314</ele><time>2026-06-20T14:39:54.000Z</time><extensions><gpxtpx:TrackPointExtension><gpxtpx:hr>134</gpxtpx:hr></gpxtpx:TrackPointExtension></extensions></trkpt>
      <trkpt lat="51.090157" lon="-115.368019"><ele>1314</ele><time>2026-06-20T14:39:55.000Z</time><extensions><gpxtpx:TrackPointExtension><gpxtpx:hr>134</gpxtpx:hr></gpxtpx:TrackPointExtension></extensions></trkpt>
      <trkpt lat="51.090145" lon="-115.36801"><ele>1314</ele><time>2026-06-20T14:39:56.000Z</time><extensions><gpxtpx:TrackPointExtension><gpxtpx:hr>134</gpxtpx:hr></gpxtpx:TrackPointExtension></extensions></trkpt>
      <trkpt lat="51.090105" lon="-115.367976"><ele>1313.8</ele><time>2026-06-20T14:39:57.000Z</time><extensions><gpxtpx:TrackPointExtension><gpxtpx:hr>137</gpxtpx:hr></gpxtpx:TrackPointExtension></extensions></trkpt>
      <trkpt lat="51.090088" lon="-115.367961"><ele>1313.8</ele><time>2026-06-20T14:39:58.000Z</time><extensions><gpxtpx:TrackPointExtension><gpxtpx:hr>137</gpxtpx:hr></gpxtpx:TrackPointExtension></extensions></trkpt>
      <trkpt lat="51.090072" lon="-115.367947"><ele>1313.8</ele><time>2026-06-20T14:39:59.000Z</time><extensions><gpxtpx:TrackPointExtension><gpxtpx:hr>137</gpxtpx:hr></gpxtpx:TrackPointExtension></extensions></trkpt>
      <trkpt lat="51.090035" lon="-115.367915"><ele>1313.8</ele><time>2026-06-20T14:40:00.000Z</time><extensions><gpxtpx:TrackPointExtension><gpxtpx:hr>137</gpxtpx:hr></gpxtpx:TrackPointExtension></extensions></trkpt>
      <trkpt lat="51.090022" lon="-115.367904"><ele>1313.8</ele><time>2026-06-20T14:40:01.000Z</time><extensions><gpxtpx:TrackPointExtension><gpxtpx:hr>137</gpxtpx:hr></gpxtpx:TrackPointExtension></extensions></trkpt>
      <trkpt lat="51.089977" lon="-115.367868"><ele>1313.8</ele><time>2026-06-20T14:40:02.000Z</time><extensions><gpxtpx:TrackPointExtension><gpxtpx:hr>137</gpxtpx:hr></gpxtpx:TrackPointExtension></extensions></trkpt>
      <trkpt lat="51.08996" lon="-115.367854"><ele>1313.8</ele><time>2026-06-20T14:40:03.000Z</time><extensions><gpxtpx:TrackPointExtension><gpxtpx:hr>137</gpxtpx:hr></gpxtpx:TrackPointExtension></extensions></trkpt>
      <trkpt lat="51.089942" lon="-115.36784"><ele>1313.8</ele><time>2026-06-20T14:40:04.000Z</time><extensions><gpxtpx:TrackPointExtension><gpxtpx:hr>139</gpxtpx:hr></gpxtpx:TrackPointExtension></extensions></trkpt>
      <trkpt lat="51.089904" lon="-115.367807"><ele>1314</ele><time>2026-06-20T14:40:05.000Z</time><extensions><gpxtpx:TrackPointExtension><gpxtpx:hr>139</gpxtpx:hr></gpxtpx:TrackPointExtension></extensions></trkpt>
      <trkpt lat="51.089891" lon="-115.367796"><ele>1314</ele><time>2026-06-20T14:40:06.000Z</time><extensions><gpxtpx:TrackPointExtension><gpxtpx:hr>139</gpxtpx:hr></gpxtpx:TrackPointExtension></extensions></trkpt>
      <trkpt lat="51.089849" lon="-115.367761"><ele>1314</ele><time>2026-06-20T14:40:07.000Z</time><extensions><gpxtpx:TrackPointExtension><gpxtpx:hr>139</gpxtpx:hr></gpxtpx:TrackPointExtension></extensions></trkpt>
      <trkpt lat="51.089833" lon="-115.367747"><ele>1314</ele><time>2026-06-20T14:40:08.000Z</time><extensions><gpxtpx:TrackPointExtension><gpxtpx:hr>139</gpxtpx:hr></gpxtpx:TrackPointExtension></extensions></trkpt>
      <trkpt lat="51.089816" lon="-115.367734"><ele>1314</ele><time>2026-06-20T14:40:09.000Z</time><extensions><gpxtpx:TrackPointExtension><gpxtpx:hr>139</gpxtpx:hr></gpxtpx:TrackPointExtension></extensions></trkpt>
      <trkpt lat="51.089777" lon="-115.367704"><ele>1314</ele><time>2026-06-20T14:40:10.000Z</time><extensions><gpxtpx:TrackPointExtension><gpxtpx:hr>141</gpxtpx:hr></gpxtpx:TrackPointExtension></extensions></trkpt>
      <trkpt lat="51.089763" lon="-115.367694"><ele>1314</ele><time>2026-06-20T14:40:11.000Z</time><extensions><gpxtpx:TrackPointExtension><gpxtpx:hr>141</gpxtpx:hr></gpxtpx:TrackPointExtension></extensions></trkpt>
      <trkpt lat="51.089721" lon="-115.367658"><ele>1314</ele><time>2026-06-20T14:40:12.000Z</time><extensions><gpxtpx:TrackPointExtension><gpxtpx:hr>141</gpxtpx:hr></gpxtpx:TrackPointExtension></extensions></trkpt>
      <trkpt lat="51.089706" lon="-115.367645"><ele>1314</ele><time>2026-06-20T14:40:13.000Z</time><extensions><gpxtpx:TrackPointExtension><gpxtpx:hr>141</gpxtpx:hr></gpxtpx:TrackPointExtension></extensions></trkpt>
      <trkpt lat="51.08969" lon="-115.367632"><ele>1314</ele><time>2026-06-20T14:40:14.000Z</time><extensions><gpxtpx:TrackPointExtension><gpxtpx:hr>141</gpxtpx:hr></gpxtpx:TrackPointExtension></extensions></trkpt>
      <trkpt lat="51.089657" lon="-115.367605"><ele>1314</ele><time>2026-06-20T14:40:15.000Z</time><extensions><gpxtpx:TrackPointExtension><gpxtpx:hr>141</gpxtpx:hr></gpxtpx:TrackPointExtension></extensions></trkpt>
      <trkpt lat="51.089646" lon="-115.367596"><ele>1314</ele><time>2026-06-20T14:40:16.000Z</time><extensions><gpxtpx:TrackPointExtension><gpxtpx:hr>141</gpxtpx:hr></gpxtpx:TrackPointExtension></extensions></trkpt>
      <trkpt lat="51.089609" lon="-115.367565"><ele>1314</ele><time>2026-06-20T14:40:17.000Z</time><extensions><gpxtpx:TrackPointExtension><gpxtpx:hr>141</gpxtpx:hr></gpxtpx:TrackPointExtension></extensions></trkpt>
      <trkpt lat="51.089595" lon="-115.367552"><ele>1314</ele><time>2026-06-20T14:40:18.000Z</time><extensions><gpxtpx:TrackPointExtension><gpxtpx:hr>141</gpxtpx:hr></gpxtpx:TrackPointExtension></extensions></trkpt>
      <trkpt lat="51.08958" lon="-115.36754"><ele>1314</ele><time>2026-06-20T14:40:19.000Z</time><extensions><gpxtpx:TrackPointExtension><gpxtpx:hr>143</gpxtpx:hr></gpxtpx:TrackPointExtension></extensions></trkpt>
      <trkpt lat="51.089544" lon="-115.367509"><ele>1314</ele><time>2026-06-20T14:40:20.000Z</time><extensions><gpxtpx:TrackPointExtension><gpxtpx:hr>142</gpxtpx:hr></gpxtpx:TrackPointExtension></extensions></trkpt>
      <trkpt lat="51.089531" lon="-115.367497"><ele>1314</ele><time>2026-06-20T14:40:21.000Z</time><extensions><gpxtpx:TrackPointExtension><gpxtpx:hr>142</gpxtpx:hr></gpxtpx:TrackPointExtension></extensions></trkpt>
      <trkpt lat="51.089517" lon="-115.367485"><ele>1314</ele><time>2026-06-20T14:40:22.000Z</time><extensions><gpxtpx:TrackPointExtension><gpxtpx:hr>142</gpxtpx:hr></gpxtpx:TrackPointExtension></extensions></trkpt>
      <trkpt lat="51.089487" lon="-115.367459"><ele>1314</ele><time>2026-06-20T14:40:23.000Z</time><extensions><gpxtpx:TrackPointExtension><gpxtpx:hr>142</gpxtpx:hr></gpxtpx:TrackPointExtension></extensions></trkpt>
      <trkpt lat="51.089476" lon="-115.36745"><ele>1314</ele><time>2026-06-20T14:40:24.000Z</time><extensions><gpxtpx:TrackPointExtension><gpxtpx:hr>142</gpxtpx:hr></gpxtpx:TrackPointExtension></extensions></trkpt>
      <trkpt lat="51.089443" lon="-115.367421"><ele>1314</ele><time>2026-06-20T14:40:25.000Z</time><extensions><gpxtpx:TrackPointExtension><gpxtpx:hr>142</gpxtpx:hr></gpxtpx:TrackPointExtension></extensions></trkpt>
      <trkpt lat="51.08943" lon="-115.367409"><ele>1314</ele><time>2026-06-20T14:40:26.000Z</time><extensions><gpxtpx:TrackPointExtension><gpxtpx:hr>142</gpxtpx:hr></gpxtpx:TrackPointExtension></extensions></trkpt>
      <trkpt lat="51.089417" lon="-115.367397"><ele>1314</ele><time>2026-06-20T14:40:27.000Z</time><extensions><gpxtpx:TrackPointExtension><gpxtpx:hr>142</gpxtpx:hr></gpxtpx:TrackPointExtension></extensions></trkpt>
      <trkpt lat="51.08939" lon="-115.367369"><ele>1314</ele><time>2026-06-20T14:40:28.000Z</time><extensions><gpxtpx:TrackPointExtension><gpxtpx:hr>142</gpxtpx:hr></gpxtpx:TrackPointExtension></extensions></trkpt>
      <trkpt lat="51.089381" lon="-115.367361"><ele>1314</ele><time>2026-06-20T14:40:29.000Z</time><extensions><gpxtpx:TrackPointExtension><gpxtpx:hr>142</gpxtpx:hr></gpxtpx:TrackPointExtension></extensions></trkpt>
      <trkpt lat="51.089365" lon="-115.367348"><ele>1314</ele><time>2026-06-20T14:40:30.000Z</time><extensions><gpxtpx:TrackPointExtension><gpxtpx:hr>142</gpxtpx:hr></gpxtpx:TrackPointExtension></extensions></trkpt>
      <trkpt lat="51.089352" lon="-115.367344"><ele>1314</ele><time>2026-06-20T14:40:31.000Z</time><extensions><gpxtpx:TrackPointExtension><gpxtpx:hr>142</gpxtpx:hr></gpxtpx:TrackPointExtension></extensions></trkpt>
      <trkpt lat="51.089347" lon="-115.36735"><ele>1314</ele><time>2026-06-20T14:40:32.000Z</time><extensions><gpxtpx:TrackPointExtension><gpxtpx:hr>142</gpxtpx:hr></gpxtpx:TrackPointExtension></extensions></trkpt>
      <trkpt lat="51.08934" lon="-115.367346"><ele>1314</ele><time>2026-06-20T14:40:33.000Z</time><extensions><gpxtpx:TrackPointExtension><gpxtpx:hr>142</gpxtpx:hr></gpxtpx:TrackPointExtension></extensions></trkpt>
      <trkpt lat="51.089334" lon="-115.367332"><ele>1314</ele><time>2026-06-20T14:40:34.000Z</time><extensions><gpxtpx:TrackPointExtension><gpxtpx:hr>142</gpxtpx:hr></gpxtpx:TrackPointExtension></extensions></trkpt>
      <trkpt lat="51.089327" lon="-115.367318"><ele>1314</ele><time>2026-06-20T14:40:35.000Z</time><extensions><gpxtpx:TrackPointExtension><gpxtpx:hr>142</gpxtpx:hr></gpxtpx:TrackPointExtension></extensions></trkpt>
      <trkpt lat="51.089321" lon="-115.367304"><ele>1314</ele><time>2026-06-20T14:40:36.000Z</time><extensions><gpxtpx:TrackPointExtension><gpxtpx:hr>142</gpxtpx:hr></gpxtpx:TrackPointExtension></extensions></trkpt>
      <trkpt lat="51.089314" lon="-115.367289"><ele>1314</ele><time>2026-06-20T14:40:37.000Z</time><extensions><gpxtpx:TrackPointExtension><gpxtpx:hr>142</gpxtpx:hr></gpxtpx:TrackPointExtension></extensions></trkpt>
      <trkpt lat="51.089308" lon="-115.367275"><ele>1314.4</ele><time>2026-06-20T14:41:15.000Z</time><extensions><gpxtpx:TrackPointExtension><gpxtpx:hr>111</gpxtpx:hr></gpxtpx:TrackPointExtension></extensions></trkpt>
      <trkpt lat="51.089301" lon="-115.367261"><ele>1314.4</ele><time>2026-06-20T14:41:16.000Z</time><extensions><gpxtpx:TrackPointExtension><gpxtpx:hr>111</gpxtpx:hr></gpxtpx:TrackPointExtension></extensions></trkpt>
      <trkpt lat="51.089295" lon="-115.367247"><ele>1314.4</ele><time>2026-06-20T14:41:17.000Z</time><extensions><gpxtpx:TrackPointExtension><gpxtpx:hr>111</gpxtpx:hr></gpxtpx:TrackPointExtension></extensions></trkpt>
      <trkpt lat="51.089288" lon="-115.367233"><ele>1314.4</ele><time>2026-06-20T14:41:18.000Z</time><extensions><gpxtpx:TrackPointExtension><gpxtpx:hr>111</gpxtpx:hr></gpxtpx:TrackPointExtension></extensions></trkpt>
      <trkpt lat="51.089262" lon="-115.367182"><ele>1314.4</ele><time>2026-06-20T14:41:19.000Z</time><extensions><gpxtpx:TrackPointExtension><gpxtpx:hr>111</gpxtpx:hr></gpxtpx:TrackPointExtension></extensions></trkpt>
      <trkpt lat="51.089253" lon="-115.367165"><ele>1314.4</ele><time>2026-06-20T14:41:20.000Z</time><extensions><gpxtpx:TrackPointExtension><gpxtpx:hr>109</gpxtpx:hr></gpxtpx:TrackPointExtension></extensions></trkpt>
      <trkpt lat="51.089226" lon="-115.367113"><ele>1314.4</ele><time>2026-06-20T14:41:21.000Z</time><extensions><gpxtpx:TrackPointExtension><gpxtpx:hr>109</gpxtpx:hr></gpxtpx:TrackPointExtension></extensions></trkpt>
      <trkpt lat="51.089215" lon="-115.367094"><ele>1314.4</ele><time>2026-06-20T14:41:22.000Z</time><extensions><gpxtpx:TrackPointExtension><gpxtpx:hr>109</gpxtpx:hr></gpxtpx:TrackPointExtension></extensions></trkpt>
      <trkpt lat="51.089205" lon="-115.367074"><ele>1314.4</ele><time>2026-06-20T14:41:23.000Z</time><extensions><gpxtpx:TrackPointExtension><gpxtpx:hr>109</gpxtpx:hr></gpxtpx:TrackPointExtension></extensions></trkpt>
      <trkpt lat="51.089182" lon="-115.36703"><ele>1314.4</ele><time>2026-06-20T14:41:24.000Z</time><extensions><gpxtpx:TrackPointExtension><gpxtpx:hr>109</gpxtpx:hr></gpxtpx:TrackPointExtension></extensions></trkpt>
      <trkpt lat="51.089173" lon="-115.367015"><ele>1314.4</ele><time>2026-06-20T14:41:25.000Z</time><extensions><gpxtpx:TrackPointExtension><gpxtpx:hr>110</gpxtpx:hr></gpxtpx:TrackPointExtension></extensions></trkpt>
      <trkpt lat="51.089144" lon="-115.366961"><ele>1314.4</ele><time>2026-06-20T14:41:26.000Z</time><extensions><gpxtpx:TrackPointExtension><gpxtpx:hr>110</gpxtpx:hr></gpxtpx:TrackPointExtension></extensions></trkpt>
      <trkpt lat="51.089131" lon="-115.36694"><ele>1314.4</ele><time>2026-06-20T14:41:27.000Z</time><extensions><gpxtpx:TrackPointExtension><gpxtpx:hr>110</gpxtpx:hr></gpxtpx:TrackPointExtension></extensions></trkpt>
      <trkpt lat="51.089119" lon="-115.366919"><ele>1314.4</ele><time>2026-06-20T14:41:28.000Z</time><extensions><gpxtpx:TrackPointExtension><gpxtpx:hr>110</gpxtpx:hr></gpxtpx:TrackPointExtension></extensions></trkpt>
      <trkpt lat="51.089089" lon="-115.366872"><ele>1314.4</ele><time>2026-06-20T14:41:29.000Z</time><extensions><gpxtpx:TrackPointExtension><gpxtpx:hr>110</gpxtpx:hr></gpxtpx:TrackPointExtension></extensions></trkpt>
      <trkpt lat="51.089078" lon="-115.366857"><ele>1314.4</ele><time>2026-06-20T14:41:30.000Z</time><extensions><gpxtpx:TrackPointExtension><gpxtpx:hr>110</gpxtpx:hr></gpxtpx:TrackPointExtension></extensions></trkpt>
      <trkpt lat="51.089045" lon="-115.366807"><ele>1314.4</ele><time>2026-06-20T14:41:31.000Z</time><extensions><gpxtpx:TrackPointExtension><gpxtpx:hr>110</gpxtpx:hr></gpxtpx:TrackPointExtension></extensions></trkpt>
      <trkpt lat="51.089031" lon="-115.366788"><ele>1314.4</ele><time>2026-06-20T14:41:32.000Z</time><extensions><gpxtpx:TrackPointExtension><gpxtpx:hr>110</gpxtpx:hr></gpxtpx:TrackPointExtension></extensions></trkpt>
      <trkpt lat="51.089018" lon="-115.366768"><ele>1314.4</ele><time>2026-06-20T14:41:33.000Z</time><extensions><gpxtpx:TrackPointExtension><gpxtpx:hr>110</gpxtpx:hr></gpxtpx:TrackPointExtension></extensions></trkpt>
      <trkpt lat="51.088988" lon="-115.366725"><ele>1314.4</ele><time>2026-06-20T14:41:34.000Z</time><extensions><gpxtpx:TrackPointExtension><gpxtpx:hr>110</gpxtpx:hr></gpxtpx:TrackPointExtension></extensions></trkpt>
      <trkpt lat="51.088977" lon="-115.366711"><ele>1314.4</ele><time>2026-06-20T14:41:35.000Z</time><extensions><gpxtpx:TrackPointExtension><gpxtpx:hr>110</gpxtpx:hr></gpxtpx:TrackPointExtension></extensions></trkpt>
      <trkpt lat="51.088943" lon="-115.366667"><ele>1314.4</ele><time>2026-06-20T14:41:36.000Z</time><extensions><gpxtpx:TrackPointExtension><gpxtpx:hr>110</gpxtpx:hr></gpxtpx:TrackPointExtension></extensions></trkpt>
      <trkpt lat="51.088931" lon="-115.366649"><ele>1314.4</ele><time>2026-06-20T14:41:37.000Z</time><extensions><gpxtpx:TrackPointExtension><gpxtpx:hr>110</gpxtpx:hr></gpxtpx:TrackPointExtension></extensions></trkpt>
      <trkpt lat="51.088918" lon="-115.366632"><ele>1314.4</ele><time>2026-06-20T14:41:38.000Z</time><extensions><gpxtpx:TrackPointExtension><gpxtpx:hr>110</gpxtpx:hr></gpxtpx:TrackPointExtension></extensions></trkpt>
      <trkpt lat="51.088886" lon="-115.366587"><ele>1314.4</ele><time>2026-06-20T14:41:39.000Z</time><extensions><gpxtpx:TrackPointExtension><gpxtpx:hr>110</gpxtpx:hr></gpxtpx:TrackPointExtension></extensions></trkpt>
      <trkpt lat="51.088874" lon="-115.36657"><ele>1314.4</ele><time>2026-06-20T14:41:40.000Z</time><extensions><gpxtpx:TrackPointExtension><gpxtpx:hr>110</gpxtpx:hr></gpxtpx:TrackPointExtension></extensions></trkpt>
      <trkpt lat="51.088861" lon="-115.366552"><ele>1314.4</ele><time>2026-06-20T14:41:41.000Z</time><extensions><gpxtpx:TrackPointExtension><gpxtpx:hr>110</gpxtpx:hr></gpxtpx:TrackPointExtension></extensions></trkpt>
      <trkpt lat="51.088832" lon="-115.366509"><ele>1314.4</ele><time>2026-06-20T14:41:42.000Z</time><extensions><gpxtpx:TrackPointExtension><gpxtpx:hr>110</gpxtpx:hr></gpxtpx:TrackPointExtension></extensions></trkpt>
      <trkpt lat="51.088822" lon="-115.366495"><ele>1314.4</ele><time>2026-06-20T14:41:43.000Z</time><extensions><gpxtpx:TrackPointExtension><gpxtpx:hr>110</gpxtpx:hr></gpxtpx:TrackPointExtension></extensions></trkpt>
      <trkpt lat="51.088789" lon="-115.366447"><ele>1314.2</ele><time>2026-06-20T14:41:44.000Z</time><extensions><gpxtpx:TrackPointExtension><gpxtpx:hr>110</gpxtpx:hr></gpxtpx:TrackPointExtension></extensions></trkpt>
      <trkpt lat="51.088777" lon="-115.366428"><ele>1314.2</ele><time>2026-06-20T14:41:45.000Z</time><extensions><gpxtpx:TrackPointExtension><gpxtpx:hr>120</gpxtpx:hr></gpxtpx:TrackPointExtension></extensions></trkpt>
      <trkpt lat="51.088764" lon="-115.366409"><ele>1314.2</ele><time>2026-06-20T14:41:46.000Z</time><extensions><gpxtpx:TrackPointExtension><gpxtpx:hr>120</gpxtpx:hr></gpxtpx:TrackPointExtension></extensions></trkpt>
      <trkpt lat="51.088736" lon="-115.366365"><ele>1314.2</ele><time>2026-06-20T14:41:47.000Z</time><extensions><gpxtpx:TrackPointExtension><gpxtpx:hr>120</gpxtpx:hr></gpxtpx:TrackPointExtension></extensions></trkpt>
      <trkpt lat="51.088727" lon="-115.366351"><ele>1314.2</ele><time>2026-06-20T14:41:48.000Z</time><extensions><gpxtpx:TrackPointExtension><gpxtpx:hr>120</gpxtpx:hr></gpxtpx:TrackPointExtension></extensions></trkpt>
      <trkpt lat="51.088696" lon="-115.366301"><ele>1314.2</ele><time>2026-06-20T14:41:49.000Z</time><extensions><gpxtpx:TrackPointExtension><gpxtpx:hr>120</gpxtpx:hr></gpxtpx:TrackPointExtension></extensions></trkpt>
      <trkpt lat="51.088682" lon="-115.366282"><ele>1314.2</ele><time>2026-06-20T14:41:50.000Z</time><extensions><gpxtpx:TrackPointExtension><gpxtpx:hr>122</gpxtpx:hr></gpxtpx:TrackPointExtension></extensions></trkpt>
      <trkpt lat="51.088669" lon="-115.366262"><ele>1314.2</ele><time>2026-06-20T14:41:51.000Z</time><extensions><gpxtpx:TrackPointExtension><gpxtpx:hr>122</gpxtpx:hr></gpxtpx:TrackPointExtension></extensions></trkpt>
      <trkpt lat="51.088636" lon="-115.36622"><ele>1314.2</ele><time>2026-06-20T14:41:52.000Z</time><extensions><gpxtpx:TrackPointExtension><gpxtpx:hr>122</gpxtpx:hr></gpxtpx:TrackPointExtension></extensions></trkpt>
      <trkpt lat="51.088624" lon="-115.366207"><ele>1314.2</ele><time>2026-06-20T14:41:53.000Z</time><extensions><gpxtpx:TrackPointExtension><gpxtpx:hr>122</gpxtpx:hr></gpxtpx:TrackPointExtension></extensions></trkpt>
      <trkpt lat="51.088586" lon="-115.366159"><ele>1314.4</ele><time>2026-06-20T14:41:54.000Z</time><extensions><gpxtpx:TrackPointExtension><gpxtpx:hr>122</gpxtpx:hr></gpxtpx:TrackPointExtension></extensions></trkpt>
      <trkpt lat="51.088571" lon="-115.36614"><ele>1314.4</ele><time>2026-06-20T14:41:55.000Z</time><extensions><gpxtpx:TrackPointExtension><gpxtpx:hr>122</gpxtpx:hr></gpxtpx:TrackPointExtension></extensions></trkpt>
      <trkpt lat="51.088555" lon="-115.366121"><ele>1314.4</ele><time>2026-06-20T14:41:56.000Z</time><extensions><gpxtpx:TrackPointExtension><gpxtpx:hr>127</gpxtpx:hr></gpxtpx:TrackPointExtension></extensions></trkpt>
      <trkpt lat="51.088521" lon="-115.366077"><ele>1314.4</ele><time>2026-06-20T14:41:57.000Z</time><extensions><gpxtpx:TrackPointExtension><gpxtpx:hr>127</gpxtpx:hr></gpxtpx:TrackPointExtension></extensions></trkpt>
      <trkpt lat="51.088509" lon="-115.366063"><ele>1314.4</ele><time>2026-06-20T14:41:58.000Z</time><extensions><gpxtpx:TrackPointExtension><gpxtpx:hr>127</gpxtpx:hr></gpxtpx:TrackPointExtension></extensions></trkpt>
      <trkpt lat="51.08847" lon="-115.366017"><ele>1314.2</ele><time>2026-06-20T14:41:59.000Z</time><extensions><gpxtpx:TrackPointExtension><gpxtpx:hr>127</gpxtpx:hr></gpxtpx:TrackPointExtension></extensions></trkpt>
      <trkpt lat="51.088454" lon="-115.366"><ele>1314.2</ele><time>2026-06-20T14:42:00.000Z</time><extensions><gpxtpx:TrackPointExtension><gpxtpx:hr>127</gpxtpx:hr></gpxtpx:TrackPointExtension></extensions></trkpt>
      <trkpt lat="51.088438" lon="-115.365982"><ele>1314.2</ele><time>2026-06-20T14:42:01.000Z</time><extensions><gpxtpx:TrackPointExtension><gpxtpx:hr>127</gpxtpx:hr></gpxtpx:TrackPointExtension></extensions></trkpt>
      <trkpt lat="51.088402" lon="-115.365942"><ele>1314.2</ele><time>2026-06-20T14:42:02.000Z</time><extensions><gpxtpx:TrackPointExtension><gpxtpx:hr>127</gpxtpx:hr></gpxtpx:TrackPointExtension></extensions></trkpt>
      <trkpt lat="51.08839" lon="-115.365929"><ele>1314.2</ele><time>2026-06-20T14:42:03.000Z</time><extensions><gpxtpx:TrackPointExtension><gpxtpx:hr>127</gpxtpx:hr></gpxtpx:TrackPointExtension></extensions></trkpt>
      <trkpt lat="51.088351" lon="-115.365887"><ele>1314.2</ele><time>2026-06-20T14:42:04.000Z</time><extensions><gpxtpx:TrackPointExtension><gpxtpx:hr>127</gpxtpx:hr></gpxtpx:TrackPointExtension></extensions></trkpt>
      <trkpt lat="51.088336" lon="-115.365871"><ele>1314.2</ele><time>2026-06-20T14:42:05.000Z</time><extensions><gpxtpx:TrackPointExtension><gpxtpx:hr>127</gpxtpx:hr></gpxtpx:TrackPointExtension></extensions></trkpt>
      <trkpt lat="51.08832" lon="-115.365855"><ele>1314.2</ele><time>2026-06-20T14:42:06.000Z</time><extensions><gpxtpx:TrackPointExtension><gpxtpx:hr>127</gpxtpx:hr></gpxtpx:TrackPointExtension></extensions></trkpt>
      <trkpt lat="51.088281" lon="-115.365816"><ele>1314.2</ele><time>2026-06-20T14:42:07.000Z</time><extensions><gpxtpx:TrackPointExtension><gpxtpx:hr>127</gpxtpx:hr></gpxtpx:TrackPointExtension></extensions></trkpt>
      <trkpt lat="51.088266" lon="-115.3658"><ele>1314.2</ele><time>2026-06-20T14:42:08.000Z</time><extensions><gpxtpx:TrackPointExtension><gpxtpx:hr>127</gpxtpx:hr></gpxtpx:TrackPointExtension></extensions></trkpt>
      <trkpt lat="51.08825" lon="-115.365784"><ele>1314.2</ele><time>2026-06-20T14:42:09.000Z</time><extensions><gpxtpx:TrackPointExtension><gpxtpx:hr>127</gpxtpx:hr></gpxtpx:TrackPointExtension></extensions></trkpt>
      <trkpt lat="51.088214" lon="-115.365745"><ele>1314.2</ele><time>2026-06-20T14:42:10.000Z</time><extensions><gpxtpx:TrackPointExtension><gpxtpx:hr>132</gpxtpx:hr></gpxtpx:TrackPointExtension></extensions></trkpt>
      <trkpt lat="51.088202" lon="-115.365733"><ele>1314.2</ele><time>2026-06-20T14:42:11.000Z</time><extensions><gpxtpx:TrackPointExtension><gpxtpx:hr>132</gpxtpx:hr></gpxtpx:TrackPointExtension></extensions></trkpt>
      <trkpt lat="51.088162" lon="-115.365697"><ele>1314.2</ele><time>2026-06-20T14:42:12.000Z</time><extensions><gpxtpx:TrackPointExtension><gpxtpx:hr>132</gpxtpx:hr></gpxtpx:TrackPointExtension></extensions></trkpt>
      <trkpt lat="51.088146" lon="-115.365683"><ele>1314.2</ele><time>2026-06-20T14:42:13.000Z</time><extensions><gpxtpx:TrackPointExtension><gpxtpx:hr>132</gpxtpx:hr></gpxtpx:TrackPointExtension></extensions></trkpt>
      <trkpt lat="51.08813" lon="-115.36567"><ele>1314.2</ele><time>2026-06-20T14:42:14.000Z</time><extensions><gpxtpx:TrackPointExtension><gpxtpx:hr>132</gpxtpx:hr></gpxtpx:TrackPointExtension></extensions></trkpt>
      <trkpt lat="51.088094" lon="-115.36564"><ele>1314.2</ele><time>2026-06-20T14:42:15.000Z</time><extensions><gpxtpx:TrackPointExtension><gpxtpx:hr>132</gpxtpx:hr></gpxtpx:TrackPointExtension></extensions></trkpt>
      <trkpt lat="51.088082" lon="-115.36563"><ele>1314.2</ele><time>2026-06-20T14:42:16.000Z</time><extensions><gpxtpx:TrackPointExtension><gpxtpx:hr>132</gpxtpx:hr></gpxtpx:TrackPointExtension></extensions></trkpt>
      <trkpt lat="51.088043" lon="-115.365593"><ele>1314.2</ele><time>2026-06-20T14:42:17.000Z</time><extensions><gpxtpx:TrackPointExtension><gpxtpx:hr>132</gpxtpx:hr></gpxtpx:TrackPointExtension></extensions></trkpt>
      <trkpt lat="51.088028" lon="-115.365579"><ele>1314.2</ele><time>2026-06-20T14:42:18.000Z</time><extensions><gpxtpx:TrackPointExtension><gpxtpx:hr>134</gpxtpx:hr></gpxtpx:TrackPointExtension></extensions></trkpt>
      <trkpt lat="51.088013" lon="-115.365564"><ele>1314.2</ele><time>2026-06-20T14:42:19.000Z</time><extensions><gpxtpx:TrackPointExtension><gpxtpx:hr>134</gpxtpx:hr></gpxtpx:TrackPointExtension></extensions></trkpt>
      <trkpt lat="51.08798" lon="-115.365529"><ele>1314.2</ele><time>2026-06-20T14:42:20.000Z</time><extensions><gpxtpx:TrackPointExtension><gpxtpx:hr>134</gpxtpx:hr></gpxtpx:TrackPointExtension></extensions></trkpt>
      <trkpt lat="51.087968" lon="-115.365517"><ele>1314.2</ele><time>2026-06-20T14:42:21.000Z</time><extensions><gpxtpx:TrackPointExtension><gpxtpx:hr>134</gpxtpx:hr></gpxtpx:TrackPointExtension></extensions></trkpt>
      <trkpt lat="51.087931" lon="-115.365479"><ele>1314.2</ele><time>2026-06-20T14:42:22.000Z</time><extensions><gpxtpx:TrackPointExtension><gpxtpx:hr>134</gpxtpx:hr></gpxtpx:TrackPointExtension></extensions></trkpt>
      <trkpt lat="51.087915" lon="-115.365464"><ele>1314.2</ele><time>2026-06-20T14:42:23.000Z</time><extensions><gpxtpx:TrackPointExtension><gpxtpx:hr>136</gpxtpx:hr></gpxtpx:TrackPointExtension></extensions></trkpt>
      <trkpt lat="51.0879" lon="-115.365449"><ele>1314.2</ele><time>2026-06-20T14:42:24.000Z</time><extensions><gpxtpx:TrackPointExtension><gpxtpx:hr>136</gpxtpx:hr></gpxtpx:TrackPointExtension></extensions></trkpt>
      <trkpt lat="51.087864" lon="-115.365417"><ele>1314.2</ele><time>2026-06-20T14:42:25.000Z</time><extensions><gpxtpx:TrackPointExtension><gpxtpx:hr>136</gpxtpx:hr></gpxtpx:TrackPointExtension></extensions></trkpt>
      <trkpt lat="51.087852" lon="-115.365407"><ele>1314.2</ele><time>2026-06-20T14:42:26.000Z</time><extensions><gpxtpx:TrackPointExtension><gpxtpx:hr>136</gpxtpx:hr></gpxtpx:TrackPointExtension></extensions></trkpt>
      <trkpt lat="51.087809" lon="-115.365375"><ele>1314.2</ele><time>2026-06-20T14:42:27.000Z</time><extensions><gpxtpx:TrackPointExtension><gpxtpx:hr>136</gpxtpx:hr></gpxtpx:TrackPointExtension></extensions></trkpt>
      <trkpt lat="51.087793" lon="-115.365362"><ele>1314.4</ele><time>2026-06-20T14:42:28.000Z</time><extensions><gpxtpx:TrackPointExtension><gpxtpx:hr>136</gpxtpx:hr></gpxtpx:TrackPointExtension></extensions></trkpt>
      <trkpt lat="51.087776" lon="-115.36535"><ele>1314.4</ele><time>2026-06-20T14:42:29.000Z</time><extensions><gpxtpx:TrackPointExtension><gpxtpx:hr>136</gpxtpx:hr></gpxtpx:TrackPointExtension></extensions></trkpt>
      <trkpt lat="51.087736" lon="-115.365326"><ele>1314.4</ele><time>2026-06-20T14:42:30.000Z</time><extensions><gpxtpx:TrackPointExtension><gpxtpx:hr>136</gpxtpx:hr></gpxtpx:TrackPointExtension></extensions></trkpt>
      <trkpt lat="51.087723" lon="-115.365319"><ele>1314.4</ele><time>2026-06-20T14:42:31.000Z</time><extensions><gpxtpx:TrackPointExtension><gpxtpx:hr>136</gpxtpx:hr></gpxtpx:TrackPointExtension></extensions></trkpt>
      <trkpt lat="51.08768" lon="-115.365303"><ele>1314.4</ele><time>2026-06-20T14:42:32.000Z</time><extensions><gpxtpx:TrackPointExtension><gpxtpx:hr>136</gpxtpx:hr></gpxtpx:TrackPointExtension></extensions></trkpt>
      <trkpt lat="51.087663" lon="-115.3653"><ele>1314.4</ele><time>2026-06-20T14:42:33.000Z</time><extensions><gpxtpx:TrackPointExtension><gpxtpx:hr>136</gpxtpx:hr></gpxtpx:TrackPointExtension></extensions></trkpt>
      <trkpt lat="51.087645" lon="-115.365296"><ele>1314.4</ele><time>2026-06-20T14:42:34.000Z</time><extensions><gpxtpx:TrackPointExtension><gpxtpx:hr>137</gpxtpx:hr></gpxtpx:TrackPointExtension></extensions></trkpt>
      <trkpt lat="51.0876" lon="-115.3653"><ele>1314.4</ele><time>2026-06-20T14:42:35.000Z</time><extensions><gpxtpx:TrackPointExtension><gpxtpx:hr>137</gpxtpx:hr></gpxtpx:TrackPointExtension></extensions></trkpt>
      <trkpt lat="51.087582" lon="-115.365303"><ele>1314.4</ele><time>2026-06-20T14:42:36.000Z</time><extensions><gpxtpx:TrackPointExtension><gpxtpx:hr>137</gpxtpx:hr></gpxtpx:TrackPointExtension></extensions></trkpt>
      <trkpt lat="51.087564" lon="-115.365307"><ele>1314.4</ele><time>2026-06-20T14:42:37.000Z</time><extensions><gpxtpx:TrackPointExtension><gpxtpx:hr>137</gpxtpx:hr></gpxtpx:TrackPointExtension></extensions></trkpt>
      <trkpt lat="51.087527" lon="-115.365318"><ele>1314.4</ele><time>2026-06-20T14:42:38.000Z</time><extensions><gpxtpx:TrackPointExtension><gpxtpx:hr>137</gpxtpx:hr></gpxtpx:TrackPointExtension></extensions></trkpt>
      <trkpt lat="51.087514" lon="-115.365322"><ele>1314.4</ele><time>2026-06-20T14:42:39.000Z</time><extensions><gpxtpx:TrackPointExtension><gpxtpx:hr>137</gpxtpx:hr></gpxtpx:TrackPointExtension></extensions></trkpt>
      <trkpt lat="51.087472" lon="-115.365328"><ele>1314.4</ele><time>2026-06-20T14:42:40.000Z</time><extensions><gpxtpx:TrackPointExtension><gpxtpx:hr>137</gpxtpx:hr></gpxtpx:TrackPointExtension></extensions></trkpt>
      <trkpt lat="51.087456" lon="-115.36533"><ele>1314.6</ele><time>2026-06-20T14:42:41.000Z</time><extensions><gpxtpx:TrackPointExtension><gpxtpx:hr>137</gpxtpx:hr></gpxtpx:TrackPointExtension></extensions></trkpt>
      <trkpt lat="51.087439" lon="-115.365331"><ele>1314.6</ele><time>2026-06-20T14:42:42.000Z</time><extensions><gpxtpx:TrackPointExtension><gpxtpx:hr>137</gpxtpx:hr></gpxtpx:TrackPointExtension></extensions></trkpt>
      <trkpt lat="51.087403" lon="-115.365326"><ele>1314.6</ele><time>2026-06-20T14:42:43.000Z</time><extensions><gpxtpx:TrackPointExtension><gpxtpx:hr>137</gpxtpx:hr></gpxtpx:TrackPointExtension></extensions></trkpt>
      <trkpt lat="51.08739" lon="-115.365323"><ele>1314.6</ele><time>2026-06-20T14:42:44.000Z</time><extensions><gpxtpx:TrackPointExtension><gpxtpx:hr>137</gpxtpx:hr></gpxtpx:TrackPointExtension></extensions></trkpt>
      <trkpt lat="51.087348" lon="-115.365309"><ele>1314.6</ele><time>2026-06-20T14:42:45.000Z</time><extensions><gpxtpx:TrackPointExtension><gpxtpx:hr>137</gpxtpx:hr></gpxtpx:TrackPointExtension></extensions></trkpt>
      <trkpt lat="51.087331" lon="-115.365301"><ele>1314.6</ele><time>2026-06-20T14:42:46.000Z</time><extensions><gpxtpx:TrackPointExtension><gpxtpx:hr>137</gpxtpx:hr></gpxtpx:TrackPointExtension></extensions></trkpt>
      <trkpt lat="51.087314" lon="-115.365294"><ele>1314.6</ele><time>2026-06-20T14:42:47.000Z</time><extensions><gpxtpx:TrackPointExtension><gpxtpx:hr>137</gpxtpx:hr></gpxtpx:TrackPointExtension></extensions></trkpt>
      <trkpt lat="51.087276" lon="-115.365275"><ele>1314.6</ele><time>2026-06-20T14:42:48.000Z</time><extensions><gpxtpx:TrackPointExtension><gpxtpx:hr>137</gpxtpx:hr></gpxtpx:TrackPointExtension></extensions></trkpt>
      <trkpt lat="51.087263" lon="-115.365269"><ele>1314.4</ele><time>2026-06-20T14:42:49.000Z</time><extensions><gpxtpx:TrackPointExtension><gpxtpx:hr>137</gpxtpx:hr></gpxtpx:TrackPointExtension></extensions></trkpt>
      <trkpt lat="51.087222" lon="-115.365252"><ele>1314.2</ele><time>2026-06-20T14:42:50.000Z</time><extensions><gpxtpx:TrackPointExtension><gpxtpx:hr>137</gpxtpx:hr></gpxtpx:TrackPointExtension></extensions></trkpt>
      <trkpt lat="51.087207" lon="-115.365244"><ele>1314</ele><time>2026-06-20T14:42:51.000Z</time><extensions><gpxtpx:TrackPointExtension><gpxtpx:hr>137</gpxtpx:hr></gpxtpx:TrackPointExtension></extensions></trkpt>
      <trkpt lat="51.087191" lon="-115.365237"><ele>1313.8</ele><time>2026-06-20T14:42:52.000Z</time><extensions><gpxtpx:TrackPointExtension><gpxtpx:hr>137</gpxtpx:hr></gpxtpx:TrackPointExtension></extensions></trkpt>
      <trkpt lat="51.087155" lon="-115.365215"><ele>1313.4</ele><time>2026-06-20T14:42:53.000Z</time><extensions><gpxtpx:TrackPointExtension><gpxtpx:hr>137</gpxtpx:hr></gpxtpx:TrackPointExtension></extensions></trkpt>
      <trkpt lat="51.087143" lon="-115.365208"><ele>1313.2</ele><time>2026-06-20T14:42:54.000Z</time><extensions><gpxtpx:TrackPointExtension><gpxtpx:hr>137</gpxtpx:hr></gpxtpx:TrackPointExtension></extensions></trkpt>
      <trkpt lat="51.087104" lon="-115.365185"><ele>1312.8</ele><time>2026-06-20T14:42:55.000Z</time><extensions><gpxtpx:TrackPointExtension><gpxtpx:hr>137</gpxtpx:hr></gpxtpx:TrackPointExtension></extensions></trkpt>
      <trkpt lat="51.087088" lon="-115.365177"><ele>1312.4</ele><time>2026-06-20T14:42:56.000Z</time><extensions><gpxtpx:TrackPointExtension><gpxtpx:hr>138</gpxtpx:hr></gpxtpx:TrackPointExtension></extensions></trkpt>
      <trkpt lat="51.087073" lon="-115.365168"><ele>1312.2</ele><time>2026-06-20T14:42:57.000Z</time><extensions><gpxtpx:TrackPointExtension><gpxtpx:hr>138</gpxtpx:hr></gpxtpx:TrackPointExtension></extensions></trkpt>
      <trkpt lat="51.087035" lon="-115.365146"><ele>1312</ele><time>2026-06-20T14:42:58.000Z</time><extensions><gpxtpx:TrackPointExtension><gpxtpx:hr>138</gpxtpx:hr></gpxtpx:TrackPointExtension></extensions></trkpt>
      <trkpt lat="51.087021" lon="-115.365136"><ele>1311.8</ele><time>2026-06-20T14:42:59.000Z</time><extensions><gpxtpx:TrackPointExtension><gpxtpx:hr>138</gpxtpx:hr></gpxtpx:TrackPointExtension></extensions></trkpt>
      <trkpt lat="51.087006" lon="-115.365126"><ele>1311.6</ele><time>2026-06-20T14:43:00.000Z</time><extensions><gpxtpx:TrackPointExtension><gpxtpx:hr>138</gpxtpx:hr></gpxtpx:TrackPointExtension></extensions></trkpt>
      <trkpt lat="51.086974" lon="-115.365106"><ele>1311.4</ele><time>2026-06-20T14:43:01.000Z</time><extensions><gpxtpx:TrackPointExtension><gpxtpx:hr>138</gpxtpx:hr></gpxtpx:TrackPointExtension></extensions></trkpt>
      <trkpt lat="51.086963" lon="-115.365101"><ele>1311.4</ele><time>2026-06-20T14:43:02.000Z</time><extensions><gpxtpx:TrackPointExtension><gpxtpx:hr>138</gpxtpx:hr></gpxtpx:TrackPointExtension></extensions></trkpt>
      <trkpt lat="51.08693" lon="-115.365083"><ele>1311.2</ele><time>2026-06-20T14:43:03.000Z</time><extensions><gpxtpx:TrackPointExtension><gpxtpx:hr>138</gpxtpx:hr></gpxtpx:TrackPointExtension></extensions></trkpt>
      <trkpt lat="51.086917" lon="-115.365077"><ele>1311.2</ele><time>2026-06-20T14:43:04.000Z</time><extensions><gpxtpx:TrackPointExtension><gpxtpx:hr>139</gpxtpx:hr></gpxtpx:TrackPointExtension></extensions></trkpt>
      <trkpt lat="51.086904" lon="-115.36507"><ele>1311.2</ele><time>2026-06-20T14:43:05.000Z</time><extensions><gpxtpx:TrackPointExtension><gpxtpx:hr>139</gpxtpx:hr></gpxtpx:TrackPointExtension></extensions></trkpt>
      <trkpt lat="51.086879" lon="-115.36506"><ele>1311.2</ele><time>2026-06-20T14:43:06.000Z</time><extensions><gpxtpx:TrackPointExtension><gpxtpx:hr>139</gpxtpx:hr></gpxtpx:TrackPointExtension></extensions></trkpt>
      <trkpt lat="51.086871" lon="-115.365058"><ele>1311.2</ele><time>2026-06-20T14:43:07.000Z</time><extensions><gpxtpx:TrackPointExtension><gpxtpx:hr>139</gpxtpx:hr></gpxtpx:TrackPointExtension></extensions></trkpt>
      <trkpt lat="51.086858" lon="-115.365054"><ele>1311</ele><time>2026-06-20T14:43:08.000Z</time><extensions><gpxtpx:TrackPointExtension><gpxtpx:hr>139</gpxtpx:hr></gpxtpx:TrackPointExtension></extensions></trkpt>
      <trkpt lat="51.086851" lon="-115.365053"><ele>1311</ele><time>2026-06-20T14:43:09.000Z</time><extensions><gpxtpx:TrackPointExtension><gpxtpx:hr>139</gpxtpx:hr></gpxtpx:TrackPointExtension></extensions></trkpt>
      <trkpt lat="51.086849" lon="-115.365054"><ele>1311</ele><time>2026-06-20T14:43:10.000Z</time><extensions><gpxtpx:TrackPointExtension><gpxtpx:hr>139</gpxtpx:hr></gpxtpx:TrackPointExtension></extensions></trkpt>
      <trkpt lat="51.086767" lon="-115.365"><ele>1310.8</ele><time>2026-06-20T14:43:24.000Z</time><extensions><gpxtpx:TrackPointExtension><gpxtpx:hr>139</gpxtpx:hr></gpxtpx:TrackPointExtension></extensions></trkpt>
      <trkpt lat="51.086756" lon="-115.364992"><ele>1310.6</ele><time>2026-06-20T14:43:25.000Z</time><extensions><gpxtpx:TrackPointExtension><gpxtpx:hr>133</gpxtpx:hr></gpxtpx:TrackPointExtension></extensions></trkpt>
      <trkpt lat="51.086723" lon="-115.364961"><ele>1310.4</ele><time>2026-06-20T14:43:26.000Z</time><extensions><gpxtpx:TrackPointExtension><gpxtpx:hr>133</gpxtpx:hr></gpxtpx:TrackPointExtension></extensions></trkpt>
      <trkpt lat="51.086712" lon="-115.364947"><ele>1310</ele><time>2026-06-20T14:43:27.000Z</time><extensions><gpxtpx:TrackPointExtension><gpxtpx:hr>133</gpxtpx:hr></gpxtpx:TrackPointExtension></extensions></trkpt>
      <trkpt lat="51.0867" lon="-115.364934"><ele>1309.8</ele><time>2026-06-20T14:43:28.000Z</time><extensions><gpxtpx:TrackPointExtension><gpxtpx:hr>133</gpxtpx:hr></gpxtpx:TrackPointExtension></extensions></trkpt>
      <trkpt lat="51.08668" lon="-115.364894"><ele>1309.4</ele><time>2026-06-20T14:43:29.000Z</time><extensions><gpxtpx:TrackPointExtension><gpxtpx:hr>133</gpxtpx:hr></gpxtpx:TrackPointExtension></extensions></trkpt>
      <trkpt lat="51.086674" lon="-115.364879"><ele>1309.2</ele><time>2026-06-20T14:43:30.000Z</time><extensions><gpxtpx:TrackPointExtension><gpxtpx:hr>130</gpxtpx:hr></gpxtpx:TrackPointExtension></extensions></trkpt>
      <trkpt lat="51.086657" lon="-115.364824"><ele>1308.8</ele><time>2026-06-20T14:43:31.000Z</time><extensions><gpxtpx:TrackPointExtension><gpxtpx:hr>130</gpxtpx:hr></gpxtpx:TrackPointExtension></extensions></trkpt>
      <trkpt lat="51.08665" lon="-115.364802"><ele>1308.2</ele><time>2026-06-20T14:43:32.000Z</time><extensions><gpxtpx:TrackPointExtension><gpxtpx:hr>130</gpxtpx:hr></gpxtpx:TrackPointExtension></extensions></trkpt>
      <trkpt lat="51.086644" lon="-115.364781"><ele>1307.8</ele><time>2026-06-20T14:43:33.000Z</time><extensions><gpxtpx:TrackPointExtension><gpxtpx:hr>130</gpxtpx:hr></gpxtpx:TrackPointExtension></extensions></trkpt>
      <trkpt lat="51.086634" lon="-115.364751"><ele>1307.2</ele><time>2026-06-20T14:43:34.000Z</time><extensions><gpxtpx:TrackPointExtension><gpxtpx:hr>130</gpxtpx:hr></gpxtpx:TrackPointExtension></extensions></trkpt>
      <trkpt lat="51.086634" lon="-115.364751"><ele>1307.2</ele><time>2026-06-20T14:43:35.000Z</time><extensions><gpxtpx:TrackPointExtension><gpxtpx:hr>127</gpxtpx:hr></gpxtpx:TrackPointExtension></extensions></trkpt>
      <trkpt lat="51.086526" lon="-115.364822"><ele>1313.4</ele><time>2026-06-20T14:50:01.000Z</time><extensions><gpxtpx:TrackPointExtension><gpxtpx:hr>127</gpxtpx:hr></gpxtpx:TrackPointExtension></extensions></trkpt>
      <trkpt lat="51.086517" lon="-115.364815"><ele>1312.8</ele><time>2026-06-20T14:50:02.000Z</time><extensions><gpxtpx:TrackPointExtension><gpxtpx:hr>127</gpxtpx:hr></gpxtpx:TrackPointExtension></extensions></trkpt>
      <trkpt lat="51.086509" lon="-115.364808"><ele>1312.4</ele><time>2026-06-20T14:50:03.000Z</time><extensions><gpxtpx:TrackPointExtension><gpxtpx:hr>127</gpxtpx:hr></gpxtpx:TrackPointExtension></extensions></trkpt>
      <trkpt lat="51.0865" lon="-115.364801"><ele>1312.2</ele><time>2026-06-20T14:50:04.000Z</time><extensions><gpxtpx:TrackPointExtension><gpxtpx:hr>127</gpxtpx:hr></gpxtpx:TrackPointExtension></extensions></trkpt>
      <trkpt lat="51.086492" lon="-115.364794"><ele>1311.8</ele><time>2026-06-20T14:50:05.000Z</time><extensions><gpxtpx:TrackPointExtension><gpxtpx:hr>97</gpxtpx:hr></gpxtpx:TrackPointExtension></extensions></trkpt>
      <trkpt lat="51.086468" lon="-115.36477"><ele>1311.6</ele><time>2026-06-20T14:50:06.000Z</time><extensions><gpxtpx:TrackPointExtension><gpxtpx:hr>97</gpxtpx:hr></gpxtpx:TrackPointExtension></extensions></trkpt>
      <trkpt lat="51.086457" lon="-115.364759"><ele>1311.4</ele><time>2026-06-20T14:50:07.000Z</time><extensions><gpxtpx:TrackPointExtension><gpxtpx:hr>97</gpxtpx:hr></gpxtpx:TrackPointExtension></extensions></trkpt>
      <trkpt lat="51.086447" lon="-115.364747"><ele>1311.4</ele><time>2026-06-20T14:50:08.000Z</time><extensions><gpxtpx:TrackPointExtension><gpxtpx:hr>97</gpxtpx:hr></gpxtpx:TrackPointExtension></extensions></trkpt>
      <trkpt lat="51.086425" lon="-115.364713"><ele>1311.4</ele><time>2026-06-20T14:50:09.000Z</time><extensions><gpxtpx:TrackPointExtension><gpxtpx:hr>97</gpxtpx:hr></gpxtpx:TrackPointExtension></extensions></trkpt>
      <trkpt lat="51.086418" lon="-115.364701"><ele>1311.4</ele><time>2026-06-20T14:50:10.000Z</time><extensions><gpxtpx:TrackPointExtension><gpxtpx:hr>102</gpxtpx:hr></gpxtpx:TrackPointExtension></extensions></trkpt>
      <trkpt lat="51.086395" lon="-115.364664"><ele>1311.4</ele><time>2026-06-20T14:50:11.000Z</time><extensions><gpxtpx:TrackPointExtension><gpxtpx:hr>102</gpxtpx:hr></gpxtpx:TrackPointExtension></extensions></trkpt>
      <trkpt lat="51.086385" lon="-115.364649"><ele>1311.4</ele><time>2026-06-20T14:50:12.000Z</time><extensions><gpxtpx:TrackPointExtension><gpxtpx:hr>102</gpxtpx:hr></gpxtpx:TrackPointExtension></extensions></trkpt>
      <trkpt lat="51.086375" lon="-115.364635"><ele>1311.4</ele><time>2026-06-20T14:50:13.000Z</time><extensions><gpxtpx:TrackPointExtension><gpxtpx:hr>102</gpxtpx:hr></gpxtpx:TrackPointExtension></extensions></trkpt>
      <trkpt lat="51.086349" lon="-115.364606"><ele>1311.4</ele><time>2026-06-20T14:50:14.000Z</time><extensions><gpxtpx:TrackPointExtension><gpxtpx:hr>102</gpxtpx:hr></gpxtpx:TrackPointExtension></extensions></trkpt>
      <trkpt lat="51.08634" lon="-115.364597"><ele>1311.4</ele><time>2026-06-20T14:50:15.000Z</time><extensions><gpxtpx:TrackPointExtension><gpxtpx:hr>110</gpxtpx:hr></gpxtpx:TrackPointExtension></extensions></trkpt>
      <trkpt lat="51.086305" lon="-115.364574"><ele>1311.6</ele><time>2026-06-20T14:50:16.000Z</time><extensions><gpxtpx:TrackPointExtension><gpxtpx:hr>110</gpxtpx:hr></gpxtpx:TrackPointExtension></extensions></trkpt>
      <trkpt lat="51.08629" lon="-115.364568"><ele>1311.6</ele><time>2026-06-20T14:50:17.000Z</time><extensions><gpxtpx:TrackPointExtension><gpxtpx:hr>110</gpxtpx:hr></gpxtpx:TrackPointExtension></extensions></trkpt>
      <trkpt lat="51.086275" lon="-115.364563"><ele>1311.6</ele><time>2026-06-20T14:50:18.000Z</time><extensions><gpxtpx:TrackPointExtension><gpxtpx:hr>110</gpxtpx:hr></gpxtpx:TrackPointExtension></extensions></trkpt>
      <trkpt lat="51.08624" lon="-115.364584"><ele>1311.6</ele><time>2026-06-20T14:50:19.000Z</time><extensions><gpxtpx:TrackPointExtension><gpxtpx:hr>110</gpxtpx:hr></gpxtpx:TrackPointExtension></extensions></trkpt>
      <trkpt lat="51.086229" lon="-115.364594"><ele>1311.8</ele><time>2026-06-20T14:50:20.000Z</time><extensions><gpxtpx:TrackPointExtension><gpxtpx:hr>110</gpxtpx:hr></gpxtpx:TrackPointExtension></extensions></trkpt>
      <trkpt lat="51.086196" lon="-115.36464"><ele>1311.8</ele><time>2026-06-20T14:50:21.000Z</time><extensions><gpxtpx:TrackPointExtension><gpxtpx:hr>110</gpxtpx:hr></gpxtpx:TrackPointExtension></extensions></trkpt>
      <trkpt lat="51.086184" lon="-115.364659"><ele>1311.8</ele><time>2026-06-20T14:50:22.000Z</time><extensions><gpxtpx:TrackPointExtension><gpxtpx:hr>110</gpxtpx:hr></gpxtpx:TrackPointExtension></extensions></trkpt>
      <trkpt lat="51.086171" lon="-115.364679"><ele>1312</ele><time>2026-06-20T14:50:23.000Z</time><extensions><gpxtpx:TrackPointExtension><gpxtpx:hr>110</gpxtpx:hr></gpxtpx:TrackPointExtension></extensions></trkpt>
      <trkpt lat="51.086146" lon="-115.36474"><ele>1312</ele><time>2026-06-20T14:50:24.000Z</time><extensions><gpxtpx:TrackPointExtension><gpxtpx:hr>110</gpxtpx:hr></gpxtpx:TrackPointExtension></extensions></trkpt>
      <trkpt lat="51.086139" lon="-115.36476"><ele>1312</ele><time>2026-06-20T14:50:25.000Z</time><extensions><gpxtpx:TrackPointExtension><gpxtpx:hr>110</gpxtpx:hr></gpxtpx:TrackPointExtension></extensions></trkpt>
      <trkpt lat="51.086117" lon="-115.364826"><ele>1312.2</ele><time>2026-06-20T14:50:26.000Z</time><extensions><gpxtpx:TrackPointExtension><gpxtpx:hr>110</gpxtpx:hr></gpxtpx:TrackPointExtension></extensions></trkpt>
      <trkpt lat="51.086108" lon="-115.364853"><ele>1312.2</ele><time>2026-06-20T14:50:27.000Z</time><extensions><gpxtpx:TrackPointExtension><gpxtpx:hr>110</gpxtpx:hr></gpxtpx:TrackPointExtension></extensions></trkpt>
      <trkpt lat="51.086099" lon="-115.364879"><ele>1312.2</ele><time>2026-06-20T14:50:28.000Z</time><extensions><gpxtpx:TrackPointExtension><gpxtpx:hr>110</gpxtpx:hr></gpxtpx:TrackPointExtension></extensions></trkpt>
      <trkpt lat="51.086073" lon="-115.364942"><ele>1312.4</ele><time>2026-06-20T14:50:29.000Z</time><extensions><gpxtpx:TrackPointExtension><gpxtpx:hr>110</gpxtpx:hr></gpxtpx:TrackPointExtension></extensions></trkpt>
      <trkpt lat="51.086062" lon="-115.364967"><ele>1312.4</ele><time>2026-06-20T14:50:30.000Z</time><extensions><gpxtpx:TrackPointExtension><gpxtpx:hr>110</gpxtpx:hr></gpxtpx:TrackPointExtension></extensions></trkpt>
      <trkpt lat="51.086052" lon="-115.364993"><ele>1312.4</ele><time>2026-06-20T14:50:31.000Z</time><extensions><gpxtpx:TrackPointExtension><gpxtpx:hr>110</gpxtpx:hr></gpxtpx:TrackPointExtension></extensions></trkpt>
      <trkpt lat="51.086033" lon="-115.365056"><ele>1312.4</ele><time>2026-06-20T14:50:32.000Z</time><extensions><gpxtpx:TrackPointExtension><gpxtpx:hr>110</gpxtpx:hr></gpxtpx:TrackPointExtension></extensions></trkpt>
      <trkpt lat="51.086027" lon="-115.365077"><ele>1312.6</ele><time>2026-06-20T14:50:33.000Z</time><extensions><gpxtpx:TrackPointExtension><gpxtpx:hr>110</gpxtpx:hr></gpxtpx:TrackPointExtension></extensions></trkpt>
      <trkpt lat="51.086009" lon="-115.365158"><ele>1312.6</ele><time>2026-06-20T14:50:34.000Z</time><extensions><gpxtpx:TrackPointExtension><gpxtpx:hr>110</gpxtpx:hr></gpxtpx:TrackPointExtension></extensions></trkpt>
      <trkpt lat="51.086002" lon="-115.365191"><ele>1312.6</ele><time>2026-06-20T14:50:35.000Z</time><extensions><gpxtpx:TrackPointExtension><gpxtpx:hr>110</gpxtpx:hr></gpxtpx:TrackPointExtension></extensions></trkpt>
      <trkpt lat="51.085995" lon="-115.365224"><ele>1312.6</ele><time>2026-06-20T14:50:36.000Z</time><extensions><gpxtpx:TrackPointExtension><gpxtpx:hr>110</gpxtpx:hr></gpxtpx:TrackPointExtension></extensions></trkpt>
      <trkpt lat="51.085983" lon="-115.36529"><ele>1312.6</ele><time>2026-06-20T14:50:37.000Z</time><extensions><gpxtpx:TrackPointExtension><gpxtpx:hr>110</gpxtpx:hr></gpxtpx:TrackPointExtension></extensions></trkpt>
      <trkpt lat="51.085978" lon="-115.365311"><ele>1312.6</ele><time>2026-06-20T14:50:38.000Z</time><extensions><gpxtpx:TrackPointExtension><gpxtpx:hr>110</gpxtpx:hr></gpxtpx:TrackPointExtension></extensions></trkpt>
      <trkpt lat="51.085963" lon="-115.36538"><ele>1312.6</ele><time>2026-06-20T14:50:39.000Z</time><extensions><gpxtpx:TrackPointExtension><gpxtpx:hr>110</gpxtpx:hr></gpxtpx:TrackPointExtension></extensions></trkpt>
      <trkpt lat="51.085958" lon="-115.365407"><ele>1312.6</ele><time>2026-06-20T14:50:40.000Z</time><extensions><gpxtpx:TrackPointExtension><gpxtpx:hr>110</gpxtpx:hr></gpxtpx:TrackPointExtension></extensions></trkpt>
      <trkpt lat="51.085952" lon="-115.365434"><ele>1312.6</ele><time>2026-06-20T14:50:41.000Z</time><extensions><gpxtpx:TrackPointExtension><gpxtpx:hr>110</gpxtpx:hr></gpxtpx:TrackPointExtension></extensions></trkpt>
      <trkpt lat="51.08594" lon="-115.365491"><ele>1312.6</ele><time>2026-06-20T14:50:42.000Z</time><extensions><gpxtpx:TrackPointExtension><gpxtpx:hr>110</gpxtpx:hr></gpxtpx:TrackPointExtension></extensions></trkpt>
      <trkpt lat="51.085936" lon="-115.365509"><ele>1312.6</ele><time>2026-06-20T14:50:43.000Z</time><extensions><gpxtpx:TrackPointExtension><gpxtpx:hr>110</gpxtpx:hr></gpxtpx:TrackPointExtension></extensions></trkpt>
      <trkpt lat="51.085922" lon="-115.365565"><ele>1312.6</ele><time>2026-06-20T14:50:44.000Z</time><extensions><gpxtpx:TrackPointExtension><gpxtpx:hr>110</gpxtpx:hr></gpxtpx:TrackPointExtension></extensions></trkpt>
      <trkpt lat="51.085916" lon="-115.365588"><ele>1312.6</ele><time>2026-06-20T14:50:45.000Z</time><extensions><gpxtpx:TrackPointExtension><gpxtpx:hr>110</gpxtpx:hr></gpxtpx:TrackPointExtension></extensions></trkpt>
      <trkpt lat="51.085911" lon="-115.36561"><ele>1312.6</ele><time>2026-06-20T14:50:46.000Z</time><extensions><gpxtpx:TrackPointExtension><gpxtpx:hr>110</gpxtpx:hr></gpxtpx:TrackPointExtension></extensions></trkpt>
      <trkpt lat="51.085905" lon="-115.365655"><ele>1312.6</ele><time>2026-06-20T14:50:47.000Z</time><extensions><gpxtpx:TrackPointExtension><gpxtpx:hr>110</gpxtpx:hr></gpxtpx:TrackPointExtension></extensions></trkpt>
      <trkpt lat="51.085903" lon="-115.365667"><ele>1312.6</ele><time>2026-06-20T14:50:48.000Z</time><extensions><gpxtpx:TrackPointExtension><gpxtpx:hr>110</gpxtpx:hr></gpxtpx:TrackPointExtension></extensions></trkpt>
      <trkpt lat="51.085911" lon="-115.36566"><ele>1312.6</ele><time>2026-06-20T14:50:49.000Z</time><extensions><gpxtpx:TrackPointExtension><gpxtpx:hr>110</gpxtpx:hr></gpxtpx:TrackPointExtension></extensions></trkpt>
      <trkpt lat="51.085919" lon="-115.365639"><ele>1312.6</ele><time>2026-06-20T14:50:50.000Z</time><extensions><gpxtpx:TrackPointExtension><gpxtpx:hr>110</gpxtpx:hr></gpxtpx:TrackPointExtension></extensions></trkpt>
      <trkpt lat="51.085927" lon="-115.365617"><ele>1312.6</ele><time>2026-06-20T14:50:51.000Z</time><extensions><gpxtpx:TrackPointExtension><gpxtpx:hr>110</gpxtpx:hr></gpxtpx:TrackPointExtension></extensions></trkpt>
      <trkpt lat="51.085935" lon="-115.365596"><ele>1312.6</ele><time>2026-06-20T14:50:52.000Z</time><extensions><gpxtpx:TrackPointExtension><gpxtpx:hr>110</gpxtpx:hr></gpxtpx:TrackPointExtension></extensions></trkpt>
      <trkpt lat="51.085943" lon="-115.365575"><ele>1312.6</ele><time>2026-06-20T14:50:53.000Z</time><extensions><gpxtpx:TrackPointExtension><gpxtpx:hr>110</gpxtpx:hr></gpxtpx:TrackPointExtension></extensions></trkpt>
      <trkpt lat="51.085964" lon="-115.365503"><ele>1312.6</ele><time>2026-06-20T14:50:54.000Z</time><extensions><gpxtpx:TrackPointExtension><gpxtpx:hr>110</gpxtpx:hr></gpxtpx:TrackPointExtension></extensions></trkpt>
      <trkpt lat="51.085973" lon="-115.365476"><ele>1312.6</ele><time>2026-06-20T14:50:55.000Z</time><extensions><gpxtpx:TrackPointExtension><gpxtpx:hr>110</gpxtpx:hr></gpxtpx:TrackPointExtension></extensions></trkpt>
      <trkpt lat="51.085981" lon="-115.365448"><ele>1312.8</ele><time>2026-06-20T14:50:56.000Z</time><extensions><gpxtpx:TrackPointExtension><gpxtpx:hr>110</gpxtpx:hr></gpxtpx:TrackPointExtension></extensions></trkpt>
      <trkpt lat="51.086002" lon="-115.365385"><ele>1312.8</ele><time>2026-06-20T14:50:57.000Z</time><extensions><gpxtpx:TrackPointExtension><gpxtpx:hr>110</gpxtpx:hr></gpxtpx:TrackPointExtension></extensions></trkpt>
      <trkpt lat="51.086011" lon="-115.365359"><ele>1312.8</ele><time>2026-06-20T14:50:58.000Z</time><extensions><gpxtpx:TrackPointExtension><gpxtpx:hr>110</gpxtpx:hr></gpxtpx:TrackPointExtension></extensions></trkpt>
      <trkpt lat="51.086019" lon="-115.365334"><ele>1313</ele><time>2026-06-20T14:50:59.000Z</time><extensions><gpxtpx:TrackPointExtension><gpxtpx:hr>110</gpxtpx:hr></gpxtpx:TrackPointExtension></extensions></trkpt>
      <trkpt lat="51.086035" lon="-115.365273"><ele>1313</ele><time>2026-06-20T14:51:00.000Z</time><extensions><gpxtpx:TrackPointExtension><gpxtpx:hr>110</gpxtpx:hr></gpxtpx:TrackPointExtension></extensions></trkpt>
      <trkpt lat="51.08604" lon="-115.365252"><ele>1313</ele><time>2026-06-20T14:51:01.000Z</time><extensions><gpxtpx:TrackPointExtension><gpxtpx:hr>110</gpxtpx:hr></gpxtpx:TrackPointExtension></extensions></trkpt>
      <trkpt lat="51.086058" lon="-115.365183"><ele>1313</ele><time>2026-06-20T14:51:02.000Z</time><extensions><gpxtpx:TrackPointExtension><gpxtpx:hr>110</gpxtpx:hr></gpxtpx:TrackPointExtension></extensions></trkpt>
      <trkpt lat="51.086065" lon="-115.365156"><ele>1313</ele><time>2026-06-20T14:51:03.000Z</time><extensions><gpxtpx:TrackPointExtension><gpxtpx:hr>147</gpxtpx:hr></gpxtpx:TrackPointExtension></extensions></trkpt>
      <trkpt lat="51.086072" lon="-115.365129"><ele>1313.2</ele><time>2026-06-20T14:51:04.000Z</time><extensions><gpxtpx:TrackPointExtension><gpxtpx:hr>147</gpxtpx:hr></gpxtpx:TrackPointExtension></extensions></trkpt>
      <trkpt lat="51.086088" lon="-115.36507"><ele>1313.2</ele><time>2026-06-20T14:51:05.000Z</time><extensions><gpxtpx:TrackPointExtension><gpxtpx:hr>147</gpxtpx:hr></gpxtpx:TrackPointExtension></extensions></trkpt>
      <trkpt lat="51.086093" lon="-115.365051"><ele>1313.2</ele><time>2026-06-20T14:51:06.000Z</time><extensions><gpxtpx:TrackPointExtension><gpxtpx:hr>147</gpxtpx:hr></gpxtpx:TrackPointExtension></extensions></trkpt>
      <trkpt lat="51.08611" lon="-115.364987"><ele>1313.2</ele><time>2026-06-20T14:51:07.000Z</time><extensions><gpxtpx:TrackPointExtension><gpxtpx:hr>147</gpxtpx:hr></gpxtpx:TrackPointExtension></extensions></trkpt>
      <trkpt lat="51.086116" lon="-115.364961"><ele>1313.2</ele><time>2026-06-20T14:51:08.000Z</time><extensions><gpxtpx:TrackPointExtension><gpxtpx:hr>147</gpxtpx:hr></gpxtpx:TrackPointExtension></extensions></trkpt>
      <trkpt lat="51.086123" lon="-115.364935"><ele>1313.2</ele><time>2026-06-20T14:51:09.000Z</time><extensions><gpxtpx:TrackPointExtension><gpxtpx:hr>147</gpxtpx:hr></gpxtpx:TrackPointExtension></extensions></trkpt>
      <trkpt lat="51.086139" lon="-115.364872"><ele>1313.2</ele><time>2026-06-20T14:51:10.000Z</time><extensions><gpxtpx:TrackPointExtension><gpxtpx:hr>147</gpxtpx:hr></gpxtpx:TrackPointExtension></extensions></trkpt>
      <trkpt lat="51.086144" lon="-115.36485"><ele>1313.2</ele><time>2026-06-20T14:51:11.000Z</time><extensions><gpxtpx:TrackPointExtension><gpxtpx:hr>147</gpxtpx:hr></gpxtpx:TrackPointExtension></extensions></trkpt>
      <trkpt lat="51.086154" lon="-115.364779"><ele>1313.2</ele><time>2026-06-20T14:51:12.000Z</time><extensions><gpxtpx:TrackPointExtension><gpxtpx:hr>147</gpxtpx:hr></gpxtpx:TrackPointExtension></extensions></trkpt>
      <trkpt lat="51.086158" lon="-115.36475"><ele>1313.2</ele><time>2026-06-20T14:51:13.000Z</time><extensions><gpxtpx:TrackPointExtension><gpxtpx:hr>147</gpxtpx:hr></gpxtpx:TrackPointExtension></extensions></trkpt>
      <trkpt lat="51.086161" lon="-115.364722"><ele>1313</ele><time>2026-06-20T14:51:14.000Z</time><extensions><gpxtpx:TrackPointExtension><gpxtpx:hr>147</gpxtpx:hr></gpxtpx:TrackPointExtension></extensions></trkpt>
      <trkpt lat="51.086161" lon="-115.364664"><ele>1313</ele><time>2026-06-20T14:51:15.000Z</time><extensions><gpxtpx:TrackPointExtension><gpxtpx:hr>147</gpxtpx:hr></gpxtpx:TrackPointExtension></extensions></trkpt>
      <trkpt lat="51.08616" lon="-115.364645"><ele>1313</ele><time>2026-06-20T14:51:16.000Z</time><extensions><gpxtpx:TrackPointExtension><gpxtpx:hr>147</gpxtpx:hr></gpxtpx:TrackPointExtension></extensions></trkpt>
      <trkpt lat="51.086135" lon="-115.364594"><ele>1312.8</ele><time>2026-06-20T14:51:17.000Z</time><extensions><gpxtpx:TrackPointExtension><gpxtpx:hr>147</gpxtpx:hr></gpxtpx:TrackPointExtension></extensions></trkpt>
      <trkpt lat="51.08612" lon="-115.364578"><ele>1312.8</ele><time>2026-06-20T14:51:18.000Z</time><extensions><gpxtpx:TrackPointExtension><gpxtpx:hr>152</gpxtpx:hr></gpxtpx:TrackPointExtension></extensions></trkpt>
      <trkpt lat="51.086104" lon="-115.364561"><ele>1312.6</ele><time>2026-06-20T14:51:19.000Z</time><extensions><gpxtpx:TrackPointExtension><gpxtpx:hr>152</gpxtpx:hr></gpxtpx:TrackPointExtension></extensions></trkpt>
      <trkpt lat="51.086048" lon="-115.364547"><ele>1312.6</ele><time>2026-06-20T14:51:20.000Z</time><extensions><gpxtpx:TrackPointExtension><gpxtpx:hr>152</gpxtpx:hr></gpxtpx:TrackPointExtension></extensions></trkpt>
      <trkpt lat="51.086025" lon="-115.364546"><ele>1312.4</ele><time>2026-06-20T14:51:21.000Z</time><extensions><gpxtpx:TrackPointExtension><gpxtpx:hr>152</gpxtpx:hr></gpxtpx:TrackPointExtension></extensions></trkpt>
      <trkpt lat="51.086002" lon="-115.364544"><ele>1312.2</ele><time>2026-06-20T14:51:22.000Z</time><extensions><gpxtpx:TrackPointExtension><gpxtpx:hr>152</gpxtpx:hr></gpxtpx:TrackPointExtension></extensions></trkpt>
      <trkpt lat="51.085957" lon="-115.364537"><ele>1312</ele><time>2026-06-20T14:51:23.000Z</time><extensions><gpxtpx:TrackPointExtension><gpxtpx:hr>152</gpxtpx:hr></gpxtpx:TrackPointExtension></extensions></trkpt>
      <trkpt lat="51.085942" lon="-115.364533"><ele>1312</ele><time>2026-06-20T14:51:24.000Z</time><extensions><gpxtpx:TrackPointExtension><gpxtpx:hr>151</gpxtpx:hr></gpxtpx:TrackPointExtension></extensions></trkpt>
      <trkpt lat="51.085892" lon="-115.364512"><ele>1311.8</ele><time>2026-06-20T14:51:25.000Z</time><extensions><gpxtpx:TrackPointExtension><gpxtpx:hr>151</gpxtpx:hr></gpxtpx:TrackPointExtension></extensions></trkpt>
      <trkpt lat="51.085872" lon="-115.364503"><ele>1311.6</ele><time>2026-06-20T14:51:26.000Z</time><extensions><gpxtpx:TrackPointExtension><gpxtpx:hr>151</gpxtpx:hr></gpxtpx:TrackPointExtension></extensions></trkpt>
      <trkpt lat="51.085853" lon="-115.364493"><ele>1311.4</ele><time>2026-06-20T14:51:27.000Z</time><extensions><gpxtpx:TrackPointExtension><gpxtpx:hr>151</gpxtpx:hr></gpxtpx:TrackPointExtension></extensions></trkpt>
      <trkpt lat="51.085818" lon="-115.364462"><ele>1311.2</ele><time>2026-06-20T14:51:28.000Z</time><extensions><gpxtpx:TrackPointExtension><gpxtpx:hr>151</gpxtpx:hr></gpxtpx:TrackPointExtension></extensions></trkpt>
      <trkpt lat="51.085806" lon="-115.364451"><ele>1311.2</ele><time>2026-06-20T14:51:29.000Z</time><extensions><gpxtpx:TrackPointExtension><gpxtpx:hr>151</gpxtpx:hr></gpxtpx:TrackPointExtension></extensions></trkpt>
      <trkpt lat="51.085772" lon="-115.364415"><ele>1311</ele><time>2026-06-20T14:51:30.000Z</time><extensions><gpxtpx:TrackPointExtension><gpxtpx:hr>151</gpxtpx:hr></gpxtpx:TrackPointExtension></extensions></trkpt>
      <trkpt lat="51.085759" lon="-115.364403"><ele>1311</ele><time>2026-06-20T14:51:31.000Z</time><extensions><gpxtpx:TrackPointExtension><gpxtpx:hr>151</gpxtpx:hr></gpxtpx:TrackPointExtension></extensions></trkpt>
      <trkpt lat="51.085745" lon="-115.36439"><ele>1311</ele><time>2026-06-20T14:51:32.000Z</time><extensions><gpxtpx:TrackPointExtension><gpxtpx:hr>151</gpxtpx:hr></gpxtpx:TrackPointExtension></extensions></trkpt>
      <trkpt lat="51.08571" lon="-115.364364"><ele>1310.8</ele><time>2026-06-20T14:51:33.000Z</time><extensions><gpxtpx:TrackPointExtension><gpxtpx:hr>153</gpxtpx:hr></gpxtpx:TrackPointExtension></extensions></trkpt>
      <trkpt lat="51.085697" lon="-115.364356"><ele>1310.8</ele><time>2026-06-20T14:51:34.000Z</time><extensions><gpxtpx:TrackPointExtension><gpxtpx:hr>153</gpxtpx:hr></gpxtpx:TrackPointExtension></extensions></trkpt>
      <trkpt lat="51.085653" lon="-115.36433"><ele>1310.8</ele><time>2026-06-20T14:51:35.000Z</time><extensions><gpxtpx:TrackPointExtension><gpxtpx:hr>153</gpxtpx:hr></gpxtpx:TrackPointExtension></extensions></trkpt>
      <trkpt lat="51.085635" lon="-115.364321"><ele>1310.8</ele><time>2026-06-20T14:51:36.000Z</time><extensions><gpxtpx:TrackPointExtension><gpxtpx:hr>153</gpxtpx:hr></gpxtpx:TrackPointExtension></extensions></trkpt>
      <trkpt lat="51.085617" lon="-115.364312"><ele>1310.8</ele><time>2026-06-20T14:51:37.000Z</time><extensions><gpxtpx:TrackPointExtension><gpxtpx:hr>153</gpxtpx:hr></gpxtpx:TrackPointExtension></extensions></trkpt>
      <trkpt lat="51.085579" lon="-115.364293"><ele>1310.8</ele><time>2026-06-20T14:51:38.000Z</time><extensions><gpxtpx:TrackPointExtension><gpxtpx:hr>153</gpxtpx:hr></gpxtpx:TrackPointExtension></extensions></trkpt>
      <trkpt lat="51.085567" lon="-115.364287"><ele>1310.8</ele><time>2026-06-20T14:51:39.000Z</time><extensions><gpxtpx:TrackPointExtension><gpxtpx:hr>153</gpxtpx:hr></gpxtpx:TrackPointExtension></extensions></trkpt>
      <trkpt lat="51.085525" lon="-115.364267"><ele>1310.8</ele><time>2026-06-20T14:51:40.000Z</time><extensions><gpxtpx:TrackPointExtension><gpxtpx:hr>153</gpxtpx:hr></gpxtpx:TrackPointExtension></extensions></trkpt>
      <trkpt lat="51.085509" lon="-115.36426"><ele>1310.8</ele><time>2026-06-20T14:51:41.000Z</time><extensions><gpxtpx:TrackPointExtension><gpxtpx:hr>153</gpxtpx:hr></gpxtpx:TrackPointExtension></extensions></trkpt>
      <trkpt lat="51.085492" lon="-115.364253"><ele>1310.8</ele><time>2026-06-20T14:51:42.000Z</time><extensions><gpxtpx:TrackPointExtension><gpxtpx:hr>153</gpxtpx:hr></gpxtpx:TrackPointExtension></extensions></trkpt>
      <trkpt lat="51.085454" lon="-115.364239"><ele>1310.8</ele><time>2026-06-20T14:51:43.000Z</time><extensions><gpxtpx:TrackPointExtension><gpxtpx:hr>153</gpxtpx:hr></gpxtpx:TrackPointExtension></extensions></trkpt>
      <trkpt lat="51.085441" lon="-115.364234"><ele>1310.8</ele><time>2026-06-20T14:51:44.000Z</time><extensions><gpxtpx:TrackPointExtension><gpxtpx:hr>153</gpxtpx:hr></gpxtpx:TrackPointExtension></extensions></trkpt>
      <trkpt lat="51.085395" lon="-115.364214"><ele>1310.8</ele><time>2026-06-20T14:51:45.000Z</time><extensions><gpxtpx:TrackPointExtension><gpxtpx:hr>153</gpxtpx:hr></gpxtpx:TrackPointExtension></extensions></trkpt>
      <trkpt lat="51.085376" lon="-115.364207"><ele>1310.6</ele><time>2026-06-20T14:51:46.000Z</time><extensions><gpxtpx:TrackPointExtension><gpxtpx:hr>153</gpxtpx:hr></gpxtpx:TrackPointExtension></extensions></trkpt>
      <trkpt lat="51.085357" lon="-115.364199"><ele>1310.6</ele><time>2026-06-20T14:51:47.000Z</time><extensions><gpxtpx:TrackPointExtension><gpxtpx:hr>153</gpxtpx:hr></gpxtpx:TrackPointExtension></extensions></trkpt>
      <trkpt lat="51.085307" lon="-115.364179"><ele>1310.6</ele><time>2026-06-20T14:51:48.000Z</time><extensions><gpxtpx:TrackPointExtension><gpxtpx:hr>153</gpxtpx:hr></gpxtpx:TrackPointExtension></extensions></trkpt>
      <trkpt lat="51.085288" lon="-115.36417"><ele>1310.6</ele><time>2026-06-20T14:51:49.000Z</time><extensions><gpxtpx:TrackPointExtension><gpxtpx:hr>153</gpxtpx:hr></gpxtpx:TrackPointExtension></extensions></trkpt>
      <trkpt lat="51.085268" lon="-115.364161"><ele>1310.6</ele><time>2026-06-20T14:51:50.000Z</time><extensions><gpxtpx:TrackPointExtension><gpxtpx:hr>153</gpxtpx:hr></gpxtpx:TrackPointExtension></extensions></trkpt>
      <trkpt lat="51.085225" lon="-115.364135"><ele>1310.6</ele><time>2026-06-20T14:51:51.000Z</time><extensions><gpxtpx:TrackPointExtension><gpxtpx:hr>153</gpxtpx:hr></gpxtpx:TrackPointExtension></extensions></trkpt>
      <trkpt lat="51.08521" lon="-115.364127"><ele>1310.6</ele><time>2026-06-20T14:51:52.000Z</time><extensions><gpxtpx:TrackPointExtension><gpxtpx:hr>153</gpxtpx:hr></gpxtpx:TrackPointExtension></extensions></trkpt>
      <trkpt lat="51.08516" lon="-115.364096"><ele>1310.6</ele><time>2026-06-20T14:51:53.000Z</time><extensions><gpxtpx:TrackPointExtension><gpxtpx:hr>154</gpxtpx:hr></gpxtpx:TrackPointExtension></extensions></trkpt>
      <trkpt lat="51.085139" lon="-115.364084"><ele>1310.6</ele><time>2026-06-20T14:51:54.000Z</time><extensions><gpxtpx:TrackPointExtension><gpxtpx:hr>154</gpxtpx:hr></gpxtpx:TrackPointExtension></extensions></trkpt>
      <trkpt lat="51.085119" lon="-115.364072"><ele>1310.6</ele><time>2026-06-20T14:51:55.000Z</time><extensions><gpxtpx:TrackPointExtension><gpxtpx:hr>154</gpxtpx:hr></gpxtpx:TrackPointExtension></extensions></trkpt>
      <trkpt lat="51.085074" lon="-115.36405"><ele>1310.6</ele><time>2026-06-20T14:51:56.000Z</time><extensions><gpxtpx:TrackPointExtension><gpxtpx:hr>154</gpxtpx:hr></gpxtpx:TrackPointExtension></extensions></trkpt>
      <trkpt lat="51.085059" lon="-115.364044"><ele>1310.6</ele><time>2026-06-20T14:51:57.000Z</time><extensions><gpxtpx:TrackPointExtension><gpxtpx:hr>154</gpxtpx:hr></gpxtpx:TrackPointExtension></extensions></trkpt>
      <trkpt lat="51.085011" lon="-115.364017"><ele>1310.6</ele><time>2026-06-20T14:51:58.000Z</time><extensions><gpxtpx:TrackPointExtension><gpxtpx:hr>154</gpxtpx:hr></gpxtpx:TrackPointExtension></extensions></trkpt>
      <trkpt lat="51.084991" lon="-115.364006"><ele>1310.6</ele><time>2026-06-20T14:51:59.000Z</time><extensions><gpxtpx:TrackPointExtension><gpxtpx:hr>154</gpxtpx:hr></gpxtpx:TrackPointExtension></extensions></trkpt>
      <trkpt lat="51.084972" lon="-115.363994"><ele>1310.6</ele><time>2026-06-20T14:52:00.000Z</time><extensions><gpxtpx:TrackPointExtension><gpxtpx:hr>154</gpxtpx:hr></gpxtpx:TrackPointExtension></extensions></trkpt>
      <trkpt lat="51.084929" lon="-115.363969"><ele>1310.6</ele><time>2026-06-20T14:52:01.000Z</time><extensions><gpxtpx:TrackPointExtension><gpxtpx:hr>154</gpxtpx:hr></gpxtpx:TrackPointExtension></extensions></trkpt>
      <trkpt lat="51.084914" lon="-115.363962"><ele>1310.6</ele><time>2026-06-20T14:52:02.000Z</time><extensions><gpxtpx:TrackPointExtension><gpxtpx:hr>154</gpxtpx:hr></gpxtpx:TrackPointExtension></extensions></trkpt>
      <trkpt lat="51.084865" lon="-115.363938"><ele>1310.6</ele><time>2026-06-20T14:52:03.000Z</time><extensions><gpxtpx:TrackPointExtension><gpxtpx:hr>154</gpxtpx:hr></gpxtpx:TrackPointExtension></extensions></trkpt>
      <trkpt lat="51.084846" lon="-115.363929"><ele>1310.6</ele><time>2026-06-20T14:52:04.000Z</time><extensions><gpxtpx:TrackPointExtension><gpxtpx:hr>154</gpxtpx:hr></gpxtpx:TrackPointExtension></extensions></trkpt>
      <trkpt lat="51.084827" lon="-115.363919"><ele>1310.6</ele><time>2026-06-20T14:52:05.000Z</time><extensions><gpxtpx:TrackPointExtension><gpxtpx:hr>154</gpxtpx:hr></gpxtpx:TrackPointExtension></extensions></trkpt>
      <trkpt lat="51.084787" lon="-115.363901"><ele>1310.6</ele><time>2026-06-20T14:52:06.000Z</time><extensions><gpxtpx:TrackPointExtension><gpxtpx:hr>154</gpxtpx:hr></gpxtpx:TrackPointExtension></extensions></trkpt>
      <trkpt lat="51.084773" lon="-115.363895"><ele>1310.6</ele><time>2026-06-20T14:52:07.000Z</time><extensions><gpxtpx:TrackPointExtension><gpxtpx:hr>154</gpxtpx:hr></gpxtpx:TrackPointExtension></extensions></trkpt>
      <trkpt lat="51.084731" lon="-115.363874"><ele>1310.6</ele><time>2026-06-20T14:52:08.000Z</time><extensions><gpxtpx:TrackPointExtension><gpxtpx:hr>154</gpxtpx:hr></gpxtpx:TrackPointExtension></extensions></trkpt>
      <trkpt lat="51.084715" lon="-115.363866"><ele>1310.6</ele><time>2026-06-20T14:52:09.000Z</time><extensions><gpxtpx:TrackPointExtension><gpxtpx:hr>154</gpxtpx:hr></gpxtpx:TrackPointExtension></extensions></trkpt>
      <trkpt lat="51.084698" lon="-115.363857"><ele>1310.6</ele><time>2026-06-20T14:52:10.000Z</time><extensions><gpxtpx:TrackPointExtension><gpxtpx:hr>154</gpxtpx:hr></gpxtpx:TrackPointExtension></extensions></trkpt>
      <trkpt lat="51.084659" lon="-115.363834"><ele>1310.6</ele><time>2026-06-20T14:52:11.000Z</time><extensions><gpxtpx:TrackPointExtension><gpxtpx:hr>154</gpxtpx:hr></gpxtpx:TrackPointExtension></extensions></trkpt>
      <trkpt lat="51.084645" lon="-115.363826"><ele>1310.6</ele><time>2026-06-20T14:52:12.000Z</time><extensions><gpxtpx:TrackPointExtension><gpxtpx:hr>154</gpxtpx:hr></gpxtpx:TrackPointExtension></extensions></trkpt>
      <trkpt lat="51.0846" lon="-115.363799"><ele>1310.6</ele><time>2026-06-20T14:52:13.000Z</time><extensions><gpxtpx:TrackPointExtension><gpxtpx:hr>154</gpxtpx:hr></gpxtpx:TrackPointExtension></extensions></trkpt>
      <trkpt lat="51.084581" lon="-115.363787"><ele>1310.6</ele><time>2026-06-20T14:52:14.000Z</time><extensions><gpxtpx:TrackPointExtension><gpxtpx:hr>154</gpxtpx:hr></gpxtpx:TrackPointExtension></extensions></trkpt>
      <trkpt lat="51.084563" lon="-115.363775"><ele>1310.6</ele><time>2026-06-20T14:52:15.000Z</time><extensions><gpxtpx:TrackPointExtension><gpxtpx:hr>154</gpxtpx:hr></gpxtpx:TrackPointExtension></extensions></trkpt>
      <trkpt lat="51.084517" lon="-115.363733"><ele>1310.6</ele><time>2026-06-20T14:52:16.000Z</time><extensions><gpxtpx:TrackPointExtension><gpxtpx:hr>155</gpxtpx:hr></gpxtpx:TrackPointExtension></extensions></trkpt>
      <trkpt lat="51.084499" lon="-115.363716"><ele>1310.6</ele><time>2026-06-20T14:52:17.000Z</time><extensions><gpxtpx:TrackPointExtension><gpxtpx:hr>155</gpxtpx:hr></gpxtpx:TrackPointExtension></extensions></trkpt>
      <trkpt lat="51.084481" lon="-115.363699"><ele>1310.6</ele><time>2026-06-20T14:52:18.000Z</time><extensions><gpxtpx:TrackPointExtension><gpxtpx:hr>155</gpxtpx:hr></gpxtpx:TrackPointExtension></extensions></trkpt>
      <trkpt lat="51.084445" lon="-115.363662"><ele>1310.6</ele><time>2026-06-20T14:52:19.000Z</time><extensions><gpxtpx:TrackPointExtension><gpxtpx:hr>155</gpxtpx:hr></gpxtpx:TrackPointExtension></extensions></trkpt>
      <trkpt lat="51.084433" lon="-115.36365"><ele>1310.6</ele><time>2026-06-20T14:52:20.000Z</time><extensions><gpxtpx:TrackPointExtension><gpxtpx:hr>155</gpxtpx:hr></gpxtpx:TrackPointExtension></extensions></trkpt>
      <trkpt lat="51.084396" lon="-115.363611"><ele>1310.6</ele><time>2026-06-20T14:52:21.000Z</time><extensions><gpxtpx:TrackPointExtension><gpxtpx:hr>155</gpxtpx:hr></gpxtpx:TrackPointExtension></extensions></trkpt>
      <trkpt lat="51.084382" lon="-115.363595"><ele>1310.6</ele><time>2026-06-20T14:52:22.000Z</time><extensions><gpxtpx:TrackPointExtension><gpxtpx:hr>156</gpxtpx:hr></gpxtpx:TrackPointExtension></extensions></trkpt>
      <trkpt lat="51.084367" lon="-115.36358"><ele>1310.6</ele><time>2026-06-20T14:52:23.000Z</time><extensions><gpxtpx:TrackPointExtension><gpxtpx:hr>156</gpxtpx:hr></gpxtpx:TrackPointExtension></extensions></trkpt>
      <trkpt lat="51.084333" lon="-115.363546"><ele>1310.6</ele><time>2026-06-20T14:52:24.000Z</time><extensions><gpxtpx:TrackPointExtension><gpxtpx:hr>156</gpxtpx:hr></gpxtpx:TrackPointExtension></extensions></trkpt>
      <trkpt lat="51.084321" lon="-115.363534"><ele>1310.6</ele><time>2026-06-20T14:52:25.000Z</time><extensions><gpxtpx:TrackPointExtension><gpxtpx:hr>156</gpxtpx:hr></gpxtpx:TrackPointExtension></extensions></trkpt>
      <trkpt lat="51.084285" lon="-115.363491"><ele>1310.6</ele><time>2026-06-20T14:52:26.000Z</time><extensions><gpxtpx:TrackPointExtension><gpxtpx:hr>156</gpxtpx:hr></gpxtpx:TrackPointExtension></extensions></trkpt>
      <trkpt lat="51.084272" lon="-115.363474"><ele>1310.6</ele><time>2026-06-20T14:52:27.000Z</time><extensions><gpxtpx:TrackPointExtension><gpxtpx:hr>156</gpxtpx:hr></gpxtpx:TrackPointExtension></extensions></trkpt>
      <trkpt lat="51.084258" lon="-115.363457"><ele>1310.6</ele><time>2026-06-20T14:52:28.000Z</time><extensions><gpxtpx:TrackPointExtension><gpxtpx:hr>156</gpxtpx:hr></gpxtpx:TrackPointExtension></extensions></trkpt>
      <trkpt lat="51.084229" lon="-115.363422"><ele>1310.6</ele><time>2026-06-20T14:52:29.000Z</time><extensions><gpxtpx:TrackPointExtension><gpxtpx:hr>152</gpxtpx:hr></gpxtpx:TrackPointExtension></extensions></trkpt>
      <trkpt lat="51.084219" lon="-115.363411"><ele>1310.6</ele><time>2026-06-20T14:52:30.000Z</time><extensions><gpxtpx:TrackPointExtension><gpxtpx:hr>152</gpxtpx:hr></gpxtpx:TrackPointExtension></extensions></trkpt>
      <trkpt lat="51.084182" lon="-115.363367"><ele>1310.6</ele><time>2026-06-20T14:52:31.000Z</time><extensions><gpxtpx:TrackPointExtension><gpxtpx:hr>152</gpxtpx:hr></gpxtpx:TrackPointExtension></extensions></trkpt>
      <trkpt lat="51.084166" lon="-115.363349"><ele>1310.6</ele><time>2026-06-20T14:52:32.000Z</time><extensions><gpxtpx:TrackPointExtension><gpxtpx:hr>152</gpxtpx:hr></gpxtpx:TrackPointExtension></extensions></trkpt>
      <trkpt lat="51.08415" lon="-115.363332"><ele>1310.6</ele><time>2026-06-20T14:52:33.000Z</time><extensions><gpxtpx:TrackPointExtension><gpxtpx:hr>152</gpxtpx:hr></gpxtpx:TrackPointExtension></extensions></trkpt>
      <trkpt lat="51.084114" lon="-115.363294"><ele>1310.6</ele><time>2026-06-20T14:52:34.000Z</time><extensions><gpxtpx:TrackPointExtension><gpxtpx:hr>152</gpxtpx:hr></gpxtpx:TrackPointExtension></extensions></trkpt>
      <trkpt lat="51.084102" lon="-115.363281"><ele>1310.6</ele><time>2026-06-20T14:52:35.000Z</time><extensions><gpxtpx:TrackPointExtension><gpxtpx:hr>153</gpxtpx:hr></gpxtpx:TrackPointExtension></extensions></trkpt>
      <trkpt lat="51.084068" lon="-115.363224"><ele>1310.6</ele><time>2026-06-20T14:52:36.000Z</time><extensions><gpxtpx:TrackPointExtension><gpxtpx:hr>153</gpxtpx:hr></gpxtpx:TrackPointExtension></extensions></trkpt>
      <trkpt lat="51.084056" lon="-115.363199"><ele>1310.6</ele><time>2026-06-20T14:52:37.000Z</time><extensions><gpxtpx:TrackPointExtension><gpxtpx:hr>153</gpxtpx:hr></gpxtpx:TrackPointExtension></extensions></trkpt>
      <trkpt lat="51.084043" lon="-115.363174"><ele>1310.6</ele><time>2026-06-20T14:52:38.000Z</time><extensions><gpxtpx:TrackPointExtension><gpxtpx:hr>153</gpxtpx:hr></gpxtpx:TrackPointExtension></extensions></trkpt>
      <trkpt lat="51.084014" lon="-115.363109"><ele>1310.6</ele><time>2026-06-20T14:52:39.000Z</time><extensions><gpxtpx:TrackPointExtension><gpxtpx:hr>153</gpxtpx:hr></gpxtpx:TrackPointExtension></extensions></trkpt>
      <trkpt lat="51.084002" lon="-115.363083"><ele>1310.6</ele><time>2026-06-20T14:52:40.000Z</time><extensions><gpxtpx:TrackPointExtension><gpxtpx:hr>154</gpxtpx:hr></gpxtpx:TrackPointExtension></extensions></trkpt>
      <trkpt lat="51.083991" lon="-115.363056"><ele>1310.6</ele><time>2026-06-20T14:52:41.000Z</time><extensions><gpxtpx:TrackPointExtension><gpxtpx:hr>154</gpxtpx:hr></gpxtpx:TrackPointExtension></extensions></trkpt>
      <trkpt lat="51.083967" lon="-115.362996"><ele>1310.6</ele><time>2026-06-20T14:52:42.000Z</time><extensions><gpxtpx:TrackPointExtension><gpxtpx:hr>154</gpxtpx:hr></gpxtpx:TrackPointExtension></extensions></trkpt>
      <trkpt lat="51.083958" lon="-115.362976"><ele>1310.6</ele><time>2026-06-20T14:52:43.000Z</time><extensions><gpxtpx:TrackPointExtension><gpxtpx:hr>154</gpxtpx:hr></gpxtpx:TrackPointExtension></extensions></trkpt>
      <trkpt lat="51.08393" lon="-115.362911"><ele>1310.6</ele><time>2026-06-20T14:52:44.000Z</time><extensions><gpxtpx:TrackPointExtension><gpxtpx:hr>154</gpxtpx:hr></gpxtpx:TrackPointExtension></extensions></trkpt>
      <trkpt lat="51.08392" lon="-115.362885"><ele>1310.6</ele><time>2026-06-20T14:52:45.000Z</time><extensions><gpxtpx:TrackPointExtension><gpxtpx:hr>154</gpxtpx:hr></gpxtpx:TrackPointExtension></extensions></trkpt>
      <trkpt lat="51.083909" lon="-115.362858"><ele>1310.6</ele><time>2026-06-20T14:52:46.000Z</time><extensions><gpxtpx:TrackPointExtension><gpxtpx:hr>154</gpxtpx:hr></gpxtpx:TrackPointExtension></extensions></trkpt>
      <trkpt lat="51.083882" lon="-115.3628"><ele>1310.6</ele><time>2026-06-20T14:52:47.000Z</time><extensions><gpxtpx:TrackPointExtension><gpxtpx:hr>154</gpxtpx:hr></gpxtpx:TrackPointExtension></extensions></trkpt>
      <trkpt lat="51.083872" lon="-115.362782"><ele>1310.6</ele><time>2026-06-20T14:52:48.000Z</time><extensions><gpxtpx:TrackPointExtension><gpxtpx:hr>154</gpxtpx:hr></gpxtpx:TrackPointExtension></extensions></trkpt>
      <trkpt lat="51.08383" lon="-115.362728"><ele>1310.6</ele><time>2026-06-20T14:52:49.000Z</time><extensions><gpxtpx:TrackPointExtension><gpxtpx:hr>154</gpxtpx:hr></gpxtpx:TrackPointExtension></extensions></trkpt>
      <trkpt lat="51.083812" lon="-115.362707"><ele>1310.6</ele><time>2026-06-20T14:52:50.000Z</time><extensions><gpxtpx:TrackPointExtension><gpxtpx:hr>154</gpxtpx:hr></gpxtpx:TrackPointExtension></extensions></trkpt>
      <trkpt lat="51.083795" lon="-115.362685"><ele>1310.4</ele><time>2026-06-20T14:52:51.000Z</time><extensions><gpxtpx:TrackPointExtension><gpxtpx:hr>155</gpxtpx:hr></gpxtpx:TrackPointExtension></extensions></trkpt>
      <trkpt lat="51.083762" lon="-115.362624"><ele>1310.4</ele><time>2026-06-20T14:52:52.000Z</time><extensions><gpxtpx:TrackPointExtension><gpxtpx:hr>155</gpxtpx:hr></gpxtpx:TrackPointExtension></extensions></trkpt>
      <trkpt lat="51.083752" lon="-115.362602"><ele>1310.4</ele><time>2026-06-20T14:52:53.000Z</time><extensions><gpxtpx:TrackPointExtension><gpxtpx:hr>155</gpxtpx:hr></gpxtpx:TrackPointExtension></extensions></trkpt>
      <trkpt lat="51.083728" lon="-115.362526"><ele>1310.4</ele><time>2026-06-20T14:52:54.000Z</time><extensions><gpxtpx:TrackPointExtension><gpxtpx:hr>155</gpxtpx:hr></gpxtpx:TrackPointExtension></extensions></trkpt>
      <trkpt lat="51.08372" lon="-115.362496"><ele>1310.4</ele><time>2026-06-20T14:52:55.000Z</time><extensions><gpxtpx:TrackPointExtension><gpxtpx:hr>155</gpxtpx:hr></gpxtpx:TrackPointExtension></extensions></trkpt>
      <trkpt lat="51.083712" lon="-115.362466"><ele>1310.4</ele><time>2026-06-20T14:52:56.000Z</time><extensions><gpxtpx:TrackPointExtension><gpxtpx:hr>156</gpxtpx:hr></gpxtpx:TrackPointExtension></extensions></trkpt>
      <trkpt lat="51.083694" lon="-115.362405"><ele>1310.4</ele><time>2026-06-20T14:52:57.000Z</time><extensions><gpxtpx:TrackPointExtension><gpxtpx:hr>156</gpxtpx:hr></gpxtpx:TrackPointExtension></extensions></trkpt>
      <trkpt lat="51.083688" lon="-115.362387"><ele>1310.2</ele><time>2026-06-20T14:52:58.000Z</time><extensions><gpxtpx:TrackPointExtension><gpxtpx:hr>156</gpxtpx:hr></gpxtpx:TrackPointExtension></extensions></trkpt>
      <trkpt lat="51.08367" lon="-115.362328"><ele>1310.2</ele><time>2026-06-20T14:52:59.000Z</time><extensions><gpxtpx:TrackPointExtension><gpxtpx:hr>156</gpxtpx:hr></gpxtpx:TrackPointExtension></extensions></trkpt>
      <trkpt lat="51.083663" lon="-115.362302"><ele>1310</ele><time>2026-06-20T14:53:00.000Z</time><extensions><gpxtpx:TrackPointExtension><gpxtpx:hr>156</gpxtpx:hr></gpxtpx:TrackPointExtension></extensions></trkpt>
      <trkpt lat="51.083655" lon="-115.362277"><ele>1310</ele><time>2026-06-20T14:53:01.000Z</time><extensions><gpxtpx:TrackPointExtension><gpxtpx:hr>156</gpxtpx:hr></gpxtpx:TrackPointExtension></extensions></trkpt>
      <trkpt lat="51.083635" lon="-115.362221"><ele>1309.8</ele><time>2026-06-20T14:53:02.000Z</time><extensions><gpxtpx:TrackPointExtension><gpxtpx:hr>156</gpxtpx:hr></gpxtpx:TrackPointExtension></extensions></trkpt>
      <trkpt lat="51.083628" lon="-115.362203"><ele>1309.6</ele><time>2026-06-20T14:53:03.000Z</time><extensions><gpxtpx:TrackPointExtension><gpxtpx:hr>156</gpxtpx:hr></gpxtpx:TrackPointExtension></extensions></trkpt>
      <trkpt lat="51.083603" lon="-115.362144"><ele>1309.4</ele><time>2026-06-20T14:53:04.000Z</time><extensions><gpxtpx:TrackPointExtension><gpxtpx:hr>156</gpxtpx:hr></gpxtpx:TrackPointExtension></extensions></trkpt>
      <trkpt lat="51.083594" lon="-115.36212"><ele>1309.2</ele><time>2026-06-20T14:53:05.000Z</time><extensions><gpxtpx:TrackPointExtension><gpxtpx:hr>156</gpxtpx:hr></gpxtpx:TrackPointExtension></extensions></trkpt>
      <trkpt lat="51.083584" lon="-115.362095"><ele>1309.2</ele><time>2026-06-20T14:53:06.000Z</time><extensions><gpxtpx:TrackPointExtension><gpxtpx:hr>156</gpxtpx:hr></gpxtpx:TrackPointExtension></extensions></trkpt>
      <trkpt lat="51.083558" lon="-115.362035"><ele>1309</ele><time>2026-06-20T14:53:07.000Z</time><extensions><gpxtpx:TrackPointExtension><gpxtpx:hr>156</gpxtpx:hr></gpxtpx:TrackPointExtension></extensions></trkpt>
      <trkpt lat="51.083548" lon="-115.362011"><ele>1308.8</ele><time>2026-06-20T14:53:08.000Z</time><extensions><gpxtpx:TrackPointExtension><gpxtpx:hr>156</gpxtpx:hr></gpxtpx:TrackPointExtension></extensions></trkpt>
      <trkpt lat="51.083537" lon="-115.361988"><ele>1308.8</ele><time>2026-06-20T14:53:09.000Z</time><extensions><gpxtpx:TrackPointExtension><gpxtpx:hr>156</gpxtpx:hr></gpxtpx:TrackPointExtension></extensions></trkpt>
      <trkpt lat="51.083514" lon="-115.361935"><ele>1308.8</ele><time>2026-06-20T14:53:10.000Z</time><extensions><gpxtpx:TrackPointExtension><gpxtpx:hr>156</gpxtpx:hr></gpxtpx:TrackPointExtension></extensions></trkpt>
      <trkpt lat="51.083506" lon="-115.361918"><ele>1308.8</ele><time>2026-06-20T14:53:11.000Z</time><extensions><gpxtpx:TrackPointExtension><gpxtpx:hr>156</gpxtpx:hr></gpxtpx:TrackPointExtension></extensions></trkpt>
      <trkpt lat="51.083483" lon="-115.361863"><ele>1308.8</ele><time>2026-06-20T14:53:12.000Z</time><extensions><gpxtpx:TrackPointExtension><gpxtpx:hr>156</gpxtpx:hr></gpxtpx:TrackPointExtension></extensions></trkpt>
      <trkpt lat="51.083474" lon="-115.361842"><ele>1308.8</ele><time>2026-06-20T14:53:13.000Z</time><extensions><gpxtpx:TrackPointExtension><gpxtpx:hr>156</gpxtpx:hr></gpxtpx:TrackPointExtension></extensions></trkpt>
      <trkpt lat="51.083466" lon="-115.361821"><ele>1308.8</ele><time>2026-06-20T14:53:14.000Z</time><extensions><gpxtpx:TrackPointExtension><gpxtpx:hr>156</gpxtpx:hr></gpxtpx:TrackPointExtension></extensions></trkpt>
      <trkpt lat="51.083449" lon="-115.361775"><ele>1309</ele><time>2026-06-20T14:53:15.000Z</time><extensions><gpxtpx:TrackPointExtension><gpxtpx:hr>156</gpxtpx:hr></gpxtpx:TrackPointExtension></extensions></trkpt>
      <trkpt lat="51.083443" lon="-115.36176"><ele>1309</ele><time>2026-06-20T14:53:16.000Z</time><extensions><gpxtpx:TrackPointExtension><gpxtpx:hr>156</gpxtpx:hr></gpxtpx:TrackPointExtension></extensions></trkpt>
      <trkpt lat="51.083423" lon="-115.361711"><ele>1309</ele><time>2026-06-20T14:53:17.000Z</time><extensions><gpxtpx:TrackPointExtension><gpxtpx:hr>156</gpxtpx:hr></gpxtpx:TrackPointExtension></extensions></trkpt>
      <trkpt lat="51.083414" lon="-115.361691"><ele>1309.2</ele><time>2026-06-20T14:53:18.000Z</time><extensions><gpxtpx:TrackPointExtension><gpxtpx:hr>156</gpxtpx:hr></gpxtpx:TrackPointExtension></extensions></trkpt>
      <trkpt lat="51.083406" lon="-115.361671"><ele>1309.2</ele><time>2026-06-20T14:53:19.000Z</time><extensions><gpxtpx:TrackPointExtension><gpxtpx:hr>156</gpxtpx:hr></gpxtpx:TrackPointExtension></extensions></trkpt>
      <trkpt lat="51.083386" lon="-115.361626"><ele>1309.4</ele><time>2026-06-20T14:53:20.000Z</time><extensions><gpxtpx:TrackPointExtension><gpxtpx:hr>156</gpxtpx:hr></gpxtpx:TrackPointExtension></extensions></trkpt>
      <trkpt lat="51.083378" lon="-115.361611"><ele>1309.4</ele><time>2026-06-20T14:53:21.000Z</time><extensions><gpxtpx:TrackPointExtension><gpxtpx:hr>156</gpxtpx:hr></gpxtpx:TrackPointExtension></extensions></trkpt>
      <trkpt lat="51.083351" lon="-115.361565"><ele>1309.6</ele><time>2026-06-20T14:53:22.000Z</time><extensions><gpxtpx:TrackPointExtension><gpxtpx:hr>156</gpxtpx:hr></gpxtpx:TrackPointExtension></extensions></trkpt>
      <trkpt lat="51.083339" lon="-115.361547"><ele>1309.6</ele><time>2026-06-20T14:53:23.000Z</time><extensions><gpxtpx:TrackPointExtension><gpxtpx:hr>156</gpxtpx:hr></gpxtpx:TrackPointExtension></extensions></trkpt>
      <trkpt lat="51.083328" lon="-115.361528"><ele>1309.8</ele><time>2026-06-20T14:53:24.000Z</time><extensions><gpxtpx:TrackPointExtension><gpxtpx:hr>156</gpxtpx:hr></gpxtpx:TrackPointExtension></extensions></trkpt>
      <trkpt lat="51.083303" lon="-115.361479"><ele>1309.8</ele><time>2026-06-20T14:53:25.000Z</time><extensions><gpxtpx:TrackPointExtension><gpxtpx:hr>156</gpxtpx:hr></gpxtpx:TrackPointExtension></extensions></trkpt>
      <trkpt lat="51.083295" lon="-115.361462"><ele>1310</ele><time>2026-06-20T14:53:26.000Z</time><extensions><gpxtpx:TrackPointExtension><gpxtpx:hr>156</gpxtpx:hr></gpxtpx:TrackPointExtension></extensions></trkpt>
      <trkpt lat="51.083271" lon="-115.361402"><ele>1310</ele><time>2026-06-20T14:53:27.000Z</time><extensions><gpxtpx:TrackPointExtension><gpxtpx:hr>156</gpxtpx:hr></gpxtpx:TrackPointExtension></extensions></trkpt>
      <trkpt lat="51.083262" lon="-115.361378"><ele>1310</ele><time>2026-06-20T14:53:28.000Z</time><extensions><gpxtpx:TrackPointExtension><gpxtpx:hr>156</gpxtpx:hr></gpxtpx:TrackPointExtension></extensions></trkpt>
      <trkpt lat="51.083253" lon="-115.361354"><ele>1310.2</ele><time>2026-06-20T14:53:29.000Z</time><extensions><gpxtpx:TrackPointExtension><gpxtpx:hr>156</gpxtpx:hr></gpxtpx:TrackPointExtension></extensions></trkpt>
      <trkpt lat="51.083233" lon="-115.361304"><ele>1310.2</ele><time>2026-06-20T14:53:30.000Z</time><extensions><gpxtpx:TrackPointExtension><gpxtpx:hr>156</gpxtpx:hr></gpxtpx:TrackPointExtension></extensions></trkpt>
      <trkpt lat="51.083225" lon="-115.361287"><ele>1310.4</ele><time>2026-06-20T14:53:31.000Z</time><extensions><gpxtpx:TrackPointExtension><gpxtpx:hr>156</gpxtpx:hr></gpxtpx:TrackPointExtension></extensions></trkpt>
      <trkpt lat="51.083196" lon="-115.361226"><ele>1310.4</ele><time>2026-06-20T14:53:32.000Z</time><extensions><gpxtpx:TrackPointExtension><gpxtpx:hr>156</gpxtpx:hr></gpxtpx:TrackPointExtension></extensions></trkpt>
      <trkpt lat="51.083185" lon="-115.361201"><ele>1310.4</ele><time>2026-06-20T14:53:33.000Z</time><extensions><gpxtpx:TrackPointExtension><gpxtpx:hr>156</gpxtpx:hr></gpxtpx:TrackPointExtension></extensions></trkpt>
      <trkpt lat="51.083173" lon="-115.361175"><ele>1310.4</ele><time>2026-06-20T14:53:34.000Z</time><extensions><gpxtpx:TrackPointExtension><gpxtpx:hr>156</gpxtpx:hr></gpxtpx:TrackPointExtension></extensions></trkpt>
      <trkpt lat="51.083147" lon="-115.361112"><ele>1310.4</ele><time>2026-06-20T14:53:35.000Z</time><extensions><gpxtpx:TrackPointExtension><gpxtpx:hr>156</gpxtpx:hr></gpxtpx:TrackPointExtension></extensions></trkpt>
      <trkpt lat="51.083137" lon="-115.361087"><ele>1310.4</ele><time>2026-06-20T14:53:36.000Z</time><extensions><gpxtpx:TrackPointExtension><gpxtpx:hr>156</gpxtpx:hr></gpxtpx:TrackPointExtension></extensions></trkpt>
      <trkpt lat="51.083126" lon="-115.361062"><ele>1310.4</ele><time>2026-06-20T14:53:37.000Z</time><extensions><gpxtpx:TrackPointExtension><gpxtpx:hr>156</gpxtpx:hr></gpxtpx:TrackPointExtension></extensions></trkpt>
      <trkpt lat="51.083103" lon="-115.361006"><ele>1310.6</ele><time>2026-06-20T14:53:38.000Z</time><extensions><gpxtpx:TrackPointExtension><gpxtpx:hr>156</gpxtpx:hr></gpxtpx:TrackPointExtension></extensions></trkpt>
      <trkpt lat="51.083096" lon="-115.360988"><ele>1310.6</ele><time>2026-06-20T14:53:39.000Z</time><extensions><gpxtpx:TrackPointExtension><gpxtpx:hr>156</gpxtpx:hr></gpxtpx:TrackPointExtension></extensions></trkpt>
      <trkpt lat="51.083073" lon="-115.360924"><ele>1310.6</ele><time>2026-06-20T14:53:40.000Z</time><extensions><gpxtpx:TrackPointExtension><gpxtpx:hr>156</gpxtpx:hr></gpxtpx:TrackPointExtension></extensions></trkpt>
      <trkpt lat="51.083063" lon="-115.360899"><ele>1310.6</ele><time>2026-06-20T14:53:41.000Z</time><extensions><gpxtpx:TrackPointExtension><gpxtpx:hr>156</gpxtpx:hr></gpxtpx:TrackPointExtension></extensions></trkpt>
      <trkpt lat="51.083054" lon="-115.360873"><ele>1310.4</ele><time>2026-06-20T14:53:42.000Z</time><extensions><gpxtpx:TrackPointExtension><gpxtpx:hr>156</gpxtpx:hr></gpxtpx:TrackPointExtension></extensions></trkpt>
      <trkpt lat="51.083034" lon="-115.360818"><ele>1310.4</ele><time>2026-06-20T14:53:43.000Z</time><extensions><gpxtpx:TrackPointExtension><gpxtpx:hr>156</gpxtpx:hr></gpxtpx:TrackPointExtension></extensions></trkpt>
      <trkpt lat="51.083027" lon="-115.3608"><ele>1310.4</ele><time>2026-06-20T14:53:44.000Z</time><extensions><gpxtpx:TrackPointExtension><gpxtpx:hr>156</gpxtpx:hr></gpxtpx:TrackPointExtension></extensions></trkpt>
      <trkpt lat="51.083007" lon="-115.360741"><ele>1310.2</ele><time>2026-06-20T14:53:45.000Z</time><extensions><gpxtpx:TrackPointExtension><gpxtpx:hr>156</gpxtpx:hr></gpxtpx:TrackPointExtension></extensions></trkpt>
      <trkpt lat="51.082998" lon="-115.360717"><ele>1309.8</ele><time>2026-06-20T14:53:46.000Z</time><extensions><gpxtpx:TrackPointExtension><gpxtpx:hr>156</gpxtpx:hr></gpxtpx:TrackPointExtension></extensions></trkpt>
      <trkpt lat="51.08299" lon="-115.360693"><ele>1309.6</ele><time>2026-06-20T14:53:47.000Z</time><extensions><gpxtpx:TrackPointExtension><gpxtpx:hr>156</gpxtpx:hr></gpxtpx:TrackPointExtension></extensions></trkpt>
      <trkpt lat="51.082971" lon="-115.360638"><ele>1309.2</ele><time>2026-06-20T14:53:48.000Z</time><extensions><gpxtpx:TrackPointExtension><gpxtpx:hr>156</gpxtpx:hr></gpxtpx:TrackPointExtension></extensions></trkpt>
      <trkpt lat="51.082964" lon="-115.36062"><ele>1308.8</ele><time>2026-06-20T14:53:49.000Z</time><extensions><gpxtpx:TrackPointExtension><gpxtpx:hr>156</gpxtpx:hr></gpxtpx:TrackPointExtension></extensions></trkpt>
      <trkpt lat="51.082935" lon="-115.360563"><ele>1308.4</ele><time>2026-06-20T14:53:50.000Z</time><extensions><gpxtpx:TrackPointExtension><gpxtpx:hr>156</gpxtpx:hr></gpxtpx:TrackPointExtension></extensions></trkpt>
      <trkpt lat="51.082918" lon="-115.360539"><ele>1307.8</ele><time>2026-06-20T14:53:51.000Z</time><extensions><gpxtpx:TrackPointExtension><gpxtpx:hr>157</gpxtpx:hr></gpxtpx:TrackPointExtension></extensions></trkpt>
      <trkpt lat="51.082901" lon="-115.360516"><ele>1307.2</ele><time>2026-06-20T14:53:52.000Z</time><extensions><gpxtpx:TrackPointExtension><gpxtpx:hr>157</gpxtpx:hr></gpxtpx:TrackPointExtension></extensions></trkpt>
      <trkpt lat="51.082884" lon="-115.360492"><ele>1306.6</ele><time>2026-06-20T14:53:53.000Z</time><extensions><gpxtpx:TrackPointExtension><gpxtpx:hr>157</gpxtpx:hr></gpxtpx:TrackPointExtension></extensions></trkpt>
      <trkpt lat="51.082867" lon="-115.360469"><ele>1314.4</ele><time>2026-06-20T14:55:46.000Z</time><extensions><gpxtpx:TrackPointExtension><gpxtpx:hr>157</gpxtpx:hr></gpxtpx:TrackPointExtension></extensions></trkpt>
      <trkpt lat="51.08285" lon="-115.360446"><ele>1313.8</ele><time>2026-06-20T14:55:47.000Z</time><extensions><gpxtpx:TrackPointExtension><gpxtpx:hr>157</gpxtpx:hr></gpxtpx:TrackPointExtension></extensions></trkpt>
      <trkpt lat="51.082833" lon="-115.360422"><ele>1313.4</ele><time>2026-06-20T14:55:48.000Z</time><extensions><gpxtpx:TrackPointExtension><gpxtpx:hr>157</gpxtpx:hr></gpxtpx:TrackPointExtension></extensions></trkpt>
      <trkpt lat="51.082816" lon="-115.360399"><ele>1313</ele><time>2026-06-20T14:55:49.000Z</time><extensions><gpxtpx:TrackPointExtension><gpxtpx:hr>101</gpxtpx:hr></gpxtpx:TrackPointExtension></extensions></trkpt>
      <trkpt lat="51.082804" lon="-115.360371"><ele>1312.6</ele><time>2026-06-20T14:55:50.000Z</time><extensions><gpxtpx:TrackPointExtension><gpxtpx:hr>101</gpxtpx:hr></gpxtpx:TrackPointExtension></extensions></trkpt>
      <trkpt lat="51.082798" lon="-115.360358"><ele>1312.2</ele><time>2026-06-20T14:55:51.000Z</time><extensions><gpxtpx:TrackPointExtension><gpxtpx:hr>101</gpxtpx:hr></gpxtpx:TrackPointExtension></extensions></trkpt>
      <trkpt lat="51.082793" lon="-115.360344"><ele>1312</ele><time>2026-06-20T14:55:52.000Z</time><extensions><gpxtpx:TrackPointExtension><gpxtpx:hr>101</gpxtpx:hr></gpxtpx:TrackPointExtension></extensions></trkpt>
      <trkpt lat="51.082781" lon="-115.360308"><ele>1311.8</ele><time>2026-06-20T14:55:53.000Z</time><extensions><gpxtpx:TrackPointExtension><gpxtpx:hr>101</gpxtpx:hr></gpxtpx:TrackPointExtension></extensions></trkpt>
      <trkpt lat="51.082776" lon="-115.360296"><ele>1311.6</ele><time>2026-06-20T14:55:54.000Z</time><extensions><gpxtpx:TrackPointExtension><gpxtpx:hr>101</gpxtpx:hr></gpxtpx:TrackPointExtension></extensions></trkpt>
      <trkpt lat="51.082753" lon="-115.360249"><ele>1311.4</ele><time>2026-06-20T14:55:55.000Z</time><extensions><gpxtpx:TrackPointExtension><gpxtpx:hr>106</gpxtpx:hr></gpxtpx:TrackPointExtension></extensions></trkpt>
      <trkpt lat="51.082742" lon="-115.36023"><ele>1311.4</ele><time>2026-06-20T14:55:56.000Z</time><extensions><gpxtpx:TrackPointExtension><gpxtpx:hr>106</gpxtpx:hr></gpxtpx:TrackPointExtension></extensions></trkpt>
      <trkpt lat="51.082732" lon="-115.36021"><ele>1311.4</ele><time>2026-06-20T14:55:57.000Z</time><extensions><gpxtpx:TrackPointExtension><gpxtpx:hr>106</gpxtpx:hr></gpxtpx:TrackPointExtension></extensions></trkpt>
      <trkpt lat="51.082701" lon="-115.360144"><ele>1311.4</ele><time>2026-06-20T14:55:58.000Z</time><extensions><gpxtpx:TrackPointExtension><gpxtpx:hr>106</gpxtpx:hr></gpxtpx:TrackPointExtension></extensions></trkpt>
      <trkpt lat="51.082686" lon="-115.36011"><ele>1311.4</ele><time>2026-06-20T14:55:59.000Z</time><extensions><gpxtpx:TrackPointExtension><gpxtpx:hr>106</gpxtpx:hr></gpxtpx:TrackPointExtension></extensions></trkpt>
      <trkpt lat="51.082662" lon="-115.360045"><ele>1311.6</ele><time>2026-06-20T14:56:00.000Z</time><extensions><gpxtpx:TrackPointExtension><gpxtpx:hr>114</gpxtpx:hr></gpxtpx:TrackPointExtension></extensions></trkpt>
      <trkpt lat="51.082652" lon="-115.360019"><ele>1311.6</ele><time>2026-06-20T14:56:01.000Z</time><extensions><gpxtpx:TrackPointExtension><gpxtpx:hr>114</gpxtpx:hr></gpxtpx:TrackPointExtension></extensions></trkpt>
      <trkpt lat="51.082643" lon="-115.359993"><ele>1311.8</ele><time>2026-06-20T14:56:02.000Z</time><extensions><gpxtpx:TrackPointExtension><gpxtpx:hr>114</gpxtpx:hr></gpxtpx:TrackPointExtension></extensions></trkpt>
      <trkpt lat="51.082624" lon="-115.359934"><ele>1311.8</ele><time>2026-06-20T14:56:03.000Z</time><extensions><gpxtpx:TrackPointExtension><gpxtpx:hr>114</gpxtpx:hr></gpxtpx:TrackPointExtension></extensions></trkpt>
      <trkpt lat="51.082618" lon="-115.359914"><ele>1311.8</ele><time>2026-06-20T14:56:04.000Z</time><extensions><gpxtpx:TrackPointExtension><gpxtpx:hr>114</gpxtpx:hr></gpxtpx:TrackPointExtension></extensions></trkpt>
      <trkpt lat="51.082598" lon="-115.359848"><ele>1311.8</ele><time>2026-06-20T14:56:05.000Z</time><extensions><gpxtpx:TrackPointExtension><gpxtpx:hr>114</gpxtpx:hr></gpxtpx:TrackPointExtension></extensions></trkpt>
      <trkpt lat="51.082592" lon="-115.35982"><ele>1311.8</ele><time>2026-06-20T14:56:06.000Z</time><extensions><gpxtpx:TrackPointExtension><gpxtpx:hr>114</gpxtpx:hr></gpxtpx:TrackPointExtension></extensions></trkpt>
      <trkpt lat="51.082585" lon="-115.359793"><ele>1311.8</ele><time>2026-06-20T14:56:07.000Z</time><extensions><gpxtpx:TrackPointExtension><gpxtpx:hr>120</gpxtpx:hr></gpxtpx:TrackPointExtension></extensions></trkpt>
      <trkpt lat="51.082565" lon="-115.359739"><ele>1311.8</ele><time>2026-06-20T14:56:08.000Z</time><extensions><gpxtpx:TrackPointExtension><gpxtpx:hr>120</gpxtpx:hr></gpxtpx:TrackPointExtension></extensions></trkpt>
      <trkpt lat="51.082558" lon="-115.359722"><ele>1311.6</ele><time>2026-06-20T14:56:09.000Z</time><extensions><gpxtpx:TrackPointExtension><gpxtpx:hr>120</gpxtpx:hr></gpxtpx:TrackPointExtension></extensions></trkpt>
      <trkpt lat="51.082534" lon="-115.359666"><ele>1311.6</ele><time>2026-06-20T14:56:10.000Z</time><extensions><gpxtpx:TrackPointExtension><gpxtpx:hr>125</gpxtpx:hr></gpxtpx:TrackPointExtension></extensions></trkpt>
      <trkpt lat="51.082525" lon="-115.359643"><ele>1311.4</ele><time>2026-06-20T14:56:11.000Z</time><extensions><gpxtpx:TrackPointExtension><gpxtpx:hr>125</gpxtpx:hr></gpxtpx:TrackPointExtension></extensions></trkpt>
      <trkpt lat="51.082516" lon="-115.35962"><ele>1311</ele><time>2026-06-20T14:56:12.000Z</time><extensions><gpxtpx:TrackPointExtension><gpxtpx:hr>125</gpxtpx:hr></gpxtpx:TrackPointExtension></extensions></trkpt>
      <trkpt lat="51.082495" lon="-115.359561"><ele>1310.8</ele><time>2026-06-20T14:56:13.000Z</time><extensions><gpxtpx:TrackPointExtension><gpxtpx:hr>125</gpxtpx:hr></gpxtpx:TrackPointExtension></extensions></trkpt>
      <trkpt lat="51.082487" lon="-115.359537"><ele>1310.4</ele><time>2026-06-20T14:56:14.000Z</time><extensions><gpxtpx:TrackPointExtension><gpxtpx:hr>125</gpxtpx:hr></gpxtpx:TrackPointExtension></extensions></trkpt>
      <trkpt lat="51.082479" lon="-115.359514"><ele>1310</ele><time>2026-06-20T14:56:15.000Z</time><extensions><gpxtpx:TrackPointExtension><gpxtpx:hr>127</gpxtpx:hr></gpxtpx:TrackPointExtension></extensions></trkpt>
      <trkpt lat="51.082475" lon="-115.359458"><ele>1309.4</ele><time>2026-06-20T14:56:16.000Z</time><extensions><gpxtpx:TrackPointExtension><gpxtpx:hr>127</gpxtpx:hr></gpxtpx:TrackPointExtension></extensions></trkpt>
      <trkpt lat="51.082481" lon="-115.359438"><ele>1309</ele><time>2026-06-20T14:56:17.000Z</time><extensions><gpxtpx:TrackPointExtension><gpxtpx:hr>127</gpxtpx:hr></gpxtpx:TrackPointExtension></extensions></trkpt>
      <trkpt lat="51.082487" lon="-115.359417"><ele>1308.4</ele><time>2026-06-20T14:56:18.000Z</time><extensions><gpxtpx:TrackPointExtension><gpxtpx:hr>127</gpxtpx:hr></gpxtpx:TrackPointExtension></extensions></trkpt>
      <trkpt lat="51.082493" lon="-115.359397"><ele>1313.4</ele><time>2026-06-20T14:56:42.000Z</time><extensions><gpxtpx:TrackPointExtension><gpxtpx:hr>127</gpxtpx:hr></gpxtpx:TrackPointExtension></extensions></trkpt>
      <trkpt lat="51.082499" lon="-115.359376"><ele>1313</ele><time>2026-06-20T14:56:43.000Z</time><extensions><gpxtpx:TrackPointExtension><gpxtpx:hr>127</gpxtpx:hr></gpxtpx:TrackPointExtension></extensions></trkpt>
      <trkpt lat="51.082505" lon="-115.359356"><ele>1312.6</ele><time>2026-06-20T14:56:44.000Z</time><extensions><gpxtpx:TrackPointExtension><gpxtpx:hr>127</gpxtpx:hr></gpxtpx:TrackPointExtension></extensions></trkpt>
      <trkpt lat="51.082511" lon="-115.359335"><ele>1312.4</ele><time>2026-06-20T14:56:45.000Z</time><extensions><gpxtpx:TrackPointExtension><gpxtpx:hr>112</gpxtpx:hr></gpxtpx:TrackPointExtension></extensions></trkpt>
      <trkpt lat="51.082539" lon="-115.359315"><ele>1312.2</ele><time>2026-06-20T14:56:46.000Z</time><extensions><gpxtpx:TrackPointExtension><gpxtpx:hr>112</gpxtpx:hr></gpxtpx:TrackPointExtension></extensions></trkpt>
      <trkpt lat="51.082551" lon="-115.359304"><ele>1312</ele><time>2026-06-20T14:56:47.000Z</time><extensions><gpxtpx:TrackPointExtension><gpxtpx:hr>112</gpxtpx:hr></gpxtpx:TrackPointExtension></extensions></trkpt>
      <trkpt lat="51.082562" lon="-115.359294"><ele>1311.8</ele><time>2026-06-20T14:56:48.000Z</time><extensions><gpxtpx:TrackPointExtension><gpxtpx:hr>112</gpxtpx:hr></gpxtpx:TrackPointExtension></extensions></trkpt>
      <trkpt lat="51.082585" lon="-115.359253"><ele>1311.8</ele><time>2026-06-20T14:56:49.000Z</time><extensions><gpxtpx:TrackPointExtension><gpxtpx:hr>112</gpxtpx:hr></gpxtpx:TrackPointExtension></extensions></trkpt>
      <trkpt lat="51.082591" lon="-115.359236"><ele>1311.6</ele><time>2026-06-20T14:56:50.000Z</time><extensions><gpxtpx:TrackPointExtension><gpxtpx:hr>115</gpxtpx:hr></gpxtpx:TrackPointExtension></extensions></trkpt>
      <trkpt lat="51.082606" lon="-115.359174"><ele>1311.6</ele><time>2026-06-20T14:56:51.000Z</time><extensions><gpxtpx:TrackPointExtension><gpxtpx:hr>115</gpxtpx:hr></gpxtpx:TrackPointExtension></extensions></trkpt>
      <trkpt lat="51.08261" lon="-115.359147"><ele>1311.6</ele><time>2026-06-20T14:56:52.000Z</time><extensions><gpxtpx:TrackPointExtension><gpxtpx:hr>115</gpxtpx:hr></gpxtpx:TrackPointExtension></extensions></trkpt>
      <trkpt lat="51.082615" lon="-115.359121"><ele>1311.6</ele><time>2026-06-20T14:56:53.000Z</time><extensions><gpxtpx:TrackPointExtension><gpxtpx:hr>115</gpxtpx:hr></gpxtpx:TrackPointExtension></extensions></trkpt>
      <trkpt lat="51.082619" lon="-115.359058"><ele>1311.6</ele><time>2026-06-20T14:56:54.000Z</time><extensions><gpxtpx:TrackPointExtension><gpxtpx:hr>115</gpxtpx:hr></gpxtpx:TrackPointExtension></extensions></trkpt>
      <trkpt lat="51.082619" lon="-115.359036"><ele>1311.4</ele><time>2026-06-20T14:56:55.000Z</time><extensions><gpxtpx:TrackPointExtension><gpxtpx:hr>117</gpxtpx:hr></gpxtpx:TrackPointExtension></extensions></trkpt>
      <trkpt lat="51.08262" lon="-115.358963"><ele>1311.4</ele><time>2026-06-20T14:56:56.000Z</time><extensions><gpxtpx:TrackPointExtension><gpxtpx:hr>117</gpxtpx:hr></gpxtpx:TrackPointExtension></extensions></trkpt>
      <trkpt lat="51.08262" lon="-115.358933"><ele>1311.4</ele><time>2026-06-20T14:56:57.000Z</time><extensions><gpxtpx:TrackPointExtension><gpxtpx:hr>117</gpxtpx:hr></gpxtpx:TrackPointExtension></extensions></trkpt>
      <trkpt lat="51.08262" lon="-115.358904"><ele>1311.4</ele><time>2026-06-20T14:56:58.000Z</time><extensions><gpxtpx:TrackPointExtension><gpxtpx:hr>117</gpxtpx:hr></gpxtpx:TrackPointExtension></extensions></trkpt>
      <trkpt lat="51.082619" lon="-115.358835"><ele>1311.4</ele><time>2026-06-20T14:56:59.000Z</time><extensions><gpxtpx:TrackPointExtension><gpxtpx:hr>117</gpxtpx:hr></gpxtpx:TrackPointExtension></extensions></trkpt>
      <trkpt lat="51.082619" lon="-115.358812"><ele>1311.4</ele><time>2026-06-20T14:57:00.000Z</time><extensions><gpxtpx:TrackPointExtension><gpxtpx:hr>117</gpxtpx:hr></gpxtpx:TrackPointExtension></extensions></trkpt>
      <trkpt lat="51.082621" lon="-115.358734"><ele>1311.4</ele><time>2026-06-20T14:57:01.000Z</time><extensions><gpxtpx:TrackPointExtension><gpxtpx:hr>117</gpxtpx:hr></gpxtpx:TrackPointExtension></extensions></trkpt>
      <trkpt lat="51.082621" lon="-115.358703"><ele>1311.4</ele><time>2026-06-20T14:57:02.000Z</time><extensions><gpxtpx:TrackPointExtension><gpxtpx:hr>117</gpxtpx:hr></gpxtpx:TrackPointExtension></extensions></trkpt>
      <trkpt lat="51.082622" lon="-115.358672"><ele>1311.4</ele><time>2026-06-20T14:57:03.000Z</time><extensions><gpxtpx:TrackPointExtension><gpxtpx:hr>117</gpxtpx:hr></gpxtpx:TrackPointExtension></extensions></trkpt>
      <trkpt lat="51.082626" lon="-115.358595"><ele>1311.4</ele><time>2026-06-20T14:57:04.000Z</time><extensions><gpxtpx:TrackPointExtension><gpxtpx:hr>117</gpxtpx:hr></gpxtpx:TrackPointExtension></extensions></trkpt>
      <trkpt lat="51.082628" lon="-115.358563"><ele>1311.4</ele><time>2026-06-20T14:57:05.000Z</time><extensions><gpxtpx:TrackPointExtension><gpxtpx:hr>117</gpxtpx:hr></gpxtpx:TrackPointExtension></extensions></trkpt>
      <trkpt lat="51.082631" lon="-115.358532"><ele>1311.4</ele><time>2026-06-20T14:57:06.000Z</time><extensions><gpxtpx:TrackPointExtension><gpxtpx:hr>117</gpxtpx:hr></gpxtpx:TrackPointExtension></extensions></trkpt>
      <trkpt lat="51.082635" lon="-115.358462"><ele>1311.4</ele><time>2026-06-20T14:57:07.000Z</time><extensions><gpxtpx:TrackPointExtension><gpxtpx:hr>117</gpxtpx:hr></gpxtpx:TrackPointExtension></extensions></trkpt>
      <trkpt lat="51.082636" lon="-115.358439"><ele>1311.4</ele><time>2026-06-20T14:57:08.000Z</time><extensions><gpxtpx:TrackPointExtension><gpxtpx:hr>117</gpxtpx:hr></gpxtpx:TrackPointExtension></extensions></trkpt>
      <trkpt lat="51.082639" lon="-115.358364"><ele>1311.6</ele><time>2026-06-20T14:57:09.000Z</time><extensions><gpxtpx:TrackPointExtension><gpxtpx:hr>117</gpxtpx:hr></gpxtpx:TrackPointExtension></extensions></trkpt>
      <trkpt lat="51.082639" lon="-115.358335"><ele>1311.6</ele><time>2026-06-20T14:57:10.000Z</time><extensions><gpxtpx:TrackPointExtension><gpxtpx:hr>117</gpxtpx:hr></gpxtpx:TrackPointExtension></extensions></trkpt>
      <trkpt lat="51.08264" lon="-115.358305"><ele>1311.6</ele><time>2026-06-20T14:57:11.000Z</time><extensions><gpxtpx:TrackPointExtension><gpxtpx:hr>117</gpxtpx:hr></gpxtpx:TrackPointExtension></extensions></trkpt>
      <trkpt lat="51.082641" lon="-115.358238"><ele>1311.6</ele><time>2026-06-20T14:57:12.000Z</time><extensions><gpxtpx:TrackPointExtension><gpxtpx:hr>117</gpxtpx:hr></gpxtpx:TrackPointExtension></extensions></trkpt>
      <trkpt lat="51.082641" lon="-115.358215"><ele>1311.6</ele><time>2026-06-20T14:57:13.000Z</time><extensions><gpxtpx:TrackPointExtension><gpxtpx:hr>117</gpxtpx:hr></gpxtpx:TrackPointExtension></extensions></trkpt>
      <trkpt lat="51.082646" lon="-115.358137"><ele>1311.6</ele><time>2026-06-20T14:57:14.000Z</time><extensions><gpxtpx:TrackPointExtension><gpxtpx:hr>117</gpxtpx:hr></gpxtpx:TrackPointExtension></extensions></trkpt>
      <trkpt lat="51.08265" lon="-115.358104"><ele>1311.6</ele><time>2026-06-20T14:57:15.000Z</time><extensions><gpxtpx:TrackPointExtension><gpxtpx:hr>117</gpxtpx:hr></gpxtpx:TrackPointExtension></extensions></trkpt>
      <trkpt lat="51.082654" lon="-115.358072"><ele>1311.6</ele><time>2026-06-20T14:57:16.000Z</time><extensions><gpxtpx:TrackPointExtension><gpxtpx:hr>117</gpxtpx:hr></gpxtpx:TrackPointExtension></extensions></trkpt>
      <trkpt lat="51.082666" lon="-115.358001"><ele>1311.6</ele><time>2026-06-20T14:57:17.000Z</time><extensions><gpxtpx:TrackPointExtension><gpxtpx:hr>117</gpxtpx:hr></gpxtpx:TrackPointExtension></extensions></trkpt>
      <trkpt lat="51.08267" lon="-115.357978"><ele>1311.6</ele><time>2026-06-20T14:57:18.000Z</time><extensions><gpxtpx:TrackPointExtension><gpxtpx:hr>117</gpxtpx:hr></gpxtpx:TrackPointExtension></extensions></trkpt>
      <trkpt lat="51.082679" lon="-115.357903"><ele>1311.6</ele><time>2026-06-20T14:57:19.000Z</time><extensions><gpxtpx:TrackPointExtension><gpxtpx:hr>117</gpxtpx:hr></gpxtpx:TrackPointExtension></extensions></trkpt>
      <trkpt lat="51.082683" lon="-115.357873"><ele>1311.6</ele><time>2026-06-20T14:57:20.000Z</time><extensions><gpxtpx:TrackPointExtension><gpxtpx:hr>117</gpxtpx:hr></gpxtpx:TrackPointExtension></extensions></trkpt>
      <trkpt lat="51.082687" lon="-115.357843"><ele>1311.6</ele><time>2026-06-20T14:57:21.000Z</time><extensions><gpxtpx:TrackPointExtension><gpxtpx:hr>117</gpxtpx:hr></gpxtpx:TrackPointExtension></extensions></trkpt>
      <trkpt lat="51.082696" lon="-115.357776"><ele>1311.4</ele><time>2026-06-20T14:57:22.000Z</time><extensions><gpxtpx:TrackPointExtension><gpxtpx:hr>117</gpxtpx:hr></gpxtpx:TrackPointExtension></extensions></trkpt>
      <trkpt lat="51.082698" lon="-115.357753"><ele>1311.4</ele><time>2026-06-20T14:57:23.000Z</time><extensions><gpxtpx:TrackPointExtension><gpxtpx:hr>117</gpxtpx:hr></gpxtpx:TrackPointExtension></extensions></trkpt>
      <trkpt lat="51.082701" lon="-115.357684"><ele>1311.4</ele><time>2026-06-20T14:57:24.000Z</time><extensions><gpxtpx:TrackPointExtension><gpxtpx:hr>117</gpxtpx:hr></gpxtpx:TrackPointExtension></extensions></trkpt>
      <trkpt lat="51.0827" lon="-115.357656"><ele>1311.4</ele><time>2026-06-20T14:57:25.000Z</time><extensions><gpxtpx:TrackPointExtension><gpxtpx:hr>117</gpxtpx:hr></gpxtpx:TrackPointExtension></extensions></trkpt>
      <trkpt lat="51.0827" lon="-115.357629"><ele>1311.4</ele><time>2026-06-20T14:57:26.000Z</time><extensions><gpxtpx:TrackPointExtension><gpxtpx:hr>117</gpxtpx:hr></gpxtpx:TrackPointExtension></extensions></trkpt>
      <trkpt lat="51.082698" lon="-115.357564"><ele>1311.4</ele><time>2026-06-20T14:57:27.000Z</time><extensions><gpxtpx:TrackPointExtension><gpxtpx:hr>117</gpxtpx:hr></gpxtpx:TrackPointExtension></extensions></trkpt>
      <trkpt lat="51.082697" lon="-115.357543"><ele>1311.2</ele><time>2026-06-20T14:57:28.000Z</time><extensions><gpxtpx:TrackPointExtension><gpxtpx:hr>117</gpxtpx:hr></gpxtpx:TrackPointExtension></extensions></trkpt>
      <trkpt lat="51.082694" lon="-115.357472"><ele>1311.2</ele><time>2026-06-20T14:57:29.000Z</time><extensions><gpxtpx:TrackPointExtension><gpxtpx:hr>117</gpxtpx:hr></gpxtpx:TrackPointExtension></extensions></trkpt>
      <trkpt lat="51.082692" lon="-115.357444"><ele>1311.2</ele><time>2026-06-20T14:57:30.000Z</time><extensions><gpxtpx:TrackPointExtension><gpxtpx:hr>117</gpxtpx:hr></gpxtpx:TrackPointExtension></extensions></trkpt>
      <trkpt lat="51.082691" lon="-115.357416"><ele>1311.2</ele><time>2026-06-20T14:57:31.000Z</time><extensions><gpxtpx:TrackPointExtension><gpxtpx:hr>117</gpxtpx:hr></gpxtpx:TrackPointExtension></extensions></trkpt>
      <trkpt lat="51.082688" lon="-115.357344"><ele>1311.2</ele><time>2026-06-20T14:57:32.000Z</time><extensions><gpxtpx:TrackPointExtension><gpxtpx:hr>117</gpxtpx:hr></gpxtpx:TrackPointExtension></extensions></trkpt>
      <trkpt lat="51.082686" lon="-115.357315"><ele>1311.4</ele><time>2026-06-20T14:57:33.000Z</time><extensions><gpxtpx:TrackPointExtension><gpxtpx:hr>117</gpxtpx:hr></gpxtpx:TrackPointExtension></extensions></trkpt>
      <trkpt lat="51.082685" lon="-115.357285"><ele>1311.4</ele><time>2026-06-20T14:57:34.000Z</time><extensions><gpxtpx:TrackPointExtension><gpxtpx:hr>117</gpxtpx:hr></gpxtpx:TrackPointExtension></extensions></trkpt>
      <trkpt lat="51.082683" lon="-115.357221"><ele>1311.4</ele><time>2026-06-20T14:57:35.000Z</time><extensions><gpxtpx:TrackPointExtension><gpxtpx:hr>117</gpxtpx:hr></gpxtpx:TrackPointExtension></extensions></trkpt>
      <trkpt lat="51.082682" lon="-115.3572"><ele>1311.4</ele><time>2026-06-20T14:57:36.000Z</time><extensions><gpxtpx:TrackPointExtension><gpxtpx:hr>117</gpxtpx:hr></gpxtpx:TrackPointExtension></extensions></trkpt>
      <trkpt lat="51.082679" lon="-115.357129"><ele>1311.4</ele><time>2026-06-20T14:57:37.000Z</time><extensions><gpxtpx:TrackPointExtension><gpxtpx:hr>117</gpxtpx:hr></gpxtpx:TrackPointExtension></extensions></trkpt>
      <trkpt lat="51.082677" lon="-115.357101"><ele>1311.4</ele><time>2026-06-20T14:57:38.000Z</time><extensions><gpxtpx:TrackPointExtension><gpxtpx:hr>117</gpxtpx:hr></gpxtpx:TrackPointExtension></extensions></trkpt>
      <trkpt lat="51.082676" lon="-115.357073"><ele>1311.4</ele><time>2026-06-20T14:57:39.000Z</time><extensions><gpxtpx:TrackPointExtension><gpxtpx:hr>140</gpxtpx:hr></gpxtpx:TrackPointExtension></extensions></trkpt>
      <trkpt lat="51.082675" lon="-115.357012"><ele>1311.4</ele><time>2026-06-20T14:57:40.000Z</time><extensions><gpxtpx:TrackPointExtension><gpxtpx:hr>140</gpxtpx:hr></gpxtpx:TrackPointExtension></extensions></trkpt>
      <trkpt lat="51.082675" lon="-115.356992"><ele>1311.4</ele><time>2026-06-20T14:57:41.000Z</time><extensions><gpxtpx:TrackPointExtension><gpxtpx:hr>140</gpxtpx:hr></gpxtpx:TrackPointExtension></extensions></trkpt>
      <trkpt lat="51.082676" lon="-115.356922"><ele>1311.4</ele><time>2026-06-20T14:57:42.000Z</time><extensions><gpxtpx:TrackPointExtension><gpxtpx:hr>141</gpxtpx:hr></gpxtpx:TrackPointExtension></extensions></trkpt>
      <trkpt lat="51.082676" lon="-115.356893"><ele>1311.4</ele><time>2026-06-20T14:57:43.000Z</time><extensions><gpxtpx:TrackPointExtension><gpxtpx:hr>141</gpxtpx:hr></gpxtpx:TrackPointExtension></extensions></trkpt>
      <trkpt lat="51.082676" lon="-115.356865"><ele>1311.4</ele><time>2026-06-20T14:57:44.000Z</time><extensions><gpxtpx:TrackPointExtension><gpxtpx:hr>141</gpxtpx:hr></gpxtpx:TrackPointExtension></extensions></trkpt>
      <trkpt lat="51.082677" lon="-115.356803"><ele>1311.4</ele><time>2026-06-20T14:57:45.000Z</time><extensions><gpxtpx:TrackPointExtension><gpxtpx:hr>141</gpxtpx:hr></gpxtpx:TrackPointExtension></extensions></trkpt>
      <trkpt lat="51.082677" lon="-115.356782"><ele>1311.4</ele><time>2026-06-20T14:57:46.000Z</time><extensions><gpxtpx:TrackPointExtension><gpxtpx:hr>141</gpxtpx:hr></gpxtpx:TrackPointExtension></extensions></trkpt>
      <trkpt lat="51.082679" lon="-115.356714"><ele>1311.4</ele><time>2026-06-20T14:57:47.000Z</time><extensions><gpxtpx:TrackPointExtension><gpxtpx:hr>141</gpxtpx:hr></gpxtpx:TrackPointExtension></extensions></trkpt>
      <trkpt lat="51.082679" lon="-115.356687"><ele>1311.4</ele><time>2026-06-20T14:57:48.000Z</time><extensions><gpxtpx:TrackPointExtension><gpxtpx:hr>141</gpxtpx:hr></gpxtpx:TrackPointExtension></extensions></trkpt>
      <trkpt lat="51.08268" lon="-115.356661"><ele>1311.4</ele><time>2026-06-20T14:57:49.000Z</time><extensions><gpxtpx:TrackPointExtension><gpxtpx:hr>141</gpxtpx:hr></gpxtpx:TrackPointExtension></extensions></trkpt>
      <trkpt lat="51.082682" lon="-115.356603"><ele>1311.4</ele><time>2026-06-20T14:57:50.000Z</time><extensions><gpxtpx:TrackPointExtension><gpxtpx:hr>141</gpxtpx:hr></gpxtpx:TrackPointExtension></extensions></trkpt>
      <trkpt lat="51.082683" lon="-115.356583"><ele>1311.4</ele><time>2026-06-20T14:57:51.000Z</time><extensions><gpxtpx:TrackPointExtension><gpxtpx:hr>141</gpxtpx:hr></gpxtpx:TrackPointExtension></extensions></trkpt>
      <trkpt lat="51.082685" lon="-115.356517"><ele>1311.4</ele><time>2026-06-20T14:57:52.000Z</time><extensions><gpxtpx:TrackPointExtension><gpxtpx:hr>141</gpxtpx:hr></gpxtpx:TrackPointExtension></extensions></trkpt>
      <trkpt lat="51.082686" lon="-115.356491"><ele>1311.4</ele><time>2026-06-20T14:57:53.000Z</time><extensions><gpxtpx:TrackPointExtension><gpxtpx:hr>141</gpxtpx:hr></gpxtpx:TrackPointExtension></extensions></trkpt>
      <trkpt lat="51.082687" lon="-115.356465"><ele>1311.4</ele><time>2026-06-20T14:57:54.000Z</time><extensions><gpxtpx:TrackPointExtension><gpxtpx:hr>141</gpxtpx:hr></gpxtpx:TrackPointExtension></extensions></trkpt>
      <trkpt lat="51.082687" lon="-115.356407"><ele>1311.4</ele><time>2026-06-20T14:57:55.000Z</time><extensions><gpxtpx:TrackPointExtension><gpxtpx:hr>146</gpxtpx:hr></gpxtpx:TrackPointExtension></extensions></trkpt>
      <trkpt lat="51.082687" lon="-115.356386"><ele>1311.4</ele><time>2026-06-20T14:57:56.000Z</time><extensions><gpxtpx:TrackPointExtension><gpxtpx:hr>146</gpxtpx:hr></gpxtpx:TrackPointExtension></extensions></trkpt>
      <trkpt lat="51.082687" lon="-115.356317"><ele>1311.4</ele><time>2026-06-20T14:57:57.000Z</time><extensions><gpxtpx:TrackPointExtension><gpxtpx:hr>146</gpxtpx:hr></gpxtpx:TrackPointExtension></extensions></trkpt>
      <trkpt lat="51.082688" lon="-115.356289"><ele>1311.4</ele><time>2026-06-20T14:57:58.000Z</time><extensions><gpxtpx:TrackPointExtension><gpxtpx:hr>146</gpxtpx:hr></gpxtpx:TrackPointExtension></extensions></trkpt>
      <trkpt lat="51.082688" lon="-115.356261"><ele>1311.4</ele><time>2026-06-20T14:57:59.000Z</time><extensions><gpxtpx:TrackPointExtension><gpxtpx:hr>146</gpxtpx:hr></gpxtpx:TrackPointExtension></extensions></trkpt>
      <trkpt lat="51.082682" lon="-115.356192"><ele>1311.4</ele><time>2026-06-20T14:58:00.000Z</time><extensions><gpxtpx:TrackPointExtension><gpxtpx:hr>146</gpxtpx:hr></gpxtpx:TrackPointExtension></extensions></trkpt>
      <trkpt lat="51.08268" lon="-115.356166"><ele>1311.4</ele><time>2026-06-20T14:58:01.000Z</time><extensions><gpxtpx:TrackPointExtension><gpxtpx:hr>146</gpxtpx:hr></gpxtpx:TrackPointExtension></extensions></trkpt>
      <trkpt lat="51.082677" lon="-115.356139"><ele>1311.4</ele><time>2026-06-20T14:58:02.000Z</time><extensions><gpxtpx:TrackPointExtension><gpxtpx:hr>146</gpxtpx:hr></gpxtpx:TrackPointExtension></extensions></trkpt>
      <trkpt lat="51.08267" lon="-115.35608"><ele>1311.4</ele><time>2026-06-20T14:58:03.000Z</time><extensions><gpxtpx:TrackPointExtension><gpxtpx:hr>146</gpxtpx:hr></gpxtpx:TrackPointExtension></extensions></trkpt>
      <trkpt lat="51.082667" lon="-115.356061"><ele>1311.4</ele><time>2026-06-20T14:58:04.000Z</time><extensions><gpxtpx:TrackPointExtension><gpxtpx:hr>146</gpxtpx:hr></gpxtpx:TrackPointExtension></extensions></trkpt>
      <trkpt lat="51.082662" lon="-115.355996"><ele>1311.4</ele><time>2026-06-20T14:58:05.000Z</time><extensions><gpxtpx:TrackPointExtension><gpxtpx:hr>146</gpxtpx:hr></gpxtpx:TrackPointExtension></extensions></trkpt>
      <trkpt lat="51.08266" lon="-115.355968"><ele>1311.4</ele><time>2026-06-20T14:58:06.000Z</time><extensions><gpxtpx:TrackPointExtension><gpxtpx:hr>146</gpxtpx:hr></gpxtpx:TrackPointExtension></extensions></trkpt>
      <trkpt lat="51.082658" lon="-115.355941"><ele>1311.4</ele><time>2026-06-20T14:58:07.000Z</time><extensions><gpxtpx:TrackPointExtension><gpxtpx:hr>146</gpxtpx:hr></gpxtpx:TrackPointExtension></extensions></trkpt>
      <trkpt lat="51.082652" lon="-115.355878"><ele>1311.4</ele><time>2026-06-20T14:58:08.000Z</time><extensions><gpxtpx:TrackPointExtension><gpxtpx:hr>146</gpxtpx:hr></gpxtpx:TrackPointExtension></extensions></trkpt>
      <trkpt lat="51.08265" lon="-115.355857"><ele>1311.4</ele><time>2026-06-20T14:58:09.000Z</time><extensions><gpxtpx:TrackPointExtension><gpxtpx:hr>146</gpxtpx:hr></gpxtpx:TrackPointExtension></extensions></trkpt>
      <trkpt lat="51.082645" lon="-115.355787"><ele>1311.4</ele><time>2026-06-20T14:58:10.000Z</time><extensions><gpxtpx:TrackPointExtension><gpxtpx:hr>146</gpxtpx:hr></gpxtpx:TrackPointExtension></extensions></trkpt>
      <trkpt lat="51.082643" lon="-115.355758"><ele>1311.4</ele><time>2026-06-20T14:58:11.000Z</time><extensions><gpxtpx:TrackPointExtension><gpxtpx:hr>146</gpxtpx:hr></gpxtpx:TrackPointExtension></extensions></trkpt>
      <trkpt lat="51.082641" lon="-115.35573"><ele>1311.4</ele><time>2026-06-20T14:58:12.000Z</time><extensions><gpxtpx:TrackPointExtension><gpxtpx:hr>146</gpxtpx:hr></gpxtpx:TrackPointExtension></extensions></trkpt>
      <trkpt lat="51.082638" lon="-115.355667"><ele>1311.4</ele><time>2026-06-20T14:58:13.000Z</time><extensions><gpxtpx:TrackPointExtension><gpxtpx:hr>146</gpxtpx:hr></gpxtpx:TrackPointExtension></extensions></trkpt>
      <trkpt lat="51.082637" lon="-115.355646"><ele>1311.4</ele><time>2026-06-20T14:58:14.000Z</time><extensions><gpxtpx:TrackPointExtension><gpxtpx:hr>146</gpxtpx:hr></gpxtpx:TrackPointExtension></extensions></trkpt>
      <trkpt lat="51.08264" lon="-115.355578"><ele>1311.4</ele><time>2026-06-20T14:58:15.000Z</time><extensions><gpxtpx:TrackPointExtension><gpxtpx:hr>146</gpxtpx:hr></gpxtpx:TrackPointExtension></extensions></trkpt>
      <trkpt lat="51.082641" lon="-115.35555"><ele>1311.4</ele><time>2026-06-20T14:58:16.000Z</time><extensions><gpxtpx:TrackPointExtension><gpxtpx:hr>146</gpxtpx:hr></gpxtpx:TrackPointExtension></extensions></trkpt>
      <trkpt lat="51.082643" lon="-115.355523"><ele>1311.4</ele><time>2026-06-20T14:58:17.000Z</time><extensions><gpxtpx:TrackPointExtension><gpxtpx:hr>146</gpxtpx:hr></gpxtpx:TrackPointExtension></extensions></trkpt>
      <trkpt lat="51.082648" lon="-115.35546"><ele>1311.4</ele><time>2026-06-20T14:58:18.000Z</time><extensions><gpxtpx:TrackPointExtension><gpxtpx:hr>146</gpxtpx:hr></gpxtpx:TrackPointExtension></extensions></trkpt>
      <trkpt lat="51.082649" lon="-115.355438"><ele>1311.4</ele><time>2026-06-20T14:58:19.000Z</time><extensions><gpxtpx:TrackPointExtension><gpxtpx:hr>146</gpxtpx:hr></gpxtpx:TrackPointExtension></extensions></trkpt>
      <trkpt lat="51.082652" lon="-115.355367"><ele>1311.4</ele><time>2026-06-20T14:58:20.000Z</time><extensions><gpxtpx:TrackPointExtension><gpxtpx:hr>146</gpxtpx:hr></gpxtpx:TrackPointExtension></extensions></trkpt>
      <trkpt lat="51.082653" lon="-115.355338"><ele>1311.4</ele><time>2026-06-20T14:58:21.000Z</time><extensions><gpxtpx:TrackPointExtension><gpxtpx:hr>146</gpxtpx:hr></gpxtpx:TrackPointExtension></extensions></trkpt>
      <trkpt lat="51.082653" lon="-115.355309"><ele>1311.4</ele><time>2026-06-20T14:58:22.000Z</time><extensions><gpxtpx:TrackPointExtension><gpxtpx:hr>146</gpxtpx:hr></gpxtpx:TrackPointExtension></extensions></trkpt>
      <trkpt lat="51.082653" lon="-115.355237"><ele>1311.4</ele><time>2026-06-20T14:58:23.000Z</time><extensions><gpxtpx:TrackPointExtension><gpxtpx:hr>146</gpxtpx:hr></gpxtpx:TrackPointExtension></extensions></trkpt>
      <trkpt lat="51.082654" lon="-115.355211"><ele>1311.4</ele><time>2026-06-20T14:58:24.000Z</time><extensions><gpxtpx:TrackPointExtension><gpxtpx:hr>149</gpxtpx:hr></gpxtpx:TrackPointExtension></extensions></trkpt>
      <trkpt lat="51.082654" lon="-115.355184"><ele>1311.4</ele><time>2026-06-20T14:58:25.000Z</time><extensions><gpxtpx:TrackPointExtension><gpxtpx:hr>149</gpxtpx:hr></gpxtpx:TrackPointExtension></extensions></trkpt>
      <trkpt lat="51.082657" lon="-115.355125"><ele>1311.4</ele><time>2026-06-20T14:58:26.000Z</time><extensions><gpxtpx:TrackPointExtension><gpxtpx:hr>149</gpxtpx:hr></gpxtpx:TrackPointExtension></extensions></trkpt>
      <trkpt lat="51.082657" lon="-115.355104"><ele>1311.6</ele><time>2026-06-20T14:58:27.000Z</time><extensions><gpxtpx:TrackPointExtension><gpxtpx:hr>149</gpxtpx:hr></gpxtpx:TrackPointExtension></extensions></trkpt>
      <trkpt lat="51.082661" lon="-115.355035"><ele>1311.6</ele><time>2026-06-20T14:58:28.000Z</time><extensions><gpxtpx:TrackPointExtension><gpxtpx:hr>149</gpxtpx:hr></gpxtpx:TrackPointExtension></extensions></trkpt>
      <trkpt lat="51.082663" lon="-115.355007"><ele>1311.6</ele><time>2026-06-20T14:58:29.000Z</time><extensions><gpxtpx:TrackPointExtension><gpxtpx:hr>148</gpxtpx:hr></gpxtpx:TrackPointExtension></extensions></trkpt>
      <trkpt lat="51.082665" lon="-115.35498"><ele>1311.6</ele><time>2026-06-20T14:58:30.000Z</time><extensions><gpxtpx:TrackPointExtension><gpxtpx:hr>148</gpxtpx:hr></gpxtpx:TrackPointExtension></extensions></trkpt>
      <trkpt lat="51.08267" lon="-115.354919"><ele>1311.6</ele><time>2026-06-20T14:58:31.000Z</time><extensions><gpxtpx:TrackPointExtension><gpxtpx:hr>148</gpxtpx:hr></gpxtpx:TrackPointExtension></extensions></trkpt>
      <trkpt lat="51.082671" lon="-115.354899"><ele>1311.6</ele><time>2026-06-20T14:58:32.000Z</time><extensions><gpxtpx:TrackPointExtension><gpxtpx:hr>148</gpxtpx:hr></gpxtpx:TrackPointExtension></extensions></trkpt>
      <trkpt lat="51.082676" lon="-115.354835"><ele>1311.6</ele><time>2026-06-20T14:58:33.000Z</time><extensions><gpxtpx:TrackPointExtension><gpxtpx:hr>148</gpxtpx:hr></gpxtpx:TrackPointExtension></extensions></trkpt>
      <trkpt lat="51.082678" lon="-115.35481"><ele>1311.6</ele><time>2026-06-20T14:58:34.000Z</time><extensions><gpxtpx:TrackPointExtension><gpxtpx:hr>148</gpxtpx:hr></gpxtpx:TrackPointExtension></extensions></trkpt>
      <trkpt lat="51.08268" lon="-115.354784"><ele>1311.6</ele><time>2026-06-20T14:58:35.000Z</time><extensions><gpxtpx:TrackPointExtension><gpxtpx:hr>148</gpxtpx:hr></gpxtpx:TrackPointExtension></extensions></trkpt>
      <trkpt lat="51.082682" lon="-115.354723"><ele>1311.6</ele><time>2026-06-20T14:58:36.000Z</time><extensions><gpxtpx:TrackPointExtension><gpxtpx:hr>148</gpxtpx:hr></gpxtpx:TrackPointExtension></extensions></trkpt>
      <trkpt lat="51.082682" lon="-115.354702"><ele>1311.6</ele><time>2026-06-20T14:58:37.000Z</time><extensions><gpxtpx:TrackPointExtension><gpxtpx:hr>146</gpxtpx:hr></gpxtpx:TrackPointExtension></extensions></trkpt>
      <trkpt lat="51.082682" lon="-115.354632"><ele>1311.6</ele><time>2026-06-20T14:58:38.000Z</time><extensions><gpxtpx:TrackPointExtension><gpxtpx:hr>146</gpxtpx:hr></gpxtpx:TrackPointExtension></extensions></trkpt>
      <trkpt lat="51.082681" lon="-115.354605"><ele>1311.6</ele><time>2026-06-20T14:58:39.000Z</time><extensions><gpxtpx:TrackPointExtension><gpxtpx:hr>146</gpxtpx:hr></gpxtpx:TrackPointExtension></extensions></trkpt>
      <trkpt lat="51.082681" lon="-115.354577"><ele>1311.6</ele><time>2026-06-20T14:58:40.000Z</time><extensions><gpxtpx:TrackPointExtension><gpxtpx:hr>146</gpxtpx:hr></gpxtpx:TrackPointExtension></extensions></trkpt>
      <trkpt lat="51.08268" lon="-115.354514"><ele>1311.6</ele><time>2026-06-20T14:58:41.000Z</time><extensions><gpxtpx:TrackPointExtension><gpxtpx:hr>146</gpxtpx:hr></gpxtpx:TrackPointExtension></extensions></trkpt>
      <trkpt lat="51.08268" lon="-115.354493"><ele>1311.6</ele><time>2026-06-20T14:58:42.000Z</time><extensions><gpxtpx:TrackPointExtension><gpxtpx:hr>146</gpxtpx:hr></gpxtpx:TrackPointExtension></extensions></trkpt>
      <trkpt lat="51.082681" lon="-115.354422"><ele>1311.6</ele><time>2026-06-20T14:58:43.000Z</time><extensions><gpxtpx:TrackPointExtension><gpxtpx:hr>146</gpxtpx:hr></gpxtpx:TrackPointExtension></extensions></trkpt>
      <trkpt lat="51.082682" lon="-115.354394"><ele>1311.6</ele><time>2026-06-20T14:58:44.000Z</time><extensions><gpxtpx:TrackPointExtension><gpxtpx:hr>145</gpxtpx:hr></gpxtpx:TrackPointExtension></extensions></trkpt>
      <trkpt lat="51.082682" lon="-115.354365"><ele>1311.6</ele><time>2026-06-20T14:58:45.000Z</time><extensions><gpxtpx:TrackPointExtension><gpxtpx:hr>145</gpxtpx:hr></gpxtpx:TrackPointExtension></extensions></trkpt>
      <trkpt lat="51.082682" lon="-115.354298"><ele>1311.6</ele><time>2026-06-20T14:58:46.000Z</time><extensions><gpxtpx:TrackPointExtension><gpxtpx:hr>145</gpxtpx:hr></gpxtpx:TrackPointExtension></extensions></trkpt>
      <trkpt lat="51.082681" lon="-115.354275"><ele>1311.6</ele><time>2026-06-20T14:58:47.000Z</time><extensions><gpxtpx:TrackPointExtension><gpxtpx:hr>145</gpxtpx:hr></gpxtpx:TrackPointExtension></extensions></trkpt>
      <trkpt lat="51.082678" lon="-115.354203"><ele>1311.6</ele><time>2026-06-20T14:58:48.000Z</time><extensions><gpxtpx:TrackPointExtension><gpxtpx:hr>145</gpxtpx:hr></gpxtpx:TrackPointExtension></extensions></trkpt>
      <trkpt lat="51.082678" lon="-115.354177"><ele>1311.6</ele><time>2026-06-20T14:58:49.000Z</time><extensions><gpxtpx:TrackPointExtension><gpxtpx:hr>145</gpxtpx:hr></gpxtpx:TrackPointExtension></extensions></trkpt>
      <trkpt lat="51.082677" lon="-115.35415"><ele>1311.6</ele><time>2026-06-20T14:58:50.000Z</time><extensions><gpxtpx:TrackPointExtension><gpxtpx:hr>146</gpxtpx:hr></gpxtpx:TrackPointExtension></extensions></trkpt>
      <trkpt lat="51.082676" lon="-115.354085"><ele>1311.6</ele><time>2026-06-20T14:58:51.000Z</time><extensions><gpxtpx:TrackPointExtension><gpxtpx:hr>146</gpxtpx:hr></gpxtpx:TrackPointExtension></extensions></trkpt>
      <trkpt lat="51.082674" lon="-115.354058"><ele>1311.6</ele><time>2026-06-20T14:58:52.000Z</time><extensions><gpxtpx:TrackPointExtension><gpxtpx:hr>146</gpxtpx:hr></gpxtpx:TrackPointExtension></extensions></trkpt>
      <trkpt lat="51.082673" lon="-115.35403"><ele>1311.6</ele><time>2026-06-20T14:58:53.000Z</time><extensions><gpxtpx:TrackPointExtension><gpxtpx:hr>146</gpxtpx:hr></gpxtpx:TrackPointExtension></extensions></trkpt>
      <trkpt lat="51.082671" lon="-115.353969"><ele>1311.6</ele><time>2026-06-20T14:58:54.000Z</time><extensions><gpxtpx:TrackPointExtension><gpxtpx:hr>146</gpxtpx:hr></gpxtpx:TrackPointExtension></extensions></trkpt>
      <trkpt lat="51.08267" lon="-115.35395"><ele>1311.6</ele><time>2026-06-20T14:58:55.000Z</time><extensions><gpxtpx:TrackPointExtension><gpxtpx:hr>145</gpxtpx:hr></gpxtpx:TrackPointExtension></extensions></trkpt>
      <trkpt lat="51.082673" lon="-115.353885"><ele>1311.6</ele><time>2026-06-20T14:58:56.000Z</time><extensions><gpxtpx:TrackPointExtension><gpxtpx:hr>145</gpxtpx:hr></gpxtpx:TrackPointExtension></extensions></trkpt>
      <trkpt lat="51.082675" lon="-115.35386"><ele>1311.6</ele><time>2026-06-20T14:58:57.000Z</time><extensions><gpxtpx:TrackPointExtension><gpxtpx:hr>145</gpxtpx:hr></gpxtpx:TrackPointExtension></extensions></trkpt>
      <trkpt lat="51.082676" lon="-115.353834"><ele>1311.6</ele><time>2026-06-20T14:58:58.000Z</time><extensions><gpxtpx:TrackPointExtension><gpxtpx:hr>145</gpxtpx:hr></gpxtpx:TrackPointExtension></extensions></trkpt>
      <trkpt lat="51.082678" lon="-115.353775"><ele>1311.6</ele><time>2026-06-20T14:58:59.000Z</time><extensions><gpxtpx:TrackPointExtension><gpxtpx:hr>145</gpxtpx:hr></gpxtpx:TrackPointExtension></extensions></trkpt>
      <trkpt lat="51.082678" lon="-115.353754"><ele>1311.6</ele><time>2026-06-20T14:59:00.000Z</time><extensions><gpxtpx:TrackPointExtension><gpxtpx:hr>142</gpxtpx:hr></gpxtpx:TrackPointExtension></extensions></trkpt>
      <trkpt lat="51.082679" lon="-115.353682"><ele>1311.6</ele><time>2026-06-20T14:59:01.000Z</time><extensions><gpxtpx:TrackPointExtension><gpxtpx:hr>142</gpxtpx:hr></gpxtpx:TrackPointExtension></extensions></trkpt>
      <trkpt lat="51.082679" lon="-115.353652"><ele>1311.4</ele><time>2026-06-20T14:59:02.000Z</time><extensions><gpxtpx:TrackPointExtension><gpxtpx:hr>142</gpxtpx:hr></gpxtpx:TrackPointExtension></extensions></trkpt>
      <trkpt lat="51.082679" lon="-115.353623"><ele>1311.4</ele><time>2026-06-20T14:59:03.000Z</time><extensions><gpxtpx:TrackPointExtension><gpxtpx:hr>142</gpxtpx:hr></gpxtpx:TrackPointExtension></extensions></trkpt>
      <trkpt lat="51.082679" lon="-115.353558"><ele>1311.4</ele><time>2026-06-20T14:59:04.000Z</time><extensions><gpxtpx:TrackPointExtension><gpxtpx:hr>142</gpxtpx:hr></gpxtpx:TrackPointExtension></extensions></trkpt>
      <trkpt lat="51.08268" lon="-115.353536"><ele>1311.4</ele><time>2026-06-20T14:59:05.000Z</time><extensions><gpxtpx:TrackPointExtension><gpxtpx:hr>142</gpxtpx:hr></gpxtpx:TrackPointExtension></extensions></trkpt>
      <trkpt lat="51.082684" lon="-115.353463"><ele>1311.4</ele><time>2026-06-20T14:59:06.000Z</time><extensions><gpxtpx:TrackPointExtension><gpxtpx:hr>142</gpxtpx:hr></gpxtpx:TrackPointExtension></extensions></trkpt>
      <trkpt lat="51.082686" lon="-115.353434"><ele>1311.4</ele><time>2026-06-20T14:59:07.000Z</time><extensions><gpxtpx:TrackPointExtension><gpxtpx:hr>142</gpxtpx:hr></gpxtpx:TrackPointExtension></extensions></trkpt>
      <trkpt lat="51.082687" lon="-115.353404"><ele>1311.4</ele><time>2026-06-20T14:59:08.000Z</time><extensions><gpxtpx:TrackPointExtension><gpxtpx:hr>145</gpxtpx:hr></gpxtpx:TrackPointExtension></extensions></trkpt>
      <trkpt lat="51.082683" lon="-115.353338"><ele>1311.4</ele><time>2026-06-20T14:59:09.000Z</time><extensions><gpxtpx:TrackPointExtension><gpxtpx:hr>145</gpxtpx:hr></gpxtpx:TrackPointExtension></extensions></trkpt>
      <trkpt lat="51.082681" lon="-115.353317"><ele>1311.4</ele><time>2026-06-20T14:59:10.000Z</time><extensions><gpxtpx:TrackPointExtension><gpxtpx:hr>145</gpxtpx:hr></gpxtpx:TrackPointExtension></extensions></trkpt>
      <trkpt lat="51.082675" lon="-115.353247"><ele>1311.4</ele><time>2026-06-20T14:59:11.000Z</time><extensions><gpxtpx:TrackPointExtension><gpxtpx:hr>145</gpxtpx:hr></gpxtpx:TrackPointExtension></extensions></trkpt>
      <trkpt lat="51.082674" lon="-115.353218"><ele>1311.4</ele><time>2026-06-20T14:59:12.000Z</time><extensions><gpxtpx:TrackPointExtension><gpxtpx:hr>141</gpxtpx:hr></gpxtpx:TrackPointExtension></extensions></trkpt>
      <trkpt lat="51.082672" lon="-115.35319"><ele>1311.4</ele><time>2026-06-20T14:59:13.000Z</time><extensions><gpxtpx:TrackPointExtension><gpxtpx:hr>141</gpxtpx:hr></gpxtpx:TrackPointExtension></extensions></trkpt>
      <trkpt lat="51.082672" lon="-115.35313"><ele>1311.4</ele><time>2026-06-20T14:59:14.000Z</time><extensions><gpxtpx:TrackPointExtension><gpxtpx:hr>141</gpxtpx:hr></gpxtpx:TrackPointExtension></extensions></trkpt>
      <trkpt lat="51.082672" lon="-115.35311"><ele>1311.4</ele><time>2026-06-20T14:59:15.000Z</time><extensions><gpxtpx:TrackPointExtension><gpxtpx:hr>141</gpxtpx:hr></gpxtpx:TrackPointExtension></extensions></trkpt>
      <trkpt lat="51.08267" lon="-115.353045"><ele>1311.4</ele><time>2026-06-20T14:59:16.000Z</time><extensions><gpxtpx:TrackPointExtension><gpxtpx:hr>147</gpxtpx:hr></gpxtpx:TrackPointExtension></extensions></trkpt>
      <trkpt lat="51.082668" lon="-115.353019"><ele>1311.2</ele><time>2026-06-20T14:59:17.000Z</time><extensions><gpxtpx:TrackPointExtension><gpxtpx:hr>147</gpxtpx:hr></gpxtpx:TrackPointExtension></extensions></trkpt>
      <trkpt lat="51.082667" lon="-115.352992"><ele>1311.2</ele><time>2026-06-20T14:59:18.000Z</time><extensions><gpxtpx:TrackPointExtension><gpxtpx:hr>147</gpxtpx:hr></gpxtpx:TrackPointExtension></extensions></trkpt>
      <trkpt lat="51.082664" lon="-115.352926"><ele>1311.2</ele><time>2026-06-20T14:59:19.000Z</time><extensions><gpxtpx:TrackPointExtension><gpxtpx:hr>147</gpxtpx:hr></gpxtpx:TrackPointExtension></extensions></trkpt>
      <trkpt lat="51.082663" lon="-115.352899"><ele>1311.2</ele><time>2026-06-20T14:59:20.000Z</time><extensions><gpxtpx:TrackPointExtension><gpxtpx:hr>147</gpxtpx:hr></gpxtpx:TrackPointExtension></extensions></trkpt>
      <trkpt lat="51.082662" lon="-115.352873"><ele>1311.2</ele><time>2026-06-20T14:59:21.000Z</time><extensions><gpxtpx:TrackPointExtension><gpxtpx:hr>147</gpxtpx:hr></gpxtpx:TrackPointExtension></extensions></trkpt>
      <trkpt lat="51.08266" lon="-115.352817"><ele>1311.2</ele><time>2026-06-20T14:59:22.000Z</time><extensions><gpxtpx:TrackPointExtension><gpxtpx:hr>147</gpxtpx:hr></gpxtpx:TrackPointExtension></extensions></trkpt>
      <trkpt lat="51.082659" lon="-115.352798"><ele>1311.2</ele><time>2026-06-20T14:59:23.000Z</time><extensions><gpxtpx:TrackPointExtension><gpxtpx:hr>147</gpxtpx:hr></gpxtpx:TrackPointExtension></extensions></trkpt>
      <trkpt lat="51.082659" lon="-115.352732"><ele>1311.2</ele><time>2026-06-20T14:59:24.000Z</time><extensions><gpxtpx:TrackPointExtension><gpxtpx:hr>145</gpxtpx:hr></gpxtpx:TrackPointExtension></extensions></trkpt>
      <trkpt lat="51.08266" lon="-115.352707"><ele>1311.2</ele><time>2026-06-20T14:59:25.000Z</time><extensions><gpxtpx:TrackPointExtension><gpxtpx:hr>145</gpxtpx:hr></gpxtpx:TrackPointExtension></extensions></trkpt>
      <trkpt lat="51.08266" lon="-115.352681"><ele>1311.2</ele><time>2026-06-20T14:59:26.000Z</time><extensions><gpxtpx:TrackPointExtension><gpxtpx:hr>143</gpxtpx:hr></gpxtpx:TrackPointExtension></extensions></trkpt>
      <trkpt lat="51.082662" lon="-115.352626"><ele>1311</ele><time>2026-06-20T14:59:27.000Z</time><extensions><gpxtpx:TrackPointExtension><gpxtpx:hr>143</gpxtpx:hr></gpxtpx:TrackPointExtension></extensions></trkpt>
      <trkpt lat="51.082663" lon="-115.352607"><ele>1311</ele><time>2026-06-20T14:59:28.000Z</time><extensions><gpxtpx:TrackPointExtension><gpxtpx:hr>143</gpxtpx:hr></gpxtpx:TrackPointExtension></extensions></trkpt>
      <trkpt lat="51.082668" lon="-115.352544"><ele>1311</ele><time>2026-06-20T14:59:29.000Z</time><extensions><gpxtpx:TrackPointExtension><gpxtpx:hr>143</gpxtpx:hr></gpxtpx:TrackPointExtension></extensions></trkpt>
      <trkpt lat="51.08267" lon="-115.352518"><ele>1311</ele><time>2026-06-20T14:59:30.000Z</time><extensions><gpxtpx:TrackPointExtension><gpxtpx:hr>143</gpxtpx:hr></gpxtpx:TrackPointExtension></extensions></trkpt>
      <trkpt lat="51.082672" lon="-115.352492"><ele>1311</ele><time>2026-06-20T14:59:31.000Z</time><extensions><gpxtpx:TrackPointExtension><gpxtpx:hr>143</gpxtpx:hr></gpxtpx:TrackPointExtension></extensions></trkpt>
      <trkpt lat="51.082673" lon="-115.352435"><ele>1311</ele><time>2026-06-20T14:59:32.000Z</time><extensions><gpxtpx:TrackPointExtension><gpxtpx:hr>143</gpxtpx:hr></gpxtpx:TrackPointExtension></extensions></trkpt>
      <trkpt lat="51.082673" lon="-115.352416"><ele>1311.2</ele><time>2026-06-20T14:59:33.000Z</time><extensions><gpxtpx:TrackPointExtension><gpxtpx:hr>143</gpxtpx:hr></gpxtpx:TrackPointExtension></extensions></trkpt>
      <trkpt lat="51.082673" lon="-115.35235"><ele>1311.2</ele><time>2026-06-20T14:59:34.000Z</time><extensions><gpxtpx:TrackPointExtension><gpxtpx:hr>143</gpxtpx:hr></gpxtpx:TrackPointExtension></extensions></trkpt>
      <trkpt lat="51.082673" lon="-115.352322"><ele>1311</ele><time>2026-06-20T14:59:35.000Z</time><extensions><gpxtpx:TrackPointExtension><gpxtpx:hr>139</gpxtpx:hr></gpxtpx:TrackPointExtension></extensions></trkpt>
      <trkpt lat="51.082673" lon="-115.352295"><ele>1311</ele><time>2026-06-20T14:59:36.000Z</time><extensions><gpxtpx:TrackPointExtension><gpxtpx:hr>139</gpxtpx:hr></gpxtpx:TrackPointExtension></extensions></trkpt>
      <trkpt lat="51.082672" lon="-115.352234"><ele>1311</ele><time>2026-06-20T14:59:37.000Z</time><extensions><gpxtpx:TrackPointExtension><gpxtpx:hr>139</gpxtpx:hr></gpxtpx:TrackPointExtension></extensions></trkpt>
      <trkpt lat="51.082672" lon="-115.352214"><ele>1310.8</ele><time>2026-06-20T14:59:38.000Z</time><extensions><gpxtpx:TrackPointExtension><gpxtpx:hr>140</gpxtpx:hr></gpxtpx:TrackPointExtension></extensions></trkpt>
      <trkpt lat="51.082667" lon="-115.352148"><ele>1310.6</ele><time>2026-06-20T14:59:39.000Z</time><extensions><gpxtpx:TrackPointExtension><gpxtpx:hr>140</gpxtpx:hr></gpxtpx:TrackPointExtension></extensions></trkpt>
      <trkpt lat="51.082664" lon="-115.352121"><ele>1310.4</ele><time>2026-06-20T14:59:40.000Z</time><extensions><gpxtpx:TrackPointExtension><gpxtpx:hr>140</gpxtpx:hr></gpxtpx:TrackPointExtension></extensions></trkpt>
      <trkpt lat="51.082662" lon="-115.352095"><ele>1310.2</ele><time>2026-06-20T14:59:41.000Z</time><extensions><gpxtpx:TrackPointExtension><gpxtpx:hr>140</gpxtpx:hr></gpxtpx:TrackPointExtension></extensions></trkpt>
      <trkpt lat="51.082657" lon="-115.35203"><ele>1309.8</ele><time>2026-06-20T14:59:42.000Z</time><extensions><gpxtpx:TrackPointExtension><gpxtpx:hr>143</gpxtpx:hr></gpxtpx:TrackPointExtension></extensions></trkpt>
      <trkpt lat="51.082655" lon="-115.352003"><ele>1309.6</ele><time>2026-06-20T14:59:43.000Z</time><extensions><gpxtpx:TrackPointExtension><gpxtpx:hr>143</gpxtpx:hr></gpxtpx:TrackPointExtension></extensions></trkpt>
      <trkpt lat="51.082654" lon="-115.351977"><ele>1309.4</ele><time>2026-06-20T14:59:44.000Z</time><extensions><gpxtpx:TrackPointExtension><gpxtpx:hr>143</gpxtpx:hr></gpxtpx:TrackPointExtension></extensions></trkpt>
      <trkpt lat="51.082653" lon="-115.351917"><ele>1309.2</ele><time>2026-06-20T14:59:45.000Z</time><extensions><gpxtpx:TrackPointExtension><gpxtpx:hr>143</gpxtpx:hr></gpxtpx:TrackPointExtension></extensions></trkpt>
      <trkpt lat="51.082652" lon="-115.351897"><ele>1309</ele><time>2026-06-20T14:59:46.000Z</time><extensions><gpxtpx:TrackPointExtension><gpxtpx:hr>143</gpxtpx:hr></gpxtpx:TrackPointExtension></extensions></trkpt>
      <trkpt lat="51.082651" lon="-115.351833"><ele>1308.8</ele><time>2026-06-20T14:59:47.000Z</time><extensions><gpxtpx:TrackPointExtension><gpxtpx:hr>143</gpxtpx:hr></gpxtpx:TrackPointExtension></extensions></trkpt>
      <trkpt lat="51.082651" lon="-115.351809"><ele>1308.8</ele><time>2026-06-20T14:59:48.000Z</time><extensions><gpxtpx:TrackPointExtension><gpxtpx:hr>143</gpxtpx:hr></gpxtpx:TrackPointExtension></extensions></trkpt>
      <trkpt lat="51.082651" lon="-115.351784"><ele>1308.6</ele><time>2026-06-20T14:59:49.000Z</time><extensions><gpxtpx:TrackPointExtension><gpxtpx:hr>144</gpxtpx:hr></gpxtpx:TrackPointExtension></extensions></trkpt>
      <trkpt lat="51.08265" lon="-115.351728"><ele>1308.6</ele><time>2026-06-20T14:59:50.000Z</time><extensions><gpxtpx:TrackPointExtension><gpxtpx:hr>144</gpxtpx:hr></gpxtpx:TrackPointExtension></extensions></trkpt>
      <trkpt lat="51.082649" lon="-115.35171"><ele>1308.6</ele><time>2026-06-20T14:59:51.000Z</time><extensions><gpxtpx:TrackPointExtension><gpxtpx:hr>144</gpxtpx:hr></gpxtpx:TrackPointExtension></extensions></trkpt>
      <trkpt lat="51.08264" lon="-115.351652"><ele>1308.6</ele><time>2026-06-20T14:59:52.000Z</time><extensions><gpxtpx:TrackPointExtension><gpxtpx:hr>144</gpxtpx:hr></gpxtpx:TrackPointExtension></extensions></trkpt>
      <trkpt lat="51.082635" lon="-115.351629"><ele>1308.6</ele><time>2026-06-20T14:59:53.000Z</time><extensions><gpxtpx:TrackPointExtension><gpxtpx:hr>144</gpxtpx:hr></gpxtpx:TrackPointExtension></extensions></trkpt>
      <trkpt lat="51.08263" lon="-115.351607"><ele>1308.6</ele><time>2026-06-20T14:59:54.000Z</time><extensions><gpxtpx:TrackPointExtension><gpxtpx:hr>144</gpxtpx:hr></gpxtpx:TrackPointExtension></extensions></trkpt>
      <trkpt lat="51.082619" lon="-115.351558"><ele>1308.6</ele><time>2026-06-20T14:59:55.000Z</time><extensions><gpxtpx:TrackPointExtension><gpxtpx:hr>144</gpxtpx:hr></gpxtpx:TrackPointExtension></extensions></trkpt>
      <trkpt lat="51.082616" lon="-115.351542"><ele>1308.6</ele><time>2026-06-20T14:59:56.000Z</time><extensions><gpxtpx:TrackPointExtension><gpxtpx:hr>145</gpxtpx:hr></gpxtpx:TrackPointExtension></extensions></trkpt>
      <trkpt lat="51.082611" lon="-115.351487"><ele>1308.6</ele><time>2026-06-20T14:59:57.000Z</time><extensions><gpxtpx:TrackPointExtension><gpxtpx:hr>145</gpxtpx:hr></gpxtpx:TrackPointExtension></extensions></trkpt>
      <trkpt lat="51.082611" lon="-115.351464"><ele>1308.6</ele><time>2026-06-20T14:59:58.000Z</time><extensions><gpxtpx:TrackPointExtension><gpxtpx:hr>145</gpxtpx:hr></gpxtpx:TrackPointExtension></extensions></trkpt>
      <trkpt lat="51.08261" lon="-115.351442"><ele>1308.6</ele><time>2026-06-20T14:59:59.000Z</time><extensions><gpxtpx:TrackPointExtension><gpxtpx:hr>145</gpxtpx:hr></gpxtpx:TrackPointExtension></extensions></trkpt>
      <trkpt lat="51.082609" lon="-115.351386"><ele>1308.6</ele><time>2026-06-20T15:00:00.000Z</time><extensions><gpxtpx:TrackPointExtension><gpxtpx:hr>145</gpxtpx:hr></gpxtpx:TrackPointExtension></extensions></trkpt>
      <trkpt lat="51.082608" lon="-115.351368"><ele>1308.6</ele><time>2026-06-20T15:00:01.000Z</time><extensions><gpxtpx:TrackPointExtension><gpxtpx:hr>145</gpxtpx:hr></gpxtpx:TrackPointExtension></extensions></trkpt>
      <trkpt lat="51.082603" lon="-115.351306"><ele>1308.6</ele><time>2026-06-20T15:00:02.000Z</time><extensions><gpxtpx:TrackPointExtension><gpxtpx:hr>145</gpxtpx:hr></gpxtpx:TrackPointExtension></extensions></trkpt>
      <trkpt lat="51.0826" lon="-115.351281"><ele>1308.6</ele><time>2026-06-20T15:00:03.000Z</time><extensions><gpxtpx:TrackPointExtension><gpxtpx:hr>145</gpxtpx:hr></gpxtpx:TrackPointExtension></extensions></trkpt>
      <trkpt lat="51.082598" lon="-115.351256"><ele>1308.8</ele><time>2026-06-20T15:00:04.000Z</time><extensions><gpxtpx:TrackPointExtension><gpxtpx:hr>145</gpxtpx:hr></gpxtpx:TrackPointExtension></extensions></trkpt>
      <trkpt lat="51.082598" lon="-115.3512"><ele>1308.8</ele><time>2026-06-20T15:00:05.000Z</time><extensions><gpxtpx:TrackPointExtension><gpxtpx:hr>145</gpxtpx:hr></gpxtpx:TrackPointExtension></extensions></trkpt>
      <trkpt lat="51.082598" lon="-115.351182"><ele>1308.8</ele><time>2026-06-20T15:00:06.000Z</time><extensions><gpxtpx:TrackPointExtension><gpxtpx:hr>145</gpxtpx:hr></gpxtpx:TrackPointExtension></extensions></trkpt>
      <trkpt lat="51.0826" lon="-115.351149"><ele>1308.8</ele><time>2026-06-20T15:00:07.000Z</time><extensions><gpxtpx:TrackPointExtension><gpxtpx:hr>145</gpxtpx:hr></gpxtpx:TrackPointExtension></extensions></trkpt>
      <trkpt lat="51.082604" lon="-115.351121"><ele>1309</ele><time>2026-06-20T15:00:08.000Z</time><extensions><gpxtpx:TrackPointExtension><gpxtpx:hr>145</gpxtpx:hr></gpxtpx:TrackPointExtension></extensions></trkpt>
      <trkpt lat="51.082607" lon="-115.351096"><ele>1309</ele><time>2026-06-20T15:00:09.000Z</time><extensions><gpxtpx:TrackPointExtension><gpxtpx:hr>145</gpxtpx:hr></gpxtpx:TrackPointExtension></extensions></trkpt>
      <trkpt lat="51.082605" lon="-115.351045"><ele>1309.2</ele><time>2026-06-20T15:00:10.000Z</time><extensions><gpxtpx:TrackPointExtension><gpxtpx:hr>145</gpxtpx:hr></gpxtpx:TrackPointExtension></extensions></trkpt>
      <trkpt lat="51.082603" lon="-115.351022"><ele>1309.2</ele><time>2026-06-20T15:00:11.000Z</time><extensions><gpxtpx:TrackPointExtension><gpxtpx:hr>145</gpxtpx:hr></gpxtpx:TrackPointExtension></extensions></trkpt>
      <trkpt lat="51.0826" lon="-115.350998"><ele>1309.4</ele><time>2026-06-20T15:00:12.000Z</time><extensions><gpxtpx:TrackPointExtension><gpxtpx:hr>145</gpxtpx:hr></gpxtpx:TrackPointExtension></extensions></trkpt>
      <trkpt lat="51.082593" lon="-115.350944"><ele>1309.4</ele><time>2026-06-20T15:00:13.000Z</time><extensions><gpxtpx:TrackPointExtension><gpxtpx:hr>145</gpxtpx:hr></gpxtpx:TrackPointExtension></extensions></trkpt>
      <trkpt lat="51.08259" lon="-115.350926"><ele>1309.6</ele><time>2026-06-20T15:00:14.000Z</time><extensions><gpxtpx:TrackPointExtension><gpxtpx:hr>141</gpxtpx:hr></gpxtpx:TrackPointExtension></extensions></trkpt>
      <trkpt lat="51.082588" lon="-115.350867"><ele>1309.6</ele><time>2026-06-20T15:00:15.000Z</time><extensions><gpxtpx:TrackPointExtension><gpxtpx:hr>141</gpxtpx:hr></gpxtpx:TrackPointExtension></extensions></trkpt>
      <trkpt lat="51.082588" lon="-115.350843"><ele>1309.8</ele><time>2026-06-20T15:00:16.000Z</time><extensions><gpxtpx:TrackPointExtension><gpxtpx:hr>141</gpxtpx:hr></gpxtpx:TrackPointExtension></extensions></trkpt>
      <trkpt lat="51.082588" lon="-115.35082"><ele>1309.8</ele><time>2026-06-20T15:00:17.000Z</time><extensions><gpxtpx:TrackPointExtension><gpxtpx:hr>141</gpxtpx:hr></gpxtpx:TrackPointExtension></extensions></trkpt>
      <trkpt lat="51.082587" lon="-115.350767"><ele>1309.8</ele><time>2026-06-20T15:00:18.000Z</time><extensions><gpxtpx:TrackPointExtension><gpxtpx:hr>141</gpxtpx:hr></gpxtpx:TrackPointExtension></extensions></trkpt>
      <trkpt lat="51.082586" lon="-115.35075"><ele>1309.6</ele><time>2026-06-20T15:00:19.000Z</time><extensions><gpxtpx:TrackPointExtension><gpxtpx:hr>141</gpxtpx:hr></gpxtpx:TrackPointExtension></extensions></trkpt>
      <trkpt lat="51.082585" lon="-115.350696"><ele>1309.6</ele><time>2026-06-20T15:00:20.000Z</time><extensions><gpxtpx:TrackPointExtension><gpxtpx:hr>139</gpxtpx:hr></gpxtpx:TrackPointExtension></extensions></trkpt>
      <trkpt lat="51.082585" lon="-115.350675"><ele>1309.4</ele><time>2026-06-20T15:00:21.000Z</time><extensions><gpxtpx:TrackPointExtension><gpxtpx:hr>139</gpxtpx:hr></gpxtpx:TrackPointExtension></extensions></trkpt>
      <trkpt lat="51.082584" lon="-115.350654"><ele>1309.4</ele><time>2026-06-20T15:00:22.000Z</time><extensions><gpxtpx:TrackPointExtension><gpxtpx:hr>139</gpxtpx:hr></gpxtpx:TrackPointExtension></extensions></trkpt>
      <trkpt lat="51.082576" lon="-115.350597"><ele>1309.2</ele><time>2026-06-20T15:00:23.000Z</time><extensions><gpxtpx:TrackPointExtension><gpxtpx:hr>139</gpxtpx:hr></gpxtpx:TrackPointExtension></extensions></trkpt>
      <trkpt lat="51.08257" lon="-115.350572"><ele>1309.2</ele><time>2026-06-20T15:00:24.000Z</time><extensions><gpxtpx:TrackPointExtension><gpxtpx:hr>139</gpxtpx:hr></gpxtpx:TrackPointExtension></extensions></trkpt>
      <trkpt lat="51.082563" lon="-115.350546"><ele>1309.2</ele><time>2026-06-20T15:00:25.000Z</time><extensions><gpxtpx:TrackPointExtension><gpxtpx:hr>139</gpxtpx:hr></gpxtpx:TrackPointExtension></extensions></trkpt>
      <trkpt lat="51.082556" lon="-115.35052"><ele>1309.2</ele><time>2026-06-20T15:00:26.000Z</time><extensions><gpxtpx:TrackPointExtension><gpxtpx:hr>139</gpxtpx:hr></gpxtpx:TrackPointExtension></extensions></trkpt>
      <trkpt lat="51.08255" lon="-115.350494"><ele>1310.8</ele><time>2026-06-20T15:00:40.000Z</time><extensions><gpxtpx:TrackPointExtension><gpxtpx:hr>139</gpxtpx:hr></gpxtpx:TrackPointExtension></extensions></trkpt>
      <trkpt lat="51.082543" lon="-115.350469"><ele>1310.8</ele><time>2026-06-20T15:00:41.000Z</time><extensions><gpxtpx:TrackPointExtension><gpxtpx:hr>130</gpxtpx:hr></gpxtpx:TrackPointExtension></extensions></trkpt>
      <trkpt lat="51.082536" lon="-115.350443"><ele>1310.8</ele><time>2026-06-20T15:00:42.000Z</time><extensions><gpxtpx:TrackPointExtension><gpxtpx:hr>130</gpxtpx:hr></gpxtpx:TrackPointExtension></extensions></trkpt>
      <trkpt lat="51.082529" lon="-115.350417"><ele>1310.6</ele><time>2026-06-20T15:00:43.000Z</time><extensions><gpxtpx:TrackPointExtension><gpxtpx:hr>130</gpxtpx:hr></gpxtpx:TrackPointExtension></extensions></trkpt>
      <trkpt lat="51.082523" lon="-115.350392"><ele>1310.6</ele><time>2026-06-20T15:00:44.000Z</time><extensions><gpxtpx:TrackPointExtension><gpxtpx:hr>130</gpxtpx:hr></gpxtpx:TrackPointExtension></extensions></trkpt>
      <trkpt lat="51.082516" lon="-115.350366"><ele>1310.4</ele><time>2026-06-20T15:00:45.000Z</time><extensions><gpxtpx:TrackPointExtension><gpxtpx:hr>130</gpxtpx:hr></gpxtpx:TrackPointExtension></extensions></trkpt>
      <trkpt lat="51.082507" lon="-115.350326"><ele>1310.2</ele><time>2026-06-20T15:00:46.000Z</time><extensions><gpxtpx:TrackPointExtension><gpxtpx:hr>128</gpxtpx:hr></gpxtpx:TrackPointExtension></extensions></trkpt>
      <trkpt lat="51.082503" lon="-115.350314"><ele>1310.2</ele><time>2026-06-20T15:00:47.000Z</time><extensions><gpxtpx:TrackPointExtension><gpxtpx:hr>128</gpxtpx:hr></gpxtpx:TrackPointExtension></extensions></trkpt>
      <trkpt lat="51.082493" lon="-115.350272"><ele>1310.2</ele><time>2026-06-20T15:00:48.000Z</time><extensions><gpxtpx:TrackPointExtension><gpxtpx:hr>128</gpxtpx:hr></gpxtpx:TrackPointExtension></extensions></trkpt>
      <trkpt lat="51.082492" lon="-115.350255"><ele>1310</ele><time>2026-06-20T15:00:49.000Z</time><extensions><gpxtpx:TrackPointExtension><gpxtpx:hr>128</gpxtpx:hr></gpxtpx:TrackPointExtension></extensions></trkpt>
      <trkpt lat="51.08249" lon="-115.350238"><ele>1310</ele><time>2026-06-20T15:00:50.000Z</time><extensions><gpxtpx:TrackPointExtension><gpxtpx:hr>128</gpxtpx:hr></gpxtpx:TrackPointExtension></extensions></trkpt>
      <trkpt lat="51.082499" lon="-115.350198"><ele>1310</ele><time>2026-06-20T15:00:51.000Z</time><extensions><gpxtpx:TrackPointExtension><gpxtpx:hr>125</gpxtpx:hr></gpxtpx:TrackPointExtension></extensions></trkpt>
      <trkpt lat="51.082503" lon="-115.350184"><ele>1310</ele><time>2026-06-20T15:00:52.000Z</time><extensions><gpxtpx:TrackPointExtension><gpxtpx:hr>125</gpxtpx:hr></gpxtpx:TrackPointExtension></extensions></trkpt>
      <trkpt lat="51.082518" lon="-115.350142"><ele>1309.8</ele><time>2026-06-20T15:00:53.000Z</time><extensions><gpxtpx:TrackPointExtension><gpxtpx:hr>125</gpxtpx:hr></gpxtpx:TrackPointExtension></extensions></trkpt>
      <trkpt lat="51.082525" lon="-115.350125"><ele>1309.8</ele><time>2026-06-20T15:00:54.000Z</time><extensions><gpxtpx:TrackPointExtension><gpxtpx:hr>125</gpxtpx:hr></gpxtpx:TrackPointExtension></extensions></trkpt>
      <trkpt lat="51.082531" lon="-115.350109"><ele>1309.6</ele><time>2026-06-20T15:00:55.000Z</time><extensions><gpxtpx:TrackPointExtension><gpxtpx:hr>125</gpxtpx:hr></gpxtpx:TrackPointExtension></extensions></trkpt>
      <trkpt lat="51.08254" lon="-115.350086"><ele>1309.4</ele><time>2026-06-20T15:00:56.000Z</time><extensions><gpxtpx:TrackPointExtension><gpxtpx:hr>125</gpxtpx:hr></gpxtpx:TrackPointExtension></extensions></trkpt>
      <trkpt lat="51.082547" lon="-115.350065"><ele>1309.2</ele><time>2026-06-20T15:00:57.000Z</time><extensions><gpxtpx:TrackPointExtension><gpxtpx:hr>125</gpxtpx:hr></gpxtpx:TrackPointExtension></extensions></trkpt>
      <trkpt lat="51.082558" lon="-115.350037"><ele>1309</ele><time>2026-06-20T15:00:58.000Z</time><extensions><gpxtpx:TrackPointExtension><gpxtpx:hr>125</gpxtpx:hr></gpxtpx:TrackPointExtension></extensions></trkpt>
      <trkpt lat="51.082565" lon="-115.350019"><ele>1308.6</ele><time>2026-06-20T15:00:59.000Z</time><extensions><gpxtpx:TrackPointExtension><gpxtpx:hr>125</gpxtpx:hr></gpxtpx:TrackPointExtension></extensions></trkpt>
      <trkpt lat="51.082573" lon="-115.350001"><ele>1307.8</ele><time>2026-06-20T15:01:01.000Z</time><extensions><gpxtpx:TrackPointExtension><gpxtpx:hr>125</gpxtpx:hr></gpxtpx:TrackPointExtension></extensions></trkpt>
      <trkpt lat="51.08258" lon="-115.349983"><ele>1312.8</ele><time>2026-06-20T15:01:29.000Z</time><extensions><gpxtpx:TrackPointExtension><gpxtpx:hr>125</gpxtpx:hr></gpxtpx:TrackPointExtension></extensions></trkpt>
      <trkpt lat="51.082588" lon="-115.349965"><ele>1312.4</ele><time>2026-06-20T15:01:30.000Z</time><extensions><gpxtpx:TrackPointExtension><gpxtpx:hr>125</gpxtpx:hr></gpxtpx:TrackPointExtension></extensions></trkpt>
      <trkpt lat="51.082596" lon="-115.349948"><ele>1312.2</ele><time>2026-06-20T15:01:31.000Z</time><extensions><gpxtpx:TrackPointExtension><gpxtpx:hr>118</gpxtpx:hr></gpxtpx:TrackPointExtension></extensions></trkpt>
      <trkpt lat="51.082603" lon="-115.34993"><ele>1312.2</ele><time>2026-06-20T15:01:32.000Z</time><extensions><gpxtpx:TrackPointExtension><gpxtpx:hr>118</gpxtpx:hr></gpxtpx:TrackPointExtension></extensions></trkpt>
      <trkpt lat="51.082611" lon="-115.349912"><ele>1312</ele><time>2026-06-20T15:01:33.000Z</time><extensions><gpxtpx:TrackPointExtension><gpxtpx:hr>118</gpxtpx:hr></gpxtpx:TrackPointExtension></extensions></trkpt>
      <trkpt lat="51.082618" lon="-115.349894"><ele>1312</ele><time>2026-06-20T15:01:34.000Z</time><extensions><gpxtpx:TrackPointExtension><gpxtpx:hr>118</gpxtpx:hr></gpxtpx:TrackPointExtension></extensions></trkpt>
      <trkpt lat="51.082626" lon="-115.349876"><ele>1312</ele><time>2026-06-20T15:01:35.000Z</time><extensions><gpxtpx:TrackPointExtension><gpxtpx:hr>118</gpxtpx:hr></gpxtpx:TrackPointExtension></extensions></trkpt>
      <trkpt lat="51.082634" lon="-115.349858"><ele>1312.2</ele><time>2026-06-20T15:01:36.000Z</time><extensions><gpxtpx:TrackPointExtension><gpxtpx:hr>114</gpxtpx:hr></gpxtpx:TrackPointExtension></extensions></trkpt>
      <trkpt lat="51.082658" lon="-115.349823"><ele>1312.2</ele><time>2026-06-20T15:01:37.000Z</time><extensions><gpxtpx:TrackPointExtension><gpxtpx:hr>114</gpxtpx:hr></gpxtpx:TrackPointExtension></extensions></trkpt>
      <trkpt lat="51.082668" lon="-115.349814"><ele>1312.2</ele><time>2026-06-20T15:01:38.000Z</time><extensions><gpxtpx:TrackPointExtension><gpxtpx:hr>114</gpxtpx:hr></gpxtpx:TrackPointExtension></extensions></trkpt>
      <trkpt lat="51.082702" lon="-115.349788"><ele>1312.2</ele><time>2026-06-20T15:01:39.000Z</time><extensions><gpxtpx:TrackPointExtension><gpxtpx:hr>114</gpxtpx:hr></gpxtpx:TrackPointExtension></extensions></trkpt>
      <trkpt lat="51.082716" lon="-115.349777"><ele>1312.2</ele><time>2026-06-20T15:01:40.000Z</time><extensions><gpxtpx:TrackPointExtension><gpxtpx:hr>114</gpxtpx:hr></gpxtpx:TrackPointExtension></extensions></trkpt>
      <trkpt lat="51.08273" lon="-115.349767"><ele>1312.4</ele><time>2026-06-20T15:01:41.000Z</time><extensions><gpxtpx:TrackPointExtension><gpxtpx:hr>114</gpxtpx:hr></gpxtpx:TrackPointExtension></extensions></trkpt>
      <trkpt lat="51.082762" lon="-115.349744"><ele>1312.4</ele><time>2026-06-20T15:01:42.000Z</time><extensions><gpxtpx:TrackPointExtension><gpxtpx:hr>114</gpxtpx:hr></gpxtpx:TrackPointExtension></extensions></trkpt>
      <trkpt lat="51.082773" lon="-115.349737"><ele>1312.4</ele><time>2026-06-20T15:01:43.000Z</time><extensions><gpxtpx:TrackPointExtension><gpxtpx:hr>114</gpxtpx:hr></gpxtpx:TrackPointExtension></extensions></trkpt>
      <trkpt lat="51.082806" lon="-115.349709"><ele>1312.4</ele><time>2026-06-20T15:01:44.000Z</time><extensions><gpxtpx:TrackPointExtension><gpxtpx:hr>114</gpxtpx:hr></gpxtpx:TrackPointExtension></extensions></trkpt>
      <trkpt lat="51.082819" lon="-115.349698"><ele>1312.6</ele><time>2026-06-20T15:01:45.000Z</time><extensions><gpxtpx:TrackPointExtension><gpxtpx:hr>114</gpxtpx:hr></gpxtpx:TrackPointExtension></extensions></trkpt>
      <trkpt lat="51.082832" lon="-115.349686"><ele>1312.6</ele><time>2026-06-20T15:01:46.000Z</time><extensions><gpxtpx:TrackPointExtension><gpxtpx:hr>114</gpxtpx:hr></gpxtpx:TrackPointExtension></extensions></trkpt>
      <trkpt lat="51.082861" lon="-115.34966"><ele>1312.6</ele><time>2026-06-20T15:01:47.000Z</time><extensions><gpxtpx:TrackPointExtension><gpxtpx:hr>114</gpxtpx:hr></gpxtpx:TrackPointExtension></extensions></trkpt>
      <trkpt lat="51.08287" lon="-115.349652"><ele>1312.6</ele><time>2026-06-20T15:01:48.000Z</time><extensions><gpxtpx:TrackPointExtension><gpxtpx:hr>111</gpxtpx:hr></gpxtpx:TrackPointExtension></extensions></trkpt>
      <trkpt lat="51.082903" lon="-115.349624"><ele>1312.8</ele><time>2026-06-20T15:01:49.000Z</time><extensions><gpxtpx:TrackPointExtension><gpxtpx:hr>111</gpxtpx:hr></gpxtpx:TrackPointExtension></extensions></trkpt>
      <trkpt lat="51.082916" lon="-115.349612"><ele>1312.8</ele><time>2026-06-20T15:01:50.000Z</time><extensions><gpxtpx:TrackPointExtension><gpxtpx:hr>111</gpxtpx:hr></gpxtpx:TrackPointExtension></extensions></trkpt>
      <trkpt lat="51.082929" lon="-115.349601"><ele>1313</ele><time>2026-06-20T15:01:51.000Z</time><extensions><gpxtpx:TrackPointExtension><gpxtpx:hr>111</gpxtpx:hr></gpxtpx:TrackPointExtension></extensions></trkpt>
      <trkpt lat="51.082961" lon="-115.349578"><ele>1313</ele><time>2026-06-20T15:01:52.000Z</time><extensions><gpxtpx:TrackPointExtension><gpxtpx:hr>111</gpxtpx:hr></gpxtpx:TrackPointExtension></extensions></trkpt>
      <trkpt lat="51.082971" lon="-115.349569"><ele>1313.2</ele><time>2026-06-20T15:01:53.000Z</time><extensions><gpxtpx:TrackPointExtension><gpxtpx:hr>111</gpxtpx:hr></gpxtpx:TrackPointExtension></extensions></trkpt>
      <trkpt lat="51.083" lon="-115.349537"><ele>1313.2</ele><time>2026-06-20T15:01:54.000Z</time><extensions><gpxtpx:TrackPointExtension><gpxtpx:hr>112</gpxtpx:hr></gpxtpx:TrackPointExtension></extensions></trkpt>
      <trkpt lat="51.083011" lon="-115.349522"><ele>1313.4</ele><time>2026-06-20T15:01:55.000Z</time><extensions><gpxtpx:TrackPointExtension><gpxtpx:hr>112</gpxtpx:hr></gpxtpx:TrackPointExtension></extensions></trkpt>
      <trkpt lat="51.083022" lon="-115.349508"><ele>1313.4</ele><time>2026-06-20T15:01:56.000Z</time><extensions><gpxtpx:TrackPointExtension><gpxtpx:hr>113</gpxtpx:hr></gpxtpx:TrackPointExtension></extensions></trkpt>
      <trkpt lat="51.083047" lon="-115.349465"><ele>1313.6</ele><time>2026-06-20T15:01:57.000Z</time><extensions><gpxtpx:TrackPointExtension><gpxtpx:hr>113</gpxtpx:hr></gpxtpx:TrackPointExtension></extensions></trkpt>
      <trkpt lat="51.083057" lon="-115.349448"><ele>1313.6</ele><time>2026-06-20T15:01:58.000Z</time><extensions><gpxtpx:TrackPointExtension><gpxtpx:hr>113</gpxtpx:hr></gpxtpx:TrackPointExtension></extensions></trkpt>
      <trkpt lat="51.083066" lon="-115.34943"><ele>1313.6</ele><time>2026-06-20T15:01:59.000Z</time><extensions><gpxtpx:TrackPointExtension><gpxtpx:hr>113</gpxtpx:hr></gpxtpx:TrackPointExtension></extensions></trkpt>
      <trkpt lat="51.08309" lon="-115.349391"><ele>1313.8</ele><time>2026-06-20T15:02:00.000Z</time><extensions><gpxtpx:TrackPointExtension><gpxtpx:hr>113</gpxtpx:hr></gpxtpx:TrackPointExtension></extensions></trkpt>
      <trkpt lat="51.083098" lon="-115.349379"><ele>1313.8</ele><time>2026-06-20T15:02:01.000Z</time><extensions><gpxtpx:TrackPointExtension><gpxtpx:hr>115</gpxtpx:hr></gpxtpx:TrackPointExtension></extensions></trkpt>
      <trkpt lat="51.083131" lon="-115.349355"><ele>1313.8</ele><time>2026-06-20T15:02:02.000Z</time><extensions><gpxtpx:TrackPointExtension><gpxtpx:hr>115</gpxtpx:hr></gpxtpx:TrackPointExtension></extensions></trkpt>
      <trkpt lat="51.083145" lon="-115.349349"><ele>1314</ele><time>2026-06-20T15:02:03.000Z</time><extensions><gpxtpx:TrackPointExtension><gpxtpx:hr>115</gpxtpx:hr></gpxtpx:TrackPointExtension></extensions></trkpt>
      <trkpt lat="51.083158" lon="-115.349343"><ele>1314</ele><time>2026-06-20T15:02:04.000Z</time><extensions><gpxtpx:TrackPointExtension><gpxtpx:hr>115</gpxtpx:hr></gpxtpx:TrackPointExtension></extensions></trkpt>
      <trkpt lat="51.083175" lon="-115.349341"><ele>1314</ele><time>2026-06-20T15:02:05.000Z</time><extensions><gpxtpx:TrackPointExtension><gpxtpx:hr>115</gpxtpx:hr></gpxtpx:TrackPointExtension></extensions></trkpt>
      <trkpt lat="51.083191" lon="-115.349342"><ele>1314</ele><time>2026-06-20T15:02:06.000Z</time><extensions><gpxtpx:TrackPointExtension><gpxtpx:hr>117</gpxtpx:hr></gpxtpx:TrackPointExtension></extensions></trkpt>
      <trkpt lat="51.083219" lon="-115.349349"><ele>1314.2</ele><time>2026-06-20T15:02:07.000Z</time><extensions><gpxtpx:TrackPointExtension><gpxtpx:hr>117</gpxtpx:hr></gpxtpx:TrackPointExtension></extensions></trkpt>
      <trkpt lat="51.083232" lon="-115.349352"><ele>1314.2</ele><time>2026-06-20T15:02:08.000Z</time><extensions><gpxtpx:TrackPointExtension><gpxtpx:hr>117</gpxtpx:hr></gpxtpx:TrackPointExtension></extensions></trkpt>
      <trkpt lat="51.083244" lon="-115.349355"><ele>1314.2</ele><time>2026-06-20T15:02:09.000Z</time><extensions><gpxtpx:TrackPointExtension><gpxtpx:hr>117</gpxtpx:hr></gpxtpx:TrackPointExtension></extensions></trkpt>
      <trkpt lat="51.083273" lon="-115.349359"><ele>1314.2</ele><time>2026-06-20T15:02:10.000Z</time><extensions><gpxtpx:TrackPointExtension><gpxtpx:hr>117</gpxtpx:hr></gpxtpx:TrackPointExtension></extensions></trkpt>
      <trkpt lat="51.083283" lon="-115.34936"><ele>1314.2</ele><time>2026-06-20T15:02:11.000Z</time><extensions><gpxtpx:TrackPointExtension><gpxtpx:hr>117</gpxtpx:hr></gpxtpx:TrackPointExtension></extensions></trkpt>
      <trkpt lat="51.083317" lon="-115.34936"><ele>1314.2</ele><time>2026-06-20T15:02:12.000Z</time><extensions><gpxtpx:TrackPointExtension><gpxtpx:hr>117</gpxtpx:hr></gpxtpx:TrackPointExtension></extensions></trkpt>
      <trkpt lat="51.08333" lon="-115.349361"><ele>1314.4</ele><time>2026-06-20T15:02:13.000Z</time><extensions><gpxtpx:TrackPointExtension><gpxtpx:hr>117</gpxtpx:hr></gpxtpx:TrackPointExtension></extensions></trkpt>
      <trkpt lat="51.083344" lon="-115.349361"><ele>1314.4</ele><time>2026-06-20T15:02:14.000Z</time><extensions><gpxtpx:TrackPointExtension><gpxtpx:hr>121</gpxtpx:hr></gpxtpx:TrackPointExtension></extensions></trkpt>
      <trkpt lat="51.083371" lon="-115.349354"><ele>1314.4</ele><time>2026-06-20T15:02:15.000Z</time><extensions><gpxtpx:TrackPointExtension><gpxtpx:hr>121</gpxtpx:hr></gpxtpx:TrackPointExtension></extensions></trkpt>
      <trkpt lat="51.083378" lon="-115.34935"><ele>1314.4</ele><time>2026-06-20T15:02:16.000Z</time><extensions><gpxtpx:TrackPointExtension><gpxtpx:hr>121</gpxtpx:hr></gpxtpx:TrackPointExtension></extensions></trkpt>
      <trkpt lat="51.083389" lon="-115.349325"><ele>1314.4</ele><time>2026-06-20T15:02:17.000Z</time><extensions><gpxtpx:TrackPointExtension><gpxtpx:hr>121</gpxtpx:hr></gpxtpx:TrackPointExtension></extensions></trkpt>
      <trkpt lat="51.08339" lon="-115.349309"><ele>1314.4</ele><time>2026-06-20T15:02:18.000Z</time><extensions><gpxtpx:TrackPointExtension><gpxtpx:hr>121</gpxtpx:hr></gpxtpx:TrackPointExtension></extensions></trkpt>
      <trkpt lat="51.083391" lon="-115.349294"><ele>1314.4</ele><time>2026-06-20T15:02:19.000Z</time><extensions><gpxtpx:TrackPointExtension><gpxtpx:hr>121</gpxtpx:hr></gpxtpx:TrackPointExtension></extensions></trkpt>
      <trkpt lat="51.083392" lon="-115.349278"><ele>1314.4</ele><time>2026-06-20T15:02:20.000Z</time><extensions><gpxtpx:TrackPointExtension><gpxtpx:hr>124</gpxtpx:hr></gpxtpx:TrackPointExtension></extensions></trkpt>
      <trkpt lat="51.083393" lon="-115.349262"><ele>1314.4</ele><time>2026-06-20T15:02:21.000Z</time><extensions><gpxtpx:TrackPointExtension><gpxtpx:hr>124</gpxtpx:hr></gpxtpx:TrackPointExtension></extensions></trkpt>
      <trkpt lat="51.083395" lon="-115.349194"><ele>1314.4</ele><time>2026-06-20T15:02:22.000Z</time><extensions><gpxtpx:TrackPointExtension><gpxtpx:hr>124</gpxtpx:hr></gpxtpx:TrackPointExtension></extensions></trkpt>
      <trkpt lat="51.083397" lon="-115.349166"><ele>1314.4</ele><time>2026-06-20T15:02:23.000Z</time><extensions><gpxtpx:TrackPointExtension><gpxtpx:hr>124</gpxtpx:hr></gpxtpx:TrackPointExtension></extensions></trkpt>
      <trkpt lat="51.083398" lon="-115.349137"><ele>1314.4</ele><time>2026-06-20T15:02:24.000Z</time><extensions><gpxtpx:TrackPointExtension><gpxtpx:hr>124</gpxtpx:hr></gpxtpx:TrackPointExtension></extensions></trkpt>
      <trkpt lat="51.083406" lon="-115.349069"><ele>1314.4</ele><time>2026-06-20T15:02:25.000Z</time><extensions><gpxtpx:TrackPointExtension><gpxtpx:hr>124</gpxtpx:hr></gpxtpx:TrackPointExtension></extensions></trkpt>
      <trkpt lat="51.083411" lon="-115.349042"><ele>1314.4</ele><time>2026-06-20T15:02:26.000Z</time><extensions><gpxtpx:TrackPointExtension><gpxtpx:hr>126</gpxtpx:hr></gpxtpx:TrackPointExtension></extensions></trkpt>
      <trkpt lat="51.083415" lon="-115.349014"><ele>1314.4</ele><time>2026-06-20T15:02:27.000Z</time><extensions><gpxtpx:TrackPointExtension><gpxtpx:hr>126</gpxtpx:hr></gpxtpx:TrackPointExtension></extensions></trkpt>
      <trkpt lat="51.083423" lon="-115.348947"><ele>1314.4</ele><time>2026-06-20T15:02:28.000Z</time><extensions><gpxtpx:TrackPointExtension><gpxtpx:hr>126</gpxtpx:hr></gpxtpx:TrackPointExtension></extensions></trkpt>
      <trkpt lat="51.083425" lon="-115.348924"><ele>1314.4</ele><time>2026-06-20T15:02:29.000Z</time><extensions><gpxtpx:TrackPointExtension><gpxtpx:hr>126</gpxtpx:hr></gpxtpx:TrackPointExtension></extensions></trkpt>
      <trkpt lat="51.083429" lon="-115.348846"><ele>1314.4</ele><time>2026-06-20T15:02:30.000Z</time><extensions><gpxtpx:TrackPointExtension><gpxtpx:hr>126</gpxtpx:hr></gpxtpx:TrackPointExtension></extensions></trkpt>
      <trkpt lat="51.083431" lon="-115.348814"><ele>1314.4</ele><time>2026-06-20T15:02:31.000Z</time><extensions><gpxtpx:TrackPointExtension><gpxtpx:hr>128</gpxtpx:hr></gpxtpx:TrackPointExtension></extensions></trkpt>
      <trkpt lat="51.083432" lon="-115.348783"><ele>1314.4</ele><time>2026-06-20T15:02:32.000Z</time><extensions><gpxtpx:TrackPointExtension><gpxtpx:hr>128</gpxtpx:hr></gpxtpx:TrackPointExtension></extensions></trkpt>
      <trkpt lat="51.083436" lon="-115.348714"><ele>1314.4</ele><time>2026-06-20T15:02:33.000Z</time><extensions><gpxtpx:TrackPointExtension><gpxtpx:hr>128</gpxtpx:hr></gpxtpx:TrackPointExtension></extensions></trkpt>
      <trkpt lat="51.083437" lon="-115.34869"><ele>1314.4</ele><time>2026-06-20T15:02:34.000Z</time><extensions><gpxtpx:TrackPointExtension><gpxtpx:hr>128</gpxtpx:hr></gpxtpx:TrackPointExtension></extensions></trkpt>
      <trkpt lat="51.083446" lon="-115.348611"><ele>1314.4</ele><time>2026-06-20T15:02:35.000Z</time><extensions><gpxtpx:TrackPointExtension><gpxtpx:hr>128</gpxtpx:hr></gpxtpx:TrackPointExtension></extensions></trkpt>
      <trkpt lat="51.08345" lon="-115.348579"><ele>1314.4</ele><time>2026-06-20T15:02:36.000Z</time><extensions><gpxtpx:TrackPointExtension><gpxtpx:hr>129</gpxtpx:hr></gpxtpx:TrackPointExtension></extensions></trkpt>
      <trkpt lat="51.083454" lon="-115.348548"><ele>1314.4</ele><time>2026-06-20T15:02:37.000Z</time><extensions><gpxtpx:TrackPointExtension><gpxtpx:hr>129</gpxtpx:hr></gpxtpx:TrackPointExtension></extensions></trkpt>
      <trkpt lat="51.083465" lon="-115.348483"><ele>1314.4</ele><time>2026-06-20T15:02:38.000Z</time><extensions><gpxtpx:TrackPointExtension><gpxtpx:hr>129</gpxtpx:hr></gpxtpx:TrackPointExtension></extensions></trkpt>
      <trkpt lat="51.083468" lon="-115.348461"><ele>1314.2</ele><time>2026-06-20T15:02:39.000Z</time><extensions><gpxtpx:TrackPointExtension><gpxtpx:hr>129</gpxtpx:hr></gpxtpx:TrackPointExtension></extensions></trkpt>
      <trkpt lat="51.083479" lon="-115.348391"><ele>1314.2</ele><time>2026-06-20T15:02:40.000Z</time><extensions><gpxtpx:TrackPointExtension><gpxtpx:hr>129</gpxtpx:hr></gpxtpx:TrackPointExtension></extensions></trkpt>
      <trkpt lat="51.083484" lon="-115.348363"><ele>1314.2</ele><time>2026-06-20T15:02:41.000Z</time><extensions><gpxtpx:TrackPointExtension><gpxtpx:hr>129</gpxtpx:hr></gpxtpx:TrackPointExtension></extensions></trkpt>
      <trkpt lat="51.083488" lon="-115.348335"><ele>1314.2</ele><time>2026-06-20T15:02:42.000Z</time><extensions><gpxtpx:TrackPointExtension><gpxtpx:hr>129</gpxtpx:hr></gpxtpx:TrackPointExtension></extensions></trkpt>
      <trkpt lat="51.083499" lon="-115.348273"><ele>1314.2</ele><time>2026-06-20T15:02:43.000Z</time><extensions><gpxtpx:TrackPointExtension><gpxtpx:hr>129</gpxtpx:hr></gpxtpx:TrackPointExtension></extensions></trkpt>
      <trkpt lat="51.083502" lon="-115.348252"><ele>1314.2</ele><time>2026-06-20T15:02:44.000Z</time><extensions><gpxtpx:TrackPointExtension><gpxtpx:hr>129</gpxtpx:hr></gpxtpx:TrackPointExtension></extensions></trkpt>
      <trkpt lat="51.083514" lon="-115.348184"><ele>1314.2</ele><time>2026-06-20T15:02:45.000Z</time><extensions><gpxtpx:TrackPointExtension><gpxtpx:hr>132</gpxtpx:hr></gpxtpx:TrackPointExtension></extensions></trkpt>
      <trkpt lat="51.08352" lon="-115.348156"><ele>1314.2</ele><time>2026-06-20T15:02:46.000Z</time><extensions><gpxtpx:TrackPointExtension><gpxtpx:hr>132</gpxtpx:hr></gpxtpx:TrackPointExtension></extensions></trkpt>
      <trkpt lat="51.083525" lon="-115.348129"><ele>1314.2</ele><time>2026-06-20T15:02:47.000Z</time><extensions><gpxtpx:TrackPointExtension><gpxtpx:hr>132</gpxtpx:hr></gpxtpx:TrackPointExtension></extensions></trkpt>
      <trkpt lat="51.08354" lon="-115.348065"><ele>1314.2</ele><time>2026-06-20T15:02:48.000Z</time><extensions><gpxtpx:TrackPointExtension><gpxtpx:hr>132</gpxtpx:hr></gpxtpx:TrackPointExtension></extensions></trkpt>
      <trkpt lat="51.083546" lon="-115.348039"><ele>1314</ele><time>2026-06-20T15:02:49.000Z</time><extensions><gpxtpx:TrackPointExtension><gpxtpx:hr>132</gpxtpx:hr></gpxtpx:TrackPointExtension></extensions></trkpt>
      <trkpt lat="51.083552" lon="-115.348014"><ele>1314</ele><time>2026-06-20T15:02:50.000Z</time><extensions><gpxtpx:TrackPointExtension><gpxtpx:hr>132</gpxtpx:hr></gpxtpx:TrackPointExtension></extensions></trkpt>
      <trkpt lat="51.083567" lon="-115.347957"><ele>1314</ele><time>2026-06-20T15:02:51.000Z</time><extensions><gpxtpx:TrackPointExtension><gpxtpx:hr>132</gpxtpx:hr></gpxtpx:TrackPointExtension></extensions></trkpt>
      <trkpt lat="51.083571" lon="-115.347938"><ele>1314</ele><time>2026-06-20T15:02:52.000Z</time><extensions><gpxtpx:TrackPointExtension><gpxtpx:hr>132</gpxtpx:hr></gpxtpx:TrackPointExtension></extensions></trkpt>
      <trkpt lat="51.083589" lon="-115.347873"><ele>1314</ele><time>2026-06-20T15:02:53.000Z</time><extensions><gpxtpx:TrackPointExtension><gpxtpx:hr>132</gpxtpx:hr></gpxtpx:TrackPointExtension></extensions></trkpt>
      <trkpt lat="51.083597" lon="-115.347847"><ele>1314</ele><time>2026-06-20T15:02:54.000Z</time><extensions><gpxtpx:TrackPointExtension><gpxtpx:hr>132</gpxtpx:hr></gpxtpx:TrackPointExtension></extensions></trkpt>
      <trkpt lat="51.083605" lon="-115.34782"><ele>1314</ele><time>2026-06-20T15:02:55.000Z</time><extensions><gpxtpx:TrackPointExtension><gpxtpx:hr>133</gpxtpx:hr></gpxtpx:TrackPointExtension></extensions></trkpt>
      <trkpt lat="51.083628" lon="-115.347766"><ele>1314</ele><time>2026-06-20T15:02:56.000Z</time><extensions><gpxtpx:TrackPointExtension><gpxtpx:hr>133</gpxtpx:hr></gpxtpx:TrackPointExtension></extensions></trkpt>
      <trkpt lat="51.083635" lon="-115.347748"><ele>1314</ele><time>2026-06-20T15:02:57.000Z</time><extensions><gpxtpx:TrackPointExtension><gpxtpx:hr>133</gpxtpx:hr></gpxtpx:TrackPointExtension></extensions></trkpt>
      <trkpt lat="51.08366" lon="-115.347694"><ele>1314</ele><time>2026-06-20T15:02:58.000Z</time><extensions><gpxtpx:TrackPointExtension><gpxtpx:hr>133</gpxtpx:hr></gpxtpx:TrackPointExtension></extensions></trkpt>
      <trkpt lat="51.083669" lon="-115.347673"><ele>1313.8</ele><time>2026-06-20T15:02:59.000Z</time><extensions><gpxtpx:TrackPointExtension><gpxtpx:hr>133</gpxtpx:hr></gpxtpx:TrackPointExtension></extensions></trkpt>
      <trkpt lat="51.083679" lon="-115.347652"><ele>1313.8</ele><time>2026-06-20T15:03:00.000Z</time><extensions><gpxtpx:TrackPointExtension><gpxtpx:hr>133</gpxtpx:hr></gpxtpx:TrackPointExtension></extensions></trkpt>
      <trkpt lat="51.0837" lon="-115.347606"><ele>1313.8</ele><time>2026-06-20T15:03:01.000Z</time><extensions><gpxtpx:TrackPointExtension><gpxtpx:hr>133</gpxtpx:hr></gpxtpx:TrackPointExtension></extensions></trkpt>
      <trkpt lat="51.083707" lon="-115.347591"><ele>1313.8</ele><time>2026-06-20T15:03:02.000Z</time><extensions><gpxtpx:TrackPointExtension><gpxtpx:hr>133</gpxtpx:hr></gpxtpx:TrackPointExtension></extensions></trkpt>
      <trkpt lat="51.083728" lon="-115.347539"><ele>1313.8</ele><time>2026-06-20T15:03:03.000Z</time><extensions><gpxtpx:TrackPointExtension><gpxtpx:hr>133</gpxtpx:hr></gpxtpx:TrackPointExtension></extensions></trkpt>
      <trkpt lat="51.083738" lon="-115.347518"><ele>1313.6</ele><time>2026-06-20T15:03:04.000Z</time><extensions><gpxtpx:TrackPointExtension><gpxtpx:hr>133</gpxtpx:hr></gpxtpx:TrackPointExtension></extensions></trkpt>
      <trkpt lat="51.083747" lon="-115.347497"><ele>1313.6</ele><time>2026-06-20T15:03:05.000Z</time><extensions><gpxtpx:TrackPointExtension><gpxtpx:hr>134</gpxtpx:hr></gpxtpx:TrackPointExtension></extensions></trkpt>
      <trkpt lat="51.083772" lon="-115.347451"><ele>1313.6</ele><time>2026-06-20T15:03:06.000Z</time><extensions><gpxtpx:TrackPointExtension><gpxtpx:hr>134</gpxtpx:hr></gpxtpx:TrackPointExtension></extensions></trkpt>
      <trkpt lat="51.08378" lon="-115.347436"><ele>1313.6</ele><time>2026-06-20T15:03:07.000Z</time><extensions><gpxtpx:TrackPointExtension><gpxtpx:hr>134</gpxtpx:hr></gpxtpx:TrackPointExtension></extensions></trkpt>
      <trkpt lat="51.083808" lon="-115.347387"><ele>1313.4</ele><time>2026-06-20T15:03:08.000Z</time><extensions><gpxtpx:TrackPointExtension><gpxtpx:hr>134</gpxtpx:hr></gpxtpx:TrackPointExtension></extensions></trkpt>
      <trkpt lat="51.08382" lon="-115.347368"><ele>1313.4</ele><time>2026-06-20T15:03:09.000Z</time><extensions><gpxtpx:TrackPointExtension><gpxtpx:hr>134</gpxtpx:hr></gpxtpx:TrackPointExtension></extensions></trkpt>
      <trkpt lat="51.083832" lon="-115.347348"><ele>1313.4</ele><time>2026-06-20T15:03:10.000Z</time><extensions><gpxtpx:TrackPointExtension><gpxtpx:hr>134</gpxtpx:hr></gpxtpx:TrackPointExtension></extensions></trkpt>
      <trkpt lat="51.083859" lon="-115.347305"><ele>1313.4</ele><time>2026-06-20T15:03:11.000Z</time><extensions><gpxtpx:TrackPointExtension><gpxtpx:hr>134</gpxtpx:hr></gpxtpx:TrackPointExtension></extensions></trkpt>
      <trkpt lat="51.083868" lon="-115.347291"><ele>1313.4</ele><time>2026-06-20T15:03:12.000Z</time><extensions><gpxtpx:TrackPointExtension><gpxtpx:hr>134</gpxtpx:hr></gpxtpx:TrackPointExtension></extensions></trkpt>
      <trkpt lat="51.083897" lon="-115.34724"><ele>1313.4</ele><time>2026-06-20T15:03:13.000Z</time><extensions><gpxtpx:TrackPointExtension><gpxtpx:hr>134</gpxtpx:hr></gpxtpx:TrackPointExtension></extensions></trkpt>
      <trkpt lat="51.083909" lon="-115.347219"><ele>1313.4</ele><time>2026-06-20T15:03:14.000Z</time><extensions><gpxtpx:TrackPointExtension><gpxtpx:hr>134</gpxtpx:hr></gpxtpx:TrackPointExtension></extensions></trkpt>
      <trkpt lat="51.08392" lon="-115.347197"><ele>1313.4</ele><time>2026-06-20T15:03:15.000Z</time><extensions><gpxtpx:TrackPointExtension><gpxtpx:hr>135</gpxtpx:hr></gpxtpx:TrackPointExtension></extensions></trkpt>
      <trkpt lat="51.083942" lon="-115.347139"><ele>1313.2</ele><time>2026-06-20T15:03:16.000Z</time><extensions><gpxtpx:TrackPointExtension><gpxtpx:hr>135</gpxtpx:hr></gpxtpx:TrackPointExtension></extensions></trkpt>
      <trkpt lat="51.083949" lon="-115.347114"><ele>1313.4</ele><time>2026-06-20T15:03:17.000Z</time><extensions><gpxtpx:TrackPointExtension><gpxtpx:hr>135</gpxtpx:hr></gpxtpx:TrackPointExtension></extensions></trkpt>
      <trkpt lat="51.083957" lon="-115.34709"><ele>1313.4</ele><time>2026-06-20T15:03:18.000Z</time><extensions><gpxtpx:TrackPointExtension><gpxtpx:hr>135</gpxtpx:hr></gpxtpx:TrackPointExtension></extensions></trkpt>
      <trkpt lat="51.083973" lon="-115.347036"><ele>1313.4</ele><time>2026-06-20T15:03:19.000Z</time><extensions><gpxtpx:TrackPointExtension><gpxtpx:hr>135</gpxtpx:hr></gpxtpx:TrackPointExtension></extensions></trkpt>
      <trkpt lat="51.083978" lon="-115.347018"><ele>1313.4</ele><time>2026-06-20T15:03:20.000Z</time><extensions><gpxtpx:TrackPointExtension><gpxtpx:hr>135</gpxtpx:hr></gpxtpx:TrackPointExtension></extensions></trkpt>
      <trkpt lat="51.083997" lon="-115.34696"><ele>1313.4</ele><time>2026-06-20T15:03:21.000Z</time><extensions><gpxtpx:TrackPointExtension><gpxtpx:hr>136</gpxtpx:hr></gpxtpx:TrackPointExtension></extensions></trkpt>
      <trkpt lat="51.084004" lon="-115.346937"><ele>1313.4</ele><time>2026-06-20T15:03:22.000Z</time><extensions><gpxtpx:TrackPointExtension><gpxtpx:hr>136</gpxtpx:hr></gpxtpx:TrackPointExtension></extensions></trkpt>
      <trkpt lat="51.084012" lon="-115.346914"><ele>1313.4</ele><time>2026-06-20T15:03:23.000Z</time><extensions><gpxtpx:TrackPointExtension><gpxtpx:hr>136</gpxtpx:hr></gpxtpx:TrackPointExtension></extensions></trkpt>
      <trkpt lat="51.084029" lon="-115.346861"><ele>1313.4</ele><time>2026-06-20T15:03:24.000Z</time><extensions><gpxtpx:TrackPointExtension><gpxtpx:hr>136</gpxtpx:hr></gpxtpx:TrackPointExtension></extensions></trkpt>
      <trkpt lat="51.084034" lon="-115.346842"><ele>1313.4</ele><time>2026-06-20T15:03:25.000Z</time><extensions><gpxtpx:TrackPointExtension><gpxtpx:hr>136</gpxtpx:hr></gpxtpx:TrackPointExtension></extensions></trkpt>
      <trkpt lat="51.084049" lon="-115.34678"><ele>1313.2</ele><time>2026-06-20T15:03:26.000Z</time><extensions><gpxtpx:TrackPointExtension><gpxtpx:hr>136</gpxtpx:hr></gpxtpx:TrackPointExtension></extensions></trkpt>
      <trkpt lat="51.084054" lon="-115.346755"><ele>1313</ele><time>2026-06-20T15:03:27.000Z</time><extensions><gpxtpx:TrackPointExtension><gpxtpx:hr>136</gpxtpx:hr></gpxtpx:TrackPointExtension></extensions></trkpt>
      <trkpt lat="51.08406" lon="-115.346731"><ele>1312.8</ele><time>2026-06-20T15:03:28.000Z</time><extensions><gpxtpx:TrackPointExtension><gpxtpx:hr>136</gpxtpx:hr></gpxtpx:TrackPointExtension></extensions></trkpt>
      <trkpt lat="51.084074" lon="-115.346679"><ele>1312.6</ele><time>2026-06-20T15:03:29.000Z</time><extensions><gpxtpx:TrackPointExtension><gpxtpx:hr>136</gpxtpx:hr></gpxtpx:TrackPointExtension></extensions></trkpt>
      <trkpt lat="51.084078" lon="-115.346662"><ele>1312.2</ele><time>2026-06-20T15:03:30.000Z</time><extensions><gpxtpx:TrackPointExtension><gpxtpx:hr>137</gpxtpx:hr></gpxtpx:TrackPointExtension></extensions></trkpt>
      <trkpt lat="51.084093" lon="-115.346605"><ele>1311.8</ele><time>2026-06-20T15:03:31.000Z</time><extensions><gpxtpx:TrackPointExtension><gpxtpx:hr>137</gpxtpx:hr></gpxtpx:TrackPointExtension></extensions></trkpt>
      <trkpt lat="51.084098" lon="-115.346582"><ele>1311.6</ele><time>2026-06-20T15:03:32.000Z</time><extensions><gpxtpx:TrackPointExtension><gpxtpx:hr>137</gpxtpx:hr></gpxtpx:TrackPointExtension></extensions></trkpt>
      <trkpt lat="51.084104" lon="-115.346559"><ele>1311.2</ele><time>2026-06-20T15:03:33.000Z</time><extensions><gpxtpx:TrackPointExtension><gpxtpx:hr>136</gpxtpx:hr></gpxtpx:TrackPointExtension></extensions></trkpt>
      <trkpt lat="51.084118" lon="-115.346507"><ele>1311</ele><time>2026-06-20T15:03:34.000Z</time><extensions><gpxtpx:TrackPointExtension><gpxtpx:hr>136</gpxtpx:hr></gpxtpx:TrackPointExtension></extensions></trkpt>
      <trkpt lat="51.084122" lon="-115.346489"><ele>1310.8</ele><time>2026-06-20T15:03:35.000Z</time><extensions><gpxtpx:TrackPointExtension><gpxtpx:hr>136</gpxtpx:hr></gpxtpx:TrackPointExtension></extensions></trkpt>
      <trkpt lat="51.084138" lon="-115.346432"><ele>1310.4</ele><time>2026-06-20T15:03:36.000Z</time><extensions><gpxtpx:TrackPointExtension><gpxtpx:hr>136</gpxtpx:hr></gpxtpx:TrackPointExtension></extensions></trkpt>
      <trkpt lat="51.084145" lon="-115.34641"><ele>1310.2</ele><time>2026-06-20T15:03:37.000Z</time><extensions><gpxtpx:TrackPointExtension><gpxtpx:hr>136</gpxtpx:hr></gpxtpx:TrackPointExtension></extensions></trkpt>
      <trkpt lat="51.084152" lon="-115.346387"><ele>1310</ele><time>2026-06-20T15:03:38.000Z</time><extensions><gpxtpx:TrackPointExtension><gpxtpx:hr>137</gpxtpx:hr></gpxtpx:TrackPointExtension></extensions></trkpt>
      <trkpt lat="51.084168" lon="-115.346337"><ele>1310</ele><time>2026-06-20T15:03:39.000Z</time><extensions><gpxtpx:TrackPointExtension><gpxtpx:hr>137</gpxtpx:hr></gpxtpx:TrackPointExtension></extensions></trkpt>
      <trkpt lat="51.084173" lon="-115.34632"><ele>1309.8</ele><time>2026-06-20T15:03:40.000Z</time><extensions><gpxtpx:TrackPointExtension><gpxtpx:hr>137</gpxtpx:hr></gpxtpx:TrackPointExtension></extensions></trkpt>
      <trkpt lat="51.084188" lon="-115.346263"><ele>1309.6</ele><time>2026-06-20T15:03:41.000Z</time><extensions><gpxtpx:TrackPointExtension><gpxtpx:hr>137</gpxtpx:hr></gpxtpx:TrackPointExtension></extensions></trkpt>
      <trkpt lat="51.084194" lon="-115.346239"><ele>1309.6</ele><time>2026-06-20T15:03:42.000Z</time><extensions><gpxtpx:TrackPointExtension><gpxtpx:hr>138</gpxtpx:hr></gpxtpx:TrackPointExtension></extensions></trkpt>
      <trkpt lat="51.0842" lon="-115.346216"><ele>1309.4</ele><time>2026-06-20T15:03:43.000Z</time><extensions><gpxtpx:TrackPointExtension><gpxtpx:hr>138</gpxtpx:hr></gpxtpx:TrackPointExtension></extensions></trkpt>
      <trkpt lat="51.084215" lon="-115.34616"><ele>1309.4</ele><time>2026-06-20T15:03:44.000Z</time><extensions><gpxtpx:TrackPointExtension><gpxtpx:hr>138</gpxtpx:hr></gpxtpx:TrackPointExtension></extensions></trkpt>
      <trkpt lat="51.084221" lon="-115.346138"><ele>1309.4</ele><time>2026-06-20T15:03:45.000Z</time><extensions><gpxtpx:TrackPointExtension><gpxtpx:hr>138</gpxtpx:hr></gpxtpx:TrackPointExtension></extensions></trkpt>
      <trkpt lat="51.084227" lon="-115.346116"><ele>1309.4</ele><time>2026-06-20T15:03:46.000Z</time><extensions><gpxtpx:TrackPointExtension><gpxtpx:hr>138</gpxtpx:hr></gpxtpx:TrackPointExtension></extensions></trkpt>
      <trkpt lat="51.084241" lon="-115.346068"><ele>1309.4</ele><time>2026-06-20T15:03:47.000Z</time><extensions><gpxtpx:TrackPointExtension><gpxtpx:hr>138</gpxtpx:hr></gpxtpx:TrackPointExtension></extensions></trkpt>
      <trkpt lat="51.084245" lon="-115.346051"><ele>1309.4</ele><time>2026-06-20T15:03:48.000Z</time><extensions><gpxtpx:TrackPointExtension><gpxtpx:hr>138</gpxtpx:hr></gpxtpx:TrackPointExtension></extensions></trkpt>
      <trkpt lat="51.084258" lon="-115.345996"><ele>1309.4</ele><time>2026-06-20T15:03:49.000Z</time><extensions><gpxtpx:TrackPointExtension><gpxtpx:hr>138</gpxtpx:hr></gpxtpx:TrackPointExtension></extensions></trkpt>
      <trkpt lat="51.084263" lon="-115.345974"><ele>1309.4</ele><time>2026-06-20T15:03:50.000Z</time><extensions><gpxtpx:TrackPointExtension><gpxtpx:hr>139</gpxtpx:hr></gpxtpx:TrackPointExtension></extensions></trkpt>
      <trkpt lat="51.084268" lon="-115.345951"><ele>1309.4</ele><time>2026-06-20T15:03:51.000Z</time><extensions><gpxtpx:TrackPointExtension><gpxtpx:hr>139</gpxtpx:hr></gpxtpx:TrackPointExtension></extensions></trkpt>
      <trkpt lat="51.084277" lon="-115.345898"><ele>1309.4</ele><time>2026-06-20T15:03:52.000Z</time><extensions><gpxtpx:TrackPointExtension><gpxtpx:hr>139</gpxtpx:hr></gpxtpx:TrackPointExtension></extensions></trkpt>
      <trkpt lat="51.084279" lon="-115.34588"><ele>1309.4</ele><time>2026-06-20T15:03:53.000Z</time><extensions><gpxtpx:TrackPointExtension><gpxtpx:hr>139</gpxtpx:hr></gpxtpx:TrackPointExtension></extensions></trkpt>
      <trkpt lat="51.08429" lon="-115.345822"><ele>1309.4</ele><time>2026-06-20T15:03:54.000Z</time><extensions><gpxtpx:TrackPointExtension><gpxtpx:hr>140</gpxtpx:hr></gpxtpx:TrackPointExtension></extensions></trkpt>
      <trkpt lat="51.084295" lon="-115.345799"><ele>1309.4</ele><time>2026-06-20T15:03:55.000Z</time><extensions><gpxtpx:TrackPointExtension><gpxtpx:hr>140</gpxtpx:hr></gpxtpx:TrackPointExtension></extensions></trkpt>
      <trkpt lat="51.084301" lon="-115.345776"><ele>1309.6</ele><time>2026-06-20T15:03:56.000Z</time><extensions><gpxtpx:TrackPointExtension><gpxtpx:hr>140</gpxtpx:hr></gpxtpx:TrackPointExtension></extensions></trkpt>
      <trkpt lat="51.084315" lon="-115.345729"><ele>1309.6</ele><time>2026-06-20T15:03:57.000Z</time><extensions><gpxtpx:TrackPointExtension><gpxtpx:hr>140</gpxtpx:hr></gpxtpx:TrackPointExtension></extensions></trkpt>
      <trkpt lat="51.084319" lon="-115.345714"><ele>1309.8</ele><time>2026-06-20T15:03:58.000Z</time><extensions><gpxtpx:TrackPointExtension><gpxtpx:hr>140</gpxtpx:hr></gpxtpx:TrackPointExtension></extensions></trkpt>
      <trkpt lat="51.084333" lon="-115.345663"><ele>1309.8</ele><time>2026-06-20T15:03:59.000Z</time><extensions><gpxtpx:TrackPointExtension><gpxtpx:hr>140</gpxtpx:hr></gpxtpx:TrackPointExtension></extensions></trkpt>
      <trkpt lat="51.084338" lon="-115.345642"><ele>1310</ele><time>2026-06-20T15:04:00.000Z</time><extensions><gpxtpx:TrackPointExtension><gpxtpx:hr>140</gpxtpx:hr></gpxtpx:TrackPointExtension></extensions></trkpt>
      <trkpt lat="51.084344" lon="-115.345621"><ele>1310.2</ele><time>2026-06-20T15:04:01.000Z</time><extensions><gpxtpx:TrackPointExtension><gpxtpx:hr>140</gpxtpx:hr></gpxtpx:TrackPointExtension></extensions></trkpt>
      <trkpt lat="51.084357" lon="-115.345572"><ele>1310.2</ele><time>2026-06-20T15:04:02.000Z</time><extensions><gpxtpx:TrackPointExtension><gpxtpx:hr>140</gpxtpx:hr></gpxtpx:TrackPointExtension></extensions></trkpt>
      <trkpt lat="51.084361" lon="-115.345555"><ele>1310.4</ele><time>2026-06-20T15:04:03.000Z</time><extensions><gpxtpx:TrackPointExtension><gpxtpx:hr>140</gpxtpx:hr></gpxtpx:TrackPointExtension></extensions></trkpt>
      <trkpt lat="51.084374" lon="-115.3455"><ele>1310.4</ele><time>2026-06-20T15:04:04.000Z</time><extensions><gpxtpx:TrackPointExtension><gpxtpx:hr>140</gpxtpx:hr></gpxtpx:TrackPointExtension></extensions></trkpt>
      <trkpt lat="51.08438" lon="-115.345479"><ele>1310.6</ele><time>2026-06-20T15:04:05.000Z</time><extensions><gpxtpx:TrackPointExtension><gpxtpx:hr>140</gpxtpx:hr></gpxtpx:TrackPointExtension></extensions></trkpt>
      <trkpt lat="51.084385" lon="-115.345457"><ele>1310.8</ele><time>2026-06-20T15:04:06.000Z</time><extensions><gpxtpx:TrackPointExtension><gpxtpx:hr>142</gpxtpx:hr></gpxtpx:TrackPointExtension></extensions></trkpt>
      <trkpt lat="51.0844" lon="-115.345405"><ele>1311</ele><time>2026-06-20T15:04:07.000Z</time><extensions><gpxtpx:TrackPointExtension><gpxtpx:hr>142</gpxtpx:hr></gpxtpx:TrackPointExtension></extensions></trkpt>
      <trkpt lat="51.084406" lon="-115.345385"><ele>1311</ele><time>2026-06-20T15:04:08.000Z</time><extensions><gpxtpx:TrackPointExtension><gpxtpx:hr>142</gpxtpx:hr></gpxtpx:TrackPointExtension></extensions></trkpt>
      <trkpt lat="51.084413" lon="-115.345364"><ele>1311.2</ele><time>2026-06-20T15:04:09.000Z</time><extensions><gpxtpx:TrackPointExtension><gpxtpx:hr>142</gpxtpx:hr></gpxtpx:TrackPointExtension></extensions></trkpt>
      <trkpt lat="51.084429" lon="-115.345317"><ele>1311.2</ele><time>2026-06-20T15:04:10.000Z</time><extensions><gpxtpx:TrackPointExtension><gpxtpx:hr>142</gpxtpx:hr></gpxtpx:TrackPointExtension></extensions></trkpt>
      <trkpt lat="51.084434" lon="-115.345301"><ele>1311.2</ele><time>2026-06-20T15:04:11.000Z</time><extensions><gpxtpx:TrackPointExtension><gpxtpx:hr>142</gpxtpx:hr></gpxtpx:TrackPointExtension></extensions></trkpt>
      <trkpt lat="51.084452" lon="-115.345247"><ele>1311.4</ele><time>2026-06-20T15:04:12.000Z</time><extensions><gpxtpx:TrackPointExtension><gpxtpx:hr>142</gpxtpx:hr></gpxtpx:TrackPointExtension></extensions></trkpt>
      <trkpt lat="51.08446" lon="-115.345226"><ele>1311.2</ele><time>2026-06-20T15:04:13.000Z</time><extensions><gpxtpx:TrackPointExtension><gpxtpx:hr>140</gpxtpx:hr></gpxtpx:TrackPointExtension></extensions></trkpt>
      <trkpt lat="51.084467" lon="-115.345204"><ele>1311</ele><time>2026-06-20T15:04:14.000Z</time><extensions><gpxtpx:TrackPointExtension><gpxtpx:hr>140</gpxtpx:hr></gpxtpx:TrackPointExtension></extensions></trkpt>
      <trkpt lat="51.084483" lon="-115.345157"><ele>1310.8</ele><time>2026-06-20T15:04:15.000Z</time><extensions><gpxtpx:TrackPointExtension><gpxtpx:hr>140</gpxtpx:hr></gpxtpx:TrackPointExtension></extensions></trkpt>
      <trkpt lat="51.084487" lon="-115.345141"><ele>1310.4</ele><time>2026-06-20T15:04:16.000Z</time><extensions><gpxtpx:TrackPointExtension><gpxtpx:hr>140</gpxtpx:hr></gpxtpx:TrackPointExtension></extensions></trkpt>
      <trkpt lat="51.084504" lon="-115.345091"><ele>1310</ele><time>2026-06-20T15:04:17.000Z</time><extensions><gpxtpx:TrackPointExtension><gpxtpx:hr>140</gpxtpx:hr></gpxtpx:TrackPointExtension></extensions></trkpt>
      <trkpt lat="51.08451" lon="-115.345071"><ele>1309.6</ele><time>2026-06-20T15:04:18.000Z</time><extensions><gpxtpx:TrackPointExtension><gpxtpx:hr>140</gpxtpx:hr></gpxtpx:TrackPointExtension></extensions></trkpt>
      <trkpt lat="51.084517" lon="-115.345051"><ele>1309</ele><time>2026-06-20T15:04:19.000Z</time><extensions><gpxtpx:TrackPointExtension><gpxtpx:hr>140</gpxtpx:hr></gpxtpx:TrackPointExtension></extensions></trkpt>
      <trkpt lat="51.084527" lon="-115.345021"><ele>1308.6</ele><time>2026-06-20T15:04:20.000Z</time><extensions><gpxtpx:TrackPointExtension><gpxtpx:hr>140</gpxtpx:hr></gpxtpx:TrackPointExtension></extensions></trkpt>
      <trkpt lat="51.084537" lon="-115.344992"><ele>1308</ele><time>2026-06-20T15:04:21.000Z</time><extensions><gpxtpx:TrackPointExtension><gpxtpx:hr>139</gpxtpx:hr></gpxtpx:TrackPointExtension></extensions></trkpt>
      <trkpt lat="51.084547" lon="-115.344964"><ele>1307.2</ele><time>2026-06-20T15:04:22.000Z</time><extensions><gpxtpx:TrackPointExtension><gpxtpx:hr>139</gpxtpx:hr></gpxtpx:TrackPointExtension></extensions></trkpt>
      <trkpt lat="51.084547" lon="-115.344964"><ele>1307.2</ele><time>2026-06-20T15:04:23.000Z</time><extensions><gpxtpx:TrackPointExtension><gpxtpx:hr>139</gpxtpx:hr></gpxtpx:TrackPointExtension></extensions></trkpt>
    </trkseg>
  </trk>
</gpx>
