<?xml version="1.0" encoding="UTF-8"?>
<gpx version="1.1" creator="pull-strava.mjs"
  xmlns="http://www.topografix.com/GPX/1/1"
  xmlns:gpxtpx="http://www.garmin.com/xmlschemas/TrackPointExtension/v1">
  <metadata><name>Morning Run</name><time>2026-06-08T12:27:13.000Z</time></metadata>
  <trk><name>Morning Run</name><type>running</type>
    <trkseg>
      <trkpt lat="49.29937" lon="-122.755727"><ele>157</ele><time>2026-06-08T12:27:13.000Z</time><extensions><gpxtpx:TrackPointExtension><gpxtpx:hr>88</gpxtpx:hr></gpxtpx:TrackPointExtension></extensions></trkpt>
      <trkpt lat="49.299381" lon="-122.75574"><ele>157.2</ele><time>2026-06-08T12:27:14.000Z</time><extensions><gpxtpx:TrackPointExtension><gpxtpx:hr>88</gpxtpx:hr></gpxtpx:TrackPointExtension></extensions></trkpt>
      <trkpt lat="49.299398" lon="-122.75574"><ele>157.4</ele><time>2026-06-08T12:27:15.000Z</time><extensions><gpxtpx:TrackPointExtension><gpxtpx:hr>88</gpxtpx:hr></gpxtpx:TrackPointExtension></extensions></trkpt>
      <trkpt lat="49.299415" lon="-122.755728"><ele>157.6</ele><time>2026-06-08T12:27:16.000Z</time><extensions><gpxtpx:TrackPointExtension><gpxtpx:hr>88</gpxtpx:hr></gpxtpx:TrackPointExtension></extensions></trkpt>
      <trkpt lat="49.299502" lon="-122.755744"><ele>158.6</ele><time>2026-06-08T12:27:19.000Z</time><extensions><gpxtpx:TrackPointExtension><gpxtpx:hr>88</gpxtpx:hr></gpxtpx:TrackPointExtension></extensions></trkpt>
      <trkpt lat="49.299525" lon="-122.755743"><ele>158.8</ele><time>2026-06-08T12:27:20.000Z</time><extensions><gpxtpx:TrackPointExtension><gpxtpx:hr>88</gpxtpx:hr></gpxtpx:TrackPointExtension></extensions></trkpt>
      <trkpt lat="49.299546" lon="-122.755756"><ele>159</ele><time>2026-06-08T12:27:21.000Z</time><extensions><gpxtpx:TrackPointExtension><gpxtpx:hr>88</gpxtpx:hr></gpxtpx:TrackPointExtension></extensions></trkpt>
      <trkpt lat="49.299577" lon="-122.75574"><ele>159</ele><time>2026-06-08T12:27:22.000Z</time><extensions><gpxtpx:TrackPointExtension><gpxtpx:hr>88</gpxtpx:hr></gpxtpx:TrackPointExtension></extensions></trkpt>
      <trkpt lat="49.2996" lon="-122.755733"><ele>159.2</ele><time>2026-06-08T12:27:23.000Z</time><extensions><gpxtpx:TrackPointExtension><gpxtpx:hr>89</gpxtpx:hr></gpxtpx:TrackPointExtension></extensions></trkpt>
      <trkpt lat="49.299628" lon="-122.75574"><ele>159.4</ele><time>2026-06-08T12:27:24.000Z</time><extensions><gpxtpx:TrackPointExtension><gpxtpx:hr>91</gpxtpx:hr></gpxtpx:TrackPointExtension></extensions></trkpt>
      <trkpt lat="49.299656" lon="-122.755735"><ele>159.6</ele><time>2026-06-08T12:27:25.000Z</time><extensions><gpxtpx:TrackPointExtension><gpxtpx:hr>92</gpxtpx:hr></gpxtpx:TrackPointExtension></extensions></trkpt>
      <trkpt lat="49.299682" lon="-122.755741"><ele>160</ele><time>2026-06-08T12:27:26.000Z</time><extensions><gpxtpx:TrackPointExtension><gpxtpx:hr>95</gpxtpx:hr></gpxtpx:TrackPointExtension></extensions></trkpt>
      <trkpt lat="49.299704" lon="-122.755745"><ele>160.4</ele><time>2026-06-08T12:27:27.000Z</time><extensions><gpxtpx:TrackPointExtension><gpxtpx:hr>95</gpxtpx:hr></gpxtpx:TrackPointExtension></extensions></trkpt>
      <trkpt lat="49.299728" lon="-122.755739"><ele>160.6</ele><time>2026-06-08T12:27:28.000Z</time><extensions><gpxtpx:TrackPointExtension><gpxtpx:hr>96</gpxtpx:hr></gpxtpx:TrackPointExtension></extensions></trkpt>
      <trkpt lat="49.299747" lon="-122.755741"><ele>161</ele><time>2026-06-08T12:27:29.000Z</time><extensions><gpxtpx:TrackPointExtension><gpxtpx:hr>96</gpxtpx:hr></gpxtpx:TrackPointExtension></extensions></trkpt>
      <trkpt lat="49.29977" lon="-122.755731"><ele>161.2</ele><time>2026-06-08T12:27:30.000Z</time><extensions><gpxtpx:TrackPointExtension><gpxtpx:hr>96</gpxtpx:hr></gpxtpx:TrackPointExtension></extensions></trkpt>
      <trkpt lat="49.29979" lon="-122.755736"><ele>161.4</ele><time>2026-06-08T12:27:31.000Z</time><extensions><gpxtpx:TrackPointExtension><gpxtpx:hr>97</gpxtpx:hr></gpxtpx:TrackPointExtension></extensions></trkpt>
      <trkpt lat="49.299808" lon="-122.755735"><ele>161.6</ele><time>2026-06-08T12:27:32.000Z</time><extensions><gpxtpx:TrackPointExtension><gpxtpx:hr>100</gpxtpx:hr></gpxtpx:TrackPointExtension></extensions></trkpt>
      <trkpt lat="49.299836" lon="-122.755732"><ele>162</ele><time>2026-06-08T12:27:33.000Z</time><extensions><gpxtpx:TrackPointExtension><gpxtpx:hr>102</gpxtpx:hr></gpxtpx:TrackPointExtension></extensions></trkpt>
      <trkpt lat="49.299858" lon="-122.75573"><ele>162.2</ele><time>2026-06-08T12:27:34.000Z</time><extensions><gpxtpx:TrackPointExtension><gpxtpx:hr>104</gpxtpx:hr></gpxtpx:TrackPointExtension></extensions></trkpt>
      <trkpt lat="49.299876" lon="-122.755733"><ele>162.4</ele><time>2026-06-08T12:27:35.000Z</time><extensions><gpxtpx:TrackPointExtension><gpxtpx:hr>107</gpxtpx:hr></gpxtpx:TrackPointExtension></extensions></trkpt>
      <trkpt lat="49.299899" lon="-122.75573"><ele>162.6</ele><time>2026-06-08T12:27:36.000Z</time><extensions><gpxtpx:TrackPointExtension><gpxtpx:hr>109</gpxtpx:hr></gpxtpx:TrackPointExtension></extensions></trkpt>
      <trkpt lat="49.29992" lon="-122.755741"><ele>162.8</ele><time>2026-06-08T12:27:37.000Z</time><extensions><gpxtpx:TrackPointExtension><gpxtpx:hr>111</gpxtpx:hr></gpxtpx:TrackPointExtension></extensions></trkpt>
      <trkpt lat="49.299947" lon="-122.755737"><ele>163</ele><time>2026-06-08T12:27:38.000Z</time><extensions><gpxtpx:TrackPointExtension><gpxtpx:hr>113</gpxtpx:hr></gpxtpx:TrackPointExtension></extensions></trkpt>
      <trkpt lat="49.299969" lon="-122.755738"><ele>163</ele><time>2026-06-08T12:27:39.000Z</time><extensions><gpxtpx:TrackPointExtension><gpxtpx:hr>115</gpxtpx:hr></gpxtpx:TrackPointExtension></extensions></trkpt>
      <trkpt lat="49.299993" lon="-122.755741"><ele>163.2</ele><time>2026-06-08T12:27:40.000Z</time><extensions><gpxtpx:TrackPointExtension><gpxtpx:hr>117</gpxtpx:hr></gpxtpx:TrackPointExtension></extensions></trkpt>
      <trkpt lat="49.300013" lon="-122.755747"><ele>163.4</ele><time>2026-06-08T12:27:41.000Z</time><extensions><gpxtpx:TrackPointExtension><gpxtpx:hr>118</gpxtpx:hr></gpxtpx:TrackPointExtension></extensions></trkpt>
      <trkpt lat="49.300037" lon="-122.755753"><ele>163.6</ele><time>2026-06-08T12:27:42.000Z</time><extensions><gpxtpx:TrackPointExtension><gpxtpx:hr>119</gpxtpx:hr></gpxtpx:TrackPointExtension></extensions></trkpt>
      <trkpt lat="49.300064" lon="-122.755745"><ele>163.8</ele><time>2026-06-08T12:27:43.000Z</time><extensions><gpxtpx:TrackPointExtension><gpxtpx:hr>119</gpxtpx:hr></gpxtpx:TrackPointExtension></extensions></trkpt>
      <trkpt lat="49.300086" lon="-122.755744"><ele>164</ele><time>2026-06-08T12:27:44.000Z</time><extensions><gpxtpx:TrackPointExtension><gpxtpx:hr>121</gpxtpx:hr></gpxtpx:TrackPointExtension></extensions></trkpt>
      <trkpt lat="49.300103" lon="-122.755751"><ele>164.2</ele><time>2026-06-08T12:27:45.000Z</time><extensions><gpxtpx:TrackPointExtension><gpxtpx:hr>122</gpxtpx:hr></gpxtpx:TrackPointExtension></extensions></trkpt>
      <trkpt lat="49.300129" lon="-122.755759"><ele>164.4</ele><time>2026-06-08T12:27:46.000Z</time><extensions><gpxtpx:TrackPointExtension><gpxtpx:hr>122</gpxtpx:hr></gpxtpx:TrackPointExtension></extensions></trkpt>
      <trkpt lat="49.300155" lon="-122.755773"><ele>164.4</ele><time>2026-06-08T12:27:47.000Z</time><extensions><gpxtpx:TrackPointExtension><gpxtpx:hr>123</gpxtpx:hr></gpxtpx:TrackPointExtension></extensions></trkpt>
      <trkpt lat="49.300183" lon="-122.755781"><ele>164.6</ele><time>2026-06-08T12:27:48.000Z</time><extensions><gpxtpx:TrackPointExtension><gpxtpx:hr>124</gpxtpx:hr></gpxtpx:TrackPointExtension></extensions></trkpt>
      <trkpt lat="49.300216" lon="-122.755778"><ele>164.8</ele><time>2026-06-08T12:27:49.000Z</time><extensions><gpxtpx:TrackPointExtension><gpxtpx:hr>125</gpxtpx:hr></gpxtpx:TrackPointExtension></extensions></trkpt>
      <trkpt lat="49.300237" lon="-122.755766"><ele>164.8</ele><time>2026-06-08T12:27:50.000Z</time><extensions><gpxtpx:TrackPointExtension><gpxtpx:hr>125</gpxtpx:hr></gpxtpx:TrackPointExtension></extensions></trkpt>
      <trkpt lat="49.30026" lon="-122.755753"><ele>165</ele><time>2026-06-08T12:27:51.000Z</time><extensions><gpxtpx:TrackPointExtension><gpxtpx:hr>126</gpxtpx:hr></gpxtpx:TrackPointExtension></extensions></trkpt>
      <trkpt lat="49.300283" lon="-122.755745"><ele>165.2</ele><time>2026-06-08T12:27:52.000Z</time><extensions><gpxtpx:TrackPointExtension><gpxtpx:hr>126</gpxtpx:hr></gpxtpx:TrackPointExtension></extensions></trkpt>
      <trkpt lat="49.300304" lon="-122.755747"><ele>165.4</ele><time>2026-06-08T12:27:53.000Z</time><extensions><gpxtpx:TrackPointExtension><gpxtpx:hr>127</gpxtpx:hr></gpxtpx:TrackPointExtension></extensions></trkpt>
      <trkpt lat="49.30033" lon="-122.755747"><ele>165.6</ele><time>2026-06-08T12:27:54.000Z</time><extensions><gpxtpx:TrackPointExtension><gpxtpx:hr>127</gpxtpx:hr></gpxtpx:TrackPointExtension></extensions></trkpt>
      <trkpt lat="49.300357" lon="-122.755746"><ele>166</ele><time>2026-06-08T12:27:55.000Z</time><extensions><gpxtpx:TrackPointExtension><gpxtpx:hr>127</gpxtpx:hr></gpxtpx:TrackPointExtension></extensions></trkpt>
      <trkpt lat="49.300379" lon="-122.755755"><ele>166.2</ele><time>2026-06-08T12:27:56.000Z</time><extensions><gpxtpx:TrackPointExtension><gpxtpx:hr>127</gpxtpx:hr></gpxtpx:TrackPointExtension></extensions></trkpt>
      <trkpt lat="49.300402" lon="-122.75575"><ele>166.6</ele><time>2026-06-08T12:27:57.000Z</time><extensions><gpxtpx:TrackPointExtension><gpxtpx:hr>127</gpxtpx:hr></gpxtpx:TrackPointExtension></extensions></trkpt>
      <trkpt lat="49.30043" lon="-122.755741"><ele>166.8</ele><time>2026-06-08T12:27:58.000Z</time><extensions><gpxtpx:TrackPointExtension><gpxtpx:hr>127</gpxtpx:hr></gpxtpx:TrackPointExtension></extensions></trkpt>
      <trkpt lat="49.300451" lon="-122.755744"><ele>167</ele><time>2026-06-08T12:27:59.000Z</time><extensions><gpxtpx:TrackPointExtension><gpxtpx:hr>128</gpxtpx:hr></gpxtpx:TrackPointExtension></extensions></trkpt>
      <trkpt lat="49.300476" lon="-122.755741"><ele>167.4</ele><time>2026-06-08T12:28:00.000Z</time><extensions><gpxtpx:TrackPointExtension><gpxtpx:hr>130</gpxtpx:hr></gpxtpx:TrackPointExtension></extensions></trkpt>
      <trkpt lat="49.300501" lon="-122.755741"><ele>167.6</ele><time>2026-06-08T12:28:01.000Z</time><extensions><gpxtpx:TrackPointExtension><gpxtpx:hr>130</gpxtpx:hr></gpxtpx:TrackPointExtension></extensions></trkpt>
      <trkpt lat="49.300525" lon="-122.755739"><ele>167.8</ele><time>2026-06-08T12:28:02.000Z</time><extensions><gpxtpx:TrackPointExtension><gpxtpx:hr>130</gpxtpx:hr></gpxtpx:TrackPointExtension></extensions></trkpt>
      <trkpt lat="49.300549" lon="-122.755737"><ele>168.2</ele><time>2026-06-08T12:28:03.000Z</time><extensions><gpxtpx:TrackPointExtension><gpxtpx:hr>129</gpxtpx:hr></gpxtpx:TrackPointExtension></extensions></trkpt>
      <trkpt lat="49.300575" lon="-122.755732"><ele>168.4</ele><time>2026-06-08T12:28:04.000Z</time><extensions><gpxtpx:TrackPointExtension><gpxtpx:hr>129</gpxtpx:hr></gpxtpx:TrackPointExtension></extensions></trkpt>
      <trkpt lat="49.300593" lon="-122.75574"><ele>168.8</ele><time>2026-06-08T12:28:05.000Z</time><extensions><gpxtpx:TrackPointExtension><gpxtpx:hr>129</gpxtpx:hr></gpxtpx:TrackPointExtension></extensions></trkpt>
      <trkpt lat="49.300618" lon="-122.755739"><ele>169</ele><time>2026-06-08T12:28:06.000Z</time><extensions><gpxtpx:TrackPointExtension><gpxtpx:hr>129</gpxtpx:hr></gpxtpx:TrackPointExtension></extensions></trkpt>
      <trkpt lat="49.300643" lon="-122.755731"><ele>169.2</ele><time>2026-06-08T12:28:07.000Z</time><extensions><gpxtpx:TrackPointExtension><gpxtpx:hr>128</gpxtpx:hr></gpxtpx:TrackPointExtension></extensions></trkpt>
      <trkpt lat="49.300663" lon="-122.755736"><ele>169.4</ele><time>2026-06-08T12:28:08.000Z</time><extensions><gpxtpx:TrackPointExtension><gpxtpx:hr>128</gpxtpx:hr></gpxtpx:TrackPointExtension></extensions></trkpt>
      <trkpt lat="49.300687" lon="-122.755729"><ele>169.6</ele><time>2026-06-08T12:28:09.000Z</time><extensions><gpxtpx:TrackPointExtension><gpxtpx:hr>128</gpxtpx:hr></gpxtpx:TrackPointExtension></extensions></trkpt>
      <trkpt lat="49.300711" lon="-122.755726"><ele>169.8</ele><time>2026-06-08T12:28:10.000Z</time><extensions><gpxtpx:TrackPointExtension><gpxtpx:hr>129</gpxtpx:hr></gpxtpx:TrackPointExtension></extensions></trkpt>
      <trkpt lat="49.300735" lon="-122.755728"><ele>170</ele><time>2026-06-08T12:28:11.000Z</time><extensions><gpxtpx:TrackPointExtension><gpxtpx:hr>129</gpxtpx:hr></gpxtpx:TrackPointExtension></extensions></trkpt>
      <trkpt lat="49.300757" lon="-122.755725"><ele>170.2</ele><time>2026-06-08T12:28:12.000Z</time><extensions><gpxtpx:TrackPointExtension><gpxtpx:hr>129</gpxtpx:hr></gpxtpx:TrackPointExtension></extensions></trkpt>
      <trkpt lat="49.300782" lon="-122.755722"><ele>170.4</ele><time>2026-06-08T12:28:13.000Z</time><extensions><gpxtpx:TrackPointExtension><gpxtpx:hr>129</gpxtpx:hr></gpxtpx:TrackPointExtension></extensions></trkpt>
      <trkpt lat="49.300803" lon="-122.755726"><ele>170.4</ele><time>2026-06-08T12:28:14.000Z</time><extensions><gpxtpx:TrackPointExtension><gpxtpx:hr>130</gpxtpx:hr></gpxtpx:TrackPointExtension></extensions></trkpt>
      <trkpt lat="49.300827" lon="-122.755716"><ele>170.6</ele><time>2026-06-08T12:28:15.000Z</time><extensions><gpxtpx:TrackPointExtension><gpxtpx:hr>130</gpxtpx:hr></gpxtpx:TrackPointExtension></extensions></trkpt>
      <trkpt lat="49.300847" lon="-122.755716"><ele>171</ele><time>2026-06-08T12:28:16.000Z</time><extensions><gpxtpx:TrackPointExtension><gpxtpx:hr>130</gpxtpx:hr></gpxtpx:TrackPointExtension></extensions></trkpt>
      <trkpt lat="49.30087" lon="-122.755722"><ele>171.2</ele><time>2026-06-08T12:28:17.000Z</time><extensions><gpxtpx:TrackPointExtension><gpxtpx:hr>130</gpxtpx:hr></gpxtpx:TrackPointExtension></extensions></trkpt>
      <trkpt lat="49.300894" lon="-122.755722"><ele>171.4</ele><time>2026-06-08T12:28:18.000Z</time><extensions><gpxtpx:TrackPointExtension><gpxtpx:hr>131</gpxtpx:hr></gpxtpx:TrackPointExtension></extensions></trkpt>
      <trkpt lat="49.300909" lon="-122.755719"><ele>171.6</ele><time>2026-06-08T12:28:19.000Z</time><extensions><gpxtpx:TrackPointExtension><gpxtpx:hr>131</gpxtpx:hr></gpxtpx:TrackPointExtension></extensions></trkpt>
      <trkpt lat="49.300931" lon="-122.755717"><ele>171.8</ele><time>2026-06-08T12:28:20.000Z</time><extensions><gpxtpx:TrackPointExtension><gpxtpx:hr>131</gpxtpx:hr></gpxtpx:TrackPointExtension></extensions></trkpt>
      <trkpt lat="49.300953" lon="-122.75571"><ele>172</ele><time>2026-06-08T12:28:21.000Z</time><extensions><gpxtpx:TrackPointExtension><gpxtpx:hr>131</gpxtpx:hr></gpxtpx:TrackPointExtension></extensions></trkpt>
      <trkpt lat="49.300965" lon="-122.755713"><ele>172.2</ele><time>2026-06-08T12:28:22.000Z</time><extensions><gpxtpx:TrackPointExtension><gpxtpx:hr>131</gpxtpx:hr></gpxtpx:TrackPointExtension></extensions></trkpt>
      <trkpt lat="49.300986" lon="-122.755728"><ele>172.4</ele><time>2026-06-08T12:28:23.000Z</time><extensions><gpxtpx:TrackPointExtension><gpxtpx:hr>131</gpxtpx:hr></gpxtpx:TrackPointExtension></extensions></trkpt>
      <trkpt lat="49.30101" lon="-122.755736"><ele>172.6</ele><time>2026-06-08T12:28:24.000Z</time><extensions><gpxtpx:TrackPointExtension><gpxtpx:hr>131</gpxtpx:hr></gpxtpx:TrackPointExtension></extensions></trkpt>
      <trkpt lat="49.301029" lon="-122.755732"><ele>172.8</ele><time>2026-06-08T12:28:25.000Z</time><extensions><gpxtpx:TrackPointExtension><gpxtpx:hr>131</gpxtpx:hr></gpxtpx:TrackPointExtension></extensions></trkpt>
      <trkpt lat="49.301052" lon="-122.755728"><ele>173.2</ele><time>2026-06-08T12:28:26.000Z</time><extensions><gpxtpx:TrackPointExtension><gpxtpx:hr>131</gpxtpx:hr></gpxtpx:TrackPointExtension></extensions></trkpt>
      <trkpt lat="49.301073" lon="-122.75572"><ele>173.4</ele><time>2026-06-08T12:28:27.000Z</time><extensions><gpxtpx:TrackPointExtension><gpxtpx:hr>131</gpxtpx:hr></gpxtpx:TrackPointExtension></extensions></trkpt>
      <trkpt lat="49.301092" lon="-122.755724"><ele>173.6</ele><time>2026-06-08T12:28:28.000Z</time><extensions><gpxtpx:TrackPointExtension><gpxtpx:hr>131</gpxtpx:hr></gpxtpx:TrackPointExtension></extensions></trkpt>
      <trkpt lat="49.301111" lon="-122.755719"><ele>174</ele><time>2026-06-08T12:28:29.000Z</time><extensions><gpxtpx:TrackPointExtension><gpxtpx:hr>131</gpxtpx:hr></gpxtpx:TrackPointExtension></extensions></trkpt>
      <trkpt lat="49.301132" lon="-122.755718"><ele>174.2</ele><time>2026-06-08T12:28:30.000Z</time><extensions><gpxtpx:TrackPointExtension><gpxtpx:hr>130</gpxtpx:hr></gpxtpx:TrackPointExtension></extensions></trkpt>
      <trkpt lat="49.301153" lon="-122.755726"><ele>174.4</ele><time>2026-06-08T12:28:31.000Z</time><extensions><gpxtpx:TrackPointExtension><gpxtpx:hr>131</gpxtpx:hr></gpxtpx:TrackPointExtension></extensions></trkpt>
      <trkpt lat="49.301173" lon="-122.755725"><ele>174.4</ele><time>2026-06-08T12:28:32.000Z</time><extensions><gpxtpx:TrackPointExtension><gpxtpx:hr>131</gpxtpx:hr></gpxtpx:TrackPointExtension></extensions></trkpt>
      <trkpt lat="49.301193" lon="-122.755727"><ele>174.6</ele><time>2026-06-08T12:28:33.000Z</time><extensions><gpxtpx:TrackPointExtension><gpxtpx:hr>131</gpxtpx:hr></gpxtpx:TrackPointExtension></extensions></trkpt>
      <trkpt lat="49.301206" lon="-122.755737"><ele>174.6</ele><time>2026-06-08T12:28:34.000Z</time><extensions><gpxtpx:TrackPointExtension><gpxtpx:hr>130</gpxtpx:hr></gpxtpx:TrackPointExtension></extensions></trkpt>
      <trkpt lat="49.301225" lon="-122.755736"><ele>174.8</ele><time>2026-06-08T12:28:35.000Z</time><extensions><gpxtpx:TrackPointExtension><gpxtpx:hr>130</gpxtpx:hr></gpxtpx:TrackPointExtension></extensions></trkpt>
      <trkpt lat="49.301243" lon="-122.755733"><ele>174.8</ele><time>2026-06-08T12:28:36.000Z</time><extensions><gpxtpx:TrackPointExtension><gpxtpx:hr>130</gpxtpx:hr></gpxtpx:TrackPointExtension></extensions></trkpt>
      <trkpt lat="49.301259" lon="-122.755735"><ele>175</ele><time>2026-06-08T12:28:37.000Z</time><extensions><gpxtpx:TrackPointExtension><gpxtpx:hr>129</gpxtpx:hr></gpxtpx:TrackPointExtension></extensions></trkpt>
      <trkpt lat="49.301278" lon="-122.755744"><ele>175.2</ele><time>2026-06-08T12:28:38.000Z</time><extensions><gpxtpx:TrackPointExtension><gpxtpx:hr>128</gpxtpx:hr></gpxtpx:TrackPointExtension></extensions></trkpt>
      <trkpt lat="49.301295" lon="-122.755744"><ele>175.4</ele><time>2026-06-08T12:28:39.000Z</time><extensions><gpxtpx:TrackPointExtension><gpxtpx:hr>128</gpxtpx:hr></gpxtpx:TrackPointExtension></extensions></trkpt>
      <trkpt lat="49.301314" lon="-122.755745"><ele>175.6</ele><time>2026-06-08T12:28:40.000Z</time><extensions><gpxtpx:TrackPointExtension><gpxtpx:hr>128</gpxtpx:hr></gpxtpx:TrackPointExtension></extensions></trkpt>
      <trkpt lat="49.301331" lon="-122.755756"><ele>175.8</ele><time>2026-06-08T12:28:41.000Z</time><extensions><gpxtpx:TrackPointExtension><gpxtpx:hr>128</gpxtpx:hr></gpxtpx:TrackPointExtension></extensions></trkpt>
      <trkpt lat="49.301349" lon="-122.755767"><ele>176.2</ele><time>2026-06-08T12:28:42.000Z</time><extensions><gpxtpx:TrackPointExtension><gpxtpx:hr>129</gpxtpx:hr></gpxtpx:TrackPointExtension></extensions></trkpt>
      <trkpt lat="49.301376" lon="-122.755762"><ele>176.4</ele><time>2026-06-08T12:28:43.000Z</time><extensions><gpxtpx:TrackPointExtension><gpxtpx:hr>129</gpxtpx:hr></gpxtpx:TrackPointExtension></extensions></trkpt>
      <trkpt lat="49.301403" lon="-122.755759"><ele>176.6</ele><time>2026-06-08T12:28:44.000Z</time><extensions><gpxtpx:TrackPointExtension><gpxtpx:hr>129</gpxtpx:hr></gpxtpx:TrackPointExtension></extensions></trkpt>
      <trkpt lat="49.301425" lon="-122.755769"><ele>176.6</ele><time>2026-06-08T12:28:45.000Z</time><extensions><gpxtpx:TrackPointExtension><gpxtpx:hr>129</gpxtpx:hr></gpxtpx:TrackPointExtension></extensions></trkpt>
      <trkpt lat="49.301453" lon="-122.755764"><ele>176.6</ele><time>2026-06-08T12:28:46.000Z</time><extensions><gpxtpx:TrackPointExtension><gpxtpx:hr>129</gpxtpx:hr></gpxtpx:TrackPointExtension></extensions></trkpt>
      <trkpt lat="49.301475" lon="-122.755754"><ele>176.8</ele><time>2026-06-08T12:28:47.000Z</time><extensions><gpxtpx:TrackPointExtension><gpxtpx:hr>129</gpxtpx:hr></gpxtpx:TrackPointExtension></extensions></trkpt>
      <trkpt lat="49.3015" lon="-122.755749"><ele>176.8</ele><time>2026-06-08T12:28:48.000Z</time><extensions><gpxtpx:TrackPointExtension><gpxtpx:hr>129</gpxtpx:hr></gpxtpx:TrackPointExtension></extensions></trkpt>
      <trkpt lat="49.30152" lon="-122.755739"><ele>176.8</ele><time>2026-06-08T12:28:49.000Z</time><extensions><gpxtpx:TrackPointExtension><gpxtpx:hr>129</gpxtpx:hr></gpxtpx:TrackPointExtension></extensions></trkpt>
      <trkpt lat="49.301539" lon="-122.755731"><ele>177</ele><time>2026-06-08T12:28:50.000Z</time><extensions><gpxtpx:TrackPointExtension><gpxtpx:hr>130</gpxtpx:hr></gpxtpx:TrackPointExtension></extensions></trkpt>
      <trkpt lat="49.301563" lon="-122.755722"><ele>177.4</ele><time>2026-06-08T12:28:51.000Z</time><extensions><gpxtpx:TrackPointExtension><gpxtpx:hr>130</gpxtpx:hr></gpxtpx:TrackPointExtension></extensions></trkpt>
      <trkpt lat="49.301582" lon="-122.755716"><ele>177.6</ele><time>2026-06-08T12:28:52.000Z</time><extensions><gpxtpx:TrackPointExtension><gpxtpx:hr>131</gpxtpx:hr></gpxtpx:TrackPointExtension></extensions></trkpt>
      <trkpt lat="49.301601" lon="-122.755731"><ele>177.8</ele><time>2026-06-08T12:28:53.000Z</time><extensions><gpxtpx:TrackPointExtension><gpxtpx:hr>131</gpxtpx:hr></gpxtpx:TrackPointExtension></extensions></trkpt>
      <trkpt lat="49.30162" lon="-122.755729"><ele>178</ele><time>2026-06-08T12:28:54.000Z</time><extensions><gpxtpx:TrackPointExtension><gpxtpx:hr>131</gpxtpx:hr></gpxtpx:TrackPointExtension></extensions></trkpt>
      <trkpt lat="49.30164" lon="-122.75573"><ele>178.2</ele><time>2026-06-08T12:28:55.000Z</time><extensions><gpxtpx:TrackPointExtension><gpxtpx:hr>131</gpxtpx:hr></gpxtpx:TrackPointExtension></extensions></trkpt>
      <trkpt lat="49.301657" lon="-122.755732"><ele>178.2</ele><time>2026-06-08T12:28:56.000Z</time><extensions><gpxtpx:TrackPointExtension><gpxtpx:hr>131</gpxtpx:hr></gpxtpx:TrackPointExtension></extensions></trkpt>
      <trkpt lat="49.301682" lon="-122.755731"><ele>178.4</ele><time>2026-06-08T12:28:57.000Z</time><extensions><gpxtpx:TrackPointExtension><gpxtpx:hr>132</gpxtpx:hr></gpxtpx:TrackPointExtension></extensions></trkpt>
      <trkpt lat="49.301696" lon="-122.755722"><ele>178.6</ele><time>2026-06-08T12:28:58.000Z</time><extensions><gpxtpx:TrackPointExtension><gpxtpx:hr>132</gpxtpx:hr></gpxtpx:TrackPointExtension></extensions></trkpt>
      <trkpt lat="49.301715" lon="-122.755719"><ele>178.8</ele><time>2026-06-08T12:28:59.000Z</time><extensions><gpxtpx:TrackPointExtension><gpxtpx:hr>132</gpxtpx:hr></gpxtpx:TrackPointExtension></extensions></trkpt>
      <trkpt lat="49.301732" lon="-122.755718"><ele>179</ele><time>2026-06-08T12:29:00.000Z</time><extensions><gpxtpx:TrackPointExtension><gpxtpx:hr>132</gpxtpx:hr></gpxtpx:TrackPointExtension></extensions></trkpt>
      <trkpt lat="49.30175" lon="-122.755723"><ele>179.2</ele><time>2026-06-08T12:29:01.000Z</time><extensions><gpxtpx:TrackPointExtension><gpxtpx:hr>132</gpxtpx:hr></gpxtpx:TrackPointExtension></extensions></trkpt>
      <trkpt lat="49.301771" lon="-122.755725"><ele>179.2</ele><time>2026-06-08T12:29:02.000Z</time><extensions><gpxtpx:TrackPointExtension><gpxtpx:hr>131</gpxtpx:hr></gpxtpx:TrackPointExtension></extensions></trkpt>
      <trkpt lat="49.301785" lon="-122.755722"><ele>179.4</ele><time>2026-06-08T12:29:03.000Z</time><extensions><gpxtpx:TrackPointExtension><gpxtpx:hr>131</gpxtpx:hr></gpxtpx:TrackPointExtension></extensions></trkpt>
      <trkpt lat="49.301803" lon="-122.755719"><ele>179.6</ele><time>2026-06-08T12:29:04.000Z</time><extensions><gpxtpx:TrackPointExtension><gpxtpx:hr>131</gpxtpx:hr></gpxtpx:TrackPointExtension></extensions></trkpt>
      <trkpt lat="49.301821" lon="-122.75572"><ele>179.8</ele><time>2026-06-08T12:29:05.000Z</time><extensions><gpxtpx:TrackPointExtension><gpxtpx:hr>130</gpxtpx:hr></gpxtpx:TrackPointExtension></extensions></trkpt>
      <trkpt lat="49.301832" lon="-122.75573"><ele>180</ele><time>2026-06-08T12:29:06.000Z</time><extensions><gpxtpx:TrackPointExtension><gpxtpx:hr>131</gpxtpx:hr></gpxtpx:TrackPointExtension></extensions></trkpt>
      <trkpt lat="49.301854" lon="-122.755729"><ele>180.2</ele><time>2026-06-08T12:29:07.000Z</time><extensions><gpxtpx:TrackPointExtension><gpxtpx:hr>131</gpxtpx:hr></gpxtpx:TrackPointExtension></extensions></trkpt>
      <trkpt lat="49.301874" lon="-122.755737"><ele>180.4</ele><time>2026-06-08T12:29:08.000Z</time><extensions><gpxtpx:TrackPointExtension><gpxtpx:hr>131</gpxtpx:hr></gpxtpx:TrackPointExtension></extensions></trkpt>
      <trkpt lat="49.301892" lon="-122.75574"><ele>180.6</ele><time>2026-06-08T12:29:09.000Z</time><extensions><gpxtpx:TrackPointExtension><gpxtpx:hr>130</gpxtpx:hr></gpxtpx:TrackPointExtension></extensions></trkpt>
      <trkpt lat="49.301919" lon="-122.755736"><ele>180.6</ele><time>2026-06-08T12:29:10.000Z</time><extensions><gpxtpx:TrackPointExtension><gpxtpx:hr>130</gpxtpx:hr></gpxtpx:TrackPointExtension></extensions></trkpt>
      <trkpt lat="49.301931" lon="-122.755738"><ele>180.8</ele><time>2026-06-08T12:29:11.000Z</time><extensions><gpxtpx:TrackPointExtension><gpxtpx:hr>131</gpxtpx:hr></gpxtpx:TrackPointExtension></extensions></trkpt>
      <trkpt lat="49.301955" lon="-122.755737"><ele>181</ele><time>2026-06-08T12:29:12.000Z</time><extensions><gpxtpx:TrackPointExtension><gpxtpx:hr>131</gpxtpx:hr></gpxtpx:TrackPointExtension></extensions></trkpt>
      <trkpt lat="49.301975" lon="-122.75574"><ele>181.2</ele><time>2026-06-08T12:29:13.000Z</time><extensions><gpxtpx:TrackPointExtension><gpxtpx:hr>131</gpxtpx:hr></gpxtpx:TrackPointExtension></extensions></trkpt>
      <trkpt lat="49.301994" lon="-122.755747"><ele>181.4</ele><time>2026-06-08T12:29:14.000Z</time><extensions><gpxtpx:TrackPointExtension><gpxtpx:hr>131</gpxtpx:hr></gpxtpx:TrackPointExtension></extensions></trkpt>
      <trkpt lat="49.302015" lon="-122.755738"><ele>181.6</ele><time>2026-06-08T12:29:15.000Z</time><extensions><gpxtpx:TrackPointExtension><gpxtpx:hr>131</gpxtpx:hr></gpxtpx:TrackPointExtension></extensions></trkpt>
      <trkpt lat="49.302034" lon="-122.755734"><ele>181.8</ele><time>2026-06-08T12:29:16.000Z</time><extensions><gpxtpx:TrackPointExtension><gpxtpx:hr>131</gpxtpx:hr></gpxtpx:TrackPointExtension></extensions></trkpt>
      <trkpt lat="49.302057" lon="-122.755733"><ele>182</ele><time>2026-06-08T12:29:17.000Z</time><extensions><gpxtpx:TrackPointExtension><gpxtpx:hr>131</gpxtpx:hr></gpxtpx:TrackPointExtension></extensions></trkpt>
      <trkpt lat="49.30208" lon="-122.755726"><ele>182</ele><time>2026-06-08T12:29:18.000Z</time><extensions><gpxtpx:TrackPointExtension><gpxtpx:hr>131</gpxtpx:hr></gpxtpx:TrackPointExtension></extensions></trkpt>
      <trkpt lat="49.302096" lon="-122.755724"><ele>182.2</ele><time>2026-06-08T12:29:19.000Z</time><extensions><gpxtpx:TrackPointExtension><gpxtpx:hr>131</gpxtpx:hr></gpxtpx:TrackPointExtension></extensions></trkpt>
      <trkpt lat="49.302117" lon="-122.75572"><ele>182.4</ele><time>2026-06-08T12:29:20.000Z</time><extensions><gpxtpx:TrackPointExtension><gpxtpx:hr>132</gpxtpx:hr></gpxtpx:TrackPointExtension></extensions></trkpt>
      <trkpt lat="49.302137" lon="-122.755724"><ele>182.6</ele><time>2026-06-08T12:29:21.000Z</time><extensions><gpxtpx:TrackPointExtension><gpxtpx:hr>132</gpxtpx:hr></gpxtpx:TrackPointExtension></extensions></trkpt>
      <trkpt lat="49.302153" lon="-122.755732"><ele>183</ele><time>2026-06-08T12:29:22.000Z</time><extensions><gpxtpx:TrackPointExtension><gpxtpx:hr>133</gpxtpx:hr></gpxtpx:TrackPointExtension></extensions></trkpt>
      <trkpt lat="49.302169" lon="-122.755728"><ele>183.4</ele><time>2026-06-08T12:29:23.000Z</time><extensions><gpxtpx:TrackPointExtension><gpxtpx:hr>133</gpxtpx:hr></gpxtpx:TrackPointExtension></extensions></trkpt>
      <trkpt lat="49.302188" lon="-122.755729"><ele>183.6</ele><time>2026-06-08T12:29:24.000Z</time><extensions><gpxtpx:TrackPointExtension><gpxtpx:hr>134</gpxtpx:hr></gpxtpx:TrackPointExtension></extensions></trkpt>
      <trkpt lat="49.302206" lon="-122.755735"><ele>183.8</ele><time>2026-06-08T12:29:25.000Z</time><extensions><gpxtpx:TrackPointExtension><gpxtpx:hr>134</gpxtpx:hr></gpxtpx:TrackPointExtension></extensions></trkpt>
      <trkpt lat="49.30223" lon="-122.755729"><ele>184</ele><time>2026-06-08T12:29:26.000Z</time><extensions><gpxtpx:TrackPointExtension><gpxtpx:hr>135</gpxtpx:hr></gpxtpx:TrackPointExtension></extensions></trkpt>
      <trkpt lat="49.302249" lon="-122.755726"><ele>184.2</ele><time>2026-06-08T12:29:27.000Z</time><extensions><gpxtpx:TrackPointExtension><gpxtpx:hr>135</gpxtpx:hr></gpxtpx:TrackPointExtension></extensions></trkpt>
      <trkpt lat="49.302267" lon="-122.755731"><ele>184.4</ele><time>2026-06-08T12:29:28.000Z</time><extensions><gpxtpx:TrackPointExtension><gpxtpx:hr>136</gpxtpx:hr></gpxtpx:TrackPointExtension></extensions></trkpt>
      <trkpt lat="49.302285" lon="-122.755731"><ele>184.4</ele><time>2026-06-08T12:29:29.000Z</time><extensions><gpxtpx:TrackPointExtension><gpxtpx:hr>136</gpxtpx:hr></gpxtpx:TrackPointExtension></extensions></trkpt>
      <trkpt lat="49.302303" lon="-122.755733"><ele>184.6</ele><time>2026-06-08T12:29:30.000Z</time><extensions><gpxtpx:TrackPointExtension><gpxtpx:hr>137</gpxtpx:hr></gpxtpx:TrackPointExtension></extensions></trkpt>
      <trkpt lat="49.302316" lon="-122.755735"><ele>185</ele><time>2026-06-08T12:29:31.000Z</time><extensions><gpxtpx:TrackPointExtension><gpxtpx:hr>137</gpxtpx:hr></gpxtpx:TrackPointExtension></extensions></trkpt>
      <trkpt lat="49.302336" lon="-122.755743"><ele>185.2</ele><time>2026-06-08T12:29:32.000Z</time><extensions><gpxtpx:TrackPointExtension><gpxtpx:hr>138</gpxtpx:hr></gpxtpx:TrackPointExtension></extensions></trkpt>
      <trkpt lat="49.302354" lon="-122.755733"><ele>185.4</ele><time>2026-06-08T12:29:33.000Z</time><extensions><gpxtpx:TrackPointExtension><gpxtpx:hr>138</gpxtpx:hr></gpxtpx:TrackPointExtension></extensions></trkpt>
      <trkpt lat="49.302372" lon="-122.755734"><ele>185.6</ele><time>2026-06-08T12:29:34.000Z</time><extensions><gpxtpx:TrackPointExtension><gpxtpx:hr>139</gpxtpx:hr></gpxtpx:TrackPointExtension></extensions></trkpt>
      <trkpt lat="49.302394" lon="-122.755743"><ele>185.8</ele><time>2026-06-08T12:29:35.000Z</time><extensions><gpxtpx:TrackPointExtension><gpxtpx:hr>139</gpxtpx:hr></gpxtpx:TrackPointExtension></extensions></trkpt>
      <trkpt lat="49.302411" lon="-122.755745"><ele>185.8</ele><time>2026-06-08T12:29:36.000Z</time><extensions><gpxtpx:TrackPointExtension><gpxtpx:hr>140</gpxtpx:hr></gpxtpx:TrackPointExtension></extensions></trkpt>
      <trkpt lat="49.302432" lon="-122.75575"><ele>186</ele><time>2026-06-08T12:29:37.000Z</time><extensions><gpxtpx:TrackPointExtension><gpxtpx:hr>140</gpxtpx:hr></gpxtpx:TrackPointExtension></extensions></trkpt>
      <trkpt lat="49.302455" lon="-122.755742"><ele>186.2</ele><time>2026-06-08T12:29:38.000Z</time><extensions><gpxtpx:TrackPointExtension><gpxtpx:hr>141</gpxtpx:hr></gpxtpx:TrackPointExtension></extensions></trkpt>
      <trkpt lat="49.30247" lon="-122.755743"><ele>186.4</ele><time>2026-06-08T12:29:39.000Z</time><extensions><gpxtpx:TrackPointExtension><gpxtpx:hr>142</gpxtpx:hr></gpxtpx:TrackPointExtension></extensions></trkpt>
      <trkpt lat="49.302489" lon="-122.755735"><ele>186.6</ele><time>2026-06-08T12:29:40.000Z</time><extensions><gpxtpx:TrackPointExtension><gpxtpx:hr>144</gpxtpx:hr></gpxtpx:TrackPointExtension></extensions></trkpt>
      <trkpt lat="49.302509" lon="-122.75574"><ele>187</ele><time>2026-06-08T12:29:41.000Z</time><extensions><gpxtpx:TrackPointExtension><gpxtpx:hr>145</gpxtpx:hr></gpxtpx:TrackPointExtension></extensions></trkpt>
      <trkpt lat="49.302526" lon="-122.755744"><ele>187.2</ele><time>2026-06-08T12:29:42.000Z</time><extensions><gpxtpx:TrackPointExtension><gpxtpx:hr>146</gpxtpx:hr></gpxtpx:TrackPointExtension></extensions></trkpt>
      <trkpt lat="49.302545" lon="-122.755734"><ele>187.4</ele><time>2026-06-08T12:29:43.000Z</time><extensions><gpxtpx:TrackPointExtension><gpxtpx:hr>148</gpxtpx:hr></gpxtpx:TrackPointExtension></extensions></trkpt>
      <trkpt lat="49.302562" lon="-122.755729"><ele>187.6</ele><time>2026-06-08T12:29:44.000Z</time><extensions><gpxtpx:TrackPointExtension><gpxtpx:hr>149</gpxtpx:hr></gpxtpx:TrackPointExtension></extensions></trkpt>
      <trkpt lat="49.302579" lon="-122.755738"><ele>187.6</ele><time>2026-06-08T12:29:45.000Z</time><extensions><gpxtpx:TrackPointExtension><gpxtpx:hr>151</gpxtpx:hr></gpxtpx:TrackPointExtension></extensions></trkpt>
      <trkpt lat="49.302601" lon="-122.755738"><ele>187.8</ele><time>2026-06-08T12:29:46.000Z</time><extensions><gpxtpx:TrackPointExtension><gpxtpx:hr>152</gpxtpx:hr></gpxtpx:TrackPointExtension></extensions></trkpt>
      <trkpt lat="49.302614" lon="-122.755735"><ele>188</ele><time>2026-06-08T12:29:47.000Z</time><extensions><gpxtpx:TrackPointExtension><gpxtpx:hr>152</gpxtpx:hr></gpxtpx:TrackPointExtension></extensions></trkpt>
      <trkpt lat="49.30263" lon="-122.755737"><ele>188.2</ele><time>2026-06-08T12:29:48.000Z</time><extensions><gpxtpx:TrackPointExtension><gpxtpx:hr>153</gpxtpx:hr></gpxtpx:TrackPointExtension></extensions></trkpt>
      <trkpt lat="49.302649" lon="-122.755737"><ele>188.4</ele><time>2026-06-08T12:29:49.000Z</time><extensions><gpxtpx:TrackPointExtension><gpxtpx:hr>153</gpxtpx:hr></gpxtpx:TrackPointExtension></extensions></trkpt>
      <trkpt lat="49.302665" lon="-122.755738"><ele>188.6</ele><time>2026-06-08T12:29:50.000Z</time><extensions><gpxtpx:TrackPointExtension><gpxtpx:hr>154</gpxtpx:hr></gpxtpx:TrackPointExtension></extensions></trkpt>
      <trkpt lat="49.302684" lon="-122.755731"><ele>188.8</ele><time>2026-06-08T12:29:51.000Z</time><extensions><gpxtpx:TrackPointExtension><gpxtpx:hr>154</gpxtpx:hr></gpxtpx:TrackPointExtension></extensions></trkpt>
      <trkpt lat="49.302702" lon="-122.755735"><ele>189</ele><time>2026-06-08T12:29:52.000Z</time><extensions><gpxtpx:TrackPointExtension><gpxtpx:hr>154</gpxtpx:hr></gpxtpx:TrackPointExtension></extensions></trkpt>
      <trkpt lat="49.302718" lon="-122.755742"><ele>189.2</ele><time>2026-06-08T12:29:53.000Z</time><extensions><gpxtpx:TrackPointExtension><gpxtpx:hr>155</gpxtpx:hr></gpxtpx:TrackPointExtension></extensions></trkpt>
      <trkpt lat="49.302736" lon="-122.755737"><ele>189.4</ele><time>2026-06-08T12:29:54.000Z</time><extensions><gpxtpx:TrackPointExtension><gpxtpx:hr>155</gpxtpx:hr></gpxtpx:TrackPointExtension></extensions></trkpt>
      <trkpt lat="49.302753" lon="-122.755732"><ele>189.6</ele><time>2026-06-08T12:29:55.000Z</time><extensions><gpxtpx:TrackPointExtension><gpxtpx:hr>154</gpxtpx:hr></gpxtpx:TrackPointExtension></extensions></trkpt>
      <trkpt lat="49.302763" lon="-122.755739"><ele>189.8</ele><time>2026-06-08T12:29:56.000Z</time><extensions><gpxtpx:TrackPointExtension><gpxtpx:hr>154</gpxtpx:hr></gpxtpx:TrackPointExtension></extensions></trkpt>
      <trkpt lat="49.30278" lon="-122.755739"><ele>190</ele><time>2026-06-08T12:29:57.000Z</time><extensions><gpxtpx:TrackPointExtension><gpxtpx:hr>154</gpxtpx:hr></gpxtpx:TrackPointExtension></extensions></trkpt>
      <trkpt lat="49.302798" lon="-122.755739"><ele>190.2</ele><time>2026-06-08T12:29:58.000Z</time><extensions><gpxtpx:TrackPointExtension><gpxtpx:hr>154</gpxtpx:hr></gpxtpx:TrackPointExtension></extensions></trkpt>
      <trkpt lat="49.302816" lon="-122.755742"><ele>190.4</ele><time>2026-06-08T12:29:59.000Z</time><extensions><gpxtpx:TrackPointExtension><gpxtpx:hr>154</gpxtpx:hr></gpxtpx:TrackPointExtension></extensions></trkpt>
      <trkpt lat="49.302834" lon="-122.755726"><ele>190.6</ele><time>2026-06-08T12:30:00.000Z</time><extensions><gpxtpx:TrackPointExtension><gpxtpx:hr>154</gpxtpx:hr></gpxtpx:TrackPointExtension></extensions></trkpt>
      <trkpt lat="49.302856" lon="-122.755724"><ele>190.8</ele><time>2026-06-08T12:30:01.000Z</time><extensions><gpxtpx:TrackPointExtension><gpxtpx:hr>154</gpxtpx:hr></gpxtpx:TrackPointExtension></extensions></trkpt>
      <trkpt lat="49.302875" lon="-122.755729"><ele>191</ele><time>2026-06-08T12:30:02.000Z</time><extensions><gpxtpx:TrackPointExtension><gpxtpx:hr>154</gpxtpx:hr></gpxtpx:TrackPointExtension></extensions></trkpt>
      <trkpt lat="49.3029" lon="-122.75572"><ele>191.2</ele><time>2026-06-08T12:30:03.000Z</time><extensions><gpxtpx:TrackPointExtension><gpxtpx:hr>154</gpxtpx:hr></gpxtpx:TrackPointExtension></extensions></trkpt>
      <trkpt lat="49.302918" lon="-122.755717"><ele>191.2</ele><time>2026-06-08T12:30:04.000Z</time><extensions><gpxtpx:TrackPointExtension><gpxtpx:hr>154</gpxtpx:hr></gpxtpx:TrackPointExtension></extensions></trkpt>
      <trkpt lat="49.302938" lon="-122.755726"><ele>191.4</ele><time>2026-06-08T12:30:05.000Z</time><extensions><gpxtpx:TrackPointExtension><gpxtpx:hr>154</gpxtpx:hr></gpxtpx:TrackPointExtension></extensions></trkpt>
      <trkpt lat="49.302958" lon="-122.75573"><ele>191.6</ele><time>2026-06-08T12:30:06.000Z</time><extensions><gpxtpx:TrackPointExtension><gpxtpx:hr>154</gpxtpx:hr></gpxtpx:TrackPointExtension></extensions></trkpt>
      <trkpt lat="49.302975" lon="-122.755723"><ele>191.8</ele><time>2026-06-08T12:30:07.000Z</time><extensions><gpxtpx:TrackPointExtension><gpxtpx:hr>155</gpxtpx:hr></gpxtpx:TrackPointExtension></extensions></trkpt>
      <trkpt lat="49.302991" lon="-122.755721"><ele>192</ele><time>2026-06-08T12:30:08.000Z</time><extensions><gpxtpx:TrackPointExtension><gpxtpx:hr>154</gpxtpx:hr></gpxtpx:TrackPointExtension></extensions></trkpt>
      <trkpt lat="49.303014" lon="-122.755723"><ele>192.2</ele><time>2026-06-08T12:30:09.000Z</time><extensions><gpxtpx:TrackPointExtension><gpxtpx:hr>154</gpxtpx:hr></gpxtpx:TrackPointExtension></extensions></trkpt>
      <trkpt lat="49.303028" lon="-122.755732"><ele>192.6</ele><time>2026-06-08T12:30:10.000Z</time><extensions><gpxtpx:TrackPointExtension><gpxtpx:hr>154</gpxtpx:hr></gpxtpx:TrackPointExtension></extensions></trkpt>
      <trkpt lat="49.303046" lon="-122.755732"><ele>192.8</ele><time>2026-06-08T12:30:11.000Z</time><extensions><gpxtpx:TrackPointExtension><gpxtpx:hr>154</gpxtpx:hr></gpxtpx:TrackPointExtension></extensions></trkpt>
      <trkpt lat="49.303063" lon="-122.755731"><ele>193</ele><time>2026-06-08T12:30:12.000Z</time><extensions><gpxtpx:TrackPointExtension><gpxtpx:hr>154</gpxtpx:hr></gpxtpx:TrackPointExtension></extensions></trkpt>
      <trkpt lat="49.303078" lon="-122.75573"><ele>193</ele><time>2026-06-08T12:30:13.000Z</time><extensions><gpxtpx:TrackPointExtension><gpxtpx:hr>155</gpxtpx:hr></gpxtpx:TrackPointExtension></extensions></trkpt>
      <trkpt lat="49.303095" lon="-122.75573"><ele>193.2</ele><time>2026-06-08T12:30:14.000Z</time><extensions><gpxtpx:TrackPointExtension><gpxtpx:hr>155</gpxtpx:hr></gpxtpx:TrackPointExtension></extensions></trkpt>
      <trkpt lat="49.303109" lon="-122.755728"><ele>193.4</ele><time>2026-06-08T12:30:15.000Z</time><extensions><gpxtpx:TrackPointExtension><gpxtpx:hr>155</gpxtpx:hr></gpxtpx:TrackPointExtension></extensions></trkpt>
      <trkpt lat="49.303125" lon="-122.755735"><ele>193.4</ele><time>2026-06-08T12:30:16.000Z</time><extensions><gpxtpx:TrackPointExtension><gpxtpx:hr>155</gpxtpx:hr></gpxtpx:TrackPointExtension></extensions></trkpt>
      <trkpt lat="49.303143" lon="-122.755741"><ele>193.6</ele><time>2026-06-08T12:30:17.000Z</time><extensions><gpxtpx:TrackPointExtension><gpxtpx:hr>156</gpxtpx:hr></gpxtpx:TrackPointExtension></extensions></trkpt>
      <trkpt lat="49.303161" lon="-122.755742"><ele>193.8</ele><time>2026-06-08T12:30:18.000Z</time><extensions><gpxtpx:TrackPointExtension><gpxtpx:hr>156</gpxtpx:hr></gpxtpx:TrackPointExtension></extensions></trkpt>
      <trkpt lat="49.303178" lon="-122.75574"><ele>194</ele><time>2026-06-08T12:30:19.000Z</time><extensions><gpxtpx:TrackPointExtension><gpxtpx:hr>156</gpxtpx:hr></gpxtpx:TrackPointExtension></extensions></trkpt>
      <trkpt lat="49.303197" lon="-122.75574"><ele>194.2</ele><time>2026-06-08T12:30:20.000Z</time><extensions><gpxtpx:TrackPointExtension><gpxtpx:hr>156</gpxtpx:hr></gpxtpx:TrackPointExtension></extensions></trkpt>
      <trkpt lat="49.303214" lon="-122.755742"><ele>194.6</ele><time>2026-06-08T12:30:21.000Z</time><extensions><gpxtpx:TrackPointExtension><gpxtpx:hr>157</gpxtpx:hr></gpxtpx:TrackPointExtension></extensions></trkpt>
      <trkpt lat="49.303232" lon="-122.75574"><ele>194.8</ele><time>2026-06-08T12:30:22.000Z</time><extensions><gpxtpx:TrackPointExtension><gpxtpx:hr>157</gpxtpx:hr></gpxtpx:TrackPointExtension></extensions></trkpt>
      <trkpt lat="49.303249" lon="-122.755735"><ele>195</ele><time>2026-06-08T12:30:23.000Z</time><extensions><gpxtpx:TrackPointExtension><gpxtpx:hr>157</gpxtpx:hr></gpxtpx:TrackPointExtension></extensions></trkpt>
      <trkpt lat="49.303263" lon="-122.755739"><ele>195</ele><time>2026-06-08T12:30:24.000Z</time><extensions><gpxtpx:TrackPointExtension><gpxtpx:hr>157</gpxtpx:hr></gpxtpx:TrackPointExtension></extensions></trkpt>
      <trkpt lat="49.303282" lon="-122.755739"><ele>195.2</ele><time>2026-06-08T12:30:25.000Z</time><extensions><gpxtpx:TrackPointExtension><gpxtpx:hr>156</gpxtpx:hr></gpxtpx:TrackPointExtension></extensions></trkpt>
      <trkpt lat="49.303299" lon="-122.755743"><ele>195.4</ele><time>2026-06-08T12:30:26.000Z</time><extensions><gpxtpx:TrackPointExtension><gpxtpx:hr>156</gpxtpx:hr></gpxtpx:TrackPointExtension></extensions></trkpt>
      <trkpt lat="49.303318" lon="-122.755742"><ele>195.6</ele><time>2026-06-08T12:30:27.000Z</time><extensions><gpxtpx:TrackPointExtension><gpxtpx:hr>157</gpxtpx:hr></gpxtpx:TrackPointExtension></extensions></trkpt>
      <trkpt lat="49.303337" lon="-122.755743"><ele>195.8</ele><time>2026-06-08T12:30:28.000Z</time><extensions><gpxtpx:TrackPointExtension><gpxtpx:hr>157</gpxtpx:hr></gpxtpx:TrackPointExtension></extensions></trkpt>
      <trkpt lat="49.303357" lon="-122.755748"><ele>196</ele><time>2026-06-08T12:30:29.000Z</time><extensions><gpxtpx:TrackPointExtension><gpxtpx:hr>157</gpxtpx:hr></gpxtpx:TrackPointExtension></extensions></trkpt>
      <trkpt lat="49.303378" lon="-122.755746"><ele>196.2</ele><time>2026-06-08T12:30:30.000Z</time><extensions><gpxtpx:TrackPointExtension><gpxtpx:hr>157</gpxtpx:hr></gpxtpx:TrackPointExtension></extensions></trkpt>
      <trkpt lat="49.303395" lon="-122.755743"><ele>196.2</ele><time>2026-06-08T12:30:31.000Z</time><extensions><gpxtpx:TrackPointExtension><gpxtpx:hr>158</gpxtpx:hr></gpxtpx:TrackPointExtension></extensions></trkpt>
      <trkpt lat="49.303416" lon="-122.755739"><ele>196.2</ele><time>2026-06-08T12:30:32.000Z</time><extensions><gpxtpx:TrackPointExtension><gpxtpx:hr>157</gpxtpx:hr></gpxtpx:TrackPointExtension></extensions></trkpt>
      <trkpt lat="49.303437" lon="-122.755735"><ele>196.4</ele><time>2026-06-08T12:30:33.000Z</time><extensions><gpxtpx:TrackPointExtension><gpxtpx:hr>157</gpxtpx:hr></gpxtpx:TrackPointExtension></extensions></trkpt>
      <trkpt lat="49.303456" lon="-122.755737"><ele>196.4</ele><time>2026-06-08T12:30:34.000Z</time><extensions><gpxtpx:TrackPointExtension><gpxtpx:hr>157</gpxtpx:hr></gpxtpx:TrackPointExtension></extensions></trkpt>
      <trkpt lat="49.303482" lon="-122.755732"><ele>196.4</ele><time>2026-06-08T12:30:35.000Z</time><extensions><gpxtpx:TrackPointExtension><gpxtpx:hr>157</gpxtpx:hr></gpxtpx:TrackPointExtension></extensions></trkpt>
      <trkpt lat="49.303501" lon="-122.755731"><ele>196.6</ele><time>2026-06-08T12:30:36.000Z</time><extensions><gpxtpx:TrackPointExtension><gpxtpx:hr>156</gpxtpx:hr></gpxtpx:TrackPointExtension></extensions></trkpt>
      <trkpt lat="49.303522" lon="-122.75573"><ele>196.6</ele><time>2026-06-08T12:30:37.000Z</time><extensions><gpxtpx:TrackPointExtension><gpxtpx:hr>156</gpxtpx:hr></gpxtpx:TrackPointExtension></extensions></trkpt>
      <trkpt lat="49.303541" lon="-122.755724"><ele>196.8</ele><time>2026-06-08T12:30:38.000Z</time><extensions><gpxtpx:TrackPointExtension><gpxtpx:hr>157</gpxtpx:hr></gpxtpx:TrackPointExtension></extensions></trkpt>
      <trkpt lat="49.303564" lon="-122.755721"><ele>196.8</ele><time>2026-06-08T12:30:39.000Z</time><extensions><gpxtpx:TrackPointExtension><gpxtpx:hr>157</gpxtpx:hr></gpxtpx:TrackPointExtension></extensions></trkpt>
      <trkpt lat="49.303584" lon="-122.755722"><ele>196.8</ele><time>2026-06-08T12:30:40.000Z</time><extensions><gpxtpx:TrackPointExtension><gpxtpx:hr>157</gpxtpx:hr></gpxtpx:TrackPointExtension></extensions></trkpt>
      <trkpt lat="49.303598" lon="-122.755737"><ele>197</ele><time>2026-06-08T12:30:41.000Z</time><extensions><gpxtpx:TrackPointExtension><gpxtpx:hr>157</gpxtpx:hr></gpxtpx:TrackPointExtension></extensions></trkpt>
      <trkpt lat="49.303618" lon="-122.755746"><ele>197</ele><time>2026-06-08T12:30:42.000Z</time><extensions><gpxtpx:TrackPointExtension><gpxtpx:hr>156</gpxtpx:hr></gpxtpx:TrackPointExtension></extensions></trkpt>
      <trkpt lat="49.303633" lon="-122.75575"><ele>197.2</ele><time>2026-06-08T12:30:43.000Z</time><extensions><gpxtpx:TrackPointExtension><gpxtpx:hr>156</gpxtpx:hr></gpxtpx:TrackPointExtension></extensions></trkpt>
      <trkpt lat="49.303657" lon="-122.755746"><ele>197.4</ele><time>2026-06-08T12:30:44.000Z</time><extensions><gpxtpx:TrackPointExtension><gpxtpx:hr>156</gpxtpx:hr></gpxtpx:TrackPointExtension></extensions></trkpt>
      <trkpt lat="49.303678" lon="-122.755741"><ele>197.4</ele><time>2026-06-08T12:30:45.000Z</time><extensions><gpxtpx:TrackPointExtension><gpxtpx:hr>155</gpxtpx:hr></gpxtpx:TrackPointExtension></extensions></trkpt>
      <trkpt lat="49.303701" lon="-122.755738"><ele>197.6</ele><time>2026-06-08T12:30:46.000Z</time><extensions><gpxtpx:TrackPointExtension><gpxtpx:hr>155</gpxtpx:hr></gpxtpx:TrackPointExtension></extensions></trkpt>
      <trkpt lat="49.303723" lon="-122.755735"><ele>197.6</ele><time>2026-06-08T12:30:47.000Z</time><extensions><gpxtpx:TrackPointExtension><gpxtpx:hr>155</gpxtpx:hr></gpxtpx:TrackPointExtension></extensions></trkpt>
      <trkpt lat="49.303745" lon="-122.755736"><ele>197.6</ele><time>2026-06-08T12:30:48.000Z</time><extensions><gpxtpx:TrackPointExtension><gpxtpx:hr>155</gpxtpx:hr></gpxtpx:TrackPointExtension></extensions></trkpt>
      <trkpt lat="49.303769" lon="-122.755744"><ele>197.8</ele><time>2026-06-08T12:30:49.000Z</time><extensions><gpxtpx:TrackPointExtension><gpxtpx:hr>155</gpxtpx:hr></gpxtpx:TrackPointExtension></extensions></trkpt>
      <trkpt lat="49.303794" lon="-122.755753"><ele>198</ele><time>2026-06-08T12:30:50.000Z</time><extensions><gpxtpx:TrackPointExtension><gpxtpx:hr>154</gpxtpx:hr></gpxtpx:TrackPointExtension></extensions></trkpt>
      <trkpt lat="49.30382" lon="-122.755757"><ele>198</ele><time>2026-06-08T12:30:51.000Z</time><extensions><gpxtpx:TrackPointExtension><gpxtpx:hr>154</gpxtpx:hr></gpxtpx:TrackPointExtension></extensions></trkpt>
      <trkpt lat="49.303841" lon="-122.755767"><ele>198.2</ele><time>2026-06-08T12:30:52.000Z</time><extensions><gpxtpx:TrackPointExtension><gpxtpx:hr>154</gpxtpx:hr></gpxtpx:TrackPointExtension></extensions></trkpt>
      <trkpt lat="49.303867" lon="-122.755773"><ele>198.4</ele><time>2026-06-08T12:30:53.000Z</time><extensions><gpxtpx:TrackPointExtension><gpxtpx:hr>154</gpxtpx:hr></gpxtpx:TrackPointExtension></extensions></trkpt>
      <trkpt lat="49.303892" lon="-122.755778"><ele>198.6</ele><time>2026-06-08T12:30:54.000Z</time><extensions><gpxtpx:TrackPointExtension><gpxtpx:hr>154</gpxtpx:hr></gpxtpx:TrackPointExtension></extensions></trkpt>
      <trkpt lat="49.303915" lon="-122.755768"><ele>198.8</ele><time>2026-06-08T12:30:55.000Z</time><extensions><gpxtpx:TrackPointExtension><gpxtpx:hr>154</gpxtpx:hr></gpxtpx:TrackPointExtension></extensions></trkpt>
      <trkpt lat="49.303937" lon="-122.755767"><ele>198.8</ele><time>2026-06-08T12:30:56.000Z</time><extensions><gpxtpx:TrackPointExtension><gpxtpx:hr>154</gpxtpx:hr></gpxtpx:TrackPointExtension></extensions></trkpt>
      <trkpt lat="49.303957" lon="-122.755758"><ele>199.2</ele><time>2026-06-08T12:30:57.000Z</time><extensions><gpxtpx:TrackPointExtension><gpxtpx:hr>154</gpxtpx:hr></gpxtpx:TrackPointExtension></extensions></trkpt>
      <trkpt lat="49.303978" lon="-122.755751"><ele>199.4</ele><time>2026-06-08T12:30:58.000Z</time><extensions><gpxtpx:TrackPointExtension><gpxtpx:hr>154</gpxtpx:hr></gpxtpx:TrackPointExtension></extensions></trkpt>
      <trkpt lat="49.304" lon="-122.755747"><ele>199.6</ele><time>2026-06-08T12:30:59.000Z</time><extensions><gpxtpx:TrackPointExtension><gpxtpx:hr>154</gpxtpx:hr></gpxtpx:TrackPointExtension></extensions></trkpt>
      <trkpt lat="49.304022" lon="-122.755742"><ele>199.8</ele><time>2026-06-08T12:31:00.000Z</time><extensions><gpxtpx:TrackPointExtension><gpxtpx:hr>154</gpxtpx:hr></gpxtpx:TrackPointExtension></extensions></trkpt>
      <trkpt lat="49.304042" lon="-122.75574"><ele>200</ele><time>2026-06-08T12:31:01.000Z</time><extensions><gpxtpx:TrackPointExtension><gpxtpx:hr>154</gpxtpx:hr></gpxtpx:TrackPointExtension></extensions></trkpt>
      <trkpt lat="49.304061" lon="-122.755735"><ele>200.2</ele><time>2026-06-08T12:31:02.000Z</time><extensions><gpxtpx:TrackPointExtension><gpxtpx:hr>155</gpxtpx:hr></gpxtpx:TrackPointExtension></extensions></trkpt>
      <trkpt lat="49.304077" lon="-122.75573"><ele>200.4</ele><time>2026-06-08T12:31:03.000Z</time><extensions><gpxtpx:TrackPointExtension><gpxtpx:hr>155</gpxtpx:hr></gpxtpx:TrackPointExtension></extensions></trkpt>
      <trkpt lat="49.304097" lon="-122.755723"><ele>200.6</ele><time>2026-06-08T12:31:04.000Z</time><extensions><gpxtpx:TrackPointExtension><gpxtpx:hr>155</gpxtpx:hr></gpxtpx:TrackPointExtension></extensions></trkpt>
      <trkpt lat="49.304115" lon="-122.755713"><ele>200.8</ele><time>2026-06-08T12:31:05.000Z</time><extensions><gpxtpx:TrackPointExtension><gpxtpx:hr>155</gpxtpx:hr></gpxtpx:TrackPointExtension></extensions></trkpt>
      <trkpt lat="49.304133" lon="-122.755712"><ele>201</ele><time>2026-06-08T12:31:06.000Z</time><extensions><gpxtpx:TrackPointExtension><gpxtpx:hr>155</gpxtpx:hr></gpxtpx:TrackPointExtension></extensions></trkpt>
      <trkpt lat="49.304151" lon="-122.755712"><ele>201.2</ele><time>2026-06-08T12:31:07.000Z</time><extensions><gpxtpx:TrackPointExtension><gpxtpx:hr>155</gpxtpx:hr></gpxtpx:TrackPointExtension></extensions></trkpt>
      <trkpt lat="49.304177" lon="-122.755712"><ele>201.4</ele><time>2026-06-08T12:31:08.000Z</time><extensions><gpxtpx:TrackPointExtension><gpxtpx:hr>154</gpxtpx:hr></gpxtpx:TrackPointExtension></extensions></trkpt>
      <trkpt lat="49.3042" lon="-122.755704"><ele>201.6</ele><time>2026-06-08T12:31:09.000Z</time><extensions><gpxtpx:TrackPointExtension><gpxtpx:hr>154</gpxtpx:hr></gpxtpx:TrackPointExtension></extensions></trkpt>
      <trkpt lat="49.304221" lon="-122.755693"><ele>201.8</ele><time>2026-06-08T12:31:10.000Z</time><extensions><gpxtpx:TrackPointExtension><gpxtpx:hr>154</gpxtpx:hr></gpxtpx:TrackPointExtension></extensions></trkpt>
      <trkpt lat="49.304242" lon="-122.75569"><ele>202</ele><time>2026-06-08T12:31:11.000Z</time><extensions><gpxtpx:TrackPointExtension><gpxtpx:hr>155</gpxtpx:hr></gpxtpx:TrackPointExtension></extensions></trkpt>
      <trkpt lat="49.304261" lon="-122.755685"><ele>202.4</ele><time>2026-06-08T12:31:12.000Z</time><extensions><gpxtpx:TrackPointExtension><gpxtpx:hr>155</gpxtpx:hr></gpxtpx:TrackPointExtension></extensions></trkpt>
      <trkpt lat="49.30428" lon="-122.75568"><ele>202.6</ele><time>2026-06-08T12:31:13.000Z</time><extensions><gpxtpx:TrackPointExtension><gpxtpx:hr>155</gpxtpx:hr></gpxtpx:TrackPointExtension></extensions></trkpt>
      <trkpt lat="49.304298" lon="-122.755684"><ele>202.8</ele><time>2026-06-08T12:31:14.000Z</time><extensions><gpxtpx:TrackPointExtension><gpxtpx:hr>154</gpxtpx:hr></gpxtpx:TrackPointExtension></extensions></trkpt>
      <trkpt lat="49.304316" lon="-122.755687"><ele>203</ele><time>2026-06-08T12:31:15.000Z</time><extensions><gpxtpx:TrackPointExtension><gpxtpx:hr>154</gpxtpx:hr></gpxtpx:TrackPointExtension></extensions></trkpt>
      <trkpt lat="49.304333" lon="-122.75569"><ele>203.4</ele><time>2026-06-08T12:31:16.000Z</time><extensions><gpxtpx:TrackPointExtension><gpxtpx:hr>154</gpxtpx:hr></gpxtpx:TrackPointExtension></extensions></trkpt>
      <trkpt lat="49.30435" lon="-122.75569"><ele>203.6</ele><time>2026-06-08T12:31:17.000Z</time><extensions><gpxtpx:TrackPointExtension><gpxtpx:hr>154</gpxtpx:hr></gpxtpx:TrackPointExtension></extensions></trkpt>
      <trkpt lat="49.304371" lon="-122.755688"><ele>203.8</ele><time>2026-06-08T12:31:18.000Z</time><extensions><gpxtpx:TrackPointExtension><gpxtpx:hr>154</gpxtpx:hr></gpxtpx:TrackPointExtension></extensions></trkpt>
      <trkpt lat="49.30438" lon="-122.755695"><ele>203.8</ele><time>2026-06-08T12:31:19.000Z</time><extensions><gpxtpx:TrackPointExtension><gpxtpx:hr>153</gpxtpx:hr></gpxtpx:TrackPointExtension></extensions></trkpt>
      <trkpt lat="49.304398" lon="-122.755694"><ele>204</ele><time>2026-06-08T12:31:20.000Z</time><extensions><gpxtpx:TrackPointExtension><gpxtpx:hr>154</gpxtpx:hr></gpxtpx:TrackPointExtension></extensions></trkpt>
      <trkpt lat="49.304414" lon="-122.755692"><ele>204.2</ele><time>2026-06-08T12:31:21.000Z</time><extensions><gpxtpx:TrackPointExtension><gpxtpx:hr>154</gpxtpx:hr></gpxtpx:TrackPointExtension></extensions></trkpt>
      <trkpt lat="49.304431" lon="-122.75569"><ele>204.4</ele><time>2026-06-08T12:31:22.000Z</time><extensions><gpxtpx:TrackPointExtension><gpxtpx:hr>155</gpxtpx:hr></gpxtpx:TrackPointExtension></extensions></trkpt>
      <trkpt lat="49.30445" lon="-122.755687"><ele>204.6</ele><time>2026-06-08T12:31:23.000Z</time><extensions><gpxtpx:TrackPointExtension><gpxtpx:hr>155</gpxtpx:hr></gpxtpx:TrackPointExtension></extensions></trkpt>
      <trkpt lat="49.304465" lon="-122.755687"><ele>204.8</ele><time>2026-06-08T12:31:24.000Z</time><extensions><gpxtpx:TrackPointExtension><gpxtpx:hr>155</gpxtpx:hr></gpxtpx:TrackPointExtension></extensions></trkpt>
      <trkpt lat="49.304484" lon="-122.755686"><ele>205</ele><time>2026-06-08T12:31:25.000Z</time><extensions><gpxtpx:TrackPointExtension><gpxtpx:hr>155</gpxtpx:hr></gpxtpx:TrackPointExtension></extensions></trkpt>
      <trkpt lat="49.304503" lon="-122.755686"><ele>205.4</ele><time>2026-06-08T12:31:26.000Z</time><extensions><gpxtpx:TrackPointExtension><gpxtpx:hr>155</gpxtpx:hr></gpxtpx:TrackPointExtension></extensions></trkpt>
      <trkpt lat="49.304519" lon="-122.755687"><ele>205.6</ele><time>2026-06-08T12:31:27.000Z</time><extensions><gpxtpx:TrackPointExtension><gpxtpx:hr>155</gpxtpx:hr></gpxtpx:TrackPointExtension></extensions></trkpt>
      <trkpt lat="49.30454" lon="-122.755681"><ele>205.8</ele><time>2026-06-08T12:31:28.000Z</time><extensions><gpxtpx:TrackPointExtension><gpxtpx:hr>156</gpxtpx:hr></gpxtpx:TrackPointExtension></extensions></trkpt>
      <trkpt lat="49.304557" lon="-122.75568"><ele>206</ele><time>2026-06-08T12:31:29.000Z</time><extensions><gpxtpx:TrackPointExtension><gpxtpx:hr>156</gpxtpx:hr></gpxtpx:TrackPointExtension></extensions></trkpt>
      <trkpt lat="49.304575" lon="-122.755682"><ele>206.2</ele><time>2026-06-08T12:31:30.000Z</time><extensions><gpxtpx:TrackPointExtension><gpxtpx:hr>156</gpxtpx:hr></gpxtpx:TrackPointExtension></extensions></trkpt>
      <trkpt lat="49.304595" lon="-122.755682"><ele>206.4</ele><time>2026-06-08T12:31:31.000Z</time><extensions><gpxtpx:TrackPointExtension><gpxtpx:hr>156</gpxtpx:hr></gpxtpx:TrackPointExtension></extensions></trkpt>
      <trkpt lat="49.304611" lon="-122.755689"><ele>206.6</ele><time>2026-06-08T12:31:32.000Z</time><extensions><gpxtpx:TrackPointExtension><gpxtpx:hr>155</gpxtpx:hr></gpxtpx:TrackPointExtension></extensions></trkpt>
      <trkpt lat="49.304629" lon="-122.755694"><ele>206.8</ele><time>2026-06-08T12:31:33.000Z</time><extensions><gpxtpx:TrackPointExtension><gpxtpx:hr>155</gpxtpx:hr></gpxtpx:TrackPointExtension></extensions></trkpt>
      <trkpt lat="49.30465" lon="-122.755689"><ele>207</ele><time>2026-06-08T12:31:34.000Z</time><extensions><gpxtpx:TrackPointExtension><gpxtpx:hr>155</gpxtpx:hr></gpxtpx:TrackPointExtension></extensions></trkpt>
      <trkpt lat="49.304666" lon="-122.755688"><ele>207.2</ele><time>2026-06-08T12:31:35.000Z</time><extensions><gpxtpx:TrackPointExtension><gpxtpx:hr>155</gpxtpx:hr></gpxtpx:TrackPointExtension></extensions></trkpt>
      <trkpt lat="49.304681" lon="-122.755693"><ele>207.4</ele><time>2026-06-08T12:31:36.000Z</time><extensions><gpxtpx:TrackPointExtension><gpxtpx:hr>155</gpxtpx:hr></gpxtpx:TrackPointExtension></extensions></trkpt>
      <trkpt lat="49.3047" lon="-122.755691"><ele>207.6</ele><time>2026-06-08T12:31:37.000Z</time><extensions><gpxtpx:TrackPointExtension><gpxtpx:hr>154</gpxtpx:hr></gpxtpx:TrackPointExtension></extensions></trkpt>
      <trkpt lat="49.304711" lon="-122.755691"><ele>207.8</ele><time>2026-06-08T12:31:38.000Z</time><extensions><gpxtpx:TrackPointExtension><gpxtpx:hr>153</gpxtpx:hr></gpxtpx:TrackPointExtension></extensions></trkpt>
      <trkpt lat="49.304723" lon="-122.755701"><ele>208.2</ele><time>2026-06-08T12:31:39.000Z</time><extensions><gpxtpx:TrackPointExtension><gpxtpx:hr>152</gpxtpx:hr></gpxtpx:TrackPointExtension></extensions></trkpt>
      <trkpt lat="49.304738" lon="-122.75571"><ele>208.4</ele><time>2026-06-08T12:31:40.000Z</time><extensions><gpxtpx:TrackPointExtension><gpxtpx:hr>152</gpxtpx:hr></gpxtpx:TrackPointExtension></extensions></trkpt>
      <trkpt lat="49.304753" lon="-122.755712"><ele>208.8</ele><time>2026-06-08T12:31:41.000Z</time><extensions><gpxtpx:TrackPointExtension><gpxtpx:hr>152</gpxtpx:hr></gpxtpx:TrackPointExtension></extensions></trkpt>
      <trkpt lat="49.304765" lon="-122.755714"><ele>209</ele><time>2026-06-08T12:31:42.000Z</time><extensions><gpxtpx:TrackPointExtension><gpxtpx:hr>152</gpxtpx:hr></gpxtpx:TrackPointExtension></extensions></trkpt>
      <trkpt lat="49.304779" lon="-122.755694"><ele>209.2</ele><time>2026-06-08T12:31:43.000Z</time><extensions><gpxtpx:TrackPointExtension><gpxtpx:hr>152</gpxtpx:hr></gpxtpx:TrackPointExtension></extensions></trkpt>
      <trkpt lat="49.304784" lon="-122.755667"><ele>209.6</ele><time>2026-06-08T12:31:44.000Z</time><extensions><gpxtpx:TrackPointExtension><gpxtpx:hr>153</gpxtpx:hr></gpxtpx:TrackPointExtension></extensions></trkpt>
      <trkpt lat="49.304785" lon="-122.755643"><ele>209.8</ele><time>2026-06-08T12:31:45.000Z</time><extensions><gpxtpx:TrackPointExtension><gpxtpx:hr>153</gpxtpx:hr></gpxtpx:TrackPointExtension></extensions></trkpt>
      <trkpt lat="49.304789" lon="-122.755623"><ele>210</ele><time>2026-06-08T12:31:46.000Z</time><extensions><gpxtpx:TrackPointExtension><gpxtpx:hr>153</gpxtpx:hr></gpxtpx:TrackPointExtension></extensions></trkpt>
      <trkpt lat="49.304787" lon="-122.755594"><ele>210.4</ele><time>2026-06-08T12:31:47.000Z</time><extensions><gpxtpx:TrackPointExtension><gpxtpx:hr>153</gpxtpx:hr></gpxtpx:TrackPointExtension></extensions></trkpt>
      <trkpt lat="49.30479" lon="-122.755564"><ele>210.6</ele><time>2026-06-08T12:31:48.000Z</time><extensions><gpxtpx:TrackPointExtension><gpxtpx:hr>153</gpxtpx:hr></gpxtpx:TrackPointExtension></extensions></trkpt>
      <trkpt lat="49.304788" lon="-122.755532"><ele>210.8</ele><time>2026-06-08T12:31:49.000Z</time><extensions><gpxtpx:TrackPointExtension><gpxtpx:hr>154</gpxtpx:hr></gpxtpx:TrackPointExtension></extensions></trkpt>
      <trkpt lat="49.30478" lon="-122.755505"><ele>211</ele><time>2026-06-08T12:31:50.000Z</time><extensions><gpxtpx:TrackPointExtension><gpxtpx:hr>154</gpxtpx:hr></gpxtpx:TrackPointExtension></extensions></trkpt>
      <trkpt lat="49.304777" lon="-122.755481"><ele>211.2</ele><time>2026-06-08T12:31:51.000Z</time><extensions><gpxtpx:TrackPointExtension><gpxtpx:hr>154</gpxtpx:hr></gpxtpx:TrackPointExtension></extensions></trkpt>
      <trkpt lat="49.30477" lon="-122.75545"><ele>211.4</ele><time>2026-06-08T12:31:52.000Z</time><extensions><gpxtpx:TrackPointExtension><gpxtpx:hr>155</gpxtpx:hr></gpxtpx:TrackPointExtension></extensions></trkpt>
      <trkpt lat="49.304772" lon="-122.755422"><ele>211.6</ele><time>2026-06-08T12:31:53.000Z</time><extensions><gpxtpx:TrackPointExtension><gpxtpx:hr>155</gpxtpx:hr></gpxtpx:TrackPointExtension></extensions></trkpt>
      <trkpt lat="49.304766" lon="-122.755392"><ele>211.8</ele><time>2026-06-08T12:31:54.000Z</time><extensions><gpxtpx:TrackPointExtension><gpxtpx:hr>155</gpxtpx:hr></gpxtpx:TrackPointExtension></extensions></trkpt>
      <trkpt lat="49.304758" lon="-122.755352"><ele>212</ele><time>2026-06-08T12:31:55.000Z</time><extensions><gpxtpx:TrackPointExtension><gpxtpx:hr>155</gpxtpx:hr></gpxtpx:TrackPointExtension></extensions></trkpt>
      <trkpt lat="49.304759" lon="-122.755324"><ele>212.2</ele><time>2026-06-08T12:31:56.000Z</time><extensions><gpxtpx:TrackPointExtension><gpxtpx:hr>155</gpxtpx:hr></gpxtpx:TrackPointExtension></extensions></trkpt>
      <trkpt lat="49.304753" lon="-122.755297"><ele>212.4</ele><time>2026-06-08T12:31:57.000Z</time><extensions><gpxtpx:TrackPointExtension><gpxtpx:hr>156</gpxtpx:hr></gpxtpx:TrackPointExtension></extensions></trkpt>
      <trkpt lat="49.30476" lon="-122.755261"><ele>212.4</ele><time>2026-06-08T12:31:58.000Z</time><extensions><gpxtpx:TrackPointExtension><gpxtpx:hr>156</gpxtpx:hr></gpxtpx:TrackPointExtension></extensions></trkpt>
      <trkpt lat="49.304766" lon="-122.755233"><ele>212.6</ele><time>2026-06-08T12:31:59.000Z</time><extensions><gpxtpx:TrackPointExtension><gpxtpx:hr>156</gpxtpx:hr></gpxtpx:TrackPointExtension></extensions></trkpt>
      <trkpt lat="49.304778" lon="-122.755206"><ele>212.8</ele><time>2026-06-08T12:32:00.000Z</time><extensions><gpxtpx:TrackPointExtension><gpxtpx:hr>156</gpxtpx:hr></gpxtpx:TrackPointExtension></extensions></trkpt>
      <trkpt lat="49.304787" lon="-122.755164"><ele>212.8</ele><time>2026-06-08T12:32:01.000Z</time><extensions><gpxtpx:TrackPointExtension><gpxtpx:hr>156</gpxtpx:hr></gpxtpx:TrackPointExtension></extensions></trkpt>
      <trkpt lat="49.304795" lon="-122.755135"><ele>213</ele><time>2026-06-08T12:32:02.000Z</time><extensions><gpxtpx:TrackPointExtension><gpxtpx:hr>156</gpxtpx:hr></gpxtpx:TrackPointExtension></extensions></trkpt>
      <trkpt lat="49.304806" lon="-122.75511"><ele>213.2</ele><time>2026-06-08T12:32:03.000Z</time><extensions><gpxtpx:TrackPointExtension><gpxtpx:hr>156</gpxtpx:hr></gpxtpx:TrackPointExtension></extensions></trkpt>
      <trkpt lat="49.304813" lon="-122.755077"><ele>213.2</ele><time>2026-06-08T12:32:04.000Z</time><extensions><gpxtpx:TrackPointExtension><gpxtpx:hr>156</gpxtpx:hr></gpxtpx:TrackPointExtension></extensions></trkpt>
      <trkpt lat="49.304824" lon="-122.755055"><ele>213.4</ele><time>2026-06-08T12:32:05.000Z</time><extensions><gpxtpx:TrackPointExtension><gpxtpx:hr>156</gpxtpx:hr></gpxtpx:TrackPointExtension></extensions></trkpt>
      <trkpt lat="49.30483" lon="-122.755027"><ele>213.6</ele><time>2026-06-08T12:32:06.000Z</time><extensions><gpxtpx:TrackPointExtension><gpxtpx:hr>156</gpxtpx:hr></gpxtpx:TrackPointExtension></extensions></trkpt>
      <trkpt lat="49.30483" lon="-122.754996"><ele>213.8</ele><time>2026-06-08T12:32:07.000Z</time><extensions><gpxtpx:TrackPointExtension><gpxtpx:hr>156</gpxtpx:hr></gpxtpx:TrackPointExtension></extensions></trkpt>
      <trkpt lat="49.304832" lon="-122.754971"><ele>214.2</ele><time>2026-06-08T12:32:08.000Z</time><extensions><gpxtpx:TrackPointExtension><gpxtpx:hr>156</gpxtpx:hr></gpxtpx:TrackPointExtension></extensions></trkpt>
      <trkpt lat="49.304827" lon="-122.754934"><ele>214.4</ele><time>2026-06-08T12:32:09.000Z</time><extensions><gpxtpx:TrackPointExtension><gpxtpx:hr>157</gpxtpx:hr></gpxtpx:TrackPointExtension></extensions></trkpt>
      <trkpt lat="49.30483" lon="-122.754906"><ele>214.6</ele><time>2026-06-08T12:32:10.000Z</time><extensions><gpxtpx:TrackPointExtension><gpxtpx:hr>157</gpxtpx:hr></gpxtpx:TrackPointExtension></extensions></trkpt>
      <trkpt lat="49.304829" lon="-122.754876"><ele>214.8</ele><time>2026-06-08T12:32:11.000Z</time><extensions><gpxtpx:TrackPointExtension><gpxtpx:hr>157</gpxtpx:hr></gpxtpx:TrackPointExtension></extensions></trkpt>
      <trkpt lat="49.304831" lon="-122.754847"><ele>214.8</ele><time>2026-06-08T12:32:12.000Z</time><extensions><gpxtpx:TrackPointExtension><gpxtpx:hr>157</gpxtpx:hr></gpxtpx:TrackPointExtension></extensions></trkpt>
      <trkpt lat="49.304823" lon="-122.754822"><ele>215</ele><time>2026-06-08T12:32:13.000Z</time><extensions><gpxtpx:TrackPointExtension><gpxtpx:hr>157</gpxtpx:hr></gpxtpx:TrackPointExtension></extensions></trkpt>
      <trkpt lat="49.304819" lon="-122.754799"><ele>215.2</ele><time>2026-06-08T12:32:14.000Z</time><extensions><gpxtpx:TrackPointExtension><gpxtpx:hr>157</gpxtpx:hr></gpxtpx:TrackPointExtension></extensions></trkpt>
      <trkpt lat="49.304814" lon="-122.754767"><ele>215.4</ele><time>2026-06-08T12:32:15.000Z</time><extensions><gpxtpx:TrackPointExtension><gpxtpx:hr>156</gpxtpx:hr></gpxtpx:TrackPointExtension></extensions></trkpt>
      <trkpt lat="49.304805" lon="-122.754751"><ele>215.6</ele><time>2026-06-08T12:32:16.000Z</time><extensions><gpxtpx:TrackPointExtension><gpxtpx:hr>156</gpxtpx:hr></gpxtpx:TrackPointExtension></extensions></trkpt>
      <trkpt lat="49.304795" lon="-122.754721"><ele>215.8</ele><time>2026-06-08T12:32:17.000Z</time><extensions><gpxtpx:TrackPointExtension><gpxtpx:hr>155</gpxtpx:hr></gpxtpx:TrackPointExtension></extensions></trkpt>
      <trkpt lat="49.304786" lon="-122.754702"><ele>215.8</ele><time>2026-06-08T12:32:18.000Z</time><extensions><gpxtpx:TrackPointExtension><gpxtpx:hr>155</gpxtpx:hr></gpxtpx:TrackPointExtension></extensions></trkpt>
      <trkpt lat="49.304781" lon="-122.754672"><ele>216</ele><time>2026-06-08T12:32:19.000Z</time><extensions><gpxtpx:TrackPointExtension><gpxtpx:hr>155</gpxtpx:hr></gpxtpx:TrackPointExtension></extensions></trkpt>
      <trkpt lat="49.304779" lon="-122.754645"><ele>216.2</ele><time>2026-06-08T12:32:20.000Z</time><extensions><gpxtpx:TrackPointExtension><gpxtpx:hr>155</gpxtpx:hr></gpxtpx:TrackPointExtension></extensions></trkpt>
      <trkpt lat="49.30478" lon="-122.754613"><ele>216.2</ele><time>2026-06-08T12:32:21.000Z</time><extensions><gpxtpx:TrackPointExtension><gpxtpx:hr>155</gpxtpx:hr></gpxtpx:TrackPointExtension></extensions></trkpt>
      <trkpt lat="49.304771" lon="-122.754584"><ele>216.4</ele><time>2026-06-08T12:32:22.000Z</time><extensions><gpxtpx:TrackPointExtension><gpxtpx:hr>155</gpxtpx:hr></gpxtpx:TrackPointExtension></extensions></trkpt>
      <trkpt lat="49.304764" lon="-122.75455"><ele>216.6</ele><time>2026-06-08T12:32:23.000Z</time><extensions><gpxtpx:TrackPointExtension><gpxtpx:hr>155</gpxtpx:hr></gpxtpx:TrackPointExtension></extensions></trkpt>
      <trkpt lat="49.304759" lon="-122.754522"><ele>216.8</ele><time>2026-06-08T12:32:24.000Z</time><extensions><gpxtpx:TrackPointExtension><gpxtpx:hr>155</gpxtpx:hr></gpxtpx:TrackPointExtension></extensions></trkpt>
      <trkpt lat="49.304758" lon="-122.75449"><ele>216.8</ele><time>2026-06-08T12:32:25.000Z</time><extensions><gpxtpx:TrackPointExtension><gpxtpx:hr>155</gpxtpx:hr></gpxtpx:TrackPointExtension></extensions></trkpt>
      <trkpt lat="49.304755" lon="-122.754463"><ele>217</ele><time>2026-06-08T12:32:26.000Z</time><extensions><gpxtpx:TrackPointExtension><gpxtpx:hr>155</gpxtpx:hr></gpxtpx:TrackPointExtension></extensions></trkpt>
      <trkpt lat="49.304749" lon="-122.754431"><ele>217</ele><time>2026-06-08T12:32:27.000Z</time><extensions><gpxtpx:TrackPointExtension><gpxtpx:hr>154</gpxtpx:hr></gpxtpx:TrackPointExtension></extensions></trkpt>
      <trkpt lat="49.304744" lon="-122.754403"><ele>217.2</ele><time>2026-06-08T12:32:28.000Z</time><extensions><gpxtpx:TrackPointExtension><gpxtpx:hr>154</gpxtpx:hr></gpxtpx:TrackPointExtension></extensions></trkpt>
      <trkpt lat="49.304745" lon="-122.754384"><ele>217.4</ele><time>2026-06-08T12:32:29.000Z</time><extensions><gpxtpx:TrackPointExtension><gpxtpx:hr>154</gpxtpx:hr></gpxtpx:TrackPointExtension></extensions></trkpt>
      <trkpt lat="49.304744" lon="-122.75435"><ele>217.6</ele><time>2026-06-08T12:32:30.000Z</time><extensions><gpxtpx:TrackPointExtension><gpxtpx:hr>154</gpxtpx:hr></gpxtpx:TrackPointExtension></extensions></trkpt>
      <trkpt lat="49.304749" lon="-122.75433"><ele>217.8</ele><time>2026-06-08T12:32:31.000Z</time><extensions><gpxtpx:TrackPointExtension><gpxtpx:hr>155</gpxtpx:hr></gpxtpx:TrackPointExtension></extensions></trkpt>
      <trkpt lat="49.304749" lon="-122.754301"><ele>217.8</ele><time>2026-06-08T12:32:32.000Z</time><extensions><gpxtpx:TrackPointExtension><gpxtpx:hr>155</gpxtpx:hr></gpxtpx:TrackPointExtension></extensions></trkpt>
      <trkpt lat="49.304754" lon="-122.754269"><ele>218</ele><time>2026-06-08T12:32:33.000Z</time><extensions><gpxtpx:TrackPointExtension><gpxtpx:hr>155</gpxtpx:hr></gpxtpx:TrackPointExtension></extensions></trkpt>
      <trkpt lat="49.304756" lon="-122.754235"><ele>218</ele><time>2026-06-08T12:32:34.000Z</time><extensions><gpxtpx:TrackPointExtension><gpxtpx:hr>154</gpxtpx:hr></gpxtpx:TrackPointExtension></extensions></trkpt>
      <trkpt lat="49.304755" lon="-122.754195"><ele>218.2</ele><time>2026-06-08T12:32:35.000Z</time><extensions><gpxtpx:TrackPointExtension><gpxtpx:hr>154</gpxtpx:hr></gpxtpx:TrackPointExtension></extensions></trkpt>
      <trkpt lat="49.304756" lon="-122.754166"><ele>218.4</ele><time>2026-06-08T12:32:36.000Z</time><extensions><gpxtpx:TrackPointExtension><gpxtpx:hr>153</gpxtpx:hr></gpxtpx:TrackPointExtension></extensions></trkpt>
      <trkpt lat="49.304749" lon="-122.754134"><ele>218.4</ele><time>2026-06-08T12:32:37.000Z</time><extensions><gpxtpx:TrackPointExtension><gpxtpx:hr>152</gpxtpx:hr></gpxtpx:TrackPointExtension></extensions></trkpt>
      <trkpt lat="49.304741" lon="-122.754109"><ele>218.6</ele><time>2026-06-08T12:32:38.000Z</time><extensions><gpxtpx:TrackPointExtension><gpxtpx:hr>152</gpxtpx:hr></gpxtpx:TrackPointExtension></extensions></trkpt>
      <trkpt lat="49.304736" lon="-122.754078"><ele>218.6</ele><time>2026-06-08T12:32:39.000Z</time><extensions><gpxtpx:TrackPointExtension><gpxtpx:hr>152</gpxtpx:hr></gpxtpx:TrackPointExtension></extensions></trkpt>
      <trkpt lat="49.304729" lon="-122.754046"><ele>218.8</ele><time>2026-06-08T12:32:40.000Z</time><extensions><gpxtpx:TrackPointExtension><gpxtpx:hr>152</gpxtpx:hr></gpxtpx:TrackPointExtension></extensions></trkpt>
      <trkpt lat="49.304725" lon="-122.754022"><ele>218.8</ele><time>2026-06-08T12:32:41.000Z</time><extensions><gpxtpx:TrackPointExtension><gpxtpx:hr>152</gpxtpx:hr></gpxtpx:TrackPointExtension></extensions></trkpt>
      <trkpt lat="49.304722" lon="-122.753995"><ele>219</ele><time>2026-06-08T12:32:42.000Z</time><extensions><gpxtpx:TrackPointExtension><gpxtpx:hr>151</gpxtpx:hr></gpxtpx:TrackPointExtension></extensions></trkpt>
      <trkpt lat="49.304717" lon="-122.753958"><ele>219.2</ele><time>2026-06-08T12:32:43.000Z</time><extensions><gpxtpx:TrackPointExtension><gpxtpx:hr>151</gpxtpx:hr></gpxtpx:TrackPointExtension></extensions></trkpt>
      <trkpt lat="49.30472" lon="-122.753922"><ele>219.4</ele><time>2026-06-08T12:32:44.000Z</time><extensions><gpxtpx:TrackPointExtension><gpxtpx:hr>151</gpxtpx:hr></gpxtpx:TrackPointExtension></extensions></trkpt>
      <trkpt lat="49.30471" lon="-122.753886"><ele>219.4</ele><time>2026-06-08T12:32:45.000Z</time><extensions><gpxtpx:TrackPointExtension><gpxtpx:hr>151</gpxtpx:hr></gpxtpx:TrackPointExtension></extensions></trkpt>
      <trkpt lat="49.304711" lon="-122.753858"><ele>219.6</ele><time>2026-06-08T12:32:46.000Z</time><extensions><gpxtpx:TrackPointExtension><gpxtpx:hr>151</gpxtpx:hr></gpxtpx:TrackPointExtension></extensions></trkpt>
      <trkpt lat="49.30471" lon="-122.753822"><ele>219.6</ele><time>2026-06-08T12:32:47.000Z</time><extensions><gpxtpx:TrackPointExtension><gpxtpx:hr>151</gpxtpx:hr></gpxtpx:TrackPointExtension></extensions></trkpt>
      <trkpt lat="49.304707" lon="-122.753782"><ele>219.6</ele><time>2026-06-08T12:32:48.000Z</time><extensions><gpxtpx:TrackPointExtension><gpxtpx:hr>150</gpxtpx:hr></gpxtpx:TrackPointExtension></extensions></trkpt>
      <trkpt lat="49.304702" lon="-122.753757"><ele>219.8</ele><time>2026-06-08T12:32:49.000Z</time><extensions><gpxtpx:TrackPointExtension><gpxtpx:hr>150</gpxtpx:hr></gpxtpx:TrackPointExtension></extensions></trkpt>
      <trkpt lat="49.304698" lon="-122.753718"><ele>220</ele><time>2026-06-08T12:32:50.000Z</time><extensions><gpxtpx:TrackPointExtension><gpxtpx:hr>150</gpxtpx:hr></gpxtpx:TrackPointExtension></extensions></trkpt>
      <trkpt lat="49.304691" lon="-122.753695"><ele>220.2</ele><time>2026-06-08T12:32:51.000Z</time><extensions><gpxtpx:TrackPointExtension><gpxtpx:hr>150</gpxtpx:hr></gpxtpx:TrackPointExtension></extensions></trkpt>
      <trkpt lat="49.304686" lon="-122.753667"><ele>220.2</ele><time>2026-06-08T12:32:52.000Z</time><extensions><gpxtpx:TrackPointExtension><gpxtpx:hr>150</gpxtpx:hr></gpxtpx:TrackPointExtension></extensions></trkpt>
      <trkpt lat="49.304683" lon="-122.753632"><ele>220.2</ele><time>2026-06-08T12:32:53.000Z</time><extensions><gpxtpx:TrackPointExtension><gpxtpx:hr>150</gpxtpx:hr></gpxtpx:TrackPointExtension></extensions></trkpt>
      <trkpt lat="49.304678" lon="-122.753604"><ele>220.4</ele><time>2026-06-08T12:32:54.000Z</time><extensions><gpxtpx:TrackPointExtension><gpxtpx:hr>150</gpxtpx:hr></gpxtpx:TrackPointExtension></extensions></trkpt>
      <trkpt lat="49.304671" lon="-122.753572"><ele>220.6</ele><time>2026-06-08T12:32:55.000Z</time><extensions><gpxtpx:TrackPointExtension><gpxtpx:hr>150</gpxtpx:hr></gpxtpx:TrackPointExtension></extensions></trkpt>
      <trkpt lat="49.304657" lon="-122.753555"><ele>220.6</ele><time>2026-06-08T12:32:56.000Z</time><extensions><gpxtpx:TrackPointExtension><gpxtpx:hr>150</gpxtpx:hr></gpxtpx:TrackPointExtension></extensions></trkpt>
      <trkpt lat="49.304649" lon="-122.753529"><ele>220.8</ele><time>2026-06-08T12:32:57.000Z</time><extensions><gpxtpx:TrackPointExtension><gpxtpx:hr>150</gpxtpx:hr></gpxtpx:TrackPointExtension></extensions></trkpt>
      <trkpt lat="49.304635" lon="-122.753497"><ele>221</ele><time>2026-06-08T12:32:58.000Z</time><extensions><gpxtpx:TrackPointExtension><gpxtpx:hr>149</gpxtpx:hr></gpxtpx:TrackPointExtension></extensions></trkpt>
      <trkpt lat="49.304629" lon="-122.75348"><ele>221</ele><time>2026-06-08T12:32:59.000Z</time><extensions><gpxtpx:TrackPointExtension><gpxtpx:hr>149</gpxtpx:hr></gpxtpx:TrackPointExtension></extensions></trkpt>
      <trkpt lat="49.304617" lon="-122.753446"><ele>221.2</ele><time>2026-06-08T12:33:00.000Z</time><extensions><gpxtpx:TrackPointExtension><gpxtpx:hr>149</gpxtpx:hr></gpxtpx:TrackPointExtension></extensions></trkpt>
      <trkpt lat="49.304606" lon="-122.753428"><ele>221.4</ele><time>2026-06-08T12:33:01.000Z</time><extensions><gpxtpx:TrackPointExtension><gpxtpx:hr>148</gpxtpx:hr></gpxtpx:TrackPointExtension></extensions></trkpt>
      <trkpt lat="49.304596" lon="-122.753404"><ele>221.4</ele><time>2026-06-08T12:33:02.000Z</time><extensions><gpxtpx:TrackPointExtension><gpxtpx:hr>148</gpxtpx:hr></gpxtpx:TrackPointExtension></extensions></trkpt>
      <trkpt lat="49.304585" lon="-122.753373"><ele>221.6</ele><time>2026-06-08T12:33:03.000Z</time><extensions><gpxtpx:TrackPointExtension><gpxtpx:hr>148</gpxtpx:hr></gpxtpx:TrackPointExtension></extensions></trkpt>
      <trkpt lat="49.304577" lon="-122.75335"><ele>221.6</ele><time>2026-06-08T12:33:04.000Z</time><extensions><gpxtpx:TrackPointExtension><gpxtpx:hr>147</gpxtpx:hr></gpxtpx:TrackPointExtension></extensions></trkpt>
      <trkpt lat="49.304563" lon="-122.753324"><ele>221.8</ele><time>2026-06-08T12:33:05.000Z</time><extensions><gpxtpx:TrackPointExtension><gpxtpx:hr>147</gpxtpx:hr></gpxtpx:TrackPointExtension></extensions></trkpt>
      <trkpt lat="49.30455" lon="-122.753296"><ele>222</ele><time>2026-06-08T12:33:06.000Z</time><extensions><gpxtpx:TrackPointExtension><gpxtpx:hr>147</gpxtpx:hr></gpxtpx:TrackPointExtension></extensions></trkpt>
      <trkpt lat="49.304538" lon="-122.753268"><ele>222.2</ele><time>2026-06-08T12:33:07.000Z</time><extensions><gpxtpx:TrackPointExtension><gpxtpx:hr>147</gpxtpx:hr></gpxtpx:TrackPointExtension></extensions></trkpt>
      <trkpt lat="49.304525" lon="-122.753234"><ele>222.2</ele><time>2026-06-08T12:33:08.000Z</time><extensions><gpxtpx:TrackPointExtension><gpxtpx:hr>148</gpxtpx:hr></gpxtpx:TrackPointExtension></extensions></trkpt>
      <trkpt lat="49.304516" lon="-122.753204"><ele>222.4</ele><time>2026-06-08T12:33:09.000Z</time><extensions><gpxtpx:TrackPointExtension><gpxtpx:hr>148</gpxtpx:hr></gpxtpx:TrackPointExtension></extensions></trkpt>
      <trkpt lat="49.304502" lon="-122.753174"><ele>222.4</ele><time>2026-06-08T12:33:10.000Z</time><extensions><gpxtpx:TrackPointExtension><gpxtpx:hr>147</gpxtpx:hr></gpxtpx:TrackPointExtension></extensions></trkpt>
      <trkpt lat="49.304489" lon="-122.753141"><ele>222.6</ele><time>2026-06-08T12:33:11.000Z</time><extensions><gpxtpx:TrackPointExtension><gpxtpx:hr>147</gpxtpx:hr></gpxtpx:TrackPointExtension></extensions></trkpt>
      <trkpt lat="49.304481" lon="-122.753116"><ele>222.8</ele><time>2026-06-08T12:33:12.000Z</time><extensions><gpxtpx:TrackPointExtension><gpxtpx:hr>148</gpxtpx:hr></gpxtpx:TrackPointExtension></extensions></trkpt>
      <trkpt lat="49.304467" lon="-122.753088"><ele>223</ele><time>2026-06-08T12:33:13.000Z</time><extensions><gpxtpx:TrackPointExtension><gpxtpx:hr>148</gpxtpx:hr></gpxtpx:TrackPointExtension></extensions></trkpt>
      <trkpt lat="49.304461" lon="-122.753063"><ele>223</ele><time>2026-06-08T12:33:14.000Z</time><extensions><gpxtpx:TrackPointExtension><gpxtpx:hr>148</gpxtpx:hr></gpxtpx:TrackPointExtension></extensions></trkpt>
      <trkpt lat="49.304448" lon="-122.753035"><ele>223.2</ele><time>2026-06-08T12:33:15.000Z</time><extensions><gpxtpx:TrackPointExtension><gpxtpx:hr>148</gpxtpx:hr></gpxtpx:TrackPointExtension></extensions></trkpt>
      <trkpt lat="49.30444" lon="-122.753"><ele>223.4</ele><time>2026-06-08T12:33:16.000Z</time><extensions><gpxtpx:TrackPointExtension><gpxtpx:hr>148</gpxtpx:hr></gpxtpx:TrackPointExtension></extensions></trkpt>
      <trkpt lat="49.304437" lon="-122.752972"><ele>223.6</ele><time>2026-06-08T12:33:17.000Z</time><extensions><gpxtpx:TrackPointExtension><gpxtpx:hr>148</gpxtpx:hr></gpxtpx:TrackPointExtension></extensions></trkpt>
      <trkpt lat="49.30443" lon="-122.752943"><ele>223.8</ele><time>2026-06-08T12:33:18.000Z</time><extensions><gpxtpx:TrackPointExtension><gpxtpx:hr>148</gpxtpx:hr></gpxtpx:TrackPointExtension></extensions></trkpt>
      <trkpt lat="49.30442" lon="-122.752919"><ele>223.8</ele><time>2026-06-08T12:33:19.000Z</time><extensions><gpxtpx:TrackPointExtension><gpxtpx:hr>148</gpxtpx:hr></gpxtpx:TrackPointExtension></extensions></trkpt>
      <trkpt lat="49.304412" lon="-122.752889"><ele>224</ele><time>2026-06-08T12:33:20.000Z</time><extensions><gpxtpx:TrackPointExtension><gpxtpx:hr>148</gpxtpx:hr></gpxtpx:TrackPointExtension></extensions></trkpt>
      <trkpt lat="49.3044" lon="-122.752861"><ele>224.2</ele><time>2026-06-08T12:33:21.000Z</time><extensions><gpxtpx:TrackPointExtension><gpxtpx:hr>148</gpxtpx:hr></gpxtpx:TrackPointExtension></extensions></trkpt>
      <trkpt lat="49.304393" lon="-122.752832"><ele>224.4</ele><time>2026-06-08T12:33:22.000Z</time><extensions><gpxtpx:TrackPointExtension><gpxtpx:hr>148</gpxtpx:hr></gpxtpx:TrackPointExtension></extensions></trkpt>
      <trkpt lat="49.304383" lon="-122.752806"><ele>224.6</ele><time>2026-06-08T12:33:23.000Z</time><extensions><gpxtpx:TrackPointExtension><gpxtpx:hr>148</gpxtpx:hr></gpxtpx:TrackPointExtension></extensions></trkpt>
      <trkpt lat="49.30437" lon="-122.752782"><ele>224.8</ele><time>2026-06-08T12:33:24.000Z</time><extensions><gpxtpx:TrackPointExtension><gpxtpx:hr>148</gpxtpx:hr></gpxtpx:TrackPointExtension></extensions></trkpt>
      <trkpt lat="49.30436" lon="-122.752753"><ele>225</ele><time>2026-06-08T12:33:25.000Z</time><extensions><gpxtpx:TrackPointExtension><gpxtpx:hr>148</gpxtpx:hr></gpxtpx:TrackPointExtension></extensions></trkpt>
      <trkpt lat="49.304349" lon="-122.75272"><ele>225</ele><time>2026-06-08T12:33:26.000Z</time><extensions><gpxtpx:TrackPointExtension><gpxtpx:hr>148</gpxtpx:hr></gpxtpx:TrackPointExtension></extensions></trkpt>
      <trkpt lat="49.304341" lon="-122.752695"><ele>225.2</ele><time>2026-06-08T12:33:27.000Z</time><extensions><gpxtpx:TrackPointExtension><gpxtpx:hr>148</gpxtpx:hr></gpxtpx:TrackPointExtension></extensions></trkpt>
      <trkpt lat="49.304326" lon="-122.752669"><ele>225.2</ele><time>2026-06-08T12:33:28.000Z</time><extensions><gpxtpx:TrackPointExtension><gpxtpx:hr>148</gpxtpx:hr></gpxtpx:TrackPointExtension></extensions></trkpt>
      <trkpt lat="49.30432" lon="-122.752633"><ele>225.4</ele><time>2026-06-08T12:33:29.000Z</time><extensions><gpxtpx:TrackPointExtension><gpxtpx:hr>148</gpxtpx:hr></gpxtpx:TrackPointExtension></extensions></trkpt>
      <trkpt lat="49.30432" lon="-122.7526"><ele>225.6</ele><time>2026-06-08T12:33:30.000Z</time><extensions><gpxtpx:TrackPointExtension><gpxtpx:hr>148</gpxtpx:hr></gpxtpx:TrackPointExtension></extensions></trkpt>
      <trkpt lat="49.304312" lon="-122.752566"><ele>225.8</ele><time>2026-06-08T12:33:31.000Z</time><extensions><gpxtpx:TrackPointExtension><gpxtpx:hr>148</gpxtpx:hr></gpxtpx:TrackPointExtension></extensions></trkpt>
      <trkpt lat="49.304308" lon="-122.752548"><ele>226</ele><time>2026-06-08T12:33:32.000Z</time><extensions><gpxtpx:TrackPointExtension><gpxtpx:hr>148</gpxtpx:hr></gpxtpx:TrackPointExtension></extensions></trkpt>
      <trkpt lat="49.304294" lon="-122.752525"><ele>226.2</ele><time>2026-06-08T12:33:33.000Z</time><extensions><gpxtpx:TrackPointExtension><gpxtpx:hr>149</gpxtpx:hr></gpxtpx:TrackPointExtension></extensions></trkpt>
      <trkpt lat="49.30428" lon="-122.752497"><ele>226.4</ele><time>2026-06-08T12:33:34.000Z</time><extensions><gpxtpx:TrackPointExtension><gpxtpx:hr>150</gpxtpx:hr></gpxtpx:TrackPointExtension></extensions></trkpt>
      <trkpt lat="49.30427" lon="-122.752468"><ele>226.4</ele><time>2026-06-08T12:33:35.000Z</time><extensions><gpxtpx:TrackPointExtension><gpxtpx:hr>150</gpxtpx:hr></gpxtpx:TrackPointExtension></extensions></trkpt>
      <trkpt lat="49.304265" lon="-122.75243"><ele>226.6</ele><time>2026-06-08T12:33:36.000Z</time><extensions><gpxtpx:TrackPointExtension><gpxtpx:hr>150</gpxtpx:hr></gpxtpx:TrackPointExtension></extensions></trkpt>
      <trkpt lat="49.304264" lon="-122.752404"><ele>226.8</ele><time>2026-06-08T12:33:37.000Z</time><extensions><gpxtpx:TrackPointExtension><gpxtpx:hr>150</gpxtpx:hr></gpxtpx:TrackPointExtension></extensions></trkpt>
      <trkpt lat="49.304254" lon="-122.75237"><ele>227</ele><time>2026-06-08T12:33:38.000Z</time><extensions><gpxtpx:TrackPointExtension><gpxtpx:hr>150</gpxtpx:hr></gpxtpx:TrackPointExtension></extensions></trkpt>
      <trkpt lat="49.304239" lon="-122.752349"><ele>227</ele><time>2026-06-08T12:33:39.000Z</time><extensions><gpxtpx:TrackPointExtension><gpxtpx:hr>151</gpxtpx:hr></gpxtpx:TrackPointExtension></extensions></trkpt>
      <trkpt lat="49.304227" lon="-122.752323"><ele>227.2</ele><time>2026-06-08T12:33:40.000Z</time><extensions><gpxtpx:TrackPointExtension><gpxtpx:hr>151</gpxtpx:hr></gpxtpx:TrackPointExtension></extensions></trkpt>
      <trkpt lat="49.304222" lon="-122.752291"><ele>227.4</ele><time>2026-06-08T12:33:41.000Z</time><extensions><gpxtpx:TrackPointExtension><gpxtpx:hr>151</gpxtpx:hr></gpxtpx:TrackPointExtension></extensions></trkpt>
      <trkpt lat="49.304219" lon="-122.752269"><ele>227.6</ele><time>2026-06-08T12:33:42.000Z</time><extensions><gpxtpx:TrackPointExtension><gpxtpx:hr>151</gpxtpx:hr></gpxtpx:TrackPointExtension></extensions></trkpt>
      <trkpt lat="49.304212" lon="-122.752234"><ele>227.8</ele><time>2026-06-08T12:33:43.000Z</time><extensions><gpxtpx:TrackPointExtension><gpxtpx:hr>151</gpxtpx:hr></gpxtpx:TrackPointExtension></extensions></trkpt>
      <trkpt lat="49.304209" lon="-122.75221"><ele>227.8</ele><time>2026-06-08T12:33:44.000Z</time><extensions><gpxtpx:TrackPointExtension><gpxtpx:hr>151</gpxtpx:hr></gpxtpx:TrackPointExtension></extensions></trkpt>
      <trkpt lat="49.304199" lon="-122.75218"><ele>228</ele><time>2026-06-08T12:33:45.000Z</time><extensions><gpxtpx:TrackPointExtension><gpxtpx:hr>150</gpxtpx:hr></gpxtpx:TrackPointExtension></extensions></trkpt>
      <trkpt lat="49.304192" lon="-122.752153"><ele>228</ele><time>2026-06-08T12:33:46.000Z</time><extensions><gpxtpx:TrackPointExtension><gpxtpx:hr>150</gpxtpx:hr></gpxtpx:TrackPointExtension></extensions></trkpt>
      <trkpt lat="49.304194" lon="-122.75213"><ele>228.2</ele><time>2026-06-08T12:33:47.000Z</time><extensions><gpxtpx:TrackPointExtension><gpxtpx:hr>150</gpxtpx:hr></gpxtpx:TrackPointExtension></extensions></trkpt>
      <trkpt lat="49.304194" lon="-122.752102"><ele>228.2</ele><time>2026-06-08T12:33:48.000Z</time><extensions><gpxtpx:TrackPointExtension><gpxtpx:hr>150</gpxtpx:hr></gpxtpx:TrackPointExtension></extensions></trkpt>
      <trkpt lat="49.304192" lon="-122.752086"><ele>228.4</ele><time>2026-06-08T12:33:49.000Z</time><extensions><gpxtpx:TrackPointExtension><gpxtpx:hr>150</gpxtpx:hr></gpxtpx:TrackPointExtension></extensions></trkpt>
      <trkpt lat="49.304186" lon="-122.752057"><ele>228.4</ele><time>2026-06-08T12:33:50.000Z</time><extensions><gpxtpx:TrackPointExtension><gpxtpx:hr>151</gpxtpx:hr></gpxtpx:TrackPointExtension></extensions></trkpt>
      <trkpt lat="49.304181" lon="-122.752032"><ele>228.6</ele><time>2026-06-08T12:33:51.000Z</time><extensions><gpxtpx:TrackPointExtension><gpxtpx:hr>150</gpxtpx:hr></gpxtpx:TrackPointExtension></extensions></trkpt>
      <trkpt lat="49.304187" lon="-122.752008"><ele>228.8</ele><time>2026-06-08T12:33:52.000Z</time><extensions><gpxtpx:TrackPointExtension><gpxtpx:hr>150</gpxtpx:hr></gpxtpx:TrackPointExtension></extensions></trkpt>
      <trkpt lat="49.304181" lon="-122.751978"><ele>228.8</ele><time>2026-06-08T12:33:53.000Z</time><extensions><gpxtpx:TrackPointExtension><gpxtpx:hr>150</gpxtpx:hr></gpxtpx:TrackPointExtension></extensions></trkpt>
      <trkpt lat="49.304174" lon="-122.751959"><ele>229</ele><time>2026-06-08T12:33:54.000Z</time><extensions><gpxtpx:TrackPointExtension><gpxtpx:hr>150</gpxtpx:hr></gpxtpx:TrackPointExtension></extensions></trkpt>
      <trkpt lat="49.304169" lon="-122.751931"><ele>229</ele><time>2026-06-08T12:33:55.000Z</time><extensions><gpxtpx:TrackPointExtension><gpxtpx:hr>150</gpxtpx:hr></gpxtpx:TrackPointExtension></extensions></trkpt>
      <trkpt lat="49.304164" lon="-122.751902"><ele>229.2</ele><time>2026-06-08T12:33:56.000Z</time><extensions><gpxtpx:TrackPointExtension><gpxtpx:hr>149</gpxtpx:hr></gpxtpx:TrackPointExtension></extensions></trkpt>
      <trkpt lat="49.304164" lon="-122.751875"><ele>229.2</ele><time>2026-06-08T12:33:57.000Z</time><extensions><gpxtpx:TrackPointExtension><gpxtpx:hr>149</gpxtpx:hr></gpxtpx:TrackPointExtension></extensions></trkpt>
      <trkpt lat="49.304154" lon="-122.751841"><ele>229.4</ele><time>2026-06-08T12:33:58.000Z</time><extensions><gpxtpx:TrackPointExtension><gpxtpx:hr>149</gpxtpx:hr></gpxtpx:TrackPointExtension></extensions></trkpt>
      <trkpt lat="49.304141" lon="-122.751828"><ele>229.6</ele><time>2026-06-08T12:33:59.000Z</time><extensions><gpxtpx:TrackPointExtension><gpxtpx:hr>149</gpxtpx:hr></gpxtpx:TrackPointExtension></extensions></trkpt>
      <trkpt lat="49.304127" lon="-122.751799"><ele>229.8</ele><time>2026-06-08T12:34:00.000Z</time><extensions><gpxtpx:TrackPointExtension><gpxtpx:hr>149</gpxtpx:hr></gpxtpx:TrackPointExtension></extensions></trkpt>
      <trkpt lat="49.304124" lon="-122.751761"><ele>229.8</ele><time>2026-06-08T12:34:01.000Z</time><extensions><gpxtpx:TrackPointExtension><gpxtpx:hr>148</gpxtpx:hr></gpxtpx:TrackPointExtension></extensions></trkpt>
      <trkpt lat="49.304114" lon="-122.751734"><ele>230</ele><time>2026-06-08T12:34:02.000Z</time><extensions><gpxtpx:TrackPointExtension><gpxtpx:hr>148</gpxtpx:hr></gpxtpx:TrackPointExtension></extensions></trkpt>
      <trkpt lat="49.304106" lon="-122.751702"><ele>230.2</ele><time>2026-06-08T12:34:03.000Z</time><extensions><gpxtpx:TrackPointExtension><gpxtpx:hr>147</gpxtpx:hr></gpxtpx:TrackPointExtension></extensions></trkpt>
      <trkpt lat="49.304102" lon="-122.751679"><ele>230.2</ele><time>2026-06-08T12:34:04.000Z</time><extensions><gpxtpx:TrackPointExtension><gpxtpx:hr>147</gpxtpx:hr></gpxtpx:TrackPointExtension></extensions></trkpt>
      <trkpt lat="49.304098" lon="-122.751647"><ele>230.4</ele><time>2026-06-08T12:34:05.000Z</time><extensions><gpxtpx:TrackPointExtension><gpxtpx:hr>147</gpxtpx:hr></gpxtpx:TrackPointExtension></extensions></trkpt>
      <trkpt lat="49.304092" lon="-122.751618"><ele>230.4</ele><time>2026-06-08T12:34:06.000Z</time><extensions><gpxtpx:TrackPointExtension><gpxtpx:hr>147</gpxtpx:hr></gpxtpx:TrackPointExtension></extensions></trkpt>
      <trkpt lat="49.304086" lon="-122.751593"><ele>230.6</ele><time>2026-06-08T12:34:07.000Z</time><extensions><gpxtpx:TrackPointExtension><gpxtpx:hr>148</gpxtpx:hr></gpxtpx:TrackPointExtension></extensions></trkpt>
      <trkpt lat="49.304084" lon="-122.75156"><ele>230.8</ele><time>2026-06-08T12:34:08.000Z</time><extensions><gpxtpx:TrackPointExtension><gpxtpx:hr>148</gpxtpx:hr></gpxtpx:TrackPointExtension></extensions></trkpt>
      <trkpt lat="49.304087" lon="-122.751532"><ele>231</ele><time>2026-06-08T12:34:09.000Z</time><extensions><gpxtpx:TrackPointExtension><gpxtpx:hr>149</gpxtpx:hr></gpxtpx:TrackPointExtension></extensions></trkpt>
      <trkpt lat="49.304079" lon="-122.751502"><ele>231</ele><time>2026-06-08T12:34:10.000Z</time><extensions><gpxtpx:TrackPointExtension><gpxtpx:hr>149</gpxtpx:hr></gpxtpx:TrackPointExtension></extensions></trkpt>
      <trkpt lat="49.304074" lon="-122.751479"><ele>231.2</ele><time>2026-06-08T12:34:11.000Z</time><extensions><gpxtpx:TrackPointExtension><gpxtpx:hr>150</gpxtpx:hr></gpxtpx:TrackPointExtension></extensions></trkpt>
      <trkpt lat="49.304072" lon="-122.751453"><ele>231.2</ele><time>2026-06-08T12:34:12.000Z</time><extensions><gpxtpx:TrackPointExtension><gpxtpx:hr>150</gpxtpx:hr></gpxtpx:TrackPointExtension></extensions></trkpt>
      <trkpt lat="49.304066" lon="-122.751424"><ele>231.4</ele><time>2026-06-08T12:34:13.000Z</time><extensions><gpxtpx:TrackPointExtension><gpxtpx:hr>150</gpxtpx:hr></gpxtpx:TrackPointExtension></extensions></trkpt>
      <trkpt lat="49.304066" lon="-122.751398"><ele>231.6</ele><time>2026-06-08T12:34:14.000Z</time><extensions><gpxtpx:TrackPointExtension><gpxtpx:hr>150</gpxtpx:hr></gpxtpx:TrackPointExtension></extensions></trkpt>
      <trkpt lat="49.304063" lon="-122.751367"><ele>231.8</ele><time>2026-06-08T12:34:15.000Z</time><extensions><gpxtpx:TrackPointExtension><gpxtpx:hr>149</gpxtpx:hr></gpxtpx:TrackPointExtension></extensions></trkpt>
      <trkpt lat="49.304064" lon="-122.751343"><ele>231.8</ele><time>2026-06-08T12:34:16.000Z</time><extensions><gpxtpx:TrackPointExtension><gpxtpx:hr>149</gpxtpx:hr></gpxtpx:TrackPointExtension></extensions></trkpt>
      <trkpt lat="49.304056" lon="-122.751303"><ele>232</ele><time>2026-06-08T12:34:17.000Z</time><extensions><gpxtpx:TrackPointExtension><gpxtpx:hr>149</gpxtpx:hr></gpxtpx:TrackPointExtension></extensions></trkpt>
      <trkpt lat="49.304054" lon="-122.751285"><ele>232.2</ele><time>2026-06-08T12:34:18.000Z</time><extensions><gpxtpx:TrackPointExtension><gpxtpx:hr>149</gpxtpx:hr></gpxtpx:TrackPointExtension></extensions></trkpt>
      <trkpt lat="49.304047" lon="-122.751251"><ele>232.2</ele><time>2026-06-08T12:34:19.000Z</time><extensions><gpxtpx:TrackPointExtension><gpxtpx:hr>149</gpxtpx:hr></gpxtpx:TrackPointExtension></extensions></trkpt>
      <trkpt lat="49.304042" lon="-122.751224"><ele>232.4</ele><time>2026-06-08T12:34:20.000Z</time><extensions><gpxtpx:TrackPointExtension><gpxtpx:hr>149</gpxtpx:hr></gpxtpx:TrackPointExtension></extensions></trkpt>
      <trkpt lat="49.30404" lon="-122.751199"><ele>232.6</ele><time>2026-06-08T12:34:21.000Z</time><extensions><gpxtpx:TrackPointExtension><gpxtpx:hr>149</gpxtpx:hr></gpxtpx:TrackPointExtension></extensions></trkpt>
      <trkpt lat="49.304038" lon="-122.751162"><ele>232.6</ele><time>2026-06-08T12:34:22.000Z</time><extensions><gpxtpx:TrackPointExtension><gpxtpx:hr>148</gpxtpx:hr></gpxtpx:TrackPointExtension></extensions></trkpt>
      <trkpt lat="49.304036" lon="-122.751143"><ele>232.8</ele><time>2026-06-08T12:34:23.000Z</time><extensions><gpxtpx:TrackPointExtension><gpxtpx:hr>148</gpxtpx:hr></gpxtpx:TrackPointExtension></extensions></trkpt>
      <trkpt lat="49.304032" lon="-122.751106"><ele>232.8</ele><time>2026-06-08T12:34:24.000Z</time><extensions><gpxtpx:TrackPointExtension><gpxtpx:hr>148</gpxtpx:hr></gpxtpx:TrackPointExtension></extensions></trkpt>
      <trkpt lat="49.304031" lon="-122.751083"><ele>233</ele><time>2026-06-08T12:34:25.000Z</time><extensions><gpxtpx:TrackPointExtension><gpxtpx:hr>148</gpxtpx:hr></gpxtpx:TrackPointExtension></extensions></trkpt>
      <trkpt lat="49.304025" lon="-122.751055"><ele>233.2</ele><time>2026-06-08T12:34:26.000Z</time><extensions><gpxtpx:TrackPointExtension><gpxtpx:hr>148</gpxtpx:hr></gpxtpx:TrackPointExtension></extensions></trkpt>
      <trkpt lat="49.304028" lon="-122.751027"><ele>233.4</ele><time>2026-06-08T12:34:27.000Z</time><extensions><gpxtpx:TrackPointExtension><gpxtpx:hr>148</gpxtpx:hr></gpxtpx:TrackPointExtension></extensions></trkpt>
      <trkpt lat="49.304028" lon="-122.750999"><ele>233.4</ele><time>2026-06-08T12:34:28.000Z</time><extensions><gpxtpx:TrackPointExtension><gpxtpx:hr>148</gpxtpx:hr></gpxtpx:TrackPointExtension></extensions></trkpt>
      <trkpt lat="49.304027" lon="-122.750969"><ele>233.6</ele><time>2026-06-08T12:34:29.000Z</time><extensions><gpxtpx:TrackPointExtension><gpxtpx:hr>148</gpxtpx:hr></gpxtpx:TrackPointExtension></extensions></trkpt>
      <trkpt lat="49.304023" lon="-122.750935"><ele>233.8</ele><time>2026-06-08T12:34:30.000Z</time><extensions><gpxtpx:TrackPointExtension><gpxtpx:hr>148</gpxtpx:hr></gpxtpx:TrackPointExtension></extensions></trkpt>
      <trkpt lat="49.304026" lon="-122.750901"><ele>234</ele><time>2026-06-08T12:34:31.000Z</time><extensions><gpxtpx:TrackPointExtension><gpxtpx:hr>148</gpxtpx:hr></gpxtpx:TrackPointExtension></extensions></trkpt>
      <trkpt lat="49.304023" lon="-122.75087"><ele>234</ele><time>2026-06-08T12:34:32.000Z</time><extensions><gpxtpx:TrackPointExtension><gpxtpx:hr>148</gpxtpx:hr></gpxtpx:TrackPointExtension></extensions></trkpt>
      <trkpt lat="49.30402" lon="-122.750845"><ele>234.2</ele><time>2026-06-08T12:34:33.000Z</time><extensions><gpxtpx:TrackPointExtension><gpxtpx:hr>148</gpxtpx:hr></gpxtpx:TrackPointExtension></extensions></trkpt>
      <trkpt lat="49.304012" lon="-122.750816"><ele>234.4</ele><time>2026-06-08T12:34:34.000Z</time><extensions><gpxtpx:TrackPointExtension><gpxtpx:hr>148</gpxtpx:hr></gpxtpx:TrackPointExtension></extensions></trkpt>
      <trkpt lat="49.304014" lon="-122.750779"><ele>234.6</ele><time>2026-06-08T12:34:35.000Z</time><extensions><gpxtpx:TrackPointExtension><gpxtpx:hr>147</gpxtpx:hr></gpxtpx:TrackPointExtension></extensions></trkpt>
      <trkpt lat="49.304017" lon="-122.750753"><ele>234.8</ele><time>2026-06-08T12:34:36.000Z</time><extensions><gpxtpx:TrackPointExtension><gpxtpx:hr>147</gpxtpx:hr></gpxtpx:TrackPointExtension></extensions></trkpt>
      <trkpt lat="49.304017" lon="-122.750725"><ele>234.8</ele><time>2026-06-08T12:34:37.000Z</time><extensions><gpxtpx:TrackPointExtension><gpxtpx:hr>147</gpxtpx:hr></gpxtpx:TrackPointExtension></extensions></trkpt>
      <trkpt lat="49.304017" lon="-122.750701"><ele>235</ele><time>2026-06-08T12:34:38.000Z</time><extensions><gpxtpx:TrackPointExtension><gpxtpx:hr>147</gpxtpx:hr></gpxtpx:TrackPointExtension></extensions></trkpt>
      <trkpt lat="49.304015" lon="-122.750682"><ele>235</ele><time>2026-06-08T12:34:39.000Z</time><extensions><gpxtpx:TrackPointExtension><gpxtpx:hr>147</gpxtpx:hr></gpxtpx:TrackPointExtension></extensions></trkpt>
      <trkpt lat="49.304014" lon="-122.750637"><ele>235.2</ele><time>2026-06-08T12:34:40.000Z</time><extensions><gpxtpx:TrackPointExtension><gpxtpx:hr>147</gpxtpx:hr></gpxtpx:TrackPointExtension></extensions></trkpt>
      <trkpt lat="49.304018" lon="-122.750606"><ele>235.2</ele><time>2026-06-08T12:34:41.000Z</time><extensions><gpxtpx:TrackPointExtension><gpxtpx:hr>147</gpxtpx:hr></gpxtpx:TrackPointExtension></extensions></trkpt>
      <trkpt lat="49.304018" lon="-122.75057"><ele>235.4</ele><time>2026-06-08T12:34:42.000Z</time><extensions><gpxtpx:TrackPointExtension><gpxtpx:hr>147</gpxtpx:hr></gpxtpx:TrackPointExtension></extensions></trkpt>
      <trkpt lat="49.304018" lon="-122.750538"><ele>235.6</ele><time>2026-06-08T12:34:43.000Z</time><extensions><gpxtpx:TrackPointExtension><gpxtpx:hr>148</gpxtpx:hr></gpxtpx:TrackPointExtension></extensions></trkpt>
      <trkpt lat="49.304017" lon="-122.750506"><ele>235.8</ele><time>2026-06-08T12:34:44.000Z</time><extensions><gpxtpx:TrackPointExtension><gpxtpx:hr>148</gpxtpx:hr></gpxtpx:TrackPointExtension></extensions></trkpt>
      <trkpt lat="49.304011" lon="-122.750478"><ele>236</ele><time>2026-06-08T12:34:45.000Z</time><extensions><gpxtpx:TrackPointExtension><gpxtpx:hr>149</gpxtpx:hr></gpxtpx:TrackPointExtension></extensions></trkpt>
      <trkpt lat="49.304014" lon="-122.750454"><ele>236.2</ele><time>2026-06-08T12:34:46.000Z</time><extensions><gpxtpx:TrackPointExtension><gpxtpx:hr>149</gpxtpx:hr></gpxtpx:TrackPointExtension></extensions></trkpt>
      <trkpt lat="49.304014" lon="-122.750421"><ele>236.2</ele><time>2026-06-08T12:34:47.000Z</time><extensions><gpxtpx:TrackPointExtension><gpxtpx:hr>149</gpxtpx:hr></gpxtpx:TrackPointExtension></extensions></trkpt>
      <trkpt lat="49.304015" lon="-122.750403"><ele>236.4</ele><time>2026-06-08T12:34:48.000Z</time><extensions><gpxtpx:TrackPointExtension><gpxtpx:hr>148</gpxtpx:hr></gpxtpx:TrackPointExtension></extensions></trkpt>
      <trkpt lat="49.304015" lon="-122.750374"><ele>236.4</ele><time>2026-06-08T12:34:49.000Z</time><extensions><gpxtpx:TrackPointExtension><gpxtpx:hr>149</gpxtpx:hr></gpxtpx:TrackPointExtension></extensions></trkpt>
      <trkpt lat="49.304012" lon="-122.750349"><ele>236.6</ele><time>2026-06-08T12:34:50.000Z</time><extensions><gpxtpx:TrackPointExtension><gpxtpx:hr>149</gpxtpx:hr></gpxtpx:TrackPointExtension></extensions></trkpt>
      <trkpt lat="49.304016" lon="-122.750317"><ele>236.8</ele><time>2026-06-08T12:34:51.000Z</time><extensions><gpxtpx:TrackPointExtension><gpxtpx:hr>149</gpxtpx:hr></gpxtpx:TrackPointExtension></extensions></trkpt>
      <trkpt lat="49.304014" lon="-122.75028"><ele>236.8</ele><time>2026-06-08T12:34:52.000Z</time><extensions><gpxtpx:TrackPointExtension><gpxtpx:hr>150</gpxtpx:hr></gpxtpx:TrackPointExtension></extensions></trkpt>
      <trkpt lat="49.304018" lon="-122.750253"><ele>237</ele><time>2026-06-08T12:34:53.000Z</time><extensions><gpxtpx:TrackPointExtension><gpxtpx:hr>150</gpxtpx:hr></gpxtpx:TrackPointExtension></extensions></trkpt>
      <trkpt lat="49.304016" lon="-122.750222"><ele>237</ele><time>2026-06-08T12:34:54.000Z</time><extensions><gpxtpx:TrackPointExtension><gpxtpx:hr>150</gpxtpx:hr></gpxtpx:TrackPointExtension></extensions></trkpt>
      <trkpt lat="49.304021" lon="-122.750196"><ele>237.2</ele><time>2026-06-08T12:34:55.000Z</time><extensions><gpxtpx:TrackPointExtension><gpxtpx:hr>150</gpxtpx:hr></gpxtpx:TrackPointExtension></extensions></trkpt>
      <trkpt lat="49.304024" lon="-122.75017"><ele>237.4</ele><time>2026-06-08T12:34:56.000Z</time><extensions><gpxtpx:TrackPointExtension><gpxtpx:hr>150</gpxtpx:hr></gpxtpx:TrackPointExtension></extensions></trkpt>
      <trkpt lat="49.304028" lon="-122.750131"><ele>237.6</ele><time>2026-06-08T12:34:57.000Z</time><extensions><gpxtpx:TrackPointExtension><gpxtpx:hr>150</gpxtpx:hr></gpxtpx:TrackPointExtension></extensions></trkpt>
      <trkpt lat="49.304034" lon="-122.750098"><ele>237.6</ele><time>2026-06-08T12:34:58.000Z</time><extensions><gpxtpx:TrackPointExtension><gpxtpx:hr>149</gpxtpx:hr></gpxtpx:TrackPointExtension></extensions></trkpt>
      <trkpt lat="49.304039" lon="-122.750059"><ele>237.8</ele><time>2026-06-08T12:34:59.000Z</time><extensions><gpxtpx:TrackPointExtension><gpxtpx:hr>149</gpxtpx:hr></gpxtpx:TrackPointExtension></extensions></trkpt>
      <trkpt lat="49.304045" lon="-122.750024"><ele>238</ele><time>2026-06-08T12:35:00.000Z</time><extensions><gpxtpx:TrackPointExtension><gpxtpx:hr>148</gpxtpx:hr></gpxtpx:TrackPointExtension></extensions></trkpt>
      <trkpt lat="49.30405" lon="-122.749992"><ele>238</ele><time>2026-06-08T12:35:01.000Z</time><extensions><gpxtpx:TrackPointExtension><gpxtpx:hr>148</gpxtpx:hr></gpxtpx:TrackPointExtension></extensions></trkpt>
      <trkpt lat="49.304056" lon="-122.74996"><ele>238.2</ele><time>2026-06-08T12:35:02.000Z</time><extensions><gpxtpx:TrackPointExtension><gpxtpx:hr>148</gpxtpx:hr></gpxtpx:TrackPointExtension></extensions></trkpt>
      <trkpt lat="49.304057" lon="-122.749934"><ele>238.4</ele><time>2026-06-08T12:35:03.000Z</time><extensions><gpxtpx:TrackPointExtension><gpxtpx:hr>148</gpxtpx:hr></gpxtpx:TrackPointExtension></extensions></trkpt>
      <trkpt lat="49.304057" lon="-122.749905"><ele>238.4</ele><time>2026-06-08T12:35:04.000Z</time><extensions><gpxtpx:TrackPointExtension><gpxtpx:hr>148</gpxtpx:hr></gpxtpx:TrackPointExtension></extensions></trkpt>
      <trkpt lat="49.304059" lon="-122.749876"><ele>238.6</ele><time>2026-06-08T12:35:05.000Z</time><extensions><gpxtpx:TrackPointExtension><gpxtpx:hr>149</gpxtpx:hr></gpxtpx:TrackPointExtension></extensions></trkpt>
      <trkpt lat="49.304062" lon="-122.749837"><ele>238.6</ele><time>2026-06-08T12:35:06.000Z</time><extensions><gpxtpx:TrackPointExtension><gpxtpx:hr>149</gpxtpx:hr></gpxtpx:TrackPointExtension></extensions></trkpt>
      <trkpt lat="49.304062" lon="-122.749805"><ele>238.8</ele><time>2026-06-08T12:35:07.000Z</time><extensions><gpxtpx:TrackPointExtension><gpxtpx:hr>149</gpxtpx:hr></gpxtpx:TrackPointExtension></extensions></trkpt>
      <trkpt lat="49.304061" lon="-122.749769"><ele>239</ele><time>2026-06-08T12:35:08.000Z</time><extensions><gpxtpx:TrackPointExtension><gpxtpx:hr>149</gpxtpx:hr></gpxtpx:TrackPointExtension></extensions></trkpt>
      <trkpt lat="49.30406" lon="-122.749738"><ele>239.2</ele><time>2026-06-08T12:35:09.000Z</time><extensions><gpxtpx:TrackPointExtension><gpxtpx:hr>149</gpxtpx:hr></gpxtpx:TrackPointExtension></extensions></trkpt>
      <trkpt lat="49.304061" lon="-122.749713"><ele>239.2</ele><time>2026-06-08T12:35:10.000Z</time><extensions><gpxtpx:TrackPointExtension><gpxtpx:hr>149</gpxtpx:hr></gpxtpx:TrackPointExtension></extensions></trkpt>
      <trkpt lat="49.304063" lon="-122.74968"><ele>239.4</ele><time>2026-06-08T12:35:11.000Z</time><extensions><gpxtpx:TrackPointExtension><gpxtpx:hr>149</gpxtpx:hr></gpxtpx:TrackPointExtension></extensions></trkpt>
      <trkpt lat="49.304059" lon="-122.749647"><ele>239.4</ele><time>2026-06-08T12:35:12.000Z</time><extensions><gpxtpx:TrackPointExtension><gpxtpx:hr>149</gpxtpx:hr></gpxtpx:TrackPointExtension></extensions></trkpt>
      <trkpt lat="49.304063" lon="-122.749621"><ele>239.6</ele><time>2026-06-08T12:35:13.000Z</time><extensions><gpxtpx:TrackPointExtension><gpxtpx:hr>149</gpxtpx:hr></gpxtpx:TrackPointExtension></extensions></trkpt>
      <trkpt lat="49.304062" lon="-122.749573"><ele>239.8</ele><time>2026-06-08T12:35:14.000Z</time><extensions><gpxtpx:TrackPointExtension><gpxtpx:hr>149</gpxtpx:hr></gpxtpx:TrackPointExtension></extensions></trkpt>
      <trkpt lat="49.304062" lon="-122.749544"><ele>239.8</ele><time>2026-06-08T12:35:15.000Z</time><extensions><gpxtpx:TrackPointExtension><gpxtpx:hr>149</gpxtpx:hr></gpxtpx:TrackPointExtension></extensions></trkpt>
      <trkpt lat="49.30406" lon="-122.749514"><ele>240</ele><time>2026-06-08T12:35:16.000Z</time><extensions><gpxtpx:TrackPointExtension><gpxtpx:hr>148</gpxtpx:hr></gpxtpx:TrackPointExtension></extensions></trkpt>
      <trkpt lat="49.304057" lon="-122.749482"><ele>240</ele><time>2026-06-08T12:35:17.000Z</time><extensions><gpxtpx:TrackPointExtension><gpxtpx:hr>148</gpxtpx:hr></gpxtpx:TrackPointExtension></extensions></trkpt>
      <trkpt lat="49.304058" lon="-122.749449"><ele>240.2</ele><time>2026-06-08T12:35:18.000Z</time><extensions><gpxtpx:TrackPointExtension><gpxtpx:hr>148</gpxtpx:hr></gpxtpx:TrackPointExtension></extensions></trkpt>
      <trkpt lat="49.304052" lon="-122.749415"><ele>240.2</ele><time>2026-06-08T12:35:19.000Z</time><extensions><gpxtpx:TrackPointExtension><gpxtpx:hr>148</gpxtpx:hr></gpxtpx:TrackPointExtension></extensions></trkpt>
      <trkpt lat="49.304052" lon="-122.749391"><ele>240.4</ele><time>2026-06-08T12:35:20.000Z</time><extensions><gpxtpx:TrackPointExtension><gpxtpx:hr>148</gpxtpx:hr></gpxtpx:TrackPointExtension></extensions></trkpt>
      <trkpt lat="49.304051" lon="-122.749359"><ele>240.4</ele><time>2026-06-08T12:35:21.000Z</time><extensions><gpxtpx:TrackPointExtension><gpxtpx:hr>147</gpxtpx:hr></gpxtpx:TrackPointExtension></extensions></trkpt>
      <trkpt lat="49.304041" lon="-122.749327"><ele>240.6</ele><time>2026-06-08T12:35:22.000Z</time><extensions><gpxtpx:TrackPointExtension><gpxtpx:hr>147</gpxtpx:hr></gpxtpx:TrackPointExtension></extensions></trkpt>
      <trkpt lat="49.304032" lon="-122.749308"><ele>240.6</ele><time>2026-06-08T12:35:23.000Z</time><extensions><gpxtpx:TrackPointExtension><gpxtpx:hr>147</gpxtpx:hr></gpxtpx:TrackPointExtension></extensions></trkpt>
      <trkpt lat="49.304027" lon="-122.749272"><ele>240.8</ele><time>2026-06-08T12:35:24.000Z</time><extensions><gpxtpx:TrackPointExtension><gpxtpx:hr>146</gpxtpx:hr></gpxtpx:TrackPointExtension></extensions></trkpt>
      <trkpt lat="49.304021" lon="-122.74925"><ele>241</ele><time>2026-06-08T12:35:25.000Z</time><extensions><gpxtpx:TrackPointExtension><gpxtpx:hr>146</gpxtpx:hr></gpxtpx:TrackPointExtension></extensions></trkpt>
      <trkpt lat="49.304017" lon="-122.749221"><ele>241</ele><time>2026-06-08T12:35:26.000Z</time><extensions><gpxtpx:TrackPointExtension><gpxtpx:hr>145</gpxtpx:hr></gpxtpx:TrackPointExtension></extensions></trkpt>
      <trkpt lat="49.30401" lon="-122.749188"><ele>241.2</ele><time>2026-06-08T12:35:27.000Z</time><extensions><gpxtpx:TrackPointExtension><gpxtpx:hr>145</gpxtpx:hr></gpxtpx:TrackPointExtension></extensions></trkpt>
      <trkpt lat="49.304012" lon="-122.749161"><ele>241.2</ele><time>2026-06-08T12:35:28.000Z</time><extensions><gpxtpx:TrackPointExtension><gpxtpx:hr>145</gpxtpx:hr></gpxtpx:TrackPointExtension></extensions></trkpt>
      <trkpt lat="49.304012" lon="-122.749127"><ele>241.4</ele><time>2026-06-08T12:35:29.000Z</time><extensions><gpxtpx:TrackPointExtension><gpxtpx:hr>145</gpxtpx:hr></gpxtpx:TrackPointExtension></extensions></trkpt>
      <trkpt lat="49.30401" lon="-122.7491"><ele>241.6</ele><time>2026-06-08T12:35:30.000Z</time><extensions><gpxtpx:TrackPointExtension><gpxtpx:hr>145</gpxtpx:hr></gpxtpx:TrackPointExtension></extensions></trkpt>
      <trkpt lat="49.304003" lon="-122.749073"><ele>241.8</ele><time>2026-06-08T12:35:31.000Z</time><extensions><gpxtpx:TrackPointExtension><gpxtpx:hr>145</gpxtpx:hr></gpxtpx:TrackPointExtension></extensions></trkpt>
      <trkpt lat="49.303989" lon="-122.749039"><ele>242</ele><time>2026-06-08T12:35:32.000Z</time><extensions><gpxtpx:TrackPointExtension><gpxtpx:hr>145</gpxtpx:hr></gpxtpx:TrackPointExtension></extensions></trkpt>
      <trkpt lat="49.303982" lon="-122.749009"><ele>242.2</ele><time>2026-06-08T12:35:33.000Z</time><extensions><gpxtpx:TrackPointExtension><gpxtpx:hr>146</gpxtpx:hr></gpxtpx:TrackPointExtension></extensions></trkpt>
      <trkpt lat="49.303966" lon="-122.748991"><ele>242.4</ele><time>2026-06-08T12:35:34.000Z</time><extensions><gpxtpx:TrackPointExtension><gpxtpx:hr>146</gpxtpx:hr></gpxtpx:TrackPointExtension></extensions></trkpt>
      <trkpt lat="49.303952" lon="-122.748975"><ele>242.4</ele><time>2026-06-08T12:35:35.000Z</time><extensions><gpxtpx:TrackPointExtension><gpxtpx:hr>146</gpxtpx:hr></gpxtpx:TrackPointExtension></extensions></trkpt>
      <trkpt lat="49.303939" lon="-122.74895"><ele>242.4</ele><time>2026-06-08T12:35:36.000Z</time><extensions><gpxtpx:TrackPointExtension><gpxtpx:hr>146</gpxtpx:hr></gpxtpx:TrackPointExtension></extensions></trkpt>
      <trkpt lat="49.303924" lon="-122.748916"><ele>242.6</ele><time>2026-06-08T12:35:37.000Z</time><extensions><gpxtpx:TrackPointExtension><gpxtpx:hr>146</gpxtpx:hr></gpxtpx:TrackPointExtension></extensions></trkpt>
      <trkpt lat="49.303915" lon="-122.748894"><ele>242.6</ele><time>2026-06-08T12:35:38.000Z</time><extensions><gpxtpx:TrackPointExtension><gpxtpx:hr>146</gpxtpx:hr></gpxtpx:TrackPointExtension></extensions></trkpt>
      <trkpt lat="49.303903" lon="-122.748862"><ele>242.8</ele><time>2026-06-08T12:35:39.000Z</time><extensions><gpxtpx:TrackPointExtension><gpxtpx:hr>146</gpxtpx:hr></gpxtpx:TrackPointExtension></extensions></trkpt>
      <trkpt lat="49.303892" lon="-122.748835"><ele>243</ele><time>2026-06-08T12:35:40.000Z</time><extensions><gpxtpx:TrackPointExtension><gpxtpx:hr>146</gpxtpx:hr></gpxtpx:TrackPointExtension></extensions></trkpt>
      <trkpt lat="49.303884" lon="-122.748809"><ele>243</ele><time>2026-06-08T12:35:41.000Z</time><extensions><gpxtpx:TrackPointExtension><gpxtpx:hr>146</gpxtpx:hr></gpxtpx:TrackPointExtension></extensions></trkpt>
      <trkpt lat="49.303874" lon="-122.748789"><ele>243.2</ele><time>2026-06-08T12:35:42.000Z</time><extensions><gpxtpx:TrackPointExtension><gpxtpx:hr>146</gpxtpx:hr></gpxtpx:TrackPointExtension></extensions></trkpt>
      <trkpt lat="49.303861" lon="-122.748776"><ele>243.2</ele><time>2026-06-08T12:35:43.000Z</time><extensions><gpxtpx:TrackPointExtension><gpxtpx:hr>147</gpxtpx:hr></gpxtpx:TrackPointExtension></extensions></trkpt>
      <trkpt lat="49.303857" lon="-122.748747"><ele>243.4</ele><time>2026-06-08T12:35:44.000Z</time><extensions><gpxtpx:TrackPointExtension><gpxtpx:hr>147</gpxtpx:hr></gpxtpx:TrackPointExtension></extensions></trkpt>
      <trkpt lat="49.303847" lon="-122.748719"><ele>243.6</ele><time>2026-06-08T12:35:45.000Z</time><extensions><gpxtpx:TrackPointExtension><gpxtpx:hr>147</gpxtpx:hr></gpxtpx:TrackPointExtension></extensions></trkpt>
      <trkpt lat="49.303841" lon="-122.748696"><ele>243.8</ele><time>2026-06-08T12:35:46.000Z</time><extensions><gpxtpx:TrackPointExtension><gpxtpx:hr>147</gpxtpx:hr></gpxtpx:TrackPointExtension></extensions></trkpt>
      <trkpt lat="49.303829" lon="-122.748678"><ele>244.2</ele><time>2026-06-08T12:35:47.000Z</time><extensions><gpxtpx:TrackPointExtension><gpxtpx:hr>147</gpxtpx:hr></gpxtpx:TrackPointExtension></extensions></trkpt>
      <trkpt lat="49.303819" lon="-122.74866"><ele>244.2</ele><time>2026-06-08T12:35:48.000Z</time><extensions><gpxtpx:TrackPointExtension><gpxtpx:hr>148</gpxtpx:hr></gpxtpx:TrackPointExtension></extensions></trkpt>
      <trkpt lat="49.303817" lon="-122.748623"><ele>244.4</ele><time>2026-06-08T12:35:49.000Z</time><extensions><gpxtpx:TrackPointExtension><gpxtpx:hr>148</gpxtpx:hr></gpxtpx:TrackPointExtension></extensions></trkpt>
      <trkpt lat="49.303802" lon="-122.748591"><ele>244.6</ele><time>2026-06-08T12:35:50.000Z</time><extensions><gpxtpx:TrackPointExtension><gpxtpx:hr>147</gpxtpx:hr></gpxtpx:TrackPointExtension></extensions></trkpt>
      <trkpt lat="49.303792" lon="-122.748573"><ele>244.6</ele><time>2026-06-08T12:35:51.000Z</time><extensions><gpxtpx:TrackPointExtension><gpxtpx:hr>147</gpxtpx:hr></gpxtpx:TrackPointExtension></extensions></trkpt>
      <trkpt lat="49.303776" lon="-122.748547"><ele>244.8</ele><time>2026-06-08T12:35:52.000Z</time><extensions><gpxtpx:TrackPointExtension><gpxtpx:hr>147</gpxtpx:hr></gpxtpx:TrackPointExtension></extensions></trkpt>
      <trkpt lat="49.303762" lon="-122.748523"><ele>245</ele><time>2026-06-08T12:35:53.000Z</time><extensions><gpxtpx:TrackPointExtension><gpxtpx:hr>147</gpxtpx:hr></gpxtpx:TrackPointExtension></extensions></trkpt>
      <trkpt lat="49.30375" lon="-122.748501"><ele>245.2</ele><time>2026-06-08T12:35:54.000Z</time><extensions><gpxtpx:TrackPointExtension><gpxtpx:hr>147</gpxtpx:hr></gpxtpx:TrackPointExtension></extensions></trkpt>
      <trkpt lat="49.303737" lon="-122.748476"><ele>245.2</ele><time>2026-06-08T12:35:55.000Z</time><extensions><gpxtpx:TrackPointExtension><gpxtpx:hr>147</gpxtpx:hr></gpxtpx:TrackPointExtension></extensions></trkpt>
      <trkpt lat="49.303728" lon="-122.748451"><ele>245.4</ele><time>2026-06-08T12:35:56.000Z</time><extensions><gpxtpx:TrackPointExtension><gpxtpx:hr>147</gpxtpx:hr></gpxtpx:TrackPointExtension></extensions></trkpt>
      <trkpt lat="49.303711" lon="-122.748427"><ele>245.6</ele><time>2026-06-08T12:35:57.000Z</time><extensions><gpxtpx:TrackPointExtension><gpxtpx:hr>147</gpxtpx:hr></gpxtpx:TrackPointExtension></extensions></trkpt>
      <trkpt lat="49.303698" lon="-122.748409"><ele>245.6</ele><time>2026-06-08T12:35:58.000Z</time><extensions><gpxtpx:TrackPointExtension><gpxtpx:hr>148</gpxtpx:hr></gpxtpx:TrackPointExtension></extensions></trkpt>
      <trkpt lat="49.303687" lon="-122.748387"><ele>245.8</ele><time>2026-06-08T12:35:59.000Z</time><extensions><gpxtpx:TrackPointExtension><gpxtpx:hr>148</gpxtpx:hr></gpxtpx:TrackPointExtension></extensions></trkpt>
      <trkpt lat="49.303673" lon="-122.748366"><ele>246</ele><time>2026-06-08T12:36:00.000Z</time><extensions><gpxtpx:TrackPointExtension><gpxtpx:hr>148</gpxtpx:hr></gpxtpx:TrackPointExtension></extensions></trkpt>
      <trkpt lat="49.303664" lon="-122.748348"><ele>246</ele><time>2026-06-08T12:36:01.000Z</time><extensions><gpxtpx:TrackPointExtension><gpxtpx:hr>148</gpxtpx:hr></gpxtpx:TrackPointExtension></extensions></trkpt>
      <trkpt lat="49.303652" lon="-122.748329"><ele>246.2</ele><time>2026-06-08T12:36:02.000Z</time><extensions><gpxtpx:TrackPointExtension><gpxtpx:hr>148</gpxtpx:hr></gpxtpx:TrackPointExtension></extensions></trkpt>
      <trkpt lat="49.303642" lon="-122.748315"><ele>246.2</ele><time>2026-06-08T12:36:03.000Z</time><extensions><gpxtpx:TrackPointExtension><gpxtpx:hr>148</gpxtpx:hr></gpxtpx:TrackPointExtension></extensions></trkpt>
      <trkpt lat="49.303632" lon="-122.748292"><ele>246.2</ele><time>2026-06-08T12:36:04.000Z</time><extensions><gpxtpx:TrackPointExtension><gpxtpx:hr>148</gpxtpx:hr></gpxtpx:TrackPointExtension></extensions></trkpt>
      <trkpt lat="49.303622" lon="-122.748269"><ele>246.4</ele><time>2026-06-08T12:36:05.000Z</time><extensions><gpxtpx:TrackPointExtension><gpxtpx:hr>147</gpxtpx:hr></gpxtpx:TrackPointExtension></extensions></trkpt>
      <trkpt lat="49.303614" lon="-122.748254"><ele>246.4</ele><time>2026-06-08T12:36:06.000Z</time><extensions><gpxtpx:TrackPointExtension><gpxtpx:hr>146</gpxtpx:hr></gpxtpx:TrackPointExtension></extensions></trkpt>
      <trkpt lat="49.303606" lon="-122.748225"><ele>246.6</ele><time>2026-06-08T12:36:07.000Z</time><extensions><gpxtpx:TrackPointExtension><gpxtpx:hr>146</gpxtpx:hr></gpxtpx:TrackPointExtension></extensions></trkpt>
      <trkpt lat="49.303598" lon="-122.748202"><ele>247</ele><time>2026-06-08T12:36:08.000Z</time><extensions><gpxtpx:TrackPointExtension><gpxtpx:hr>146</gpxtpx:hr></gpxtpx:TrackPointExtension></extensions></trkpt>
      <trkpt lat="49.303596" lon="-122.748182"><ele>247.2</ele><time>2026-06-08T12:36:09.000Z</time><extensions><gpxtpx:TrackPointExtension><gpxtpx:hr>145</gpxtpx:hr></gpxtpx:TrackPointExtension></extensions></trkpt>
      <trkpt lat="49.303589" lon="-122.748161"><ele>247.6</ele><time>2026-06-08T12:36:10.000Z</time><extensions><gpxtpx:TrackPointExtension><gpxtpx:hr>145</gpxtpx:hr></gpxtpx:TrackPointExtension></extensions></trkpt>
      <trkpt lat="49.30358" lon="-122.748128"><ele>247.6</ele><time>2026-06-08T12:36:11.000Z</time><extensions><gpxtpx:TrackPointExtension><gpxtpx:hr>146</gpxtpx:hr></gpxtpx:TrackPointExtension></extensions></trkpt>
      <trkpt lat="49.303574" lon="-122.748095"><ele>247.6</ele><time>2026-06-08T12:36:12.000Z</time><extensions><gpxtpx:TrackPointExtension><gpxtpx:hr>146</gpxtpx:hr></gpxtpx:TrackPointExtension></extensions></trkpt>
      <trkpt lat="49.303571" lon="-122.748064"><ele>247.4</ele><time>2026-06-08T12:36:13.000Z</time><extensions><gpxtpx:TrackPointExtension><gpxtpx:hr>146</gpxtpx:hr></gpxtpx:TrackPointExtension></extensions></trkpt>
      <trkpt lat="49.303571" lon="-122.748034"><ele>247.4</ele><time>2026-06-08T12:36:14.000Z</time><extensions><gpxtpx:TrackPointExtension><gpxtpx:hr>146</gpxtpx:hr></gpxtpx:TrackPointExtension></extensions></trkpt>
      <trkpt lat="49.303568" lon="-122.748006"><ele>247.4</ele><time>2026-06-08T12:36:15.000Z</time><extensions><gpxtpx:TrackPointExtension><gpxtpx:hr>146</gpxtpx:hr></gpxtpx:TrackPointExtension></extensions></trkpt>
      <trkpt lat="49.303572" lon="-122.747985"><ele>247.6</ele><time>2026-06-08T12:36:16.000Z</time><extensions><gpxtpx:TrackPointExtension><gpxtpx:hr>147</gpxtpx:hr></gpxtpx:TrackPointExtension></extensions></trkpt>
      <trkpt lat="49.303571" lon="-122.747948"><ele>248</ele><time>2026-06-08T12:36:17.000Z</time><extensions><gpxtpx:TrackPointExtension><gpxtpx:hr>146</gpxtpx:hr></gpxtpx:TrackPointExtension></extensions></trkpt>
      <trkpt lat="49.303567" lon="-122.74792"><ele>248.2</ele><time>2026-06-08T12:36:18.000Z</time><extensions><gpxtpx:TrackPointExtension><gpxtpx:hr>146</gpxtpx:hr></gpxtpx:TrackPointExtension></extensions></trkpt>
      <trkpt lat="49.303568" lon="-122.747892"><ele>248.6</ele><time>2026-06-08T12:36:19.000Z</time><extensions><gpxtpx:TrackPointExtension><gpxtpx:hr>146</gpxtpx:hr></gpxtpx:TrackPointExtension></extensions></trkpt>
      <trkpt lat="49.303568" lon="-122.747855"><ele>248.8</ele><time>2026-06-08T12:36:20.000Z</time><extensions><gpxtpx:TrackPointExtension><gpxtpx:hr>146</gpxtpx:hr></gpxtpx:TrackPointExtension></extensions></trkpt>
      <trkpt lat="49.303566" lon="-122.747824"><ele>248.8</ele><time>2026-06-08T12:36:21.000Z</time><extensions><gpxtpx:TrackPointExtension><gpxtpx:hr>146</gpxtpx:hr></gpxtpx:TrackPointExtension></extensions></trkpt>
      <trkpt lat="49.303569" lon="-122.747786"><ele>249</ele><time>2026-06-08T12:36:22.000Z</time><extensions><gpxtpx:TrackPointExtension><gpxtpx:hr>147</gpxtpx:hr></gpxtpx:TrackPointExtension></extensions></trkpt>
      <trkpt lat="49.303568" lon="-122.747753"><ele>249.2</ele><time>2026-06-08T12:36:23.000Z</time><extensions><gpxtpx:TrackPointExtension><gpxtpx:hr>147</gpxtpx:hr></gpxtpx:TrackPointExtension></extensions></trkpt>
      <trkpt lat="49.303576" lon="-122.747713"><ele>249.4</ele><time>2026-06-08T12:36:24.000Z</time><extensions><gpxtpx:TrackPointExtension><gpxtpx:hr>147</gpxtpx:hr></gpxtpx:TrackPointExtension></extensions></trkpt>
      <trkpt lat="49.303581" lon="-122.747674"><ele>249.6</ele><time>2026-06-08T12:36:25.000Z</time><extensions><gpxtpx:TrackPointExtension><gpxtpx:hr>148</gpxtpx:hr></gpxtpx:TrackPointExtension></extensions></trkpt>
      <trkpt lat="49.303579" lon="-122.747645"><ele>249.8</ele><time>2026-06-08T12:36:26.000Z</time><extensions><gpxtpx:TrackPointExtension><gpxtpx:hr>148</gpxtpx:hr></gpxtpx:TrackPointExtension></extensions></trkpt>
      <trkpt lat="49.303578" lon="-122.747609"><ele>249.8</ele><time>2026-06-08T12:36:27.000Z</time><extensions><gpxtpx:TrackPointExtension><gpxtpx:hr>148</gpxtpx:hr></gpxtpx:TrackPointExtension></extensions></trkpt>
      <trkpt lat="49.303574" lon="-122.747581"><ele>250</ele><time>2026-06-08T12:36:28.000Z</time><extensions><gpxtpx:TrackPointExtension><gpxtpx:hr>148</gpxtpx:hr></gpxtpx:TrackPointExtension></extensions></trkpt>
      <trkpt lat="49.30358" lon="-122.74755"><ele>250</ele><time>2026-06-08T12:36:29.000Z</time><extensions><gpxtpx:TrackPointExtension><gpxtpx:hr>148</gpxtpx:hr></gpxtpx:TrackPointExtension></extensions></trkpt>
      <trkpt lat="49.303578" lon="-122.747518"><ele>250.2</ele><time>2026-06-08T12:36:30.000Z</time><extensions><gpxtpx:TrackPointExtension><gpxtpx:hr>148</gpxtpx:hr></gpxtpx:TrackPointExtension></extensions></trkpt>
      <trkpt lat="49.303579" lon="-122.747491"><ele>250.2</ele><time>2026-06-08T12:36:31.000Z</time><extensions><gpxtpx:TrackPointExtension><gpxtpx:hr>148</gpxtpx:hr></gpxtpx:TrackPointExtension></extensions></trkpt>
      <trkpt lat="49.303582" lon="-122.747457"><ele>250.4</ele><time>2026-06-08T12:36:32.000Z</time><extensions><gpxtpx:TrackPointExtension><gpxtpx:hr>148</gpxtpx:hr></gpxtpx:TrackPointExtension></extensions></trkpt>
      <trkpt lat="49.303584" lon="-122.747425"><ele>250.6</ele><time>2026-06-08T12:36:33.000Z</time><extensions><gpxtpx:TrackPointExtension><gpxtpx:hr>148</gpxtpx:hr></gpxtpx:TrackPointExtension></extensions></trkpt>
      <trkpt lat="49.303585" lon="-122.747402"><ele>250.6</ele><time>2026-06-08T12:36:34.000Z</time><extensions><gpxtpx:TrackPointExtension><gpxtpx:hr>148</gpxtpx:hr></gpxtpx:TrackPointExtension></extensions></trkpt>
      <trkpt lat="49.303585" lon="-122.74737"><ele>250.8</ele><time>2026-06-08T12:36:35.000Z</time><extensions><gpxtpx:TrackPointExtension><gpxtpx:hr>148</gpxtpx:hr></gpxtpx:TrackPointExtension></extensions></trkpt>
      <trkpt lat="49.303586" lon="-122.747347"><ele>251</ele><time>2026-06-08T12:36:36.000Z</time><extensions><gpxtpx:TrackPointExtension><gpxtpx:hr>148</gpxtpx:hr></gpxtpx:TrackPointExtension></extensions></trkpt>
      <trkpt lat="49.303589" lon="-122.747327"><ele>251</ele><time>2026-06-08T12:36:37.000Z</time><extensions><gpxtpx:TrackPointExtension><gpxtpx:hr>148</gpxtpx:hr></gpxtpx:TrackPointExtension></extensions></trkpt>
      <trkpt lat="49.303591" lon="-122.747303"><ele>251.2</ele><time>2026-06-08T12:36:38.000Z</time><extensions><gpxtpx:TrackPointExtension><gpxtpx:hr>148</gpxtpx:hr></gpxtpx:TrackPointExtension></extensions></trkpt>
      <trkpt lat="49.303593" lon="-122.747275"><ele>251.2</ele><time>2026-06-08T12:36:39.000Z</time><extensions><gpxtpx:TrackPointExtension><gpxtpx:hr>148</gpxtpx:hr></gpxtpx:TrackPointExtension></extensions></trkpt>
      <trkpt lat="49.303599" lon="-122.747245"><ele>251.4</ele><time>2026-06-08T12:36:40.000Z</time><extensions><gpxtpx:TrackPointExtension><gpxtpx:hr>148</gpxtpx:hr></gpxtpx:TrackPointExtension></extensions></trkpt>
      <trkpt lat="49.303601" lon="-122.747212"><ele>251.4</ele><time>2026-06-08T12:36:41.000Z</time><extensions><gpxtpx:TrackPointExtension><gpxtpx:hr>148</gpxtpx:hr></gpxtpx:TrackPointExtension></extensions></trkpt>
      <trkpt lat="49.303605" lon="-122.747179"><ele>251.6</ele><time>2026-06-08T12:36:42.000Z</time><extensions><gpxtpx:TrackPointExtension><gpxtpx:hr>148</gpxtpx:hr></gpxtpx:TrackPointExtension></extensions></trkpt>
      <trkpt lat="49.303601" lon="-122.74715"><ele>251.6</ele><time>2026-06-08T12:36:43.000Z</time><extensions><gpxtpx:TrackPointExtension><gpxtpx:hr>148</gpxtpx:hr></gpxtpx:TrackPointExtension></extensions></trkpt>
      <trkpt lat="49.303603" lon="-122.747115"><ele>251.8</ele><time>2026-06-08T12:36:44.000Z</time><extensions><gpxtpx:TrackPointExtension><gpxtpx:hr>148</gpxtpx:hr></gpxtpx:TrackPointExtension></extensions></trkpt>
      <trkpt lat="49.303601" lon="-122.747075"><ele>251.8</ele><time>2026-06-08T12:36:45.000Z</time><extensions><gpxtpx:TrackPointExtension><gpxtpx:hr>148</gpxtpx:hr></gpxtpx:TrackPointExtension></extensions></trkpt>
      <trkpt lat="49.303602" lon="-122.747041"><ele>251.8</ele><time>2026-06-08T12:36:46.000Z</time><extensions><gpxtpx:TrackPointExtension><gpxtpx:hr>148</gpxtpx:hr></gpxtpx:TrackPointExtension></extensions></trkpt>
      <trkpt lat="49.303601" lon="-122.747002"><ele>252</ele><time>2026-06-08T12:36:47.000Z</time><extensions><gpxtpx:TrackPointExtension><gpxtpx:hr>148</gpxtpx:hr></gpxtpx:TrackPointExtension></extensions></trkpt>
      <trkpt lat="49.303599" lon="-122.746978"><ele>252.2</ele><time>2026-06-08T12:36:48.000Z</time><extensions><gpxtpx:TrackPointExtension><gpxtpx:hr>148</gpxtpx:hr></gpxtpx:TrackPointExtension></extensions></trkpt>
      <trkpt lat="49.303601" lon="-122.746946"><ele>252.2</ele><time>2026-06-08T12:36:49.000Z</time><extensions><gpxtpx:TrackPointExtension><gpxtpx:hr>148</gpxtpx:hr></gpxtpx:TrackPointExtension></extensions></trkpt>
      <trkpt lat="49.303599" lon="-122.746917"><ele>252.4</ele><time>2026-06-08T12:36:50.000Z</time><extensions><gpxtpx:TrackPointExtension><gpxtpx:hr>147</gpxtpx:hr></gpxtpx:TrackPointExtension></extensions></trkpt>
      <trkpt lat="49.303602" lon="-122.746886"><ele>252.6</ele><time>2026-06-08T12:36:51.000Z</time><extensions><gpxtpx:TrackPointExtension><gpxtpx:hr>147</gpxtpx:hr></gpxtpx:TrackPointExtension></extensions></trkpt>
      <trkpt lat="49.303606" lon="-122.746855"><ele>252.8</ele><time>2026-06-08T12:36:52.000Z</time><extensions><gpxtpx:TrackPointExtension><gpxtpx:hr>146</gpxtpx:hr></gpxtpx:TrackPointExtension></extensions></trkpt>
      <trkpt lat="49.303614" lon="-122.746824"><ele>253</ele><time>2026-06-08T12:36:53.000Z</time><extensions><gpxtpx:TrackPointExtension><gpxtpx:hr>146</gpxtpx:hr></gpxtpx:TrackPointExtension></extensions></trkpt>
      <trkpt lat="49.303623" lon="-122.746786"><ele>253.2</ele><time>2026-06-08T12:36:54.000Z</time><extensions><gpxtpx:TrackPointExtension><gpxtpx:hr>146</gpxtpx:hr></gpxtpx:TrackPointExtension></extensions></trkpt>
      <trkpt lat="49.303629" lon="-122.746758"><ele>253.2</ele><time>2026-06-08T12:36:55.000Z</time><extensions><gpxtpx:TrackPointExtension><gpxtpx:hr>147</gpxtpx:hr></gpxtpx:TrackPointExtension></extensions></trkpt>
      <trkpt lat="49.303635" lon="-122.74673"><ele>253.4</ele><time>2026-06-08T12:36:56.000Z</time><extensions><gpxtpx:TrackPointExtension><gpxtpx:hr>147</gpxtpx:hr></gpxtpx:TrackPointExtension></extensions></trkpt>
      <trkpt lat="49.303638" lon="-122.746706"><ele>253.6</ele><time>2026-06-08T12:36:57.000Z</time><extensions><gpxtpx:TrackPointExtension><gpxtpx:hr>146</gpxtpx:hr></gpxtpx:TrackPointExtension></extensions></trkpt>
      <trkpt lat="49.303641" lon="-122.74668"><ele>253.6</ele><time>2026-06-08T12:36:58.000Z</time><extensions><gpxtpx:TrackPointExtension><gpxtpx:hr>146</gpxtpx:hr></gpxtpx:TrackPointExtension></extensions></trkpt>
      <trkpt lat="49.303643" lon="-122.746654"><ele>253.8</ele><time>2026-06-08T12:36:59.000Z</time><extensions><gpxtpx:TrackPointExtension><gpxtpx:hr>146</gpxtpx:hr></gpxtpx:TrackPointExtension></extensions></trkpt>
      <trkpt lat="49.303649" lon="-122.746624"><ele>253.8</ele><time>2026-06-08T12:37:00.000Z</time><extensions><gpxtpx:TrackPointExtension><gpxtpx:hr>146</gpxtpx:hr></gpxtpx:TrackPointExtension></extensions></trkpt>
      <trkpt lat="49.303651" lon="-122.746603"><ele>254</ele><time>2026-06-08T12:37:01.000Z</time><extensions><gpxtpx:TrackPointExtension><gpxtpx:hr>146</gpxtpx:hr></gpxtpx:TrackPointExtension></extensions></trkpt>
      <trkpt lat="49.303654" lon="-122.746583"><ele>254.2</ele><time>2026-06-08T12:37:02.000Z</time><extensions><gpxtpx:TrackPointExtension><gpxtpx:hr>146</gpxtpx:hr></gpxtpx:TrackPointExtension></extensions></trkpt>
      <trkpt lat="49.303653" lon="-122.746563"><ele>254.4</ele><time>2026-06-08T12:37:03.000Z</time><extensions><gpxtpx:TrackPointExtension><gpxtpx:hr>146</gpxtpx:hr></gpxtpx:TrackPointExtension></extensions></trkpt>
      <trkpt lat="49.303658" lon="-122.746544"><ele>254.6</ele><time>2026-06-08T12:37:04.000Z</time><extensions><gpxtpx:TrackPointExtension><gpxtpx:hr>146</gpxtpx:hr></gpxtpx:TrackPointExtension></extensions></trkpt>
      <trkpt lat="49.30366" lon="-122.746522"><ele>254.6</ele><time>2026-06-08T12:37:05.000Z</time><extensions><gpxtpx:TrackPointExtension><gpxtpx:hr>146</gpxtpx:hr></gpxtpx:TrackPointExtension></extensions></trkpt>
      <trkpt lat="49.303664" lon="-122.746498"><ele>254.8</ele><time>2026-06-08T12:37:06.000Z</time><extensions><gpxtpx:TrackPointExtension><gpxtpx:hr>145</gpxtpx:hr></gpxtpx:TrackPointExtension></extensions></trkpt>
      <trkpt lat="49.303669" lon="-122.746475"><ele>255</ele><time>2026-06-08T12:37:07.000Z</time><extensions><gpxtpx:TrackPointExtension><gpxtpx:hr>145</gpxtpx:hr></gpxtpx:TrackPointExtension></extensions></trkpt>
      <trkpt lat="49.303672" lon="-122.746442"><ele>255.2</ele><time>2026-06-08T12:37:08.000Z</time><extensions><gpxtpx:TrackPointExtension><gpxtpx:hr>145</gpxtpx:hr></gpxtpx:TrackPointExtension></extensions></trkpt>
      <trkpt lat="49.303673" lon="-122.746418"><ele>255.4</ele><time>2026-06-08T12:37:09.000Z</time><extensions><gpxtpx:TrackPointExtension><gpxtpx:hr>145</gpxtpx:hr></gpxtpx:TrackPointExtension></extensions></trkpt>
      <trkpt lat="49.303677" lon="-122.74639"><ele>255.4</ele><time>2026-06-08T12:37:10.000Z</time><extensions><gpxtpx:TrackPointExtension><gpxtpx:hr>145</gpxtpx:hr></gpxtpx:TrackPointExtension></extensions></trkpt>
      <trkpt lat="49.30368" lon="-122.746357"><ele>255.6</ele><time>2026-06-08T12:37:11.000Z</time><extensions><gpxtpx:TrackPointExtension><gpxtpx:hr>145</gpxtpx:hr></gpxtpx:TrackPointExtension></extensions></trkpt>
      <trkpt lat="49.303681" lon="-122.746332"><ele>255.8</ele><time>2026-06-08T12:37:12.000Z</time><extensions><gpxtpx:TrackPointExtension><gpxtpx:hr>145</gpxtpx:hr></gpxtpx:TrackPointExtension></extensions></trkpt>
      <trkpt lat="49.303685" lon="-122.746296"><ele>255.8</ele><time>2026-06-08T12:37:13.000Z</time><extensions><gpxtpx:TrackPointExtension><gpxtpx:hr>145</gpxtpx:hr></gpxtpx:TrackPointExtension></extensions></trkpt>
      <trkpt lat="49.303688" lon="-122.746275"><ele>256</ele><time>2026-06-08T12:37:14.000Z</time><extensions><gpxtpx:TrackPointExtension><gpxtpx:hr>145</gpxtpx:hr></gpxtpx:TrackPointExtension></extensions></trkpt>
      <trkpt lat="49.303695" lon="-122.746243"><ele>256</ele><time>2026-06-08T12:37:15.000Z</time><extensions><gpxtpx:TrackPointExtension><gpxtpx:hr>145</gpxtpx:hr></gpxtpx:TrackPointExtension></extensions></trkpt>
      <trkpt lat="49.303704" lon="-122.74622"><ele>256.2</ele><time>2026-06-08T12:37:16.000Z</time><extensions><gpxtpx:TrackPointExtension><gpxtpx:hr>145</gpxtpx:hr></gpxtpx:TrackPointExtension></extensions></trkpt>
      <trkpt lat="49.303712" lon="-122.746186"><ele>256.2</ele><time>2026-06-08T12:37:17.000Z</time><extensions><gpxtpx:TrackPointExtension><gpxtpx:hr>145</gpxtpx:hr></gpxtpx:TrackPointExtension></extensions></trkpt>
      <trkpt lat="49.303714" lon="-122.746158"><ele>256.4</ele><time>2026-06-08T12:37:18.000Z</time><extensions><gpxtpx:TrackPointExtension><gpxtpx:hr>145</gpxtpx:hr></gpxtpx:TrackPointExtension></extensions></trkpt>
      <trkpt lat="49.303721" lon="-122.74613"><ele>256.6</ele><time>2026-06-08T12:37:19.000Z</time><extensions><gpxtpx:TrackPointExtension><gpxtpx:hr>146</gpxtpx:hr></gpxtpx:TrackPointExtension></extensions></trkpt>
      <trkpt lat="49.303726" lon="-122.746102"><ele>256.6</ele><time>2026-06-08T12:37:20.000Z</time><extensions><gpxtpx:TrackPointExtension><gpxtpx:hr>146</gpxtpx:hr></gpxtpx:TrackPointExtension></extensions></trkpt>
      <trkpt lat="49.303731" lon="-122.746075"><ele>256.8</ele><time>2026-06-08T12:37:21.000Z</time><extensions><gpxtpx:TrackPointExtension><gpxtpx:hr>146</gpxtpx:hr></gpxtpx:TrackPointExtension></extensions></trkpt>
      <trkpt lat="49.303742" lon="-122.746042"><ele>257</ele><time>2026-06-08T12:37:22.000Z</time><extensions><gpxtpx:TrackPointExtension><gpxtpx:hr>146</gpxtpx:hr></gpxtpx:TrackPointExtension></extensions></trkpt>
      <trkpt lat="49.303746" lon="-122.746011"><ele>257</ele><time>2026-06-08T12:37:23.000Z</time><extensions><gpxtpx:TrackPointExtension><gpxtpx:hr>146</gpxtpx:hr></gpxtpx:TrackPointExtension></extensions></trkpt>
      <trkpt lat="49.303752" lon="-122.745978"><ele>257.2</ele><time>2026-06-08T12:37:24.000Z</time><extensions><gpxtpx:TrackPointExtension><gpxtpx:hr>146</gpxtpx:hr></gpxtpx:TrackPointExtension></extensions></trkpt>
      <trkpt lat="49.30376" lon="-122.745948"><ele>257.2</ele><time>2026-06-08T12:37:25.000Z</time><extensions><gpxtpx:TrackPointExtension><gpxtpx:hr>146</gpxtpx:hr></gpxtpx:TrackPointExtension></extensions></trkpt>
      <trkpt lat="49.303764" lon="-122.745924"><ele>257.4</ele><time>2026-06-08T12:37:26.000Z</time><extensions><gpxtpx:TrackPointExtension><gpxtpx:hr>146</gpxtpx:hr></gpxtpx:TrackPointExtension></extensions></trkpt>
      <trkpt lat="49.303771" lon="-122.745884"><ele>257.4</ele><time>2026-06-08T12:37:27.000Z</time><extensions><gpxtpx:TrackPointExtension><gpxtpx:hr>146</gpxtpx:hr></gpxtpx:TrackPointExtension></extensions></trkpt>
      <trkpt lat="49.303773" lon="-122.745852"><ele>257.6</ele><time>2026-06-08T12:37:28.000Z</time><extensions><gpxtpx:TrackPointExtension><gpxtpx:hr>146</gpxtpx:hr></gpxtpx:TrackPointExtension></extensions></trkpt>
      <trkpt lat="49.303773" lon="-122.74582"><ele>257.6</ele><time>2026-06-08T12:37:29.000Z</time><extensions><gpxtpx:TrackPointExtension><gpxtpx:hr>146</gpxtpx:hr></gpxtpx:TrackPointExtension></extensions></trkpt>
      <trkpt lat="49.303778" lon="-122.74579"><ele>257.8</ele><time>2026-06-08T12:37:30.000Z</time><extensions><gpxtpx:TrackPointExtension><gpxtpx:hr>145</gpxtpx:hr></gpxtpx:TrackPointExtension></extensions></trkpt>
      <trkpt lat="49.303775" lon="-122.745755"><ele>258</ele><time>2026-06-08T12:37:31.000Z</time><extensions><gpxtpx:TrackPointExtension><gpxtpx:hr>145</gpxtpx:hr></gpxtpx:TrackPointExtension></extensions></trkpt>
      <trkpt lat="49.303777" lon="-122.745725"><ele>258</ele><time>2026-06-08T12:37:32.000Z</time><extensions><gpxtpx:TrackPointExtension><gpxtpx:hr>145</gpxtpx:hr></gpxtpx:TrackPointExtension></extensions></trkpt>
      <trkpt lat="49.303777" lon="-122.745693"><ele>258.4</ele><time>2026-06-08T12:37:33.000Z</time><extensions><gpxtpx:TrackPointExtension><gpxtpx:hr>145</gpxtpx:hr></gpxtpx:TrackPointExtension></extensions></trkpt>
      <trkpt lat="49.303781" lon="-122.745666"><ele>258.4</ele><time>2026-06-08T12:37:34.000Z</time><extensions><gpxtpx:TrackPointExtension><gpxtpx:hr>145</gpxtpx:hr></gpxtpx:TrackPointExtension></extensions></trkpt>
      <trkpt lat="49.303784" lon="-122.745634"><ele>258.6</ele><time>2026-06-08T12:37:35.000Z</time><extensions><gpxtpx:TrackPointExtension><gpxtpx:hr>145</gpxtpx:hr></gpxtpx:TrackPointExtension></extensions></trkpt>
      <trkpt lat="49.303781" lon="-122.745605"><ele>258.8</ele><time>2026-06-08T12:37:36.000Z</time><extensions><gpxtpx:TrackPointExtension><gpxtpx:hr>145</gpxtpx:hr></gpxtpx:TrackPointExtension></extensions></trkpt>
      <trkpt lat="49.303781" lon="-122.745578"><ele>259</ele><time>2026-06-08T12:37:37.000Z</time><extensions><gpxtpx:TrackPointExtension><gpxtpx:hr>145</gpxtpx:hr></gpxtpx:TrackPointExtension></extensions></trkpt>
      <trkpt lat="49.303785" lon="-122.74554"><ele>259</ele><time>2026-06-08T12:37:38.000Z</time><extensions><gpxtpx:TrackPointExtension><gpxtpx:hr>145</gpxtpx:hr></gpxtpx:TrackPointExtension></extensions></trkpt>
      <trkpt lat="49.303784" lon="-122.745506"><ele>259.2</ele><time>2026-06-08T12:37:39.000Z</time><extensions><gpxtpx:TrackPointExtension><gpxtpx:hr>146</gpxtpx:hr></gpxtpx:TrackPointExtension></extensions></trkpt>
      <trkpt lat="49.30378" lon="-122.745461"><ele>259.4</ele><time>2026-06-08T12:37:40.000Z</time><extensions><gpxtpx:TrackPointExtension><gpxtpx:hr>146</gpxtpx:hr></gpxtpx:TrackPointExtension></extensions></trkpt>
      <trkpt lat="49.303774" lon="-122.745434"><ele>259.6</ele><time>2026-06-08T12:37:41.000Z</time><extensions><gpxtpx:TrackPointExtension><gpxtpx:hr>147</gpxtpx:hr></gpxtpx:TrackPointExtension></extensions></trkpt>
      <trkpt lat="49.303775" lon="-122.745403"><ele>259.8</ele><time>2026-06-08T12:37:42.000Z</time><extensions><gpxtpx:TrackPointExtension><gpxtpx:hr>147</gpxtpx:hr></gpxtpx:TrackPointExtension></extensions></trkpt>
      <trkpt lat="49.303777" lon="-122.745357"><ele>260</ele><time>2026-06-08T12:37:43.000Z</time><extensions><gpxtpx:TrackPointExtension><gpxtpx:hr>147</gpxtpx:hr></gpxtpx:TrackPointExtension></extensions></trkpt>
      <trkpt lat="49.303779" lon="-122.745338"><ele>260</ele><time>2026-06-08T12:37:44.000Z</time><extensions><gpxtpx:TrackPointExtension><gpxtpx:hr>147</gpxtpx:hr></gpxtpx:TrackPointExtension></extensions></trkpt>
      <trkpt lat="49.303781" lon="-122.74531"><ele>260.2</ele><time>2026-06-08T12:37:45.000Z</time><extensions><gpxtpx:TrackPointExtension><gpxtpx:hr>147</gpxtpx:hr></gpxtpx:TrackPointExtension></extensions></trkpt>
      <trkpt lat="49.303782" lon="-122.745288"><ele>260.4</ele><time>2026-06-08T12:37:46.000Z</time><extensions><gpxtpx:TrackPointExtension><gpxtpx:hr>147</gpxtpx:hr></gpxtpx:TrackPointExtension></extensions></trkpt>
      <trkpt lat="49.303785" lon="-122.745263"><ele>260.6</ele><time>2026-06-08T12:37:47.000Z</time><extensions><gpxtpx:TrackPointExtension><gpxtpx:hr>147</gpxtpx:hr></gpxtpx:TrackPointExtension></extensions></trkpt>
      <trkpt lat="49.30379" lon="-122.74524"><ele>260.8</ele><time>2026-06-08T12:37:48.000Z</time><extensions><gpxtpx:TrackPointExtension><gpxtpx:hr>147</gpxtpx:hr></gpxtpx:TrackPointExtension></extensions></trkpt>
      <trkpt lat="49.303786" lon="-122.745219"><ele>261</ele><time>2026-06-08T12:37:49.000Z</time><extensions><gpxtpx:TrackPointExtension><gpxtpx:hr>147</gpxtpx:hr></gpxtpx:TrackPointExtension></extensions></trkpt>
      <trkpt lat="49.303789" lon="-122.745194"><ele>261.2</ele><time>2026-06-08T12:37:50.000Z</time><extensions><gpxtpx:TrackPointExtension><gpxtpx:hr>148</gpxtpx:hr></gpxtpx:TrackPointExtension></extensions></trkpt>
      <trkpt lat="49.303788" lon="-122.745164"><ele>261.4</ele><time>2026-06-08T12:37:51.000Z</time><extensions><gpxtpx:TrackPointExtension><gpxtpx:hr>148</gpxtpx:hr></gpxtpx:TrackPointExtension></extensions></trkpt>
      <trkpt lat="49.303786" lon="-122.745137"><ele>261.6</ele><time>2026-06-08T12:37:52.000Z</time><extensions><gpxtpx:TrackPointExtension><gpxtpx:hr>147</gpxtpx:hr></gpxtpx:TrackPointExtension></extensions></trkpt>
      <trkpt lat="49.303788" lon="-122.745105"><ele>261.8</ele><time>2026-06-08T12:37:53.000Z</time><extensions><gpxtpx:TrackPointExtension><gpxtpx:hr>147</gpxtpx:hr></gpxtpx:TrackPointExtension></extensions></trkpt>
      <trkpt lat="49.303794" lon="-122.745071"><ele>262</ele><time>2026-06-08T12:37:54.000Z</time><extensions><gpxtpx:TrackPointExtension><gpxtpx:hr>147</gpxtpx:hr></gpxtpx:TrackPointExtension></extensions></trkpt>
      <trkpt lat="49.303799" lon="-122.745046"><ele>262.2</ele><time>2026-06-08T12:37:55.000Z</time><extensions><gpxtpx:TrackPointExtension><gpxtpx:hr>147</gpxtpx:hr></gpxtpx:TrackPointExtension></extensions></trkpt>
      <trkpt lat="49.303801" lon="-122.745014"><ele>262.4</ele><time>2026-06-08T12:37:56.000Z</time><extensions><gpxtpx:TrackPointExtension><gpxtpx:hr>147</gpxtpx:hr></gpxtpx:TrackPointExtension></extensions></trkpt>
      <trkpt lat="49.303803" lon="-122.744986"><ele>262.6</ele><time>2026-06-08T12:37:57.000Z</time><extensions><gpxtpx:TrackPointExtension><gpxtpx:hr>148</gpxtpx:hr></gpxtpx:TrackPointExtension></extensions></trkpt>
      <trkpt lat="49.303806" lon="-122.744965"><ele>262.6</ele><time>2026-06-08T12:37:58.000Z</time><extensions><gpxtpx:TrackPointExtension><gpxtpx:hr>148</gpxtpx:hr></gpxtpx:TrackPointExtension></extensions></trkpt>
      <trkpt lat="49.303811" lon="-122.744939"><ele>262.8</ele><time>2026-06-08T12:37:59.000Z</time><extensions><gpxtpx:TrackPointExtension><gpxtpx:hr>148</gpxtpx:hr></gpxtpx:TrackPointExtension></extensions></trkpt>
      <trkpt lat="49.303817" lon="-122.744919"><ele>263</ele><time>2026-06-08T12:38:00.000Z</time><extensions><gpxtpx:TrackPointExtension><gpxtpx:hr>147</gpxtpx:hr></gpxtpx:TrackPointExtension></extensions></trkpt>
      <trkpt lat="49.303822" lon="-122.744905"><ele>263.2</ele><time>2026-06-08T12:38:01.000Z</time><extensions><gpxtpx:TrackPointExtension><gpxtpx:hr>147</gpxtpx:hr></gpxtpx:TrackPointExtension></extensions></trkpt>
      <trkpt lat="49.303821" lon="-122.744879"><ele>263.4</ele><time>2026-06-08T12:38:02.000Z</time><extensions><gpxtpx:TrackPointExtension><gpxtpx:hr>147</gpxtpx:hr></gpxtpx:TrackPointExtension></extensions></trkpt>
      <trkpt lat="49.303827" lon="-122.744856"><ele>263.6</ele><time>2026-06-08T12:38:03.000Z</time><extensions><gpxtpx:TrackPointExtension><gpxtpx:hr>147</gpxtpx:hr></gpxtpx:TrackPointExtension></extensions></trkpt>
      <trkpt lat="49.303827" lon="-122.744838"><ele>263.6</ele><time>2026-06-08T12:38:04.000Z</time><extensions><gpxtpx:TrackPointExtension><gpxtpx:hr>147</gpxtpx:hr></gpxtpx:TrackPointExtension></extensions></trkpt>
      <trkpt lat="49.30383" lon="-122.744818"><ele>263.8</ele><time>2026-06-08T12:38:05.000Z</time><extensions><gpxtpx:TrackPointExtension><gpxtpx:hr>147</gpxtpx:hr></gpxtpx:TrackPointExtension></extensions></trkpt>
      <trkpt lat="49.303834" lon="-122.744804"><ele>264</ele><time>2026-06-08T12:38:06.000Z</time><extensions><gpxtpx:TrackPointExtension><gpxtpx:hr>147</gpxtpx:hr></gpxtpx:TrackPointExtension></extensions></trkpt>
      <trkpt lat="49.303836" lon="-122.744797"><ele>264.2</ele><time>2026-06-08T12:38:07.000Z</time><extensions><gpxtpx:TrackPointExtension><gpxtpx:hr>147</gpxtpx:hr></gpxtpx:TrackPointExtension></extensions></trkpt>
      <trkpt lat="49.303847" lon="-122.744779"><ele>264.4</ele><time>2026-06-08T12:38:08.000Z</time><extensions><gpxtpx:TrackPointExtension><gpxtpx:hr>147</gpxtpx:hr></gpxtpx:TrackPointExtension></extensions></trkpt>
      <trkpt lat="49.303856" lon="-122.744759"><ele>264.6</ele><time>2026-06-08T12:38:09.000Z</time><extensions><gpxtpx:TrackPointExtension><gpxtpx:hr>146</gpxtpx:hr></gpxtpx:TrackPointExtension></extensions></trkpt>
      <trkpt lat="49.303867" lon="-122.74475"><ele>264.8</ele><time>2026-06-08T12:38:10.000Z</time><extensions><gpxtpx:TrackPointExtension><gpxtpx:hr>146</gpxtpx:hr></gpxtpx:TrackPointExtension></extensions></trkpt>
      <trkpt lat="49.303877" lon="-122.744728"><ele>265</ele><time>2026-06-08T12:38:11.000Z</time><extensions><gpxtpx:TrackPointExtension><gpxtpx:hr>147</gpxtpx:hr></gpxtpx:TrackPointExtension></extensions></trkpt>
      <trkpt lat="49.303885" lon="-122.744707"><ele>265.2</ele><time>2026-06-08T12:38:12.000Z</time><extensions><gpxtpx:TrackPointExtension><gpxtpx:hr>147</gpxtpx:hr></gpxtpx:TrackPointExtension></extensions></trkpt>
      <trkpt lat="49.303892" lon="-122.744697"><ele>265.4</ele><time>2026-06-08T12:38:13.000Z</time><extensions><gpxtpx:TrackPointExtension><gpxtpx:hr>147</gpxtpx:hr></gpxtpx:TrackPointExtension></extensions></trkpt>
      <trkpt lat="49.303897" lon="-122.744675"><ele>265.6</ele><time>2026-06-08T12:38:14.000Z</time><extensions><gpxtpx:TrackPointExtension><gpxtpx:hr>147</gpxtpx:hr></gpxtpx:TrackPointExtension></extensions></trkpt>
      <trkpt lat="49.303903" lon="-122.744657"><ele>265.8</ele><time>2026-06-08T12:38:15.000Z</time><extensions><gpxtpx:TrackPointExtension><gpxtpx:hr>147</gpxtpx:hr></gpxtpx:TrackPointExtension></extensions></trkpt>
      <trkpt lat="49.303916" lon="-122.744652"><ele>265.8</ele><time>2026-06-08T12:38:16.000Z</time><extensions><gpxtpx:TrackPointExtension><gpxtpx:hr>147</gpxtpx:hr></gpxtpx:TrackPointExtension></extensions></trkpt>
      <trkpt lat="49.303929" lon="-122.744635"><ele>266</ele><time>2026-06-08T12:38:17.000Z</time><extensions><gpxtpx:TrackPointExtension><gpxtpx:hr>147</gpxtpx:hr></gpxtpx:TrackPointExtension></extensions></trkpt>
      <trkpt lat="49.303938" lon="-122.744621"><ele>266.2</ele><time>2026-06-08T12:38:18.000Z</time><extensions><gpxtpx:TrackPointExtension><gpxtpx:hr>147</gpxtpx:hr></gpxtpx:TrackPointExtension></extensions></trkpt>
      <trkpt lat="49.303946" lon="-122.744614"><ele>266.4</ele><time>2026-06-08T12:38:19.000Z</time><extensions><gpxtpx:TrackPointExtension><gpxtpx:hr>147</gpxtpx:hr></gpxtpx:TrackPointExtension></extensions></trkpt>
      <trkpt lat="49.303959" lon="-122.744595"><ele>266.4</ele><time>2026-06-08T12:38:20.000Z</time><extensions><gpxtpx:TrackPointExtension><gpxtpx:hr>148</gpxtpx:hr></gpxtpx:TrackPointExtension></extensions></trkpt>
      <trkpt lat="49.303971" lon="-122.744581"><ele>266.6</ele><time>2026-06-08T12:38:21.000Z</time><extensions><gpxtpx:TrackPointExtension><gpxtpx:hr>148</gpxtpx:hr></gpxtpx:TrackPointExtension></extensions></trkpt>
      <trkpt lat="49.303984" lon="-122.744571"><ele>266.8</ele><time>2026-06-08T12:38:22.000Z</time><extensions><gpxtpx:TrackPointExtension><gpxtpx:hr>149</gpxtpx:hr></gpxtpx:TrackPointExtension></extensions></trkpt>
      <trkpt lat="49.304" lon="-122.744554"><ele>267</ele><time>2026-06-08T12:38:23.000Z</time><extensions><gpxtpx:TrackPointExtension><gpxtpx:hr>149</gpxtpx:hr></gpxtpx:TrackPointExtension></extensions></trkpt>
      <trkpt lat="49.304017" lon="-122.744535"><ele>267.2</ele><time>2026-06-08T12:38:24.000Z</time><extensions><gpxtpx:TrackPointExtension><gpxtpx:hr>148</gpxtpx:hr></gpxtpx:TrackPointExtension></extensions></trkpt>
      <trkpt lat="49.304033" lon="-122.744529"><ele>267.2</ele><time>2026-06-08T12:38:25.000Z</time><extensions><gpxtpx:TrackPointExtension><gpxtpx:hr>148</gpxtpx:hr></gpxtpx:TrackPointExtension></extensions></trkpt>
      <trkpt lat="49.304054" lon="-122.744504"><ele>267.2</ele><time>2026-06-08T12:38:26.000Z</time><extensions><gpxtpx:TrackPointExtension><gpxtpx:hr>148</gpxtpx:hr></gpxtpx:TrackPointExtension></extensions></trkpt>
      <trkpt lat="49.304065" lon="-122.744474"><ele>267.2</ele><time>2026-06-08T12:38:27.000Z</time><extensions><gpxtpx:TrackPointExtension><gpxtpx:hr>147</gpxtpx:hr></gpxtpx:TrackPointExtension></extensions></trkpt>
      <trkpt lat="49.304075" lon="-122.744446"><ele>267.4</ele><time>2026-06-08T12:38:28.000Z</time><extensions><gpxtpx:TrackPointExtension><gpxtpx:hr>147</gpxtpx:hr></gpxtpx:TrackPointExtension></extensions></trkpt>
      <trkpt lat="49.304082" lon="-122.744405"><ele>267.4</ele><time>2026-06-08T12:38:29.000Z</time><extensions><gpxtpx:TrackPointExtension><gpxtpx:hr>147</gpxtpx:hr></gpxtpx:TrackPointExtension></extensions></trkpt>
      <trkpt lat="49.304089" lon="-122.744369"><ele>267.6</ele><time>2026-06-08T12:38:30.000Z</time><extensions><gpxtpx:TrackPointExtension><gpxtpx:hr>147</gpxtpx:hr></gpxtpx:TrackPointExtension></extensions></trkpt>
      <trkpt lat="49.304095" lon="-122.744328"><ele>267.6</ele><time>2026-06-08T12:38:31.000Z</time><extensions><gpxtpx:TrackPointExtension><gpxtpx:hr>147</gpxtpx:hr></gpxtpx:TrackPointExtension></extensions></trkpt>
      <trkpt lat="49.304098" lon="-122.744286"><ele>267.6</ele><time>2026-06-08T12:38:32.000Z</time><extensions><gpxtpx:TrackPointExtension><gpxtpx:hr>147</gpxtpx:hr></gpxtpx:TrackPointExtension></extensions></trkpt>
      <trkpt lat="49.304098" lon="-122.744245"><ele>267.6</ele><time>2026-06-08T12:38:33.000Z</time><extensions><gpxtpx:TrackPointExtension><gpxtpx:hr>147</gpxtpx:hr></gpxtpx:TrackPointExtension></extensions></trkpt>
      <trkpt lat="49.304096" lon="-122.7442"><ele>267.4</ele><time>2026-06-08T12:38:34.000Z</time><extensions><gpxtpx:TrackPointExtension><gpxtpx:hr>148</gpxtpx:hr></gpxtpx:TrackPointExtension></extensions></trkpt>
      <trkpt lat="49.304094" lon="-122.744161"><ele>267.4</ele><time>2026-06-08T12:38:35.000Z</time><extensions><gpxtpx:TrackPointExtension><gpxtpx:hr>148</gpxtpx:hr></gpxtpx:TrackPointExtension></extensions></trkpt>
      <trkpt lat="49.304091" lon="-122.744114"><ele>267.4</ele><time>2026-06-08T12:38:36.000Z</time><extensions><gpxtpx:TrackPointExtension><gpxtpx:hr>148</gpxtpx:hr></gpxtpx:TrackPointExtension></extensions></trkpt>
      <trkpt lat="49.304092" lon="-122.744072"><ele>267.4</ele><time>2026-06-08T12:38:37.000Z</time><extensions><gpxtpx:TrackPointExtension><gpxtpx:hr>148</gpxtpx:hr></gpxtpx:TrackPointExtension></extensions></trkpt>
      <trkpt lat="49.304088" lon="-122.744026"><ele>267.4</ele><time>2026-06-08T12:38:38.000Z</time><extensions><gpxtpx:TrackPointExtension><gpxtpx:hr>149</gpxtpx:hr></gpxtpx:TrackPointExtension></extensions></trkpt>
      <trkpt lat="49.304083" lon="-122.743984"><ele>267.6</ele><time>2026-06-08T12:38:39.000Z</time><extensions><gpxtpx:TrackPointExtension><gpxtpx:hr>149</gpxtpx:hr></gpxtpx:TrackPointExtension></extensions></trkpt>
      <trkpt lat="49.304078" lon="-122.743944"><ele>267.6</ele><time>2026-06-08T12:38:40.000Z</time><extensions><gpxtpx:TrackPointExtension><gpxtpx:hr>149</gpxtpx:hr></gpxtpx:TrackPointExtension></extensions></trkpt>
      <trkpt lat="49.304065" lon="-122.743905"><ele>267.4</ele><time>2026-06-08T12:38:41.000Z</time><extensions><gpxtpx:TrackPointExtension><gpxtpx:hr>149</gpxtpx:hr></gpxtpx:TrackPointExtension></extensions></trkpt>
      <trkpt lat="49.304054" lon="-122.743872"><ele>267.4</ele><time>2026-06-08T12:38:42.000Z</time><extensions><gpxtpx:TrackPointExtension><gpxtpx:hr>149</gpxtpx:hr></gpxtpx:TrackPointExtension></extensions></trkpt>
      <trkpt lat="49.304044" lon="-122.743829"><ele>267.4</ele><time>2026-06-08T12:38:43.000Z</time><extensions><gpxtpx:TrackPointExtension><gpxtpx:hr>148</gpxtpx:hr></gpxtpx:TrackPointExtension></extensions></trkpt>
      <trkpt lat="49.304039" lon="-122.743789"><ele>267.4</ele><time>2026-06-08T12:38:44.000Z</time><extensions><gpxtpx:TrackPointExtension><gpxtpx:hr>148</gpxtpx:hr></gpxtpx:TrackPointExtension></extensions></trkpt>
      <trkpt lat="49.304035" lon="-122.743746"><ele>267.4</ele><time>2026-06-08T12:38:45.000Z</time><extensions><gpxtpx:TrackPointExtension><gpxtpx:hr>148</gpxtpx:hr></gpxtpx:TrackPointExtension></extensions></trkpt>
      <trkpt lat="49.304033" lon="-122.743692"><ele>267.4</ele><time>2026-06-08T12:38:46.000Z</time><extensions><gpxtpx:TrackPointExtension><gpxtpx:hr>147</gpxtpx:hr></gpxtpx:TrackPointExtension></extensions></trkpt>
      <trkpt lat="49.304031" lon="-122.743647"><ele>267.4</ele><time>2026-06-08T12:38:47.000Z</time><extensions><gpxtpx:TrackPointExtension><gpxtpx:hr>148</gpxtpx:hr></gpxtpx:TrackPointExtension></extensions></trkpt>
      <trkpt lat="49.304024" lon="-122.743596"><ele>267.4</ele><time>2026-06-08T12:38:48.000Z</time><extensions><gpxtpx:TrackPointExtension><gpxtpx:hr>148</gpxtpx:hr></gpxtpx:TrackPointExtension></extensions></trkpt>
      <trkpt lat="49.304015" lon="-122.74357"><ele>267.2</ele><time>2026-06-08T12:38:49.000Z</time><extensions><gpxtpx:TrackPointExtension><gpxtpx:hr>148</gpxtpx:hr></gpxtpx:TrackPointExtension></extensions></trkpt>
      <trkpt lat="49.303999" lon="-122.743524"><ele>267.4</ele><time>2026-06-08T12:38:50.000Z</time><extensions><gpxtpx:TrackPointExtension><gpxtpx:hr>148</gpxtpx:hr></gpxtpx:TrackPointExtension></extensions></trkpt>
      <trkpt lat="49.303979" lon="-122.74349"><ele>267.4</ele><time>2026-06-08T12:38:51.000Z</time><extensions><gpxtpx:TrackPointExtension><gpxtpx:hr>148</gpxtpx:hr></gpxtpx:TrackPointExtension></extensions></trkpt>
      <trkpt lat="49.303966" lon="-122.743457"><ele>267.4</ele><time>2026-06-08T12:38:52.000Z</time><extensions><gpxtpx:TrackPointExtension><gpxtpx:hr>149</gpxtpx:hr></gpxtpx:TrackPointExtension></extensions></trkpt>
      <trkpt lat="49.303956" lon="-122.743415"><ele>267.2</ele><time>2026-06-08T12:38:53.000Z</time><extensions><gpxtpx:TrackPointExtension><gpxtpx:hr>148</gpxtpx:hr></gpxtpx:TrackPointExtension></extensions></trkpt>
      <trkpt lat="49.303937" lon="-122.743384"><ele>267.2</ele><time>2026-06-08T12:38:54.000Z</time><extensions><gpxtpx:TrackPointExtension><gpxtpx:hr>148</gpxtpx:hr></gpxtpx:TrackPointExtension></extensions></trkpt>
      <trkpt lat="49.303914" lon="-122.743353"><ele>267.2</ele><time>2026-06-08T12:38:55.000Z</time><extensions><gpxtpx:TrackPointExtension><gpxtpx:hr>148</gpxtpx:hr></gpxtpx:TrackPointExtension></extensions></trkpt>
      <trkpt lat="49.303896" lon="-122.74333"><ele>267.2</ele><time>2026-06-08T12:38:56.000Z</time><extensions><gpxtpx:TrackPointExtension><gpxtpx:hr>147</gpxtpx:hr></gpxtpx:TrackPointExtension></extensions></trkpt>
      <trkpt lat="49.303876" lon="-122.743302"><ele>267.2</ele><time>2026-06-08T12:38:57.000Z</time><extensions><gpxtpx:TrackPointExtension><gpxtpx:hr>147</gpxtpx:hr></gpxtpx:TrackPointExtension></extensions></trkpt>
      <trkpt lat="49.303857" lon="-122.743273"><ele>267.2</ele><time>2026-06-08T12:38:58.000Z</time><extensions><gpxtpx:TrackPointExtension><gpxtpx:hr>148</gpxtpx:hr></gpxtpx:TrackPointExtension></extensions></trkpt>
      <trkpt lat="49.303847" lon="-122.743247"><ele>267.2</ele><time>2026-06-08T12:38:59.000Z</time><extensions><gpxtpx:TrackPointExtension><gpxtpx:hr>148</gpxtpx:hr></gpxtpx:TrackPointExtension></extensions></trkpt>
      <trkpt lat="49.303817" lon="-122.743225"><ele>267.2</ele><time>2026-06-08T12:39:00.000Z</time><extensions><gpxtpx:TrackPointExtension><gpxtpx:hr>147</gpxtpx:hr></gpxtpx:TrackPointExtension></extensions></trkpt>
      <trkpt lat="49.303802" lon="-122.743197"><ele>267.2</ele><time>2026-06-08T12:39:01.000Z</time><extensions><gpxtpx:TrackPointExtension><gpxtpx:hr>148</gpxtpx:hr></gpxtpx:TrackPointExtension></extensions></trkpt>
      <trkpt lat="49.303783" lon="-122.743165"><ele>267</ele><time>2026-06-08T12:39:02.000Z</time><extensions><gpxtpx:TrackPointExtension><gpxtpx:hr>147</gpxtpx:hr></gpxtpx:TrackPointExtension></extensions></trkpt>
      <trkpt lat="49.303762" lon="-122.743143"><ele>267</ele><time>2026-06-08T12:39:03.000Z</time><extensions><gpxtpx:TrackPointExtension><gpxtpx:hr>147</gpxtpx:hr></gpxtpx:TrackPointExtension></extensions></trkpt>
      <trkpt lat="49.303734" lon="-122.743121"><ele>267.2</ele><time>2026-06-08T12:39:04.000Z</time><extensions><gpxtpx:TrackPointExtension><gpxtpx:hr>146</gpxtpx:hr></gpxtpx:TrackPointExtension></extensions></trkpt>
      <trkpt lat="49.303716" lon="-122.743094"><ele>267.2</ele><time>2026-06-08T12:39:05.000Z</time><extensions><gpxtpx:TrackPointExtension><gpxtpx:hr>146</gpxtpx:hr></gpxtpx:TrackPointExtension></extensions></trkpt>
      <trkpt lat="49.303706" lon="-122.743069"><ele>267.2</ele><time>2026-06-08T12:39:06.000Z</time><extensions><gpxtpx:TrackPointExtension><gpxtpx:hr>146</gpxtpx:hr></gpxtpx:TrackPointExtension></extensions></trkpt>
      <trkpt lat="49.303697" lon="-122.743059"><ele>267.2</ele><time>2026-06-08T12:39:07.000Z</time><extensions><gpxtpx:TrackPointExtension><gpxtpx:hr>145</gpxtpx:hr></gpxtpx:TrackPointExtension></extensions></trkpt>
      <trkpt lat="49.303626" lon="-122.742987"><ele>267.4</ele><time>2026-06-08T12:39:24.000Z</time><extensions><gpxtpx:TrackPointExtension><gpxtpx:hr>142</gpxtpx:hr></gpxtpx:TrackPointExtension></extensions></trkpt>
      <trkpt lat="49.303616" lon="-122.742969"><ele>267.4</ele><time>2026-06-08T12:39:25.000Z</time><extensions><gpxtpx:TrackPointExtension><gpxtpx:hr>141</gpxtpx:hr></gpxtpx:TrackPointExtension></extensions></trkpt>
      <trkpt lat="49.303551" lon="-122.742897"><ele>267</ele><time>2026-06-08T12:39:29.000Z</time><extensions><gpxtpx:TrackPointExtension><gpxtpx:hr>139</gpxtpx:hr></gpxtpx:TrackPointExtension></extensions></trkpt>
      <trkpt lat="49.30353" lon="-122.742872"><ele>267</ele><time>2026-06-08T12:39:30.000Z</time><extensions><gpxtpx:TrackPointExtension><gpxtpx:hr>139</gpxtpx:hr></gpxtpx:TrackPointExtension></extensions></trkpt>
      <trkpt lat="49.30351" lon="-122.742851"><ele>267</ele><time>2026-06-08T12:39:31.000Z</time><extensions><gpxtpx:TrackPointExtension><gpxtpx:hr>139</gpxtpx:hr></gpxtpx:TrackPointExtension></extensions></trkpt>
      <trkpt lat="49.303492" lon="-122.742829"><ele>267</ele><time>2026-06-08T12:39:32.000Z</time><extensions><gpxtpx:TrackPointExtension><gpxtpx:hr>139</gpxtpx:hr></gpxtpx:TrackPointExtension></extensions></trkpt>
      <trkpt lat="49.303468" lon="-122.742804"><ele>267</ele><time>2026-06-08T12:39:33.000Z</time><extensions><gpxtpx:TrackPointExtension><gpxtpx:hr>140</gpxtpx:hr></gpxtpx:TrackPointExtension></extensions></trkpt>
      <trkpt lat="49.303446" lon="-122.742795"><ele>267</ele><time>2026-06-08T12:39:34.000Z</time><extensions><gpxtpx:TrackPointExtension><gpxtpx:hr>140</gpxtpx:hr></gpxtpx:TrackPointExtension></extensions></trkpt>
      <trkpt lat="49.303428" lon="-122.742771"><ele>267</ele><time>2026-06-08T12:39:35.000Z</time><extensions><gpxtpx:TrackPointExtension><gpxtpx:hr>140</gpxtpx:hr></gpxtpx:TrackPointExtension></extensions></trkpt>
      <trkpt lat="49.303407" lon="-122.74274"><ele>267</ele><time>2026-06-08T12:39:36.000Z</time><extensions><gpxtpx:TrackPointExtension><gpxtpx:hr>139</gpxtpx:hr></gpxtpx:TrackPointExtension></extensions></trkpt>
      <trkpt lat="49.303396" lon="-122.74271"><ele>266.8</ele><time>2026-06-08T12:39:37.000Z</time><extensions><gpxtpx:TrackPointExtension><gpxtpx:hr>139</gpxtpx:hr></gpxtpx:TrackPointExtension></extensions></trkpt>
      <trkpt lat="49.303377" lon="-122.742688"><ele>267</ele><time>2026-06-08T12:39:38.000Z</time><extensions><gpxtpx:TrackPointExtension><gpxtpx:hr>138</gpxtpx:hr></gpxtpx:TrackPointExtension></extensions></trkpt>
      <trkpt lat="49.303356" lon="-122.742672"><ele>267</ele><time>2026-06-08T12:39:39.000Z</time><extensions><gpxtpx:TrackPointExtension><gpxtpx:hr>137</gpxtpx:hr></gpxtpx:TrackPointExtension></extensions></trkpt>
      <trkpt lat="49.303341" lon="-122.742649"><ele>266.8</ele><time>2026-06-08T12:39:40.000Z</time><extensions><gpxtpx:TrackPointExtension><gpxtpx:hr>137</gpxtpx:hr></gpxtpx:TrackPointExtension></extensions></trkpt>
      <trkpt lat="49.303317" lon="-122.742624"><ele>266.8</ele><time>2026-06-08T12:39:41.000Z</time><extensions><gpxtpx:TrackPointExtension><gpxtpx:hr>137</gpxtpx:hr></gpxtpx:TrackPointExtension></extensions></trkpt>
      <trkpt lat="49.303306" lon="-122.742598"><ele>266.8</ele><time>2026-06-08T12:39:42.000Z</time><extensions><gpxtpx:TrackPointExtension><gpxtpx:hr>137</gpxtpx:hr></gpxtpx:TrackPointExtension></extensions></trkpt>
      <trkpt lat="49.303287" lon="-122.742576"><ele>266.8</ele><time>2026-06-08T12:39:43.000Z</time><extensions><gpxtpx:TrackPointExtension><gpxtpx:hr>137</gpxtpx:hr></gpxtpx:TrackPointExtension></extensions></trkpt>
      <trkpt lat="49.303266" lon="-122.742555"><ele>266.8</ele><time>2026-06-08T12:39:44.000Z</time><extensions><gpxtpx:TrackPointExtension><gpxtpx:hr>137</gpxtpx:hr></gpxtpx:TrackPointExtension></extensions></trkpt>
      <trkpt lat="49.303253" lon="-122.742534"><ele>266.8</ele><time>2026-06-08T12:39:45.000Z</time><extensions><gpxtpx:TrackPointExtension><gpxtpx:hr>137</gpxtpx:hr></gpxtpx:TrackPointExtension></extensions></trkpt>
      <trkpt lat="49.303227" lon="-122.742511"><ele>267</ele><time>2026-06-08T12:39:46.000Z</time><extensions><gpxtpx:TrackPointExtension><gpxtpx:hr>137</gpxtpx:hr></gpxtpx:TrackPointExtension></extensions></trkpt>
      <trkpt lat="49.303206" lon="-122.74249"><ele>267</ele><time>2026-06-08T12:39:47.000Z</time><extensions><gpxtpx:TrackPointExtension><gpxtpx:hr>137</gpxtpx:hr></gpxtpx:TrackPointExtension></extensions></trkpt>
      <trkpt lat="49.303187" lon="-122.742465"><ele>267</ele><time>2026-06-08T12:39:48.000Z</time><extensions><gpxtpx:TrackPointExtension><gpxtpx:hr>137</gpxtpx:hr></gpxtpx:TrackPointExtension></extensions></trkpt>
      <trkpt lat="49.303161" lon="-122.742439"><ele>266.8</ele><time>2026-06-08T12:39:49.000Z</time><extensions><gpxtpx:TrackPointExtension><gpxtpx:hr>137</gpxtpx:hr></gpxtpx:TrackPointExtension></extensions></trkpt>
      <trkpt lat="49.303145" lon="-122.742424"><ele>266.8</ele><time>2026-06-08T12:39:50.000Z</time><extensions><gpxtpx:TrackPointExtension><gpxtpx:hr>137</gpxtpx:hr></gpxtpx:TrackPointExtension></extensions></trkpt>
      <trkpt lat="49.303136" lon="-122.742426"><ele>267.2</ele><time>2026-06-08T12:40:02.000Z</time><extensions><gpxtpx:TrackPointExtension><gpxtpx:hr>136</gpxtpx:hr></gpxtpx:TrackPointExtension></extensions></trkpt>
      <trkpt lat="49.303126" lon="-122.742408"><ele>267.2</ele><time>2026-06-08T12:40:03.000Z</time><extensions><gpxtpx:TrackPointExtension><gpxtpx:hr>136</gpxtpx:hr></gpxtpx:TrackPointExtension></extensions></trkpt>
      <trkpt lat="49.303071" lon="-122.742346"><ele>267</ele><time>2026-06-08T12:40:06.000Z</time><extensions><gpxtpx:TrackPointExtension><gpxtpx:hr>134</gpxtpx:hr></gpxtpx:TrackPointExtension></extensions></trkpt>
      <trkpt lat="49.303052" lon="-122.742315"><ele>266.8</ele><time>2026-06-08T12:40:07.000Z</time><extensions><gpxtpx:TrackPointExtension><gpxtpx:hr>134</gpxtpx:hr></gpxtpx:TrackPointExtension></extensions></trkpt>
      <trkpt lat="49.303036" lon="-122.742299"><ele>266.8</ele><time>2026-06-08T12:40:08.000Z</time><extensions><gpxtpx:TrackPointExtension><gpxtpx:hr>134</gpxtpx:hr></gpxtpx:TrackPointExtension></extensions></trkpt>
      <trkpt lat="49.303018" lon="-122.742277"><ele>266.8</ele><time>2026-06-08T12:40:09.000Z</time><extensions><gpxtpx:TrackPointExtension><gpxtpx:hr>134</gpxtpx:hr></gpxtpx:TrackPointExtension></extensions></trkpt>
      <trkpt lat="49.302998" lon="-122.742256"><ele>266.8</ele><time>2026-06-08T12:40:10.000Z</time><extensions><gpxtpx:TrackPointExtension><gpxtpx:hr>134</gpxtpx:hr></gpxtpx:TrackPointExtension></extensions></trkpt>
      <trkpt lat="49.302979" lon="-122.742231"><ele>266.8</ele><time>2026-06-08T12:40:11.000Z</time><extensions><gpxtpx:TrackPointExtension><gpxtpx:hr>134</gpxtpx:hr></gpxtpx:TrackPointExtension></extensions></trkpt>
      <trkpt lat="49.302955" lon="-122.742213"><ele>266.8</ele><time>2026-06-08T12:40:12.000Z</time><extensions><gpxtpx:TrackPointExtension><gpxtpx:hr>134</gpxtpx:hr></gpxtpx:TrackPointExtension></extensions></trkpt>
      <trkpt lat="49.302936" lon="-122.742203"><ele>266.8</ele><time>2026-06-08T12:40:13.000Z</time><extensions><gpxtpx:TrackPointExtension><gpxtpx:hr>134</gpxtpx:hr></gpxtpx:TrackPointExtension></extensions></trkpt>
      <trkpt lat="49.302916" lon="-122.742182"><ele>266.8</ele><time>2026-06-08T12:40:14.000Z</time><extensions><gpxtpx:TrackPointExtension><gpxtpx:hr>134</gpxtpx:hr></gpxtpx:TrackPointExtension></extensions></trkpt>
      <trkpt lat="49.302894" lon="-122.742157"><ele>266.6</ele><time>2026-06-08T12:40:15.000Z</time><extensions><gpxtpx:TrackPointExtension><gpxtpx:hr>134</gpxtpx:hr></gpxtpx:TrackPointExtension></extensions></trkpt>
      <trkpt lat="49.302881" lon="-122.742141"><ele>266.6</ele><time>2026-06-08T12:40:16.000Z</time><extensions><gpxtpx:TrackPointExtension><gpxtpx:hr>133</gpxtpx:hr></gpxtpx:TrackPointExtension></extensions></trkpt>
      <trkpt lat="49.302858" lon="-122.742123"><ele>266.6</ele><time>2026-06-08T12:40:17.000Z</time><extensions><gpxtpx:TrackPointExtension><gpxtpx:hr>132</gpxtpx:hr></gpxtpx:TrackPointExtension></extensions></trkpt>
      <trkpt lat="49.302834" lon="-122.742107"><ele>266.6</ele><time>2026-06-08T12:40:18.000Z</time><extensions><gpxtpx:TrackPointExtension><gpxtpx:hr>132</gpxtpx:hr></gpxtpx:TrackPointExtension></extensions></trkpt>
      <trkpt lat="49.302813" lon="-122.742085"><ele>266.6</ele><time>2026-06-08T12:40:19.000Z</time><extensions><gpxtpx:TrackPointExtension><gpxtpx:hr>132</gpxtpx:hr></gpxtpx:TrackPointExtension></extensions></trkpt>
      <trkpt lat="49.302791" lon="-122.742065"><ele>266.6</ele><time>2026-06-08T12:40:20.000Z</time><extensions><gpxtpx:TrackPointExtension><gpxtpx:hr>131</gpxtpx:hr></gpxtpx:TrackPointExtension></extensions></trkpt>
      <trkpt lat="49.302772" lon="-122.742051"><ele>266.6</ele><time>2026-06-08T12:40:21.000Z</time><extensions><gpxtpx:TrackPointExtension><gpxtpx:hr>131</gpxtpx:hr></gpxtpx:TrackPointExtension></extensions></trkpt>
      <trkpt lat="49.302751" lon="-122.742027"><ele>266.4</ele><time>2026-06-08T12:40:22.000Z</time><extensions><gpxtpx:TrackPointExtension><gpxtpx:hr>131</gpxtpx:hr></gpxtpx:TrackPointExtension></extensions></trkpt>
      <trkpt lat="49.302724" lon="-122.742008"><ele>266.4</ele><time>2026-06-08T12:40:23.000Z</time><extensions><gpxtpx:TrackPointExtension><gpxtpx:hr>131</gpxtpx:hr></gpxtpx:TrackPointExtension></extensions></trkpt>
      <trkpt lat="49.302706" lon="-122.741992"><ele>266.2</ele><time>2026-06-08T12:40:24.000Z</time><extensions><gpxtpx:TrackPointExtension><gpxtpx:hr>131</gpxtpx:hr></gpxtpx:TrackPointExtension></extensions></trkpt>
      <trkpt lat="49.302636" lon="-122.741915"><ele>266</ele><time>2026-06-08T12:40:44.000Z</time><extensions><gpxtpx:TrackPointExtension><gpxtpx:hr>127</gpxtpx:hr></gpxtpx:TrackPointExtension></extensions></trkpt>
      <trkpt lat="49.302623" lon="-122.741898"><ele>265.8</ele><time>2026-06-08T12:40:45.000Z</time><extensions><gpxtpx:TrackPointExtension><gpxtpx:hr>127</gpxtpx:hr></gpxtpx:TrackPointExtension></extensions></trkpt>
      <trkpt lat="49.302526" lon="-122.741856"><ele>265</ele><time>2026-06-08T12:40:49.000Z</time><extensions><gpxtpx:TrackPointExtension><gpxtpx:hr>127</gpxtpx:hr></gpxtpx:TrackPointExtension></extensions></trkpt>
      <trkpt lat="49.302502" lon="-122.741843"><ele>264.8</ele><time>2026-06-08T12:40:50.000Z</time><extensions><gpxtpx:TrackPointExtension><gpxtpx:hr>126</gpxtpx:hr></gpxtpx:TrackPointExtension></extensions></trkpt>
      <trkpt lat="49.302478" lon="-122.741831"><ele>264.6</ele><time>2026-06-08T12:40:51.000Z</time><extensions><gpxtpx:TrackPointExtension><gpxtpx:hr>125</gpxtpx:hr></gpxtpx:TrackPointExtension></extensions></trkpt>
      <trkpt lat="49.302448" lon="-122.741818"><ele>264.4</ele><time>2026-06-08T12:40:52.000Z</time><extensions><gpxtpx:TrackPointExtension><gpxtpx:hr>124</gpxtpx:hr></gpxtpx:TrackPointExtension></extensions></trkpt>
      <trkpt lat="49.302425" lon="-122.741799"><ele>264.2</ele><time>2026-06-08T12:40:53.000Z</time><extensions><gpxtpx:TrackPointExtension><gpxtpx:hr>123</gpxtpx:hr></gpxtpx:TrackPointExtension></extensions></trkpt>
      <trkpt lat="49.302394" lon="-122.741778"><ele>264</ele><time>2026-06-08T12:40:54.000Z</time><extensions><gpxtpx:TrackPointExtension><gpxtpx:hr>121</gpxtpx:hr></gpxtpx:TrackPointExtension></extensions></trkpt>
      <trkpt lat="49.302364" lon="-122.741757"><ele>263.6</ele><time>2026-06-08T12:40:55.000Z</time><extensions><gpxtpx:TrackPointExtension><gpxtpx:hr>120</gpxtpx:hr></gpxtpx:TrackPointExtension></extensions></trkpt>
      <trkpt lat="49.302347" lon="-122.741735"><ele>263.4</ele><time>2026-06-08T12:40:56.000Z</time><extensions><gpxtpx:TrackPointExtension><gpxtpx:hr>119</gpxtpx:hr></gpxtpx:TrackPointExtension></extensions></trkpt>
      <trkpt lat="49.302315" lon="-122.741723"><ele>263.2</ele><time>2026-06-08T12:40:57.000Z</time><extensions><gpxtpx:TrackPointExtension><gpxtpx:hr>119</gpxtpx:hr></gpxtpx:TrackPointExtension></extensions></trkpt>
      <trkpt lat="49.302293" lon="-122.741709"><ele>262.8</ele><time>2026-06-08T12:40:58.000Z</time><extensions><gpxtpx:TrackPointExtension><gpxtpx:hr>118</gpxtpx:hr></gpxtpx:TrackPointExtension></extensions></trkpt>
      <trkpt lat="49.302271" lon="-122.741701"><ele>262.6</ele><time>2026-06-08T12:40:59.000Z</time><extensions><gpxtpx:TrackPointExtension><gpxtpx:hr>118</gpxtpx:hr></gpxtpx:TrackPointExtension></extensions></trkpt>
      <trkpt lat="49.302242" lon="-122.741697"><ele>262.4</ele><time>2026-06-08T12:41:00.000Z</time><extensions><gpxtpx:TrackPointExtension><gpxtpx:hr>117</gpxtpx:hr></gpxtpx:TrackPointExtension></extensions></trkpt>
      <trkpt lat="49.30223" lon="-122.74169"><ele>262.2</ele><time>2026-06-08T12:41:01.000Z</time><extensions><gpxtpx:TrackPointExtension><gpxtpx:hr>117</gpxtpx:hr></gpxtpx:TrackPointExtension></extensions></trkpt>
      <trkpt lat="49.302205" lon="-122.74168"><ele>262</ele><time>2026-06-08T12:41:02.000Z</time><extensions><gpxtpx:TrackPointExtension><gpxtpx:hr>118</gpxtpx:hr></gpxtpx:TrackPointExtension></extensions></trkpt>
      <trkpt lat="49.302183" lon="-122.741676"><ele>261.8</ele><time>2026-06-08T12:41:03.000Z</time><extensions><gpxtpx:TrackPointExtension><gpxtpx:hr>118</gpxtpx:hr></gpxtpx:TrackPointExtension></extensions></trkpt>
      <trkpt lat="49.302174" lon="-122.741661"><ele>261.6</ele><time>2026-06-08T12:41:04.000Z</time><extensions><gpxtpx:TrackPointExtension><gpxtpx:hr>119</gpxtpx:hr></gpxtpx:TrackPointExtension></extensions></trkpt>
      <trkpt lat="49.30215" lon="-122.741647"><ele>261.4</ele><time>2026-06-08T12:41:05.000Z</time><extensions><gpxtpx:TrackPointExtension><gpxtpx:hr>121</gpxtpx:hr></gpxtpx:TrackPointExtension></extensions></trkpt>
      <trkpt lat="49.302128" lon="-122.741641"><ele>261.2</ele><time>2026-06-08T12:41:06.000Z</time><extensions><gpxtpx:TrackPointExtension><gpxtpx:hr>123</gpxtpx:hr></gpxtpx:TrackPointExtension></extensions></trkpt>
      <trkpt lat="49.302115" lon="-122.741625"><ele>261</ele><time>2026-06-08T12:41:07.000Z</time><extensions><gpxtpx:TrackPointExtension><gpxtpx:hr>124</gpxtpx:hr></gpxtpx:TrackPointExtension></extensions></trkpt>
      <trkpt lat="49.302088" lon="-122.741608"><ele>260.8</ele><time>2026-06-08T12:41:08.000Z</time><extensions><gpxtpx:TrackPointExtension><gpxtpx:hr>125</gpxtpx:hr></gpxtpx:TrackPointExtension></extensions></trkpt>
      <trkpt lat="49.302073" lon="-122.741604"><ele>260.6</ele><time>2026-06-08T12:41:09.000Z</time><extensions><gpxtpx:TrackPointExtension><gpxtpx:hr>126</gpxtpx:hr></gpxtpx:TrackPointExtension></extensions></trkpt>
      <trkpt lat="49.302057" lon="-122.741596"><ele>260.4</ele><time>2026-06-08T12:41:10.000Z</time><extensions><gpxtpx:TrackPointExtension><gpxtpx:hr>126</gpxtpx:hr></gpxtpx:TrackPointExtension></extensions></trkpt>
      <trkpt lat="49.302028" lon="-122.741583"><ele>260.2</ele><time>2026-06-08T12:41:11.000Z</time><extensions><gpxtpx:TrackPointExtension><gpxtpx:hr>127</gpxtpx:hr></gpxtpx:TrackPointExtension></extensions></trkpt>
      <trkpt lat="49.302008" lon="-122.741586"><ele>260</ele><time>2026-06-08T12:41:12.000Z</time><extensions><gpxtpx:TrackPointExtension><gpxtpx:hr>127</gpxtpx:hr></gpxtpx:TrackPointExtension></extensions></trkpt>
      <trkpt lat="49.301985" lon="-122.741578"><ele>259.8</ele><time>2026-06-08T12:41:13.000Z</time><extensions><gpxtpx:TrackPointExtension><gpxtpx:hr>126</gpxtpx:hr></gpxtpx:TrackPointExtension></extensions></trkpt>
      <trkpt lat="49.301957" lon="-122.741559"><ele>259.6</ele><time>2026-06-08T12:41:14.000Z</time><extensions><gpxtpx:TrackPointExtension><gpxtpx:hr>126</gpxtpx:hr></gpxtpx:TrackPointExtension></extensions></trkpt>
      <trkpt lat="49.301937" lon="-122.741546"><ele>259.4</ele><time>2026-06-08T12:41:15.000Z</time><extensions><gpxtpx:TrackPointExtension><gpxtpx:hr>126</gpxtpx:hr></gpxtpx:TrackPointExtension></extensions></trkpt>
      <trkpt lat="49.301914" lon="-122.741534"><ele>259.4</ele><time>2026-06-08T12:41:16.000Z</time><extensions><gpxtpx:TrackPointExtension><gpxtpx:hr>126</gpxtpx:hr></gpxtpx:TrackPointExtension></extensions></trkpt>
      <trkpt lat="49.301877" lon="-122.741513"><ele>258.8</ele><time>2026-06-08T12:41:29.000Z</time><extensions><gpxtpx:TrackPointExtension><gpxtpx:hr>125</gpxtpx:hr></gpxtpx:TrackPointExtension></extensions></trkpt>
      <trkpt lat="49.301866" lon="-122.741501"><ele>258.6</ele><time>2026-06-08T12:41:30.000Z</time><extensions><gpxtpx:TrackPointExtension><gpxtpx:hr>125</gpxtpx:hr></gpxtpx:TrackPointExtension></extensions></trkpt>
      <trkpt lat="49.301778" lon="-122.741481"><ele>257.6</ele><time>2026-06-08T12:41:33.000Z</time><extensions><gpxtpx:TrackPointExtension><gpxtpx:hr>124</gpxtpx:hr></gpxtpx:TrackPointExtension></extensions></trkpt>
      <trkpt lat="49.301743" lon="-122.741466"><ele>257.2</ele><time>2026-06-08T12:41:34.000Z</time><extensions><gpxtpx:TrackPointExtension><gpxtpx:hr>124</gpxtpx:hr></gpxtpx:TrackPointExtension></extensions></trkpt>
      <trkpt lat="49.301715" lon="-122.741453"><ele>257</ele><time>2026-06-08T12:41:35.000Z</time><extensions><gpxtpx:TrackPointExtension><gpxtpx:hr>124</gpxtpx:hr></gpxtpx:TrackPointExtension></extensions></trkpt>
      <trkpt lat="49.301687" lon="-122.741436"><ele>257</ele><time>2026-06-08T12:41:36.000Z</time><extensions><gpxtpx:TrackPointExtension><gpxtpx:hr>124</gpxtpx:hr></gpxtpx:TrackPointExtension></extensions></trkpt>
      <trkpt lat="49.301653" lon="-122.741416"><ele>256.8</ele><time>2026-06-08T12:41:37.000Z</time><extensions><gpxtpx:TrackPointExtension><gpxtpx:hr>125</gpxtpx:hr></gpxtpx:TrackPointExtension></extensions></trkpt>
      <trkpt lat="49.301626" lon="-122.741391"><ele>256.6</ele><time>2026-06-08T12:41:38.000Z</time><extensions><gpxtpx:TrackPointExtension><gpxtpx:hr>126</gpxtpx:hr></gpxtpx:TrackPointExtension></extensions></trkpt>
      <trkpt lat="49.301597" lon="-122.741373"><ele>256.4</ele><time>2026-06-08T12:41:39.000Z</time><extensions><gpxtpx:TrackPointExtension><gpxtpx:hr>126</gpxtpx:hr></gpxtpx:TrackPointExtension></extensions></trkpt>
      <trkpt lat="49.301562" lon="-122.741351"><ele>256</ele><time>2026-06-08T12:41:40.000Z</time><extensions><gpxtpx:TrackPointExtension><gpxtpx:hr>127</gpxtpx:hr></gpxtpx:TrackPointExtension></extensions></trkpt>
      <trkpt lat="49.30154" lon="-122.741328"><ele>255.6</ele><time>2026-06-08T12:41:41.000Z</time><extensions><gpxtpx:TrackPointExtension><gpxtpx:hr>127</gpxtpx:hr></gpxtpx:TrackPointExtension></extensions></trkpt>
      <trkpt lat="49.30151" lon="-122.741305"><ele>255.4</ele><time>2026-06-08T12:41:42.000Z</time><extensions><gpxtpx:TrackPointExtension><gpxtpx:hr>126</gpxtpx:hr></gpxtpx:TrackPointExtension></extensions></trkpt>
      <trkpt lat="49.301471" lon="-122.7413"><ele>255.2</ele><time>2026-06-08T12:41:43.000Z</time><extensions><gpxtpx:TrackPointExtension><gpxtpx:hr>125</gpxtpx:hr></gpxtpx:TrackPointExtension></extensions></trkpt>
      <trkpt lat="49.301455" lon="-122.741284"><ele>254.8</ele><time>2026-06-08T12:41:44.000Z</time><extensions><gpxtpx:TrackPointExtension><gpxtpx:hr>125</gpxtpx:hr></gpxtpx:TrackPointExtension></extensions></trkpt>
      <trkpt lat="49.301421" lon="-122.741256"><ele>254.6</ele><time>2026-06-08T12:41:45.000Z</time><extensions><gpxtpx:TrackPointExtension><gpxtpx:hr>125</gpxtpx:hr></gpxtpx:TrackPointExtension></extensions></trkpt>
      <trkpt lat="49.301396" lon="-122.741248"><ele>254.2</ele><time>2026-06-08T12:41:46.000Z</time><extensions><gpxtpx:TrackPointExtension><gpxtpx:hr>124</gpxtpx:hr></gpxtpx:TrackPointExtension></extensions></trkpt>
      <trkpt lat="49.301368" lon="-122.741236"><ele>254</ele><time>2026-06-08T12:41:47.000Z</time><extensions><gpxtpx:TrackPointExtension><gpxtpx:hr>124</gpxtpx:hr></gpxtpx:TrackPointExtension></extensions></trkpt>
      <trkpt lat="49.301331" lon="-122.741219"><ele>253.6</ele><time>2026-06-08T12:41:48.000Z</time><extensions><gpxtpx:TrackPointExtension><gpxtpx:hr>124</gpxtpx:hr></gpxtpx:TrackPointExtension></extensions></trkpt>
      <trkpt lat="49.301299" lon="-122.741211"><ele>253.4</ele><time>2026-06-08T12:41:49.000Z</time><extensions><gpxtpx:TrackPointExtension><gpxtpx:hr>123</gpxtpx:hr></gpxtpx:TrackPointExtension></extensions></trkpt>
      <trkpt lat="49.301274" lon="-122.741194"><ele>253</ele><time>2026-06-08T12:41:50.000Z</time><extensions><gpxtpx:TrackPointExtension><gpxtpx:hr>123</gpxtpx:hr></gpxtpx:TrackPointExtension></extensions></trkpt>
      <trkpt lat="49.301263" lon="-122.741183"><ele>253</ele><time>2026-06-08T12:41:51.000Z</time><extensions><gpxtpx:TrackPointExtension><gpxtpx:hr>123</gpxtpx:hr></gpxtpx:TrackPointExtension></extensions></trkpt>
      <trkpt lat="49.301231" lon="-122.74118"><ele>251.8</ele><time>2026-06-08T12:43:01.000Z</time><extensions><gpxtpx:TrackPointExtension><gpxtpx:hr>102</gpxtpx:hr></gpxtpx:TrackPointExtension></extensions></trkpt>
      <trkpt lat="49.301209" lon="-122.741168"><ele>251.6</ele><time>2026-06-08T12:43:02.000Z</time><extensions><gpxtpx:TrackPointExtension><gpxtpx:hr>102</gpxtpx:hr></gpxtpx:TrackPointExtension></extensions></trkpt>
      <trkpt lat="49.301129" lon="-122.741116"><ele>251.2</ele><time>2026-06-08T12:43:05.000Z</time><extensions><gpxtpx:TrackPointExtension><gpxtpx:hr>102</gpxtpx:hr></gpxtpx:TrackPointExtension></extensions></trkpt>
      <trkpt lat="49.301108" lon="-122.741095"><ele>251.2</ele><time>2026-06-08T12:43:06.000Z</time><extensions><gpxtpx:TrackPointExtension><gpxtpx:hr>103</gpxtpx:hr></gpxtpx:TrackPointExtension></extensions></trkpt>
      <trkpt lat="49.301083" lon="-122.74107"><ele>251</ele><time>2026-06-08T12:43:07.000Z</time><extensions><gpxtpx:TrackPointExtension><gpxtpx:hr>103</gpxtpx:hr></gpxtpx:TrackPointExtension></extensions></trkpt>
      <trkpt lat="49.30106" lon="-122.741048"><ele>250.8</ele><time>2026-06-08T12:43:08.000Z</time><extensions><gpxtpx:TrackPointExtension><gpxtpx:hr>104</gpxtpx:hr></gpxtpx:TrackPointExtension></extensions></trkpt>
      <trkpt lat="49.301041" lon="-122.741013"><ele>250.4</ele><time>2026-06-08T12:43:09.000Z</time><extensions><gpxtpx:TrackPointExtension><gpxtpx:hr>105</gpxtpx:hr></gpxtpx:TrackPointExtension></extensions></trkpt>
      <trkpt lat="49.30101" lon="-122.740987"><ele>250</ele><time>2026-06-08T12:43:10.000Z</time><extensions><gpxtpx:TrackPointExtension><gpxtpx:hr>105</gpxtpx:hr></gpxtpx:TrackPointExtension></extensions></trkpt>
      <trkpt lat="49.300993" lon="-122.740962"><ele>249.6</ele><time>2026-06-08T12:43:11.000Z</time><extensions><gpxtpx:TrackPointExtension><gpxtpx:hr>106</gpxtpx:hr></gpxtpx:TrackPointExtension></extensions></trkpt>
      <trkpt lat="49.300968" lon="-122.740929"><ele>249.2</ele><time>2026-06-08T12:43:12.000Z</time><extensions><gpxtpx:TrackPointExtension><gpxtpx:hr>106</gpxtpx:hr></gpxtpx:TrackPointExtension></extensions></trkpt>
      <trkpt lat="49.300949" lon="-122.740897"><ele>249.2</ele><time>2026-06-08T12:43:13.000Z</time><extensions><gpxtpx:TrackPointExtension><gpxtpx:hr>107</gpxtpx:hr></gpxtpx:TrackPointExtension></extensions></trkpt>
      <trkpt lat="49.300924" lon="-122.740863"><ele>248.8</ele><time>2026-06-08T12:43:14.000Z</time><extensions><gpxtpx:TrackPointExtension><gpxtpx:hr>108</gpxtpx:hr></gpxtpx:TrackPointExtension></extensions></trkpt>
      <trkpt lat="49.300898" lon="-122.740831"><ele>248.4</ele><time>2026-06-08T12:43:15.000Z</time><extensions><gpxtpx:TrackPointExtension><gpxtpx:hr>108</gpxtpx:hr></gpxtpx:TrackPointExtension></extensions></trkpt>
      <trkpt lat="49.300874" lon="-122.740793"><ele>248.2</ele><time>2026-06-08T12:43:16.000Z</time><extensions><gpxtpx:TrackPointExtension><gpxtpx:hr>109</gpxtpx:hr></gpxtpx:TrackPointExtension></extensions></trkpt>
      <trkpt lat="49.30085" lon="-122.740752"><ele>248</ele><time>2026-06-08T12:43:17.000Z</time><extensions><gpxtpx:TrackPointExtension><gpxtpx:hr>109</gpxtpx:hr></gpxtpx:TrackPointExtension></extensions></trkpt>
      <trkpt lat="49.300839" lon="-122.740719"><ele>247.6</ele><time>2026-06-08T12:43:18.000Z</time><extensions><gpxtpx:TrackPointExtension><gpxtpx:hr>110</gpxtpx:hr></gpxtpx:TrackPointExtension></extensions></trkpt>
      <trkpt lat="49.300814" lon="-122.740673"><ele>247.4</ele><time>2026-06-08T12:43:19.000Z</time><extensions><gpxtpx:TrackPointExtension><gpxtpx:hr>110</gpxtpx:hr></gpxtpx:TrackPointExtension></extensions></trkpt>
      <trkpt lat="49.300796" lon="-122.740628"><ele>247.2</ele><time>2026-06-08T12:43:20.000Z</time><extensions><gpxtpx:TrackPointExtension><gpxtpx:hr>110</gpxtpx:hr></gpxtpx:TrackPointExtension></extensions></trkpt>
      <trkpt lat="49.300776" lon="-122.740581"><ele>246.8</ele><time>2026-06-08T12:43:21.000Z</time><extensions><gpxtpx:TrackPointExtension><gpxtpx:hr>110</gpxtpx:hr></gpxtpx:TrackPointExtension></extensions></trkpt>
      <trkpt lat="49.300755" lon="-122.740534"><ele>246.6</ele><time>2026-06-08T12:43:22.000Z</time><extensions><gpxtpx:TrackPointExtension><gpxtpx:hr>110</gpxtpx:hr></gpxtpx:TrackPointExtension></extensions></trkpt>
      <trkpt lat="49.300736" lon="-122.740493"><ele>246.4</ele><time>2026-06-08T12:43:23.000Z</time><extensions><gpxtpx:TrackPointExtension><gpxtpx:hr>111</gpxtpx:hr></gpxtpx:TrackPointExtension></extensions></trkpt>
      <trkpt lat="49.300717" lon="-122.740438"><ele>246.2</ele><time>2026-06-08T12:43:24.000Z</time><extensions><gpxtpx:TrackPointExtension><gpxtpx:hr>112</gpxtpx:hr></gpxtpx:TrackPointExtension></extensions></trkpt>
      <trkpt lat="49.300708" lon="-122.740404"><ele>246</ele><time>2026-06-08T12:43:25.000Z</time><extensions><gpxtpx:TrackPointExtension><gpxtpx:hr>112</gpxtpx:hr></gpxtpx:TrackPointExtension></extensions></trkpt>
      <trkpt lat="49.300689" lon="-122.740348"><ele>246</ele><time>2026-06-08T12:43:26.000Z</time><extensions><gpxtpx:TrackPointExtension><gpxtpx:hr>113</gpxtpx:hr></gpxtpx:TrackPointExtension></extensions></trkpt>
      <trkpt lat="49.300679" lon="-122.74031"><ele>246</ele><time>2026-06-08T12:43:27.000Z</time><extensions><gpxtpx:TrackPointExtension><gpxtpx:hr>115</gpxtpx:hr></gpxtpx:TrackPointExtension></extensions></trkpt>
      <trkpt lat="49.300664" lon="-122.740263"><ele>245.8</ele><time>2026-06-08T12:43:28.000Z</time><extensions><gpxtpx:TrackPointExtension><gpxtpx:hr>116</gpxtpx:hr></gpxtpx:TrackPointExtension></extensions></trkpt>
      <trkpt lat="49.300647" lon="-122.740218"><ele>245.8</ele><time>2026-06-08T12:43:29.000Z</time><extensions><gpxtpx:TrackPointExtension><gpxtpx:hr>117</gpxtpx:hr></gpxtpx:TrackPointExtension></extensions></trkpt>
      <trkpt lat="49.300642" lon="-122.740177"><ele>245.6</ele><time>2026-06-08T12:43:30.000Z</time><extensions><gpxtpx:TrackPointExtension><gpxtpx:hr>118</gpxtpx:hr></gpxtpx:TrackPointExtension></extensions></trkpt>
      <trkpt lat="49.300647" lon="-122.740129"><ele>245.4</ele><time>2026-06-08T12:43:31.000Z</time><extensions><gpxtpx:TrackPointExtension><gpxtpx:hr>119</gpxtpx:hr></gpxtpx:TrackPointExtension></extensions></trkpt>
      <trkpt lat="49.300657" lon="-122.74009"><ele>245.4</ele><time>2026-06-08T12:43:32.000Z</time><extensions><gpxtpx:TrackPointExtension><gpxtpx:hr>119</gpxtpx:hr></gpxtpx:TrackPointExtension></extensions></trkpt>
      <trkpt lat="49.30065" lon="-122.740039"><ele>245.4</ele><time>2026-06-08T12:43:33.000Z</time><extensions><gpxtpx:TrackPointExtension><gpxtpx:hr>120</gpxtpx:hr></gpxtpx:TrackPointExtension></extensions></trkpt>
      <trkpt lat="49.300648" lon="-122.740002"><ele>245.2</ele><time>2026-06-08T12:43:34.000Z</time><extensions><gpxtpx:TrackPointExtension><gpxtpx:hr>120</gpxtpx:hr></gpxtpx:TrackPointExtension></extensions></trkpt>
      <trkpt lat="49.300645" lon="-122.739953"><ele>245.4</ele><time>2026-06-08T12:43:35.000Z</time><extensions><gpxtpx:TrackPointExtension><gpxtpx:hr>120</gpxtpx:hr></gpxtpx:TrackPointExtension></extensions></trkpt>
      <trkpt lat="49.300641" lon="-122.739899"><ele>245.4</ele><time>2026-06-08T12:43:36.000Z</time><extensions><gpxtpx:TrackPointExtension><gpxtpx:hr>120</gpxtpx:hr></gpxtpx:TrackPointExtension></extensions></trkpt>
      <trkpt lat="49.300636" lon="-122.739846"><ele>245.2</ele><time>2026-06-08T12:43:37.000Z</time><extensions><gpxtpx:TrackPointExtension><gpxtpx:hr>120</gpxtpx:hr></gpxtpx:TrackPointExtension></extensions></trkpt>
      <trkpt lat="49.300631" lon="-122.739797"><ele>245.2</ele><time>2026-06-08T12:43:38.000Z</time><extensions><gpxtpx:TrackPointExtension><gpxtpx:hr>121</gpxtpx:hr></gpxtpx:TrackPointExtension></extensions></trkpt>
      <trkpt lat="49.300634" lon="-122.739751"><ele>245.2</ele><time>2026-06-08T12:43:39.000Z</time><extensions><gpxtpx:TrackPointExtension><gpxtpx:hr>122</gpxtpx:hr></gpxtpx:TrackPointExtension></extensions></trkpt>
      <trkpt lat="49.300635" lon="-122.7397"><ele>245.2</ele><time>2026-06-08T12:43:40.000Z</time><extensions><gpxtpx:TrackPointExtension><gpxtpx:hr>122</gpxtpx:hr></gpxtpx:TrackPointExtension></extensions></trkpt>
      <trkpt lat="49.300642" lon="-122.739659"><ele>245.2</ele><time>2026-06-08T12:43:41.000Z</time><extensions><gpxtpx:TrackPointExtension><gpxtpx:hr>123</gpxtpx:hr></gpxtpx:TrackPointExtension></extensions></trkpt>
      <trkpt lat="49.300641" lon="-122.739602"><ele>245.2</ele><time>2026-06-08T12:43:42.000Z</time><extensions><gpxtpx:TrackPointExtension><gpxtpx:hr>123</gpxtpx:hr></gpxtpx:TrackPointExtension></extensions></trkpt>
      <trkpt lat="49.300646" lon="-122.739567"><ele>245</ele><time>2026-06-08T12:43:43.000Z</time><extensions><gpxtpx:TrackPointExtension><gpxtpx:hr>123</gpxtpx:hr></gpxtpx:TrackPointExtension></extensions></trkpt>
      <trkpt lat="49.300643" lon="-122.739513"><ele>245</ele><time>2026-06-08T12:43:44.000Z</time><extensions><gpxtpx:TrackPointExtension><gpxtpx:hr>123</gpxtpx:hr></gpxtpx:TrackPointExtension></extensions></trkpt>
      <trkpt lat="49.300642" lon="-122.739465"><ele>245</ele><time>2026-06-08T12:43:45.000Z</time><extensions><gpxtpx:TrackPointExtension><gpxtpx:hr>124</gpxtpx:hr></gpxtpx:TrackPointExtension></extensions></trkpt>
      <trkpt lat="49.300642" lon="-122.73941"><ele>244.8</ele><time>2026-06-08T12:43:46.000Z</time><extensions><gpxtpx:TrackPointExtension><gpxtpx:hr>126</gpxtpx:hr></gpxtpx:TrackPointExtension></extensions></trkpt>
      <trkpt lat="49.300647" lon="-122.73936"><ele>244.8</ele><time>2026-06-08T12:43:47.000Z</time><extensions><gpxtpx:TrackPointExtension><gpxtpx:hr>127</gpxtpx:hr></gpxtpx:TrackPointExtension></extensions></trkpt>
      <trkpt lat="49.300657" lon="-122.739315"><ele>244.6</ele><time>2026-06-08T12:43:48.000Z</time><extensions><gpxtpx:TrackPointExtension><gpxtpx:hr>127</gpxtpx:hr></gpxtpx:TrackPointExtension></extensions></trkpt>
      <trkpt lat="49.300663" lon="-122.739259"><ele>244.4</ele><time>2026-06-08T12:43:49.000Z</time><extensions><gpxtpx:TrackPointExtension><gpxtpx:hr>128</gpxtpx:hr></gpxtpx:TrackPointExtension></extensions></trkpt>
      <trkpt lat="49.300668" lon="-122.739211"><ele>244.4</ele><time>2026-06-08T12:43:50.000Z</time><extensions><gpxtpx:TrackPointExtension><gpxtpx:hr>128</gpxtpx:hr></gpxtpx:TrackPointExtension></extensions></trkpt>
      <trkpt lat="49.300668" lon="-122.739156"><ele>244.4</ele><time>2026-06-08T12:43:51.000Z</time><extensions><gpxtpx:TrackPointExtension><gpxtpx:hr>128</gpxtpx:hr></gpxtpx:TrackPointExtension></extensions></trkpt>
      <trkpt lat="49.300673" lon="-122.73911"><ele>244.2</ele><time>2026-06-08T12:43:52.000Z</time><extensions><gpxtpx:TrackPointExtension><gpxtpx:hr>129</gpxtpx:hr></gpxtpx:TrackPointExtension></extensions></trkpt>
      <trkpt lat="49.300674" lon="-122.73906"><ele>244.2</ele><time>2026-06-08T12:43:53.000Z</time><extensions><gpxtpx:TrackPointExtension><gpxtpx:hr>130</gpxtpx:hr></gpxtpx:TrackPointExtension></extensions></trkpt>
      <trkpt lat="49.300669" lon="-122.739003"><ele>244</ele><time>2026-06-08T12:43:54.000Z</time><extensions><gpxtpx:TrackPointExtension><gpxtpx:hr>130</gpxtpx:hr></gpxtpx:TrackPointExtension></extensions></trkpt>
      <trkpt lat="49.300676" lon="-122.738957"><ele>244</ele><time>2026-06-08T12:43:55.000Z</time><extensions><gpxtpx:TrackPointExtension><gpxtpx:hr>131</gpxtpx:hr></gpxtpx:TrackPointExtension></extensions></trkpt>
      <trkpt lat="49.300677" lon="-122.738902"><ele>243.8</ele><time>2026-06-08T12:43:56.000Z</time><extensions><gpxtpx:TrackPointExtension><gpxtpx:hr>132</gpxtpx:hr></gpxtpx:TrackPointExtension></extensions></trkpt>
      <trkpt lat="49.300677" lon="-122.738849"><ele>243.6</ele><time>2026-06-08T12:43:57.000Z</time><extensions><gpxtpx:TrackPointExtension><gpxtpx:hr>134</gpxtpx:hr></gpxtpx:TrackPointExtension></extensions></trkpt>
      <trkpt lat="49.300678" lon="-122.738794"><ele>243.6</ele><time>2026-06-08T12:43:58.000Z</time><extensions><gpxtpx:TrackPointExtension><gpxtpx:hr>134</gpxtpx:hr></gpxtpx:TrackPointExtension></extensions></trkpt>
      <trkpt lat="49.30068" lon="-122.738745"><ele>243.4</ele><time>2026-06-08T12:43:59.000Z</time><extensions><gpxtpx:TrackPointExtension><gpxtpx:hr>135</gpxtpx:hr></gpxtpx:TrackPointExtension></extensions></trkpt>
      <trkpt lat="49.300679" lon="-122.738687"><ele>243.4</ele><time>2026-06-08T12:44:00.000Z</time><extensions><gpxtpx:TrackPointExtension><gpxtpx:hr>135</gpxtpx:hr></gpxtpx:TrackPointExtension></extensions></trkpt>
      <trkpt lat="49.300681" lon="-122.738647"><ele>243.2</ele><time>2026-06-08T12:44:01.000Z</time><extensions><gpxtpx:TrackPointExtension><gpxtpx:hr>136</gpxtpx:hr></gpxtpx:TrackPointExtension></extensions></trkpt>
      <trkpt lat="49.300679" lon="-122.738595"><ele>243.2</ele><time>2026-06-08T12:44:02.000Z</time><extensions><gpxtpx:TrackPointExtension><gpxtpx:hr>137</gpxtpx:hr></gpxtpx:TrackPointExtension></extensions></trkpt>
      <trkpt lat="49.300681" lon="-122.738549"><ele>243</ele><time>2026-06-08T12:44:03.000Z</time><extensions><gpxtpx:TrackPointExtension><gpxtpx:hr>137</gpxtpx:hr></gpxtpx:TrackPointExtension></extensions></trkpt>
      <trkpt lat="49.30068" lon="-122.738499"><ele>243</ele><time>2026-06-08T12:44:04.000Z</time><extensions><gpxtpx:TrackPointExtension><gpxtpx:hr>138</gpxtpx:hr></gpxtpx:TrackPointExtension></extensions></trkpt>
      <trkpt lat="49.300676" lon="-122.738452"><ele>242.6</ele><time>2026-06-08T12:44:05.000Z</time><extensions><gpxtpx:TrackPointExtension><gpxtpx:hr>138</gpxtpx:hr></gpxtpx:TrackPointExtension></extensions></trkpt>
      <trkpt lat="49.300679" lon="-122.738403"><ele>242.4</ele><time>2026-06-08T12:44:06.000Z</time><extensions><gpxtpx:TrackPointExtension><gpxtpx:hr>138</gpxtpx:hr></gpxtpx:TrackPointExtension></extensions></trkpt>
      <trkpt lat="49.300675" lon="-122.738347"><ele>242.4</ele><time>2026-06-08T12:44:07.000Z</time><extensions><gpxtpx:TrackPointExtension><gpxtpx:hr>139</gpxtpx:hr></gpxtpx:TrackPointExtension></extensions></trkpt>
      <trkpt lat="49.300683" lon="-122.7383"><ele>242.2</ele><time>2026-06-08T12:44:08.000Z</time><extensions><gpxtpx:TrackPointExtension><gpxtpx:hr>139</gpxtpx:hr></gpxtpx:TrackPointExtension></extensions></trkpt>
      <trkpt lat="49.300685" lon="-122.73824"><ele>242</ele><time>2026-06-08T12:44:09.000Z</time><extensions><gpxtpx:TrackPointExtension><gpxtpx:hr>139</gpxtpx:hr></gpxtpx:TrackPointExtension></extensions></trkpt>
      <trkpt lat="49.300693" lon="-122.738199"><ele>242</ele><time>2026-06-08T12:44:10.000Z</time><extensions><gpxtpx:TrackPointExtension><gpxtpx:hr>139</gpxtpx:hr></gpxtpx:TrackPointExtension></extensions></trkpt>
      <trkpt lat="49.300693" lon="-122.738143"><ele>241.8</ele><time>2026-06-08T12:44:11.000Z</time><extensions><gpxtpx:TrackPointExtension><gpxtpx:hr>140</gpxtpx:hr></gpxtpx:TrackPointExtension></extensions></trkpt>
      <trkpt lat="49.300692" lon="-122.738096"><ele>241.6</ele><time>2026-06-08T12:44:12.000Z</time><extensions><gpxtpx:TrackPointExtension><gpxtpx:hr>140</gpxtpx:hr></gpxtpx:TrackPointExtension></extensions></trkpt>
      <trkpt lat="49.300695" lon="-122.738049"><ele>241.4</ele><time>2026-06-08T12:44:13.000Z</time><extensions><gpxtpx:TrackPointExtension><gpxtpx:hr>141</gpxtpx:hr></gpxtpx:TrackPointExtension></extensions></trkpt>
      <trkpt lat="49.30069" lon="-122.738001"><ele>241.2</ele><time>2026-06-08T12:44:14.000Z</time><extensions><gpxtpx:TrackPointExtension><gpxtpx:hr>141</gpxtpx:hr></gpxtpx:TrackPointExtension></extensions></trkpt>
      <trkpt lat="49.300688" lon="-122.737957"><ele>241</ele><time>2026-06-08T12:44:15.000Z</time><extensions><gpxtpx:TrackPointExtension><gpxtpx:hr>141</gpxtpx:hr></gpxtpx:TrackPointExtension></extensions></trkpt>
      <trkpt lat="49.300681" lon="-122.737902"><ele>240.8</ele><time>2026-06-08T12:44:16.000Z</time><extensions><gpxtpx:TrackPointExtension><gpxtpx:hr>141</gpxtpx:hr></gpxtpx:TrackPointExtension></extensions></trkpt>
      <trkpt lat="49.300682" lon="-122.737853"><ele>240.6</ele><time>2026-06-08T12:44:17.000Z</time><extensions><gpxtpx:TrackPointExtension><gpxtpx:hr>141</gpxtpx:hr></gpxtpx:TrackPointExtension></extensions></trkpt>
      <trkpt lat="49.300681" lon="-122.737794"><ele>240.2</ele><time>2026-06-08T12:44:18.000Z</time><extensions><gpxtpx:TrackPointExtension><gpxtpx:hr>141</gpxtpx:hr></gpxtpx:TrackPointExtension></extensions></trkpt>
      <trkpt lat="49.300688" lon="-122.737759"><ele>240</ele><time>2026-06-08T12:44:19.000Z</time><extensions><gpxtpx:TrackPointExtension><gpxtpx:hr>141</gpxtpx:hr></gpxtpx:TrackPointExtension></extensions></trkpt>
      <trkpt lat="49.300689" lon="-122.737705"><ele>239.8</ele><time>2026-06-08T12:44:20.000Z</time><extensions><gpxtpx:TrackPointExtension><gpxtpx:hr>141</gpxtpx:hr></gpxtpx:TrackPointExtension></extensions></trkpt>
      <trkpt lat="49.300689" lon="-122.73766"><ele>239.6</ele><time>2026-06-08T12:44:21.000Z</time><extensions><gpxtpx:TrackPointExtension><gpxtpx:hr>140</gpxtpx:hr></gpxtpx:TrackPointExtension></extensions></trkpt>
      <trkpt lat="49.300687" lon="-122.737609"><ele>239.4</ele><time>2026-06-08T12:44:22.000Z</time><extensions><gpxtpx:TrackPointExtension><gpxtpx:hr>140</gpxtpx:hr></gpxtpx:TrackPointExtension></extensions></trkpt>
      <trkpt lat="49.300683" lon="-122.737561"><ele>239.2</ele><time>2026-06-08T12:44:23.000Z</time><extensions><gpxtpx:TrackPointExtension><gpxtpx:hr>140</gpxtpx:hr></gpxtpx:TrackPointExtension></extensions></trkpt>
      <trkpt lat="49.300689" lon="-122.737517"><ele>239</ele><time>2026-06-08T12:44:24.000Z</time><extensions><gpxtpx:TrackPointExtension><gpxtpx:hr>139</gpxtpx:hr></gpxtpx:TrackPointExtension></extensions></trkpt>
      <trkpt lat="49.300689" lon="-122.737466"><ele>238.8</ele><time>2026-06-08T12:44:25.000Z</time><extensions><gpxtpx:TrackPointExtension><gpxtpx:hr>139</gpxtpx:hr></gpxtpx:TrackPointExtension></extensions></trkpt>
      <trkpt lat="49.300689" lon="-122.737428"><ele>238.6</ele><time>2026-06-08T12:44:26.000Z</time><extensions><gpxtpx:TrackPointExtension><gpxtpx:hr>139</gpxtpx:hr></gpxtpx:TrackPointExtension></extensions></trkpt>
      <trkpt lat="49.300687" lon="-122.737375"><ele>238.2</ele><time>2026-06-08T12:44:27.000Z</time><extensions><gpxtpx:TrackPointExtension><gpxtpx:hr>138</gpxtpx:hr></gpxtpx:TrackPointExtension></extensions></trkpt>
      <trkpt lat="49.300691" lon="-122.737339"><ele>238</ele><time>2026-06-08T12:44:28.000Z</time><extensions><gpxtpx:TrackPointExtension><gpxtpx:hr>137</gpxtpx:hr></gpxtpx:TrackPointExtension></extensions></trkpt>
      <trkpt lat="49.300688" lon="-122.737283"><ele>237.8</ele><time>2026-06-08T12:44:29.000Z</time><extensions><gpxtpx:TrackPointExtension><gpxtpx:hr>137</gpxtpx:hr></gpxtpx:TrackPointExtension></extensions></trkpt>
      <trkpt lat="49.300693" lon="-122.737236"><ele>237.4</ele><time>2026-06-08T12:44:30.000Z</time><extensions><gpxtpx:TrackPointExtension><gpxtpx:hr>136</gpxtpx:hr></gpxtpx:TrackPointExtension></extensions></trkpt>
      <trkpt lat="49.300694" lon="-122.737184"><ele>237.2</ele><time>2026-06-08T12:44:31.000Z</time><extensions><gpxtpx:TrackPointExtension><gpxtpx:hr>136</gpxtpx:hr></gpxtpx:TrackPointExtension></extensions></trkpt>
      <trkpt lat="49.300688" lon="-122.737135"><ele>236.8</ele><time>2026-06-08T12:44:32.000Z</time><extensions><gpxtpx:TrackPointExtension><gpxtpx:hr>136</gpxtpx:hr></gpxtpx:TrackPointExtension></extensions></trkpt>
      <trkpt lat="49.300691" lon="-122.737094"><ele>236.6</ele><time>2026-06-08T12:44:33.000Z</time><extensions><gpxtpx:TrackPointExtension><gpxtpx:hr>136</gpxtpx:hr></gpxtpx:TrackPointExtension></extensions></trkpt>
      <trkpt lat="49.300689" lon="-122.737041"><ele>236.2</ele><time>2026-06-08T12:44:34.000Z</time><extensions><gpxtpx:TrackPointExtension><gpxtpx:hr>137</gpxtpx:hr></gpxtpx:TrackPointExtension></extensions></trkpt>
      <trkpt lat="49.300692" lon="-122.737002"><ele>236</ele><time>2026-06-08T12:44:35.000Z</time><extensions><gpxtpx:TrackPointExtension><gpxtpx:hr>137</gpxtpx:hr></gpxtpx:TrackPointExtension></extensions></trkpt>
      <trkpt lat="49.300689" lon="-122.736943"><ele>235.8</ele><time>2026-06-08T12:44:36.000Z</time><extensions><gpxtpx:TrackPointExtension><gpxtpx:hr>137</gpxtpx:hr></gpxtpx:TrackPointExtension></extensions></trkpt>
      <trkpt lat="49.300693" lon="-122.7369"><ele>235.4</ele><time>2026-06-08T12:44:37.000Z</time><extensions><gpxtpx:TrackPointExtension><gpxtpx:hr>137</gpxtpx:hr></gpxtpx:TrackPointExtension></extensions></trkpt>
      <trkpt lat="49.300694" lon="-122.736842"><ele>235.2</ele><time>2026-06-08T12:44:38.000Z</time><extensions><gpxtpx:TrackPointExtension><gpxtpx:hr>136</gpxtpx:hr></gpxtpx:TrackPointExtension></extensions></trkpt>
      <trkpt lat="49.300698" lon="-122.736786"><ele>234.8</ele><time>2026-06-08T12:44:39.000Z</time><extensions><gpxtpx:TrackPointExtension><gpxtpx:hr>136</gpxtpx:hr></gpxtpx:TrackPointExtension></extensions></trkpt>
      <trkpt lat="49.300697" lon="-122.736737"><ele>234.6</ele><time>2026-06-08T12:44:40.000Z</time><extensions><gpxtpx:TrackPointExtension><gpxtpx:hr>136</gpxtpx:hr></gpxtpx:TrackPointExtension></extensions></trkpt>
      <trkpt lat="49.300692" lon="-122.736684"><ele>234.4</ele><time>2026-06-08T12:44:41.000Z</time><extensions><gpxtpx:TrackPointExtension><gpxtpx:hr>136</gpxtpx:hr></gpxtpx:TrackPointExtension></extensions></trkpt>
      <trkpt lat="49.300697" lon="-122.736645"><ele>234.2</ele><time>2026-06-08T12:44:42.000Z</time><extensions><gpxtpx:TrackPointExtension><gpxtpx:hr>137</gpxtpx:hr></gpxtpx:TrackPointExtension></extensions></trkpt>
      <trkpt lat="49.300694" lon="-122.73659"><ele>234</ele><time>2026-06-08T12:44:43.000Z</time><extensions><gpxtpx:TrackPointExtension><gpxtpx:hr>137</gpxtpx:hr></gpxtpx:TrackPointExtension></extensions></trkpt>
      <trkpt lat="49.300702" lon="-122.736551"><ele>233.6</ele><time>2026-06-08T12:44:44.000Z</time><extensions><gpxtpx:TrackPointExtension><gpxtpx:hr>137</gpxtpx:hr></gpxtpx:TrackPointExtension></extensions></trkpt>
      <trkpt lat="49.300701" lon="-122.736498"><ele>233.4</ele><time>2026-06-08T12:44:45.000Z</time><extensions><gpxtpx:TrackPointExtension><gpxtpx:hr>137</gpxtpx:hr></gpxtpx:TrackPointExtension></extensions></trkpt>
      <trkpt lat="49.300702" lon="-122.736452"><ele>233</ele><time>2026-06-08T12:44:46.000Z</time><extensions><gpxtpx:TrackPointExtension><gpxtpx:hr>138</gpxtpx:hr></gpxtpx:TrackPointExtension></extensions></trkpt>
      <trkpt lat="49.300704" lon="-122.736402"><ele>232.8</ele><time>2026-06-08T12:44:47.000Z</time><extensions><gpxtpx:TrackPointExtension><gpxtpx:hr>138</gpxtpx:hr></gpxtpx:TrackPointExtension></extensions></trkpt>
      <trkpt lat="49.300701" lon="-122.736356"><ele>232.6</ele><time>2026-06-08T12:44:48.000Z</time><extensions><gpxtpx:TrackPointExtension><gpxtpx:hr>138</gpxtpx:hr></gpxtpx:TrackPointExtension></extensions></trkpt>
      <trkpt lat="49.300703" lon="-122.73632"><ele>232.4</ele><time>2026-06-08T12:44:49.000Z</time><extensions><gpxtpx:TrackPointExtension><gpxtpx:hr>138</gpxtpx:hr></gpxtpx:TrackPointExtension></extensions></trkpt>
      <trkpt lat="49.300692" lon="-122.736267"><ele>232</ele><time>2026-06-08T12:44:50.000Z</time><extensions><gpxtpx:TrackPointExtension><gpxtpx:hr>138</gpxtpx:hr></gpxtpx:TrackPointExtension></extensions></trkpt>
      <trkpt lat="49.300697" lon="-122.736228"><ele>231.8</ele><time>2026-06-08T12:44:51.000Z</time><extensions><gpxtpx:TrackPointExtension><gpxtpx:hr>139</gpxtpx:hr></gpxtpx:TrackPointExtension></extensions></trkpt>
      <trkpt lat="49.300691" lon="-122.736174"><ele>231.4</ele><time>2026-06-08T12:44:52.000Z</time><extensions><gpxtpx:TrackPointExtension><gpxtpx:hr>139</gpxtpx:hr></gpxtpx:TrackPointExtension></extensions></trkpt>
      <trkpt lat="49.30069" lon="-122.736129"><ele>231</ele><time>2026-06-08T12:44:53.000Z</time><extensions><gpxtpx:TrackPointExtension><gpxtpx:hr>139</gpxtpx:hr></gpxtpx:TrackPointExtension></extensions></trkpt>
      <trkpt lat="49.300691" lon="-122.736077"><ele>230.8</ele><time>2026-06-08T12:44:54.000Z</time><extensions><gpxtpx:TrackPointExtension><gpxtpx:hr>140</gpxtpx:hr></gpxtpx:TrackPointExtension></extensions></trkpt>
      <trkpt lat="49.300689" lon="-122.736025"><ele>230.4</ele><time>2026-06-08T12:44:55.000Z</time><extensions><gpxtpx:TrackPointExtension><gpxtpx:hr>140</gpxtpx:hr></gpxtpx:TrackPointExtension></extensions></trkpt>
      <trkpt lat="49.300693" lon="-122.735979"><ele>230.2</ele><time>2026-06-08T12:44:56.000Z</time><extensions><gpxtpx:TrackPointExtension><gpxtpx:hr>140</gpxtpx:hr></gpxtpx:TrackPointExtension></extensions></trkpt>
      <trkpt lat="49.300694" lon="-122.735924"><ele>230</ele><time>2026-06-08T12:44:57.000Z</time><extensions><gpxtpx:TrackPointExtension><gpxtpx:hr>140</gpxtpx:hr></gpxtpx:TrackPointExtension></extensions></trkpt>
      <trkpt lat="49.300703" lon="-122.735882"><ele>229.6</ele><time>2026-06-08T12:44:58.000Z</time><extensions><gpxtpx:TrackPointExtension><gpxtpx:hr>139</gpxtpx:hr></gpxtpx:TrackPointExtension></extensions></trkpt>
      <trkpt lat="49.300705" lon="-122.735826"><ele>229.4</ele><time>2026-06-08T12:44:59.000Z</time><extensions><gpxtpx:TrackPointExtension><gpxtpx:hr>138</gpxtpx:hr></gpxtpx:TrackPointExtension></extensions></trkpt>
      <trkpt lat="49.300714" lon="-122.735782"><ele>229.2</ele><time>2026-06-08T12:45:00.000Z</time><extensions><gpxtpx:TrackPointExtension><gpxtpx:hr>137</gpxtpx:hr></gpxtpx:TrackPointExtension></extensions></trkpt>
      <trkpt lat="49.300718" lon="-122.735724"><ele>229</ele><time>2026-06-08T12:45:01.000Z</time><extensions><gpxtpx:TrackPointExtension><gpxtpx:hr>137</gpxtpx:hr></gpxtpx:TrackPointExtension></extensions></trkpt>
      <trkpt lat="49.300715" lon="-122.735674"><ele>228.8</ele><time>2026-06-08T12:45:02.000Z</time><extensions><gpxtpx:TrackPointExtension><gpxtpx:hr>137</gpxtpx:hr></gpxtpx:TrackPointExtension></extensions></trkpt>
      <trkpt lat="49.300716" lon="-122.73563"><ele>228.4</ele><time>2026-06-08T12:45:03.000Z</time><extensions><gpxtpx:TrackPointExtension><gpxtpx:hr>137</gpxtpx:hr></gpxtpx:TrackPointExtension></extensions></trkpt>
      <trkpt lat="49.300715" lon="-122.735571"><ele>228.2</ele><time>2026-06-08T12:45:04.000Z</time><extensions><gpxtpx:TrackPointExtension><gpxtpx:hr>137</gpxtpx:hr></gpxtpx:TrackPointExtension></extensions></trkpt>
      <trkpt lat="49.300723" lon="-122.735531"><ele>227.8</ele><time>2026-06-08T12:45:05.000Z</time><extensions><gpxtpx:TrackPointExtension><gpxtpx:hr>137</gpxtpx:hr></gpxtpx:TrackPointExtension></extensions></trkpt>
      <trkpt lat="49.300716" lon="-122.73547"><ele>227.4</ele><time>2026-06-08T12:45:06.000Z</time><extensions><gpxtpx:TrackPointExtension><gpxtpx:hr>137</gpxtpx:hr></gpxtpx:TrackPointExtension></extensions></trkpt>
      <trkpt lat="49.300721" lon="-122.735425"><ele>227</ele><time>2026-06-08T12:45:07.000Z</time><extensions><gpxtpx:TrackPointExtension><gpxtpx:hr>138</gpxtpx:hr></gpxtpx:TrackPointExtension></extensions></trkpt>
      <trkpt lat="49.300719" lon="-122.735379"><ele>226.6</ele><time>2026-06-08T12:45:08.000Z</time><extensions><gpxtpx:TrackPointExtension><gpxtpx:hr>137</gpxtpx:hr></gpxtpx:TrackPointExtension></extensions></trkpt>
      <trkpt lat="49.300714" lon="-122.735322"><ele>226.2</ele><time>2026-06-08T12:45:09.000Z</time><extensions><gpxtpx:TrackPointExtension><gpxtpx:hr>137</gpxtpx:hr></gpxtpx:TrackPointExtension></extensions></trkpt>
      <trkpt lat="49.300717" lon="-122.735277"><ele>225.8</ele><time>2026-06-08T12:45:10.000Z</time><extensions><gpxtpx:TrackPointExtension><gpxtpx:hr>137</gpxtpx:hr></gpxtpx:TrackPointExtension></extensions></trkpt>
      <trkpt lat="49.30071" lon="-122.735226"><ele>225.4</ele><time>2026-06-08T12:45:11.000Z</time><extensions><gpxtpx:TrackPointExtension><gpxtpx:hr>137</gpxtpx:hr></gpxtpx:TrackPointExtension></extensions></trkpt>
      <trkpt lat="49.300709" lon="-122.735184"><ele>224.8</ele><time>2026-06-08T12:45:12.000Z</time><extensions><gpxtpx:TrackPointExtension><gpxtpx:hr>137</gpxtpx:hr></gpxtpx:TrackPointExtension></extensions></trkpt>
      <trkpt lat="49.300708" lon="-122.735134"><ele>224.4</ele><time>2026-06-08T12:45:13.000Z</time><extensions><gpxtpx:TrackPointExtension><gpxtpx:hr>137</gpxtpx:hr></gpxtpx:TrackPointExtension></extensions></trkpt>
      <trkpt lat="49.300704" lon="-122.735086"><ele>224</ele><time>2026-06-08T12:45:14.000Z</time><extensions><gpxtpx:TrackPointExtension><gpxtpx:hr>137</gpxtpx:hr></gpxtpx:TrackPointExtension></extensions></trkpt>
      <trkpt lat="49.300711" lon="-122.735049"><ele>223.4</ele><time>2026-06-08T12:45:15.000Z</time><extensions><gpxtpx:TrackPointExtension><gpxtpx:hr>137</gpxtpx:hr></gpxtpx:TrackPointExtension></extensions></trkpt>
      <trkpt lat="49.300707" lon="-122.734989"><ele>223</ele><time>2026-06-08T12:45:16.000Z</time><extensions><gpxtpx:TrackPointExtension><gpxtpx:hr>137</gpxtpx:hr></gpxtpx:TrackPointExtension></extensions></trkpt>
      <trkpt lat="49.300713" lon="-122.734946"><ele>222.6</ele><time>2026-06-08T12:45:17.000Z</time><extensions><gpxtpx:TrackPointExtension><gpxtpx:hr>138</gpxtpx:hr></gpxtpx:TrackPointExtension></extensions></trkpt>
      <trkpt lat="49.300719" lon="-122.734899"><ele>222.2</ele><time>2026-06-08T12:45:18.000Z</time><extensions><gpxtpx:TrackPointExtension><gpxtpx:hr>137</gpxtpx:hr></gpxtpx:TrackPointExtension></extensions></trkpt>
      <trkpt lat="49.300719" lon="-122.734847"><ele>221.8</ele><time>2026-06-08T12:45:19.000Z</time><extensions><gpxtpx:TrackPointExtension><gpxtpx:hr>137</gpxtpx:hr></gpxtpx:TrackPointExtension></extensions></trkpt>
      <trkpt lat="49.300726" lon="-122.734811"><ele>221.4</ele><time>2026-06-08T12:45:20.000Z</time><extensions><gpxtpx:TrackPointExtension><gpxtpx:hr>137</gpxtpx:hr></gpxtpx:TrackPointExtension></extensions></trkpt>
      <trkpt lat="49.300727" lon="-122.73476"><ele>221.2</ele><time>2026-06-08T12:45:21.000Z</time><extensions><gpxtpx:TrackPointExtension><gpxtpx:hr>137</gpxtpx:hr></gpxtpx:TrackPointExtension></extensions></trkpt>
      <trkpt lat="49.300732" lon="-122.734722"><ele>220.8</ele><time>2026-06-08T12:45:22.000Z</time><extensions><gpxtpx:TrackPointExtension><gpxtpx:hr>137</gpxtpx:hr></gpxtpx:TrackPointExtension></extensions></trkpt>
      <trkpt lat="49.300733" lon="-122.734674"><ele>220.4</ele><time>2026-06-08T12:45:23.000Z</time><extensions><gpxtpx:TrackPointExtension><gpxtpx:hr>138</gpxtpx:hr></gpxtpx:TrackPointExtension></extensions></trkpt>
      <trkpt lat="49.300735" lon="-122.734625"><ele>219.8</ele><time>2026-06-08T12:45:24.000Z</time><extensions><gpxtpx:TrackPointExtension><gpxtpx:hr>137</gpxtpx:hr></gpxtpx:TrackPointExtension></extensions></trkpt>
      <trkpt lat="49.300748" lon="-122.734592"><ele>219.4</ele><time>2026-06-08T12:45:25.000Z</time><extensions><gpxtpx:TrackPointExtension><gpxtpx:hr>137</gpxtpx:hr></gpxtpx:TrackPointExtension></extensions></trkpt>
      <trkpt lat="49.30076" lon="-122.734534"><ele>219</ele><time>2026-06-08T12:45:26.000Z</time><extensions><gpxtpx:TrackPointExtension><gpxtpx:hr>137</gpxtpx:hr></gpxtpx:TrackPointExtension></extensions></trkpt>
      <trkpt lat="49.300765" lon="-122.734498"><ele>218.6</ele><time>2026-06-08T12:45:27.000Z</time><extensions><gpxtpx:TrackPointExtension><gpxtpx:hr>136</gpxtpx:hr></gpxtpx:TrackPointExtension></extensions></trkpt>
      <trkpt lat="49.30077" lon="-122.734454"><ele>218.4</ele><time>2026-06-08T12:45:28.000Z</time><extensions><gpxtpx:TrackPointExtension><gpxtpx:hr>136</gpxtpx:hr></gpxtpx:TrackPointExtension></extensions></trkpt>
      <trkpt lat="49.300775" lon="-122.734409"><ele>218</ele><time>2026-06-08T12:45:29.000Z</time><extensions><gpxtpx:TrackPointExtension><gpxtpx:hr>136</gpxtpx:hr></gpxtpx:TrackPointExtension></extensions></trkpt>
      <trkpt lat="49.300783" lon="-122.734364"><ele>217.8</ele><time>2026-06-08T12:45:30.000Z</time><extensions><gpxtpx:TrackPointExtension><gpxtpx:hr>135</gpxtpx:hr></gpxtpx:TrackPointExtension></extensions></trkpt>
      <trkpt lat="49.300786" lon="-122.734309"><ele>217.6</ele><time>2026-06-08T12:45:31.000Z</time><extensions><gpxtpx:TrackPointExtension><gpxtpx:hr>135</gpxtpx:hr></gpxtpx:TrackPointExtension></extensions></trkpt>
      <trkpt lat="49.300782" lon="-122.734258"><ele>217.2</ele><time>2026-06-08T12:45:32.000Z</time><extensions><gpxtpx:TrackPointExtension><gpxtpx:hr>134</gpxtpx:hr></gpxtpx:TrackPointExtension></extensions></trkpt>
      <trkpt lat="49.300761" lon="-122.734224"><ele>217</ele><time>2026-06-08T12:45:33.000Z</time><extensions><gpxtpx:TrackPointExtension><gpxtpx:hr>134</gpxtpx:hr></gpxtpx:TrackPointExtension></extensions></trkpt>
      <trkpt lat="49.300728" lon="-122.734205"><ele>216.8</ele><time>2026-06-08T12:45:34.000Z</time><extensions><gpxtpx:TrackPointExtension><gpxtpx:hr>134</gpxtpx:hr></gpxtpx:TrackPointExtension></extensions></trkpt>
      <trkpt lat="49.300702" lon="-122.734192"><ele>216.6</ele><time>2026-06-08T12:45:35.000Z</time><extensions><gpxtpx:TrackPointExtension><gpxtpx:hr>134</gpxtpx:hr></gpxtpx:TrackPointExtension></extensions></trkpt>
      <trkpt lat="49.300674" lon="-122.734175"><ele>216.6</ele><time>2026-06-08T12:45:36.000Z</time><extensions><gpxtpx:TrackPointExtension><gpxtpx:hr>133</gpxtpx:hr></gpxtpx:TrackPointExtension></extensions></trkpt>
      <trkpt lat="49.300655" lon="-122.734164"><ele>216.4</ele><time>2026-06-08T12:45:37.000Z</time><extensions><gpxtpx:TrackPointExtension><gpxtpx:hr>133</gpxtpx:hr></gpxtpx:TrackPointExtension></extensions></trkpt>
      <trkpt lat="49.300597" lon="-122.734096"><ele>212.8</ele><time>2026-06-08T12:47:14.000Z</time><extensions><gpxtpx:TrackPointExtension><gpxtpx:hr>103</gpxtpx:hr></gpxtpx:TrackPointExtension></extensions></trkpt>
      <trkpt lat="49.300594" lon="-122.73411"><ele>212.6</ele><time>2026-06-08T12:47:15.000Z</time><extensions><gpxtpx:TrackPointExtension><gpxtpx:hr>105</gpxtpx:hr></gpxtpx:TrackPointExtension></extensions></trkpt>
      <trkpt lat="49.300726" lon="-122.734157"><ele>212.6</ele><time>2026-06-08T12:47:19.000Z</time><extensions><gpxtpx:TrackPointExtension><gpxtpx:hr>106</gpxtpx:hr></gpxtpx:TrackPointExtension></extensions></trkpt>
      <trkpt lat="49.300746" lon="-122.734132"><ele>212.8</ele><time>2026-06-08T12:47:20.000Z</time><extensions><gpxtpx:TrackPointExtension><gpxtpx:hr>105</gpxtpx:hr></gpxtpx:TrackPointExtension></extensions></trkpt>
      <trkpt lat="49.300768" lon="-122.734105"><ele>212.8</ele><time>2026-06-08T12:47:21.000Z</time><extensions><gpxtpx:TrackPointExtension><gpxtpx:hr>105</gpxtpx:hr></gpxtpx:TrackPointExtension></extensions></trkpt>
      <trkpt lat="49.300785" lon="-122.734064"><ele>212.8</ele><time>2026-06-08T12:47:22.000Z</time><extensions><gpxtpx:TrackPointExtension><gpxtpx:hr>105</gpxtpx:hr></gpxtpx:TrackPointExtension></extensions></trkpt>
      <trkpt lat="49.300803" lon="-122.734016"><ele>212.6</ele><time>2026-06-08T12:47:23.000Z</time><extensions><gpxtpx:TrackPointExtension><gpxtpx:hr>105</gpxtpx:hr></gpxtpx:TrackPointExtension></extensions></trkpt>
      <trkpt lat="49.300813" lon="-122.733981"><ele>212.4</ele><time>2026-06-08T12:47:24.000Z</time><extensions><gpxtpx:TrackPointExtension><gpxtpx:hr>106</gpxtpx:hr></gpxtpx:TrackPointExtension></extensions></trkpt>
      <trkpt lat="49.30084" lon="-122.733946"><ele>212</ele><time>2026-06-08T12:47:25.000Z</time><extensions><gpxtpx:TrackPointExtension><gpxtpx:hr>107</gpxtpx:hr></gpxtpx:TrackPointExtension></extensions></trkpt>
      <trkpt lat="49.300861" lon="-122.73393"><ele>211.6</ele><time>2026-06-08T12:47:26.000Z</time><extensions><gpxtpx:TrackPointExtension><gpxtpx:hr>107</gpxtpx:hr></gpxtpx:TrackPointExtension></extensions></trkpt>
      <trkpt lat="49.300882" lon="-122.733895"><ele>211.4</ele><time>2026-06-08T12:47:27.000Z</time><extensions><gpxtpx:TrackPointExtension><gpxtpx:hr>107</gpxtpx:hr></gpxtpx:TrackPointExtension></extensions></trkpt>
      <trkpt lat="49.300898" lon="-122.733848"><ele>211</ele><time>2026-06-08T12:47:28.000Z</time><extensions><gpxtpx:TrackPointExtension><gpxtpx:hr>108</gpxtpx:hr></gpxtpx:TrackPointExtension></extensions></trkpt>
      <trkpt lat="49.300916" lon="-122.733815"><ele>210.6</ele><time>2026-06-08T12:47:29.000Z</time><extensions><gpxtpx:TrackPointExtension><gpxtpx:hr>108</gpxtpx:hr></gpxtpx:TrackPointExtension></extensions></trkpt>
      <trkpt lat="49.300939" lon="-122.73376"><ele>210.2</ele><time>2026-06-08T12:47:30.000Z</time><extensions><gpxtpx:TrackPointExtension><gpxtpx:hr>108</gpxtpx:hr></gpxtpx:TrackPointExtension></extensions></trkpt>
      <trkpt lat="49.300956" lon="-122.733729"><ele>209.8</ele><time>2026-06-08T12:47:31.000Z</time><extensions><gpxtpx:TrackPointExtension><gpxtpx:hr>108</gpxtpx:hr></gpxtpx:TrackPointExtension></extensions></trkpt>
      <trkpt lat="49.300973" lon="-122.733689"><ele>209.4</ele><time>2026-06-08T12:47:32.000Z</time><extensions><gpxtpx:TrackPointExtension><gpxtpx:hr>108</gpxtpx:hr></gpxtpx:TrackPointExtension></extensions></trkpt>
      <trkpt lat="49.300989" lon="-122.73365"><ele>208.8</ele><time>2026-06-08T12:47:33.000Z</time><extensions><gpxtpx:TrackPointExtension><gpxtpx:hr>109</gpxtpx:hr></gpxtpx:TrackPointExtension></extensions></trkpt>
      <trkpt lat="49.301006" lon="-122.733612"><ele>208.4</ele><time>2026-06-08T12:47:34.000Z</time><extensions><gpxtpx:TrackPointExtension><gpxtpx:hr>110</gpxtpx:hr></gpxtpx:TrackPointExtension></extensions></trkpt>
      <trkpt lat="49.301026" lon="-122.733565"><ele>208.2</ele><time>2026-06-08T12:47:35.000Z</time><extensions><gpxtpx:TrackPointExtension><gpxtpx:hr>110</gpxtpx:hr></gpxtpx:TrackPointExtension></extensions></trkpt>
      <trkpt lat="49.30104" lon="-122.73353"><ele>207.6</ele><time>2026-06-08T12:47:36.000Z</time><extensions><gpxtpx:TrackPointExtension><gpxtpx:hr>111</gpxtpx:hr></gpxtpx:TrackPointExtension></extensions></trkpt>
      <trkpt lat="49.301058" lon="-122.733489"><ele>207.2</ele><time>2026-06-08T12:47:37.000Z</time><extensions><gpxtpx:TrackPointExtension><gpxtpx:hr>111</gpxtpx:hr></gpxtpx:TrackPointExtension></extensions></trkpt>
      <trkpt lat="49.301072" lon="-122.733443"><ele>206.8</ele><time>2026-06-08T12:47:38.000Z</time><extensions><gpxtpx:TrackPointExtension><gpxtpx:hr>112</gpxtpx:hr></gpxtpx:TrackPointExtension></extensions></trkpt>
      <trkpt lat="49.301088" lon="-122.733409"><ele>206.4</ele><time>2026-06-08T12:47:39.000Z</time><extensions><gpxtpx:TrackPointExtension><gpxtpx:hr>112</gpxtpx:hr></gpxtpx:TrackPointExtension></extensions></trkpt>
      <trkpt lat="49.301105" lon="-122.733352"><ele>206</ele><time>2026-06-08T12:47:40.000Z</time><extensions><gpxtpx:TrackPointExtension><gpxtpx:hr>114</gpxtpx:hr></gpxtpx:TrackPointExtension></extensions></trkpt>
      <trkpt lat="49.301122" lon="-122.733311"><ele>205.6</ele><time>2026-06-08T12:47:41.000Z</time><extensions><gpxtpx:TrackPointExtension><gpxtpx:hr>116</gpxtpx:hr></gpxtpx:TrackPointExtension></extensions></trkpt>
      <trkpt lat="49.301143" lon="-122.73326"><ele>205</ele><time>2026-06-08T12:47:42.000Z</time><extensions><gpxtpx:TrackPointExtension><gpxtpx:hr>119</gpxtpx:hr></gpxtpx:TrackPointExtension></extensions></trkpt>
      <trkpt lat="49.301159" lon="-122.73321"><ele>204.6</ele><time>2026-06-08T12:47:43.000Z</time><extensions><gpxtpx:TrackPointExtension><gpxtpx:hr>120</gpxtpx:hr></gpxtpx:TrackPointExtension></extensions></trkpt>
      <trkpt lat="49.301179" lon="-122.733167"><ele>204.2</ele><time>2026-06-08T12:47:44.000Z</time><extensions><gpxtpx:TrackPointExtension><gpxtpx:hr>121</gpxtpx:hr></gpxtpx:TrackPointExtension></extensions></trkpt>
      <trkpt lat="49.301195" lon="-122.733113"><ele>203.8</ele><time>2026-06-08T12:47:45.000Z</time><extensions><gpxtpx:TrackPointExtension><gpxtpx:hr>122</gpxtpx:hr></gpxtpx:TrackPointExtension></extensions></trkpt>
      <trkpt lat="49.301209" lon="-122.733072"><ele>203.4</ele><time>2026-06-08T12:47:46.000Z</time><extensions><gpxtpx:TrackPointExtension><gpxtpx:hr>123</gpxtpx:hr></gpxtpx:TrackPointExtension></extensions></trkpt>
      <trkpt lat="49.301221" lon="-122.733007"><ele>203</ele><time>2026-06-08T12:47:47.000Z</time><extensions><gpxtpx:TrackPointExtension><gpxtpx:hr>124</gpxtpx:hr></gpxtpx:TrackPointExtension></extensions></trkpt>
      <trkpt lat="49.301235" lon="-122.732954"><ele>202.6</ele><time>2026-06-08T12:47:48.000Z</time><extensions><gpxtpx:TrackPointExtension><gpxtpx:hr>124</gpxtpx:hr></gpxtpx:TrackPointExtension></extensions></trkpt>
      <trkpt lat="49.301251" lon="-122.732896"><ele>202</ele><time>2026-06-08T12:47:49.000Z</time><extensions><gpxtpx:TrackPointExtension><gpxtpx:hr>124</gpxtpx:hr></gpxtpx:TrackPointExtension></extensions></trkpt>
      <trkpt lat="49.301267" lon="-122.732833"><ele>201.4</ele><time>2026-06-08T12:47:50.000Z</time><extensions><gpxtpx:TrackPointExtension><gpxtpx:hr>125</gpxtpx:hr></gpxtpx:TrackPointExtension></extensions></trkpt>
      <trkpt lat="49.301272" lon="-122.732782"><ele>201.2</ele><time>2026-06-08T12:47:51.000Z</time><extensions><gpxtpx:TrackPointExtension><gpxtpx:hr>125</gpxtpx:hr></gpxtpx:TrackPointExtension></extensions></trkpt>
      <trkpt lat="49.301275" lon="-122.732721"><ele>200.8</ele><time>2026-06-08T12:47:52.000Z</time><extensions><gpxtpx:TrackPointExtension><gpxtpx:hr>125</gpxtpx:hr></gpxtpx:TrackPointExtension></extensions></trkpt>
      <trkpt lat="49.301286" lon="-122.732681"><ele>200.4</ele><time>2026-06-08T12:47:53.000Z</time><extensions><gpxtpx:TrackPointExtension><gpxtpx:hr>125</gpxtpx:hr></gpxtpx:TrackPointExtension></extensions></trkpt>
      <trkpt lat="49.301294" lon="-122.732623"><ele>200</ele><time>2026-06-08T12:47:54.000Z</time><extensions><gpxtpx:TrackPointExtension><gpxtpx:hr>125</gpxtpx:hr></gpxtpx:TrackPointExtension></extensions></trkpt>
      <trkpt lat="49.301304" lon="-122.732578"><ele>199.8</ele><time>2026-06-08T12:47:55.000Z</time><extensions><gpxtpx:TrackPointExtension><gpxtpx:hr>125</gpxtpx:hr></gpxtpx:TrackPointExtension></extensions></trkpt>
      <trkpt lat="49.30131" lon="-122.732526"><ele>199.6</ele><time>2026-06-08T12:47:56.000Z</time><extensions><gpxtpx:TrackPointExtension><gpxtpx:hr>125</gpxtpx:hr></gpxtpx:TrackPointExtension></extensions></trkpt>
      <trkpt lat="49.301311" lon="-122.732481"><ele>199.2</ele><time>2026-06-08T12:47:57.000Z</time><extensions><gpxtpx:TrackPointExtension><gpxtpx:hr>125</gpxtpx:hr></gpxtpx:TrackPointExtension></extensions></trkpt>
      <trkpt lat="49.301316" lon="-122.732432"><ele>199</ele><time>2026-06-08T12:47:58.000Z</time><extensions><gpxtpx:TrackPointExtension><gpxtpx:hr>126</gpxtpx:hr></gpxtpx:TrackPointExtension></extensions></trkpt>
      <trkpt lat="49.301316" lon="-122.73238"><ele>199</ele><time>2026-06-08T12:47:59.000Z</time><extensions><gpxtpx:TrackPointExtension><gpxtpx:hr>126</gpxtpx:hr></gpxtpx:TrackPointExtension></extensions></trkpt>
      <trkpt lat="49.30132" lon="-122.732336"><ele>198.8</ele><time>2026-06-08T12:48:00.000Z</time><extensions><gpxtpx:TrackPointExtension><gpxtpx:hr>126</gpxtpx:hr></gpxtpx:TrackPointExtension></extensions></trkpt>
      <trkpt lat="49.301318" lon="-122.732279"><ele>198.6</ele><time>2026-06-08T12:48:01.000Z</time><extensions><gpxtpx:TrackPointExtension><gpxtpx:hr>127</gpxtpx:hr></gpxtpx:TrackPointExtension></extensions></trkpt>
      <trkpt lat="49.301321" lon="-122.732231"><ele>198.4</ele><time>2026-06-08T12:48:02.000Z</time><extensions><gpxtpx:TrackPointExtension><gpxtpx:hr>127</gpxtpx:hr></gpxtpx:TrackPointExtension></extensions></trkpt>
      <trkpt lat="49.301312" lon="-122.732183"><ele>198.4</ele><time>2026-06-08T12:48:03.000Z</time><extensions><gpxtpx:TrackPointExtension><gpxtpx:hr>127</gpxtpx:hr></gpxtpx:TrackPointExtension></extensions></trkpt>
      <trkpt lat="49.301287" lon="-122.732154"><ele>198.2</ele><time>2026-06-08T12:48:04.000Z</time><extensions><gpxtpx:TrackPointExtension><gpxtpx:hr>127</gpxtpx:hr></gpxtpx:TrackPointExtension></extensions></trkpt>
      <trkpt lat="49.301262" lon="-122.732139"><ele>198.2</ele><time>2026-06-08T12:48:05.000Z</time><extensions><gpxtpx:TrackPointExtension><gpxtpx:hr>127</gpxtpx:hr></gpxtpx:TrackPointExtension></extensions></trkpt>
      <trkpt lat="49.301224" lon="-122.732134"><ele>198.2</ele><time>2026-06-08T12:48:06.000Z</time><extensions><gpxtpx:TrackPointExtension><gpxtpx:hr>127</gpxtpx:hr></gpxtpx:TrackPointExtension></extensions></trkpt>
      <trkpt lat="49.301188" lon="-122.732133"><ele>198.2</ele><time>2026-06-08T12:48:07.000Z</time><extensions><gpxtpx:TrackPointExtension><gpxtpx:hr>127</gpxtpx:hr></gpxtpx:TrackPointExtension></extensions></trkpt>
      <trkpt lat="49.301153" lon="-122.732127"><ele>198.2</ele><time>2026-06-08T12:48:08.000Z</time><extensions><gpxtpx:TrackPointExtension><gpxtpx:hr>127</gpxtpx:hr></gpxtpx:TrackPointExtension></extensions></trkpt>
      <trkpt lat="49.301113" lon="-122.732133"><ele>198</ele><time>2026-06-08T12:48:09.000Z</time><extensions><gpxtpx:TrackPointExtension><gpxtpx:hr>128</gpxtpx:hr></gpxtpx:TrackPointExtension></extensions></trkpt>
      <trkpt lat="49.301086" lon="-122.732133"><ele>198</ele><time>2026-06-08T12:48:10.000Z</time><extensions><gpxtpx:TrackPointExtension><gpxtpx:hr>128</gpxtpx:hr></gpxtpx:TrackPointExtension></extensions></trkpt>
      <trkpt lat="49.30105" lon="-122.732141"><ele>197.8</ele><time>2026-06-08T12:48:11.000Z</time><extensions><gpxtpx:TrackPointExtension><gpxtpx:hr>128</gpxtpx:hr></gpxtpx:TrackPointExtension></extensions></trkpt>
      <trkpt lat="49.301018" lon="-122.732158"><ele>197.6</ele><time>2026-06-08T12:48:12.000Z</time><extensions><gpxtpx:TrackPointExtension><gpxtpx:hr>128</gpxtpx:hr></gpxtpx:TrackPointExtension></extensions></trkpt>
      <trkpt lat="49.300991" lon="-122.732162"><ele>197.4</ele><time>2026-06-08T12:48:13.000Z</time><extensions><gpxtpx:TrackPointExtension><gpxtpx:hr>128</gpxtpx:hr></gpxtpx:TrackPointExtension></extensions></trkpt>
      <trkpt lat="49.300954" lon="-122.732182"><ele>197</ele><time>2026-06-08T12:48:14.000Z</time><extensions><gpxtpx:TrackPointExtension><gpxtpx:hr>128</gpxtpx:hr></gpxtpx:TrackPointExtension></extensions></trkpt>
      <trkpt lat="49.300929" lon="-122.732194"><ele>196.8</ele><time>2026-06-08T12:48:15.000Z</time><extensions><gpxtpx:TrackPointExtension><gpxtpx:hr>128</gpxtpx:hr></gpxtpx:TrackPointExtension></extensions></trkpt>
      <trkpt lat="49.300897" lon="-122.732208"><ele>196.4</ele><time>2026-06-08T12:48:16.000Z</time><extensions><gpxtpx:TrackPointExtension><gpxtpx:hr>128</gpxtpx:hr></gpxtpx:TrackPointExtension></extensions></trkpt>
      <trkpt lat="49.300866" lon="-122.732237"><ele>196.2</ele><time>2026-06-08T12:48:17.000Z</time><extensions><gpxtpx:TrackPointExtension><gpxtpx:hr>128</gpxtpx:hr></gpxtpx:TrackPointExtension></extensions></trkpt>
      <trkpt lat="49.30085" lon="-122.732256"><ele>195.8</ele><time>2026-06-08T12:48:18.000Z</time><extensions><gpxtpx:TrackPointExtension><gpxtpx:hr>128</gpxtpx:hr></gpxtpx:TrackPointExtension></extensions></trkpt>
      <trkpt lat="49.300834" lon="-122.732266"><ele>195.4</ele><time>2026-06-08T12:48:19.000Z</time><extensions><gpxtpx:TrackPointExtension><gpxtpx:hr>128</gpxtpx:hr></gpxtpx:TrackPointExtension></extensions></trkpt>
      <trkpt lat="49.300827" lon="-122.732306"><ele>192.8</ele><time>2026-06-08T12:49:26.000Z</time><extensions><gpxtpx:TrackPointExtension><gpxtpx:hr>103</gpxtpx:hr></gpxtpx:TrackPointExtension></extensions></trkpt>
      <trkpt lat="49.300828" lon="-122.73233"><ele>192.8</ele><time>2026-06-08T12:49:27.000Z</time><extensions><gpxtpx:TrackPointExtension><gpxtpx:hr>103</gpxtpx:hr></gpxtpx:TrackPointExtension></extensions></trkpt>
      <trkpt lat="49.300819" lon="-122.732356"><ele>192.8</ele><time>2026-06-08T12:49:28.000Z</time><extensions><gpxtpx:TrackPointExtension><gpxtpx:hr>103</gpxtpx:hr></gpxtpx:TrackPointExtension></extensions></trkpt>
      <trkpt lat="49.300793" lon="-122.732393"><ele>192.8</ele><time>2026-06-08T12:49:29.000Z</time><extensions><gpxtpx:TrackPointExtension><gpxtpx:hr>103</gpxtpx:hr></gpxtpx:TrackPointExtension></extensions></trkpt>
      <trkpt lat="49.300772" lon="-122.732417"><ele>192.6</ele><time>2026-06-08T12:49:30.000Z</time><extensions><gpxtpx:TrackPointExtension><gpxtpx:hr>104</gpxtpx:hr></gpxtpx:TrackPointExtension></extensions></trkpt>
      <trkpt lat="49.300744" lon="-122.732447"><ele>192.4</ele><time>2026-06-08T12:49:31.000Z</time><extensions><gpxtpx:TrackPointExtension><gpxtpx:hr>104</gpxtpx:hr></gpxtpx:TrackPointExtension></extensions></trkpt>
      <trkpt lat="49.300719" lon="-122.732477"><ele>192.2</ele><time>2026-06-08T12:49:32.000Z</time><extensions><gpxtpx:TrackPointExtension><gpxtpx:hr>104</gpxtpx:hr></gpxtpx:TrackPointExtension></extensions></trkpt>
      <trkpt lat="49.300692" lon="-122.732507"><ele>191.6</ele><time>2026-06-08T12:49:33.000Z</time><extensions><gpxtpx:TrackPointExtension><gpxtpx:hr>105</gpxtpx:hr></gpxtpx:TrackPointExtension></extensions></trkpt>
      <trkpt lat="49.300666" lon="-122.732542"><ele>191.2</ele><time>2026-06-08T12:49:34.000Z</time><extensions><gpxtpx:TrackPointExtension><gpxtpx:hr>105</gpxtpx:hr></gpxtpx:TrackPointExtension></extensions></trkpt>
      <trkpt lat="49.30064" lon="-122.73256"><ele>190.6</ele><time>2026-06-08T12:49:35.000Z</time><extensions><gpxtpx:TrackPointExtension><gpxtpx:hr>106</gpxtpx:hr></gpxtpx:TrackPointExtension></extensions></trkpt>
      <trkpt lat="49.30061" lon="-122.732584"><ele>190</ele><time>2026-06-08T12:49:36.000Z</time><extensions><gpxtpx:TrackPointExtension><gpxtpx:hr>107</gpxtpx:hr></gpxtpx:TrackPointExtension></extensions></trkpt>
      <trkpt lat="49.300585" lon="-122.732611"><ele>189.8</ele><time>2026-06-08T12:49:37.000Z</time><extensions><gpxtpx:TrackPointExtension><gpxtpx:hr>109</gpxtpx:hr></gpxtpx:TrackPointExtension></extensions></trkpt>
      <trkpt lat="49.300558" lon="-122.732637"><ele>189.2</ele><time>2026-06-08T12:49:38.000Z</time><extensions><gpxtpx:TrackPointExtension><gpxtpx:hr>109</gpxtpx:hr></gpxtpx:TrackPointExtension></extensions></trkpt>
      <trkpt lat="49.300534" lon="-122.732675"><ele>188.8</ele><time>2026-06-08T12:49:39.000Z</time><extensions><gpxtpx:TrackPointExtension><gpxtpx:hr>110</gpxtpx:hr></gpxtpx:TrackPointExtension></extensions></trkpt>
      <trkpt lat="49.30051" lon="-122.732698"><ele>188.4</ele><time>2026-06-08T12:49:40.000Z</time><extensions><gpxtpx:TrackPointExtension><gpxtpx:hr>110</gpxtpx:hr></gpxtpx:TrackPointExtension></extensions></trkpt>
      <trkpt lat="49.300479" lon="-122.732734"><ele>188</ele><time>2026-06-08T12:49:41.000Z</time><extensions><gpxtpx:TrackPointExtension><gpxtpx:hr>110</gpxtpx:hr></gpxtpx:TrackPointExtension></extensions></trkpt>
      <trkpt lat="49.300456" lon="-122.732757"><ele>187.8</ele><time>2026-06-08T12:49:42.000Z</time><extensions><gpxtpx:TrackPointExtension><gpxtpx:hr>109</gpxtpx:hr></gpxtpx:TrackPointExtension></extensions></trkpt>
      <trkpt lat="49.300429" lon="-122.732792"><ele>187.4</ele><time>2026-06-08T12:49:43.000Z</time><extensions><gpxtpx:TrackPointExtension><gpxtpx:hr>109</gpxtpx:hr></gpxtpx:TrackPointExtension></extensions></trkpt>
      <trkpt lat="49.300401" lon="-122.732824"><ele>187.2</ele><time>2026-06-08T12:49:44.000Z</time><extensions><gpxtpx:TrackPointExtension><gpxtpx:hr>108</gpxtpx:hr></gpxtpx:TrackPointExtension></extensions></trkpt>
      <trkpt lat="49.300373" lon="-122.732857"><ele>186.8</ele><time>2026-06-08T12:49:45.000Z</time><extensions><gpxtpx:TrackPointExtension><gpxtpx:hr>108</gpxtpx:hr></gpxtpx:TrackPointExtension></extensions></trkpt>
      <trkpt lat="49.300345" lon="-122.732891"><ele>186.6</ele><time>2026-06-08T12:49:46.000Z</time><extensions><gpxtpx:TrackPointExtension><gpxtpx:hr>107</gpxtpx:hr></gpxtpx:TrackPointExtension></extensions></trkpt>
      <trkpt lat="49.30032" lon="-122.732914"><ele>186.2</ele><time>2026-06-08T12:49:47.000Z</time><extensions><gpxtpx:TrackPointExtension><gpxtpx:hr>107</gpxtpx:hr></gpxtpx:TrackPointExtension></extensions></trkpt>
      <trkpt lat="49.300291" lon="-122.732958"><ele>185.8</ele><time>2026-06-08T12:49:48.000Z</time><extensions><gpxtpx:TrackPointExtension><gpxtpx:hr>107</gpxtpx:hr></gpxtpx:TrackPointExtension></extensions></trkpt>
      <trkpt lat="49.30027" lon="-122.732989"><ele>185.8</ele><time>2026-06-08T12:49:49.000Z</time><extensions><gpxtpx:TrackPointExtension><gpxtpx:hr>107</gpxtpx:hr></gpxtpx:TrackPointExtension></extensions></trkpt>
      <trkpt lat="49.300245" lon="-122.733024"><ele>185.6</ele><time>2026-06-08T12:49:50.000Z</time><extensions><gpxtpx:TrackPointExtension><gpxtpx:hr>108</gpxtpx:hr></gpxtpx:TrackPointExtension></extensions></trkpt>
      <trkpt lat="49.300219" lon="-122.733055"><ele>185.4</ele><time>2026-06-08T12:49:51.000Z</time><extensions><gpxtpx:TrackPointExtension><gpxtpx:hr>109</gpxtpx:hr></gpxtpx:TrackPointExtension></extensions></trkpt>
      <trkpt lat="49.300193" lon="-122.733085"><ele>185.4</ele><time>2026-06-08T12:49:52.000Z</time><extensions><gpxtpx:TrackPointExtension><gpxtpx:hr>110</gpxtpx:hr></gpxtpx:TrackPointExtension></extensions></trkpt>
      <trkpt lat="49.300166" lon="-122.733121"><ele>185.2</ele><time>2026-06-08T12:49:53.000Z</time><extensions><gpxtpx:TrackPointExtension><gpxtpx:hr>110</gpxtpx:hr></gpxtpx:TrackPointExtension></extensions></trkpt>
      <trkpt lat="49.30014" lon="-122.733146"><ele>185</ele><time>2026-06-08T12:49:54.000Z</time><extensions><gpxtpx:TrackPointExtension><gpxtpx:hr>111</gpxtpx:hr></gpxtpx:TrackPointExtension></extensions></trkpt>
      <trkpt lat="49.300108" lon="-122.733174"><ele>184.8</ele><time>2026-06-08T12:49:55.000Z</time><extensions><gpxtpx:TrackPointExtension><gpxtpx:hr>113</gpxtpx:hr></gpxtpx:TrackPointExtension></extensions></trkpt>
      <trkpt lat="49.300084" lon="-122.733196"><ele>184.4</ele><time>2026-06-08T12:49:56.000Z</time><extensions><gpxtpx:TrackPointExtension><gpxtpx:hr>116</gpxtpx:hr></gpxtpx:TrackPointExtension></extensions></trkpt>
      <trkpt lat="49.300057" lon="-122.733226"><ele>184.2</ele><time>2026-06-08T12:49:57.000Z</time><extensions><gpxtpx:TrackPointExtension><gpxtpx:hr>118</gpxtpx:hr></gpxtpx:TrackPointExtension></extensions></trkpt>
      <trkpt lat="49.300032" lon="-122.733266"><ele>184.2</ele><time>2026-06-08T12:49:58.000Z</time><extensions><gpxtpx:TrackPointExtension><gpxtpx:hr>119</gpxtpx:hr></gpxtpx:TrackPointExtension></extensions></trkpt>
      <trkpt lat="49.300006" lon="-122.733286"><ele>184</ele><time>2026-06-08T12:49:59.000Z</time><extensions><gpxtpx:TrackPointExtension><gpxtpx:hr>120</gpxtpx:hr></gpxtpx:TrackPointExtension></extensions></trkpt>
      <trkpt lat="49.299977" lon="-122.733319"><ele>183.8</ele><time>2026-06-08T12:50:00.000Z</time><extensions><gpxtpx:TrackPointExtension><gpxtpx:hr>121</gpxtpx:hr></gpxtpx:TrackPointExtension></extensions></trkpt>
      <trkpt lat="49.299953" lon="-122.733351"><ele>183.6</ele><time>2026-06-08T12:50:01.000Z</time><extensions><gpxtpx:TrackPointExtension><gpxtpx:hr>122</gpxtpx:hr></gpxtpx:TrackPointExtension></extensions></trkpt>
      <trkpt lat="49.299929" lon="-122.733382"><ele>183.6</ele><time>2026-06-08T12:50:02.000Z</time><extensions><gpxtpx:TrackPointExtension><gpxtpx:hr>122</gpxtpx:hr></gpxtpx:TrackPointExtension></extensions></trkpt>
      <trkpt lat="49.299902" lon="-122.733422"><ele>183.4</ele><time>2026-06-08T12:50:03.000Z</time><extensions><gpxtpx:TrackPointExtension><gpxtpx:hr>122</gpxtpx:hr></gpxtpx:TrackPointExtension></extensions></trkpt>
      <trkpt lat="49.299876" lon="-122.733449"><ele>183.2</ele><time>2026-06-08T12:50:04.000Z</time><extensions><gpxtpx:TrackPointExtension><gpxtpx:hr>122</gpxtpx:hr></gpxtpx:TrackPointExtension></extensions></trkpt>
      <trkpt lat="49.299841" lon="-122.733482"><ele>183</ele><time>2026-06-08T12:50:05.000Z</time><extensions><gpxtpx:TrackPointExtension><gpxtpx:hr>122</gpxtpx:hr></gpxtpx:TrackPointExtension></extensions></trkpt>
      <trkpt lat="49.299819" lon="-122.733504"><ele>183</ele><time>2026-06-08T12:50:06.000Z</time><extensions><gpxtpx:TrackPointExtension><gpxtpx:hr>121</gpxtpx:hr></gpxtpx:TrackPointExtension></extensions></trkpt>
      <trkpt lat="49.299792" lon="-122.733531"><ele>182.8</ele><time>2026-06-08T12:50:07.000Z</time><extensions><gpxtpx:TrackPointExtension><gpxtpx:hr>121</gpxtpx:hr></gpxtpx:TrackPointExtension></extensions></trkpt>
      <trkpt lat="49.299767" lon="-122.733564"><ele>182.6</ele><time>2026-06-08T12:50:08.000Z</time><extensions><gpxtpx:TrackPointExtension><gpxtpx:hr>121</gpxtpx:hr></gpxtpx:TrackPointExtension></extensions></trkpt>
      <trkpt lat="49.299744" lon="-122.733585"><ele>182.4</ele><time>2026-06-08T12:50:09.000Z</time><extensions><gpxtpx:TrackPointExtension><gpxtpx:hr>122</gpxtpx:hr></gpxtpx:TrackPointExtension></extensions></trkpt>
      <trkpt lat="49.299714" lon="-122.733621"><ele>182.2</ele><time>2026-06-08T12:50:10.000Z</time><extensions><gpxtpx:TrackPointExtension><gpxtpx:hr>122</gpxtpx:hr></gpxtpx:TrackPointExtension></extensions></trkpt>
      <trkpt lat="49.299691" lon="-122.733639"><ele>182.2</ele><time>2026-06-08T12:50:11.000Z</time><extensions><gpxtpx:TrackPointExtension><gpxtpx:hr>123</gpxtpx:hr></gpxtpx:TrackPointExtension></extensions></trkpt>
      <trkpt lat="49.299659" lon="-122.733662"><ele>182</ele><time>2026-06-08T12:50:12.000Z</time><extensions><gpxtpx:TrackPointExtension><gpxtpx:hr>123</gpxtpx:hr></gpxtpx:TrackPointExtension></extensions></trkpt>
      <trkpt lat="49.299636" lon="-122.733692"><ele>181.8</ele><time>2026-06-08T12:50:13.000Z</time><extensions><gpxtpx:TrackPointExtension><gpxtpx:hr>123</gpxtpx:hr></gpxtpx:TrackPointExtension></extensions></trkpt>
      <trkpt lat="49.299611" lon="-122.733721"><ele>181.4</ele><time>2026-06-08T12:50:14.000Z</time><extensions><gpxtpx:TrackPointExtension><gpxtpx:hr>124</gpxtpx:hr></gpxtpx:TrackPointExtension></extensions></trkpt>
      <trkpt lat="49.299583" lon="-122.733759"><ele>181.2</ele><time>2026-06-08T12:50:15.000Z</time><extensions><gpxtpx:TrackPointExtension><gpxtpx:hr>124</gpxtpx:hr></gpxtpx:TrackPointExtension></extensions></trkpt>
      <trkpt lat="49.299555" lon="-122.733792"><ele>181</ele><time>2026-06-08T12:50:16.000Z</time><extensions><gpxtpx:TrackPointExtension><gpxtpx:hr>124</gpxtpx:hr></gpxtpx:TrackPointExtension></extensions></trkpt>
      <trkpt lat="49.299524" lon="-122.73383"><ele>180.8</ele><time>2026-06-08T12:50:17.000Z</time><extensions><gpxtpx:TrackPointExtension><gpxtpx:hr>125</gpxtpx:hr></gpxtpx:TrackPointExtension></extensions></trkpt>
      <trkpt lat="49.299501" lon="-122.733854"><ele>180.6</ele><time>2026-06-08T12:50:18.000Z</time><extensions><gpxtpx:TrackPointExtension><gpxtpx:hr>126</gpxtpx:hr></gpxtpx:TrackPointExtension></extensions></trkpt>
      <trkpt lat="49.29947" lon="-122.733884"><ele>180.2</ele><time>2026-06-08T12:50:19.000Z</time><extensions><gpxtpx:TrackPointExtension><gpxtpx:hr>126</gpxtpx:hr></gpxtpx:TrackPointExtension></extensions></trkpt>
      <trkpt lat="49.299448" lon="-122.73392"><ele>179.8</ele><time>2026-06-08T12:50:20.000Z</time><extensions><gpxtpx:TrackPointExtension><gpxtpx:hr>127</gpxtpx:hr></gpxtpx:TrackPointExtension></extensions></trkpt>
      <trkpt lat="49.299425" lon="-122.733951"><ele>179.4</ele><time>2026-06-08T12:50:21.000Z</time><extensions><gpxtpx:TrackPointExtension><gpxtpx:hr>128</gpxtpx:hr></gpxtpx:TrackPointExtension></extensions></trkpt>
      <trkpt lat="49.299394" lon="-122.733989"><ele>179.2</ele><time>2026-06-08T12:50:22.000Z</time><extensions><gpxtpx:TrackPointExtension><gpxtpx:hr>128</gpxtpx:hr></gpxtpx:TrackPointExtension></extensions></trkpt>
      <trkpt lat="49.299366" lon="-122.734019"><ele>178.6</ele><time>2026-06-08T12:50:23.000Z</time><extensions><gpxtpx:TrackPointExtension><gpxtpx:hr>129</gpxtpx:hr></gpxtpx:TrackPointExtension></extensions></trkpt>
      <trkpt lat="49.299331" lon="-122.734059"><ele>178</ele><time>2026-06-08T12:50:24.000Z</time><extensions><gpxtpx:TrackPointExtension><gpxtpx:hr>129</gpxtpx:hr></gpxtpx:TrackPointExtension></extensions></trkpt>
      <trkpt lat="49.299302" lon="-122.734082"><ele>177.6</ele><time>2026-06-08T12:50:25.000Z</time><extensions><gpxtpx:TrackPointExtension><gpxtpx:hr>129</gpxtpx:hr></gpxtpx:TrackPointExtension></extensions></trkpt>
      <trkpt lat="49.299271" lon="-122.734121"><ele>177.2</ele><time>2026-06-08T12:50:26.000Z</time><extensions><gpxtpx:TrackPointExtension><gpxtpx:hr>129</gpxtpx:hr></gpxtpx:TrackPointExtension></extensions></trkpt>
      <trkpt lat="49.299247" lon="-122.734147"><ele>176.8</ele><time>2026-06-08T12:50:27.000Z</time><extensions><gpxtpx:TrackPointExtension><gpxtpx:hr>130</gpxtpx:hr></gpxtpx:TrackPointExtension></extensions></trkpt>
      <trkpt lat="49.299217" lon="-122.734176"><ele>176.4</ele><time>2026-06-08T12:50:28.000Z</time><extensions><gpxtpx:TrackPointExtension><gpxtpx:hr>130</gpxtpx:hr></gpxtpx:TrackPointExtension></extensions></trkpt>
      <trkpt lat="49.299187" lon="-122.734206"><ele>176</ele><time>2026-06-08T12:50:29.000Z</time><extensions><gpxtpx:TrackPointExtension><gpxtpx:hr>130</gpxtpx:hr></gpxtpx:TrackPointExtension></extensions></trkpt>
      <trkpt lat="49.299156" lon="-122.734226"><ele>175.4</ele><time>2026-06-08T12:50:30.000Z</time><extensions><gpxtpx:TrackPointExtension><gpxtpx:hr>130</gpxtpx:hr></gpxtpx:TrackPointExtension></extensions></trkpt>
      <trkpt lat="49.299125" lon="-122.73425"><ele>174.8</ele><time>2026-06-08T12:50:31.000Z</time><extensions><gpxtpx:TrackPointExtension><gpxtpx:hr>131</gpxtpx:hr></gpxtpx:TrackPointExtension></extensions></trkpt>
      <trkpt lat="49.299099" lon="-122.734269"><ele>174.4</ele><time>2026-06-08T12:50:32.000Z</time><extensions><gpxtpx:TrackPointExtension><gpxtpx:hr>132</gpxtpx:hr></gpxtpx:TrackPointExtension></extensions></trkpt>
      <trkpt lat="49.299063" lon="-122.734303"><ele>173.8</ele><time>2026-06-08T12:50:33.000Z</time><extensions><gpxtpx:TrackPointExtension><gpxtpx:hr>132</gpxtpx:hr></gpxtpx:TrackPointExtension></extensions></trkpt>
      <trkpt lat="49.299038" lon="-122.73431"><ele>173.4</ele><time>2026-06-08T12:50:34.000Z</time><extensions><gpxtpx:TrackPointExtension><gpxtpx:hr>132</gpxtpx:hr></gpxtpx:TrackPointExtension></extensions></trkpt>
      <trkpt lat="49.299002" lon="-122.734319"><ele>173</ele><time>2026-06-08T12:50:35.000Z</time><extensions><gpxtpx:TrackPointExtension><gpxtpx:hr>132</gpxtpx:hr></gpxtpx:TrackPointExtension></extensions></trkpt>
      <trkpt lat="49.298973" lon="-122.734334"><ele>172.6</ele><time>2026-06-08T12:50:36.000Z</time><extensions><gpxtpx:TrackPointExtension><gpxtpx:hr>131</gpxtpx:hr></gpxtpx:TrackPointExtension></extensions></trkpt>
      <trkpt lat="49.298947" lon="-122.734338"><ele>172.2</ele><time>2026-06-08T12:50:37.000Z</time><extensions><gpxtpx:TrackPointExtension><gpxtpx:hr>131</gpxtpx:hr></gpxtpx:TrackPointExtension></extensions></trkpt>
      <trkpt lat="49.298917" lon="-122.734355"><ele>171.8</ele><time>2026-06-08T12:50:38.000Z</time><extensions><gpxtpx:TrackPointExtension><gpxtpx:hr>131</gpxtpx:hr></gpxtpx:TrackPointExtension></extensions></trkpt>
      <trkpt lat="49.298894" lon="-122.734361"><ele>171.4</ele><time>2026-06-08T12:50:39.000Z</time><extensions><gpxtpx:TrackPointExtension><gpxtpx:hr>131</gpxtpx:hr></gpxtpx:TrackPointExtension></extensions></trkpt>
      <trkpt lat="49.29886" lon="-122.734374"><ele>171.2</ele><time>2026-06-08T12:50:40.000Z</time><extensions><gpxtpx:TrackPointExtension><gpxtpx:hr>131</gpxtpx:hr></gpxtpx:TrackPointExtension></extensions></trkpt>
      <trkpt lat="49.298831" lon="-122.734389"><ele>171</ele><time>2026-06-08T12:50:41.000Z</time><extensions><gpxtpx:TrackPointExtension><gpxtpx:hr>131</gpxtpx:hr></gpxtpx:TrackPointExtension></extensions></trkpt>
      <trkpt lat="49.298803" lon="-122.734389"><ele>170.8</ele><time>2026-06-08T12:50:42.000Z</time><extensions><gpxtpx:TrackPointExtension><gpxtpx:hr>131</gpxtpx:hr></gpxtpx:TrackPointExtension></extensions></trkpt>
      <trkpt lat="49.298771" lon="-122.734397"><ele>170.6</ele><time>2026-06-08T12:50:43.000Z</time><extensions><gpxtpx:TrackPointExtension><gpxtpx:hr>131</gpxtpx:hr></gpxtpx:TrackPointExtension></extensions></trkpt>
      <trkpt lat="49.29875" lon="-122.734393"><ele>170.4</ele><time>2026-06-08T12:50:44.000Z</time><extensions><gpxtpx:TrackPointExtension><gpxtpx:hr>131</gpxtpx:hr></gpxtpx:TrackPointExtension></extensions></trkpt>
      <trkpt lat="49.298719" lon="-122.734386"><ele>170.2</ele><time>2026-06-08T12:50:45.000Z</time><extensions><gpxtpx:TrackPointExtension><gpxtpx:hr>131</gpxtpx:hr></gpxtpx:TrackPointExtension></extensions></trkpt>
      <trkpt lat="49.298692" lon="-122.734384"><ele>170</ele><time>2026-06-08T12:50:46.000Z</time><extensions><gpxtpx:TrackPointExtension><gpxtpx:hr>131</gpxtpx:hr></gpxtpx:TrackPointExtension></extensions></trkpt>
      <trkpt lat="49.298665" lon="-122.73438"><ele>169.8</ele><time>2026-06-08T12:50:47.000Z</time><extensions><gpxtpx:TrackPointExtension><gpxtpx:hr>131</gpxtpx:hr></gpxtpx:TrackPointExtension></extensions></trkpt>
      <trkpt lat="49.298634" lon="-122.734396"><ele>169.8</ele><time>2026-06-08T12:50:48.000Z</time><extensions><gpxtpx:TrackPointExtension><gpxtpx:hr>131</gpxtpx:hr></gpxtpx:TrackPointExtension></extensions></trkpt>
      <trkpt lat="49.298607" lon="-122.734409"><ele>169.6</ele><time>2026-06-08T12:50:49.000Z</time><extensions><gpxtpx:TrackPointExtension><gpxtpx:hr>132</gpxtpx:hr></gpxtpx:TrackPointExtension></extensions></trkpt>
      <trkpt lat="49.29859" lon="-122.734449"><ele>169.6</ele><time>2026-06-08T12:50:50.000Z</time><extensions><gpxtpx:TrackPointExtension><gpxtpx:hr>132</gpxtpx:hr></gpxtpx:TrackPointExtension></extensions></trkpt>
      <trkpt lat="49.298588" lon="-122.734497"><ele>169.6</ele><time>2026-06-08T12:50:51.000Z</time><extensions><gpxtpx:TrackPointExtension><gpxtpx:hr>132</gpxtpx:hr></gpxtpx:TrackPointExtension></extensions></trkpt>
      <trkpt lat="49.298582" lon="-122.734543"><ele>169.6</ele><time>2026-06-08T12:50:52.000Z</time><extensions><gpxtpx:TrackPointExtension><gpxtpx:hr>132</gpxtpx:hr></gpxtpx:TrackPointExtension></extensions></trkpt>
      <trkpt lat="49.298586" lon="-122.734594"><ele>169.4</ele><time>2026-06-08T12:50:53.000Z</time><extensions><gpxtpx:TrackPointExtension><gpxtpx:hr>132</gpxtpx:hr></gpxtpx:TrackPointExtension></extensions></trkpt>
      <trkpt lat="49.298585" lon="-122.73464"><ele>169.6</ele><time>2026-06-08T12:50:54.000Z</time><extensions><gpxtpx:TrackPointExtension><gpxtpx:hr>133</gpxtpx:hr></gpxtpx:TrackPointExtension></extensions></trkpt>
      <trkpt lat="49.298577" lon="-122.73468"><ele>169.6</ele><time>2026-06-08T12:50:55.000Z</time><extensions><gpxtpx:TrackPointExtension><gpxtpx:hr>133</gpxtpx:hr></gpxtpx:TrackPointExtension></extensions></trkpt>
      <trkpt lat="49.298569" lon="-122.73473"><ele>169.8</ele><time>2026-06-08T12:50:56.000Z</time><extensions><gpxtpx:TrackPointExtension><gpxtpx:hr>134</gpxtpx:hr></gpxtpx:TrackPointExtension></extensions></trkpt>
      <trkpt lat="49.298561" lon="-122.734769"><ele>170.2</ele><time>2026-06-08T12:50:57.000Z</time><extensions><gpxtpx:TrackPointExtension><gpxtpx:hr>134</gpxtpx:hr></gpxtpx:TrackPointExtension></extensions></trkpt>
      <trkpt lat="49.298553" lon="-122.73481"><ele>170.6</ele><time>2026-06-08T12:50:58.000Z</time><extensions><gpxtpx:TrackPointExtension><gpxtpx:hr>135</gpxtpx:hr></gpxtpx:TrackPointExtension></extensions></trkpt>
      <trkpt lat="49.298544" lon="-122.734848"><ele>170.8</ele><time>2026-06-08T12:50:59.000Z</time><extensions><gpxtpx:TrackPointExtension><gpxtpx:hr>135</gpxtpx:hr></gpxtpx:TrackPointExtension></extensions></trkpt>
      <trkpt lat="49.29853" lon="-122.734872"><ele>171.2</ele><time>2026-06-08T12:51:00.000Z</time><extensions><gpxtpx:TrackPointExtension><gpxtpx:hr>136</gpxtpx:hr></gpxtpx:TrackPointExtension></extensions></trkpt>
      <trkpt lat="49.298523" lon="-122.734908"><ele>171.4</ele><time>2026-06-08T12:51:01.000Z</time><extensions><gpxtpx:TrackPointExtension><gpxtpx:hr>136</gpxtpx:hr></gpxtpx:TrackPointExtension></extensions></trkpt>
      <trkpt lat="49.298518" lon="-122.734939"><ele>171.6</ele><time>2026-06-08T12:51:02.000Z</time><extensions><gpxtpx:TrackPointExtension><gpxtpx:hr>137</gpxtpx:hr></gpxtpx:TrackPointExtension></extensions></trkpt>
      <trkpt lat="49.298509" lon="-122.734966"><ele>171.8</ele><time>2026-06-08T12:51:03.000Z</time><extensions><gpxtpx:TrackPointExtension><gpxtpx:hr>137</gpxtpx:hr></gpxtpx:TrackPointExtension></extensions></trkpt>
      <trkpt lat="49.298503" lon="-122.735"><ele>172</ele><time>2026-06-08T12:51:04.000Z</time><extensions><gpxtpx:TrackPointExtension><gpxtpx:hr>138</gpxtpx:hr></gpxtpx:TrackPointExtension></extensions></trkpt>
      <trkpt lat="49.298501" lon="-122.735027"><ele>172.2</ele><time>2026-06-08T12:51:05.000Z</time><extensions><gpxtpx:TrackPointExtension><gpxtpx:hr>139</gpxtpx:hr></gpxtpx:TrackPointExtension></extensions></trkpt>
      <trkpt lat="49.298493" lon="-122.735057"><ele>172.4</ele><time>2026-06-08T12:51:06.000Z</time><extensions><gpxtpx:TrackPointExtension><gpxtpx:hr>140</gpxtpx:hr></gpxtpx:TrackPointExtension></extensions></trkpt>
      <trkpt lat="49.298482" lon="-122.735091"><ele>172.6</ele><time>2026-06-08T12:51:07.000Z</time><extensions><gpxtpx:TrackPointExtension><gpxtpx:hr>140</gpxtpx:hr></gpxtpx:TrackPointExtension></extensions></trkpt>
      <trkpt lat="49.298474" lon="-122.735118"><ele>172.8</ele><time>2026-06-08T12:51:08.000Z</time><extensions><gpxtpx:TrackPointExtension><gpxtpx:hr>142</gpxtpx:hr></gpxtpx:TrackPointExtension></extensions></trkpt>
      <trkpt lat="49.298463" lon="-122.735145"><ele>173</ele><time>2026-06-08T12:51:09.000Z</time><extensions><gpxtpx:TrackPointExtension><gpxtpx:hr>142</gpxtpx:hr></gpxtpx:TrackPointExtension></extensions></trkpt>
      <trkpt lat="49.298453" lon="-122.735176"><ele>173.2</ele><time>2026-06-08T12:51:10.000Z</time><extensions><gpxtpx:TrackPointExtension><gpxtpx:hr>142</gpxtpx:hr></gpxtpx:TrackPointExtension></extensions></trkpt>
      <trkpt lat="49.298446" lon="-122.735198"><ele>173.4</ele><time>2026-06-08T12:51:11.000Z</time><extensions><gpxtpx:TrackPointExtension><gpxtpx:hr>143</gpxtpx:hr></gpxtpx:TrackPointExtension></extensions></trkpt>
      <trkpt lat="49.298438" lon="-122.735227"><ele>173.8</ele><time>2026-06-08T12:51:12.000Z</time><extensions><gpxtpx:TrackPointExtension><gpxtpx:hr>143</gpxtpx:hr></gpxtpx:TrackPointExtension></extensions></trkpt>
      <trkpt lat="49.298433" lon="-122.735254"><ele>174</ele><time>2026-06-08T12:51:13.000Z</time><extensions><gpxtpx:TrackPointExtension><gpxtpx:hr>142</gpxtpx:hr></gpxtpx:TrackPointExtension></extensions></trkpt>
      <trkpt lat="49.298427" lon="-122.735276"><ele>174.2</ele><time>2026-06-08T12:51:14.000Z</time><extensions><gpxtpx:TrackPointExtension><gpxtpx:hr>143</gpxtpx:hr></gpxtpx:TrackPointExtension></extensions></trkpt>
      <trkpt lat="49.298418" lon="-122.735306"><ele>174.4</ele><time>2026-06-08T12:51:15.000Z</time><extensions><gpxtpx:TrackPointExtension><gpxtpx:hr>143</gpxtpx:hr></gpxtpx:TrackPointExtension></extensions></trkpt>
      <trkpt lat="49.298409" lon="-122.735339"><ele>174.6</ele><time>2026-06-08T12:51:16.000Z</time><extensions><gpxtpx:TrackPointExtension><gpxtpx:hr>143</gpxtpx:hr></gpxtpx:TrackPointExtension></extensions></trkpt>
      <trkpt lat="49.298395" lon="-122.735363"><ele>174.6</ele><time>2026-06-08T12:51:17.000Z</time><extensions><gpxtpx:TrackPointExtension><gpxtpx:hr>143</gpxtpx:hr></gpxtpx:TrackPointExtension></extensions></trkpt>
      <trkpt lat="49.298386" lon="-122.735396"><ele>174.8</ele><time>2026-06-08T12:51:18.000Z</time><extensions><gpxtpx:TrackPointExtension><gpxtpx:hr>144</gpxtpx:hr></gpxtpx:TrackPointExtension></extensions></trkpt>
      <trkpt lat="49.298379" lon="-122.735427"><ele>175</ele><time>2026-06-08T12:51:19.000Z</time><extensions><gpxtpx:TrackPointExtension><gpxtpx:hr>144</gpxtpx:hr></gpxtpx:TrackPointExtension></extensions></trkpt>
      <trkpt lat="49.298367" lon="-122.73545"><ele>175</ele><time>2026-06-08T12:51:20.000Z</time><extensions><gpxtpx:TrackPointExtension><gpxtpx:hr>144</gpxtpx:hr></gpxtpx:TrackPointExtension></extensions></trkpt>
      <trkpt lat="49.298359" lon="-122.735481"><ele>175.2</ele><time>2026-06-08T12:51:21.000Z</time><extensions><gpxtpx:TrackPointExtension><gpxtpx:hr>145</gpxtpx:hr></gpxtpx:TrackPointExtension></extensions></trkpt>
      <trkpt lat="49.298352" lon="-122.735508"><ele>175.4</ele><time>2026-06-08T12:51:22.000Z</time><extensions><gpxtpx:TrackPointExtension><gpxtpx:hr>145</gpxtpx:hr></gpxtpx:TrackPointExtension></extensions></trkpt>
      <trkpt lat="49.298342" lon="-122.735526"><ele>175.6</ele><time>2026-06-08T12:51:23.000Z</time><extensions><gpxtpx:TrackPointExtension><gpxtpx:hr>145</gpxtpx:hr></gpxtpx:TrackPointExtension></extensions></trkpt>
      <trkpt lat="49.298333" lon="-122.735555"><ele>175.8</ele><time>2026-06-08T12:51:24.000Z</time><extensions><gpxtpx:TrackPointExtension><gpxtpx:hr>146</gpxtpx:hr></gpxtpx:TrackPointExtension></extensions></trkpt>
      <trkpt lat="49.298327" lon="-122.73558"><ele>176</ele><time>2026-06-08T12:51:25.000Z</time><extensions><gpxtpx:TrackPointExtension><gpxtpx:hr>146</gpxtpx:hr></gpxtpx:TrackPointExtension></extensions></trkpt>
      <trkpt lat="49.298318" lon="-122.735607"><ele>176.2</ele><time>2026-06-08T12:51:26.000Z</time><extensions><gpxtpx:TrackPointExtension><gpxtpx:hr>146</gpxtpx:hr></gpxtpx:TrackPointExtension></extensions></trkpt>
      <trkpt lat="49.298312" lon="-122.735644"><ele>176.4</ele><time>2026-06-08T12:51:27.000Z</time><extensions><gpxtpx:TrackPointExtension><gpxtpx:hr>147</gpxtpx:hr></gpxtpx:TrackPointExtension></extensions></trkpt>
      <trkpt lat="49.298309" lon="-122.735674"><ele>176.6</ele><time>2026-06-08T12:51:28.000Z</time><extensions><gpxtpx:TrackPointExtension><gpxtpx:hr>147</gpxtpx:hr></gpxtpx:TrackPointExtension></extensions></trkpt>
      <trkpt lat="49.298299" lon="-122.735702"><ele>176.8</ele><time>2026-06-08T12:51:29.000Z</time><extensions><gpxtpx:TrackPointExtension><gpxtpx:hr>147</gpxtpx:hr></gpxtpx:TrackPointExtension></extensions></trkpt>
      <trkpt lat="49.298293" lon="-122.735738"><ele>177</ele><time>2026-06-08T12:51:30.000Z</time><extensions><gpxtpx:TrackPointExtension><gpxtpx:hr>148</gpxtpx:hr></gpxtpx:TrackPointExtension></extensions></trkpt>
      <trkpt lat="49.298282" lon="-122.735768"><ele>177.2</ele><time>2026-06-08T12:51:31.000Z</time><extensions><gpxtpx:TrackPointExtension><gpxtpx:hr>148</gpxtpx:hr></gpxtpx:TrackPointExtension></extensions></trkpt>
      <trkpt lat="49.298273" lon="-122.735802"><ele>177.4</ele><time>2026-06-08T12:51:32.000Z</time><extensions><gpxtpx:TrackPointExtension><gpxtpx:hr>148</gpxtpx:hr></gpxtpx:TrackPointExtension></extensions></trkpt>
      <trkpt lat="49.298262" lon="-122.735834"><ele>177.6</ele><time>2026-06-08T12:51:33.000Z</time><extensions><gpxtpx:TrackPointExtension><gpxtpx:hr>148</gpxtpx:hr></gpxtpx:TrackPointExtension></extensions></trkpt>
      <trkpt lat="49.298248" lon="-122.735858"><ele>177.8</ele><time>2026-06-08T12:51:34.000Z</time><extensions><gpxtpx:TrackPointExtension><gpxtpx:hr>148</gpxtpx:hr></gpxtpx:TrackPointExtension></extensions></trkpt>
      <trkpt lat="49.29824" lon="-122.735891"><ele>178</ele><time>2026-06-08T12:51:35.000Z</time><extensions><gpxtpx:TrackPointExtension><gpxtpx:hr>149</gpxtpx:hr></gpxtpx:TrackPointExtension></extensions></trkpt>
      <trkpt lat="49.29823" lon="-122.735925"><ele>178.2</ele><time>2026-06-08T12:51:36.000Z</time><extensions><gpxtpx:TrackPointExtension><gpxtpx:hr>149</gpxtpx:hr></gpxtpx:TrackPointExtension></extensions></trkpt>
      <trkpt lat="49.298221" lon="-122.735959"><ele>178.2</ele><time>2026-06-08T12:51:37.000Z</time><extensions><gpxtpx:TrackPointExtension><gpxtpx:hr>149</gpxtpx:hr></gpxtpx:TrackPointExtension></extensions></trkpt>
      <trkpt lat="49.298212" lon="-122.736001"><ele>178.4</ele><time>2026-06-08T12:51:38.000Z</time><extensions><gpxtpx:TrackPointExtension><gpxtpx:hr>149</gpxtpx:hr></gpxtpx:TrackPointExtension></extensions></trkpt>
      <trkpt lat="49.298204" lon="-122.736035"><ele>178.4</ele><time>2026-06-08T12:51:39.000Z</time><extensions><gpxtpx:TrackPointExtension><gpxtpx:hr>150</gpxtpx:hr></gpxtpx:TrackPointExtension></extensions></trkpt>
      <trkpt lat="49.298198" lon="-122.736074"><ele>178.6</ele><time>2026-06-08T12:51:40.000Z</time><extensions><gpxtpx:TrackPointExtension><gpxtpx:hr>151</gpxtpx:hr></gpxtpx:TrackPointExtension></extensions></trkpt>
      <trkpt lat="49.29819" lon="-122.736114"><ele>178.6</ele><time>2026-06-08T12:51:41.000Z</time><extensions><gpxtpx:TrackPointExtension><gpxtpx:hr>151</gpxtpx:hr></gpxtpx:TrackPointExtension></extensions></trkpt>
      <trkpt lat="49.29818" lon="-122.736144"><ele>178.8</ele><time>2026-06-08T12:51:42.000Z</time><extensions><gpxtpx:TrackPointExtension><gpxtpx:hr>151</gpxtpx:hr></gpxtpx:TrackPointExtension></extensions></trkpt>
      <trkpt lat="49.298168" lon="-122.736187"><ele>179</ele><time>2026-06-08T12:51:43.000Z</time><extensions><gpxtpx:TrackPointExtension><gpxtpx:hr>152</gpxtpx:hr></gpxtpx:TrackPointExtension></extensions></trkpt>
      <trkpt lat="49.298158" lon="-122.736221"><ele>179</ele><time>2026-06-08T12:51:44.000Z</time><extensions><gpxtpx:TrackPointExtension><gpxtpx:hr>152</gpxtpx:hr></gpxtpx:TrackPointExtension></extensions></trkpt>
      <trkpt lat="49.298147" lon="-122.73626"><ele>179.2</ele><time>2026-06-08T12:51:45.000Z</time><extensions><gpxtpx:TrackPointExtension><gpxtpx:hr>153</gpxtpx:hr></gpxtpx:TrackPointExtension></extensions></trkpt>
      <trkpt lat="49.298133" lon="-122.736303"><ele>179.2</ele><time>2026-06-08T12:51:46.000Z</time><extensions><gpxtpx:TrackPointExtension><gpxtpx:hr>153</gpxtpx:hr></gpxtpx:TrackPointExtension></extensions></trkpt>
      <trkpt lat="49.298119" lon="-122.736335"><ele>179.2</ele><time>2026-06-08T12:51:47.000Z</time><extensions><gpxtpx:TrackPointExtension><gpxtpx:hr>154</gpxtpx:hr></gpxtpx:TrackPointExtension></extensions></trkpt>
      <trkpt lat="49.298108" lon="-122.736371"><ele>179.4</ele><time>2026-06-08T12:51:48.000Z</time><extensions><gpxtpx:TrackPointExtension><gpxtpx:hr>153</gpxtpx:hr></gpxtpx:TrackPointExtension></extensions></trkpt>
      <trkpt lat="49.298096" lon="-122.73641"><ele>179.4</ele><time>2026-06-08T12:51:49.000Z</time><extensions><gpxtpx:TrackPointExtension><gpxtpx:hr>153</gpxtpx:hr></gpxtpx:TrackPointExtension></extensions></trkpt>
      <trkpt lat="49.298082" lon="-122.736445"><ele>179.4</ele><time>2026-06-08T12:51:50.000Z</time><extensions><gpxtpx:TrackPointExtension><gpxtpx:hr>153</gpxtpx:hr></gpxtpx:TrackPointExtension></extensions></trkpt>
      <trkpt lat="49.298066" lon="-122.736488"><ele>179.4</ele><time>2026-06-08T12:51:51.000Z</time><extensions><gpxtpx:TrackPointExtension><gpxtpx:hr>153</gpxtpx:hr></gpxtpx:TrackPointExtension></extensions></trkpt>
      <trkpt lat="49.298061" lon="-122.736521"><ele>179.4</ele><time>2026-06-08T12:51:52.000Z</time><extensions><gpxtpx:TrackPointExtension><gpxtpx:hr>153</gpxtpx:hr></gpxtpx:TrackPointExtension></extensions></trkpt>
      <trkpt lat="49.298052" lon="-122.736563"><ele>179.6</ele><time>2026-06-08T12:51:53.000Z</time><extensions><gpxtpx:TrackPointExtension><gpxtpx:hr>153</gpxtpx:hr></gpxtpx:TrackPointExtension></extensions></trkpt>
      <trkpt lat="49.298038" lon="-122.736606"><ele>179.6</ele><time>2026-06-08T12:51:54.000Z</time><extensions><gpxtpx:TrackPointExtension><gpxtpx:hr>153</gpxtpx:hr></gpxtpx:TrackPointExtension></extensions></trkpt>
      <trkpt lat="49.298022" lon="-122.736635"><ele>179.8</ele><time>2026-06-08T12:51:55.000Z</time><extensions><gpxtpx:TrackPointExtension><gpxtpx:hr>153</gpxtpx:hr></gpxtpx:TrackPointExtension></extensions></trkpt>
      <trkpt lat="49.298009" lon="-122.736677"><ele>179.8</ele><time>2026-06-08T12:51:56.000Z</time><extensions><gpxtpx:TrackPointExtension><gpxtpx:hr>154</gpxtpx:hr></gpxtpx:TrackPointExtension></extensions></trkpt>
      <trkpt lat="49.297998" lon="-122.736714"><ele>179.8</ele><time>2026-06-08T12:51:57.000Z</time><extensions><gpxtpx:TrackPointExtension><gpxtpx:hr>154</gpxtpx:hr></gpxtpx:TrackPointExtension></extensions></trkpt>
      <trkpt lat="49.297984" lon="-122.736751"><ele>179.8</ele><time>2026-06-08T12:51:58.000Z</time><extensions><gpxtpx:TrackPointExtension><gpxtpx:hr>154</gpxtpx:hr></gpxtpx:TrackPointExtension></extensions></trkpt>
      <trkpt lat="49.297972" lon="-122.736798"><ele>179.8</ele><time>2026-06-08T12:51:59.000Z</time><extensions><gpxtpx:TrackPointExtension><gpxtpx:hr>154</gpxtpx:hr></gpxtpx:TrackPointExtension></extensions></trkpt>
      <trkpt lat="49.297956" lon="-122.736839"><ele>180</ele><time>2026-06-08T12:52:00.000Z</time><extensions><gpxtpx:TrackPointExtension><gpxtpx:hr>155</gpxtpx:hr></gpxtpx:TrackPointExtension></extensions></trkpt>
      <trkpt lat="49.297947" lon="-122.736886"><ele>180</ele><time>2026-06-08T12:52:01.000Z</time><extensions><gpxtpx:TrackPointExtension><gpxtpx:hr>155</gpxtpx:hr></gpxtpx:TrackPointExtension></extensions></trkpt>
      <trkpt lat="49.297938" lon="-122.736928"><ele>180.2</ele><time>2026-06-08T12:52:02.000Z</time><extensions><gpxtpx:TrackPointExtension><gpxtpx:hr>155</gpxtpx:hr></gpxtpx:TrackPointExtension></extensions></trkpt>
      <trkpt lat="49.297924" lon="-122.736966"><ele>180.2</ele><time>2026-06-08T12:52:03.000Z</time><extensions><gpxtpx:TrackPointExtension><gpxtpx:hr>155</gpxtpx:hr></gpxtpx:TrackPointExtension></extensions></trkpt>
      <trkpt lat="49.297915" lon="-122.737012"><ele>180.2</ele><time>2026-06-08T12:52:04.000Z</time><extensions><gpxtpx:TrackPointExtension><gpxtpx:hr>155</gpxtpx:hr></gpxtpx:TrackPointExtension></extensions></trkpt>
      <trkpt lat="49.297905" lon="-122.737048"><ele>180.4</ele><time>2026-06-08T12:52:05.000Z</time><extensions><gpxtpx:TrackPointExtension><gpxtpx:hr>155</gpxtpx:hr></gpxtpx:TrackPointExtension></extensions></trkpt>
      <trkpt lat="49.297902" lon="-122.737093"><ele>180.4</ele><time>2026-06-08T12:52:06.000Z</time><extensions><gpxtpx:TrackPointExtension><gpxtpx:hr>155</gpxtpx:hr></gpxtpx:TrackPointExtension></extensions></trkpt>
      <trkpt lat="49.297897" lon="-122.737138"><ele>180.6</ele><time>2026-06-08T12:52:07.000Z</time><extensions><gpxtpx:TrackPointExtension><gpxtpx:hr>155</gpxtpx:hr></gpxtpx:TrackPointExtension></extensions></trkpt>
      <trkpt lat="49.297889" lon="-122.737185"><ele>180.6</ele><time>2026-06-08T12:52:08.000Z</time><extensions><gpxtpx:TrackPointExtension><gpxtpx:hr>155</gpxtpx:hr></gpxtpx:TrackPointExtension></extensions></trkpt>
      <trkpt lat="49.297882" lon="-122.737235"><ele>180.6</ele><time>2026-06-08T12:52:09.000Z</time><extensions><gpxtpx:TrackPointExtension><gpxtpx:hr>155</gpxtpx:hr></gpxtpx:TrackPointExtension></extensions></trkpt>
      <trkpt lat="49.297878" lon="-122.737274"><ele>180.6</ele><time>2026-06-08T12:52:10.000Z</time><extensions><gpxtpx:TrackPointExtension><gpxtpx:hr>155</gpxtpx:hr></gpxtpx:TrackPointExtension></extensions></trkpt>
      <trkpt lat="49.297881" lon="-122.737324"><ele>180.6</ele><time>2026-06-08T12:52:11.000Z</time><extensions><gpxtpx:TrackPointExtension><gpxtpx:hr>156</gpxtpx:hr></gpxtpx:TrackPointExtension></extensions></trkpt>
      <trkpt lat="49.297881" lon="-122.737372"><ele>180.8</ele><time>2026-06-08T12:52:12.000Z</time><extensions><gpxtpx:TrackPointExtension><gpxtpx:hr>156</gpxtpx:hr></gpxtpx:TrackPointExtension></extensions></trkpt>
      <trkpt lat="49.297879" lon="-122.73742"><ele>180.8</ele><time>2026-06-08T12:52:13.000Z</time><extensions><gpxtpx:TrackPointExtension><gpxtpx:hr>156</gpxtpx:hr></gpxtpx:TrackPointExtension></extensions></trkpt>
      <trkpt lat="49.29788" lon="-122.737467"><ele>181</ele><time>2026-06-08T12:52:14.000Z</time><extensions><gpxtpx:TrackPointExtension><gpxtpx:hr>157</gpxtpx:hr></gpxtpx:TrackPointExtension></extensions></trkpt>
      <trkpt lat="49.297876" lon="-122.737509"><ele>181</ele><time>2026-06-08T12:52:15.000Z</time><extensions><gpxtpx:TrackPointExtension><gpxtpx:hr>157</gpxtpx:hr></gpxtpx:TrackPointExtension></extensions></trkpt>
      <trkpt lat="49.297876" lon="-122.737555"><ele>181.2</ele><time>2026-06-08T12:52:16.000Z</time><extensions><gpxtpx:TrackPointExtension><gpxtpx:hr>157</gpxtpx:hr></gpxtpx:TrackPointExtension></extensions></trkpt>
      <trkpt lat="49.297878" lon="-122.737606"><ele>181.2</ele><time>2026-06-08T12:52:17.000Z</time><extensions><gpxtpx:TrackPointExtension><gpxtpx:hr>157</gpxtpx:hr></gpxtpx:TrackPointExtension></extensions></trkpt>
      <trkpt lat="49.297874" lon="-122.737644"><ele>181.4</ele><time>2026-06-08T12:52:18.000Z</time><extensions><gpxtpx:TrackPointExtension><gpxtpx:hr>157</gpxtpx:hr></gpxtpx:TrackPointExtension></extensions></trkpt>
      <trkpt lat="49.297877" lon="-122.737697"><ele>181.4</ele><time>2026-06-08T12:52:19.000Z</time><extensions><gpxtpx:TrackPointExtension><gpxtpx:hr>157</gpxtpx:hr></gpxtpx:TrackPointExtension></extensions></trkpt>
      <trkpt lat="49.297875" lon="-122.73774"><ele>181.6</ele><time>2026-06-08T12:52:20.000Z</time><extensions><gpxtpx:TrackPointExtension><gpxtpx:hr>157</gpxtpx:hr></gpxtpx:TrackPointExtension></extensions></trkpt>
      <trkpt lat="49.297873" lon="-122.737781"><ele>181.6</ele><time>2026-06-08T12:52:21.000Z</time><extensions><gpxtpx:TrackPointExtension><gpxtpx:hr>158</gpxtpx:hr></gpxtpx:TrackPointExtension></extensions></trkpt>
      <trkpt lat="49.297876" lon="-122.737829"><ele>181.8</ele><time>2026-06-08T12:52:22.000Z</time><extensions><gpxtpx:TrackPointExtension><gpxtpx:hr>158</gpxtpx:hr></gpxtpx:TrackPointExtension></extensions></trkpt>
      <trkpt lat="49.297874" lon="-122.737871"><ele>182</ele><time>2026-06-08T12:52:23.000Z</time><extensions><gpxtpx:TrackPointExtension><gpxtpx:hr>158</gpxtpx:hr></gpxtpx:TrackPointExtension></extensions></trkpt>
      <trkpt lat="49.297876" lon="-122.737918"><ele>182.2</ele><time>2026-06-08T12:52:24.000Z</time><extensions><gpxtpx:TrackPointExtension><gpxtpx:hr>158</gpxtpx:hr></gpxtpx:TrackPointExtension></extensions></trkpt>
      <trkpt lat="49.297877" lon="-122.737963"><ele>182.4</ele><time>2026-06-08T12:52:25.000Z</time><extensions><gpxtpx:TrackPointExtension><gpxtpx:hr>159</gpxtpx:hr></gpxtpx:TrackPointExtension></extensions></trkpt>
      <trkpt lat="49.297875" lon="-122.738001"><ele>182.6</ele><time>2026-06-08T12:52:26.000Z</time><extensions><gpxtpx:TrackPointExtension><gpxtpx:hr>159</gpxtpx:hr></gpxtpx:TrackPointExtension></extensions></trkpt>
      <trkpt lat="49.297876" lon="-122.738049"><ele>182.8</ele><time>2026-06-08T12:52:27.000Z</time><extensions><gpxtpx:TrackPointExtension><gpxtpx:hr>159</gpxtpx:hr></gpxtpx:TrackPointExtension></extensions></trkpt>
      <trkpt lat="49.29788" lon="-122.738094"><ele>183</ele><time>2026-06-08T12:52:28.000Z</time><extensions><gpxtpx:TrackPointExtension><gpxtpx:hr>159</gpxtpx:hr></gpxtpx:TrackPointExtension></extensions></trkpt>
      <trkpt lat="49.297877" lon="-122.738125"><ele>183.2</ele><time>2026-06-08T12:52:29.000Z</time><extensions><gpxtpx:TrackPointExtension><gpxtpx:hr>159</gpxtpx:hr></gpxtpx:TrackPointExtension></extensions></trkpt>
      <trkpt lat="49.297875" lon="-122.738169"><ele>183.4</ele><time>2026-06-08T12:52:30.000Z</time><extensions><gpxtpx:TrackPointExtension><gpxtpx:hr>159</gpxtpx:hr></gpxtpx:TrackPointExtension></extensions></trkpt>
      <trkpt lat="49.297878" lon="-122.738216"><ele>183.8</ele><time>2026-06-08T12:52:31.000Z</time><extensions><gpxtpx:TrackPointExtension><gpxtpx:hr>159</gpxtpx:hr></gpxtpx:TrackPointExtension></extensions></trkpt>
      <trkpt lat="49.297873" lon="-122.738251"><ele>184</ele><time>2026-06-08T12:52:32.000Z</time><extensions><gpxtpx:TrackPointExtension><gpxtpx:hr>159</gpxtpx:hr></gpxtpx:TrackPointExtension></extensions></trkpt>
      <trkpt lat="49.297875" lon="-122.73829"><ele>184.2</ele><time>2026-06-08T12:52:33.000Z</time><extensions><gpxtpx:TrackPointExtension><gpxtpx:hr>159</gpxtpx:hr></gpxtpx:TrackPointExtension></extensions></trkpt>
      <trkpt lat="49.29788" lon="-122.738334"><ele>184.4</ele><time>2026-06-08T12:52:34.000Z</time><extensions><gpxtpx:TrackPointExtension><gpxtpx:hr>159</gpxtpx:hr></gpxtpx:TrackPointExtension></extensions></trkpt>
      <trkpt lat="49.297881" lon="-122.738374"><ele>184.6</ele><time>2026-06-08T12:52:35.000Z</time><extensions><gpxtpx:TrackPointExtension><gpxtpx:hr>160</gpxtpx:hr></gpxtpx:TrackPointExtension></extensions></trkpt>
      <trkpt lat="49.297883" lon="-122.738416"><ele>184.8</ele><time>2026-06-08T12:52:36.000Z</time><extensions><gpxtpx:TrackPointExtension><gpxtpx:hr>160</gpxtpx:hr></gpxtpx:TrackPointExtension></extensions></trkpt>
      <trkpt lat="49.29788" lon="-122.738458"><ele>184.8</ele><time>2026-06-08T12:52:37.000Z</time><extensions><gpxtpx:TrackPointExtension><gpxtpx:hr>160</gpxtpx:hr></gpxtpx:TrackPointExtension></extensions></trkpt>
      <trkpt lat="49.297874" lon="-122.738495"><ele>185</ele><time>2026-06-08T12:52:38.000Z</time><extensions><gpxtpx:TrackPointExtension><gpxtpx:hr>160</gpxtpx:hr></gpxtpx:TrackPointExtension></extensions></trkpt>
      <trkpt lat="49.297877" lon="-122.738532"><ele>185.2</ele><time>2026-06-08T12:52:39.000Z</time><extensions><gpxtpx:TrackPointExtension><gpxtpx:hr>160</gpxtpx:hr></gpxtpx:TrackPointExtension></extensions></trkpt>
      <trkpt lat="49.297877" lon="-122.738563"><ele>185.4</ele><time>2026-06-08T12:52:40.000Z</time><extensions><gpxtpx:TrackPointExtension><gpxtpx:hr>160</gpxtpx:hr></gpxtpx:TrackPointExtension></extensions></trkpt>
      <trkpt lat="49.297871" lon="-122.738592"><ele>185.6</ele><time>2026-06-08T12:52:41.000Z</time><extensions><gpxtpx:TrackPointExtension><gpxtpx:hr>160</gpxtpx:hr></gpxtpx:TrackPointExtension></extensions></trkpt>
      <trkpt lat="49.297876" lon="-122.738628"><ele>185.8</ele><time>2026-06-08T12:52:42.000Z</time><extensions><gpxtpx:TrackPointExtension><gpxtpx:hr>160</gpxtpx:hr></gpxtpx:TrackPointExtension></extensions></trkpt>
      <trkpt lat="49.297876" lon="-122.738655"><ele>185.8</ele><time>2026-06-08T12:52:43.000Z</time><extensions><gpxtpx:TrackPointExtension><gpxtpx:hr>160</gpxtpx:hr></gpxtpx:TrackPointExtension></extensions></trkpt>
      <trkpt lat="49.297873" lon="-122.738686"><ele>186</ele><time>2026-06-08T12:52:44.000Z</time><extensions><gpxtpx:TrackPointExtension><gpxtpx:hr>160</gpxtpx:hr></gpxtpx:TrackPointExtension></extensions></trkpt>
      <trkpt lat="49.297874" lon="-122.738726"><ele>186.2</ele><time>2026-06-08T12:52:45.000Z</time><extensions><gpxtpx:TrackPointExtension><gpxtpx:hr>160</gpxtpx:hr></gpxtpx:TrackPointExtension></extensions></trkpt>
      <trkpt lat="49.297878" lon="-122.738756"><ele>186.4</ele><time>2026-06-08T12:52:46.000Z</time><extensions><gpxtpx:TrackPointExtension><gpxtpx:hr>160</gpxtpx:hr></gpxtpx:TrackPointExtension></extensions></trkpt>
      <trkpt lat="49.297875" lon="-122.738787"><ele>186.4</ele><time>2026-06-08T12:52:47.000Z</time><extensions><gpxtpx:TrackPointExtension><gpxtpx:hr>160</gpxtpx:hr></gpxtpx:TrackPointExtension></extensions></trkpt>
      <trkpt lat="49.297876" lon="-122.738825"><ele>186.6</ele><time>2026-06-08T12:52:48.000Z</time><extensions><gpxtpx:TrackPointExtension><gpxtpx:hr>160</gpxtpx:hr></gpxtpx:TrackPointExtension></extensions></trkpt>
      <trkpt lat="49.297877" lon="-122.738849"><ele>186.8</ele><time>2026-06-08T12:52:49.000Z</time><extensions><gpxtpx:TrackPointExtension><gpxtpx:hr>161</gpxtpx:hr></gpxtpx:TrackPointExtension></extensions></trkpt>
      <trkpt lat="49.297877" lon="-122.73888"><ele>187</ele><time>2026-06-08T12:52:50.000Z</time><extensions><gpxtpx:TrackPointExtension><gpxtpx:hr>161</gpxtpx:hr></gpxtpx:TrackPointExtension></extensions></trkpt>
      <trkpt lat="49.297876" lon="-122.738921"><ele>187.2</ele><time>2026-06-08T12:52:51.000Z</time><extensions><gpxtpx:TrackPointExtension><gpxtpx:hr>161</gpxtpx:hr></gpxtpx:TrackPointExtension></extensions></trkpt>
      <trkpt lat="49.297878" lon="-122.738954"><ele>187.4</ele><time>2026-06-08T12:52:52.000Z</time><extensions><gpxtpx:TrackPointExtension><gpxtpx:hr>161</gpxtpx:hr></gpxtpx:TrackPointExtension></extensions></trkpt>
      <trkpt lat="49.297882" lon="-122.738991"><ele>187.6</ele><time>2026-06-08T12:52:53.000Z</time><extensions><gpxtpx:TrackPointExtension><gpxtpx:hr>161</gpxtpx:hr></gpxtpx:TrackPointExtension></extensions></trkpt>
      <trkpt lat="49.297883" lon="-122.739031"><ele>187.8</ele><time>2026-06-08T12:52:54.000Z</time><extensions><gpxtpx:TrackPointExtension><gpxtpx:hr>161</gpxtpx:hr></gpxtpx:TrackPointExtension></extensions></trkpt>
      <trkpt lat="49.297881" lon="-122.739061"><ele>188</ele><time>2026-06-08T12:52:55.000Z</time><extensions><gpxtpx:TrackPointExtension><gpxtpx:hr>160</gpxtpx:hr></gpxtpx:TrackPointExtension></extensions></trkpt>
      <trkpt lat="49.297885" lon="-122.739096"><ele>188.2</ele><time>2026-06-08T12:52:56.000Z</time><extensions><gpxtpx:TrackPointExtension><gpxtpx:hr>160</gpxtpx:hr></gpxtpx:TrackPointExtension></extensions></trkpt>
      <trkpt lat="49.297885" lon="-122.739136"><ele>188.4</ele><time>2026-06-08T12:52:57.000Z</time><extensions><gpxtpx:TrackPointExtension><gpxtpx:hr>159</gpxtpx:hr></gpxtpx:TrackPointExtension></extensions></trkpt>
      <trkpt lat="49.297877" lon="-122.739164"><ele>188.6</ele><time>2026-06-08T12:52:58.000Z</time><extensions><gpxtpx:TrackPointExtension><gpxtpx:hr>159</gpxtpx:hr></gpxtpx:TrackPointExtension></extensions></trkpt>
      <trkpt lat="49.297879" lon="-122.739203"><ele>188.6</ele><time>2026-06-08T12:52:59.000Z</time><extensions><gpxtpx:TrackPointExtension><gpxtpx:hr>159</gpxtpx:hr></gpxtpx:TrackPointExtension></extensions></trkpt>
      <trkpt lat="49.297892" lon="-122.739237"><ele>188.6</ele><time>2026-06-08T12:53:00.000Z</time><extensions><gpxtpx:TrackPointExtension><gpxtpx:hr>159</gpxtpx:hr></gpxtpx:TrackPointExtension></extensions></trkpt>
      <trkpt lat="49.297889" lon="-122.739255"><ele>188.8</ele><time>2026-06-08T12:53:01.000Z</time><extensions><gpxtpx:TrackPointExtension><gpxtpx:hr>159</gpxtpx:hr></gpxtpx:TrackPointExtension></extensions></trkpt>
      <trkpt lat="49.297888" lon="-122.739288"><ele>188.8</ele><time>2026-06-08T12:53:02.000Z</time><extensions><gpxtpx:TrackPointExtension><gpxtpx:hr>159</gpxtpx:hr></gpxtpx:TrackPointExtension></extensions></trkpt>
      <trkpt lat="49.297889" lon="-122.739329"><ele>188.8</ele><time>2026-06-08T12:53:03.000Z</time><extensions><gpxtpx:TrackPointExtension><gpxtpx:hr>159</gpxtpx:hr></gpxtpx:TrackPointExtension></extensions></trkpt>
      <trkpt lat="49.297887" lon="-122.739362"><ele>188.8</ele><time>2026-06-08T12:53:04.000Z</time><extensions><gpxtpx:TrackPointExtension><gpxtpx:hr>159</gpxtpx:hr></gpxtpx:TrackPointExtension></extensions></trkpt>
      <trkpt lat="49.297886" lon="-122.739397"><ele>189</ele><time>2026-06-08T12:53:05.000Z</time><extensions><gpxtpx:TrackPointExtension><gpxtpx:hr>159</gpxtpx:hr></gpxtpx:TrackPointExtension></extensions></trkpt>
      <trkpt lat="49.29789" lon="-122.739438"><ele>189</ele><time>2026-06-08T12:53:06.000Z</time><extensions><gpxtpx:TrackPointExtension><gpxtpx:hr>159</gpxtpx:hr></gpxtpx:TrackPointExtension></extensions></trkpt>
      <trkpt lat="49.29789" lon="-122.739471"><ele>189.2</ele><time>2026-06-08T12:53:07.000Z</time><extensions><gpxtpx:TrackPointExtension><gpxtpx:hr>159</gpxtpx:hr></gpxtpx:TrackPointExtension></extensions></trkpt>
      <trkpt lat="49.297896" lon="-122.739508"><ele>189.4</ele><time>2026-06-08T12:53:08.000Z</time><extensions><gpxtpx:TrackPointExtension><gpxtpx:hr>159</gpxtpx:hr></gpxtpx:TrackPointExtension></extensions></trkpt>
      <trkpt lat="49.297898" lon="-122.739541"><ele>189.4</ele><time>2026-06-08T12:53:09.000Z</time><extensions><gpxtpx:TrackPointExtension><gpxtpx:hr>160</gpxtpx:hr></gpxtpx:TrackPointExtension></extensions></trkpt>
      <trkpt lat="49.297899" lon="-122.739576"><ele>189.4</ele><time>2026-06-08T12:53:10.000Z</time><extensions><gpxtpx:TrackPointExtension><gpxtpx:hr>160</gpxtpx:hr></gpxtpx:TrackPointExtension></extensions></trkpt>
      <trkpt lat="49.297899" lon="-122.739617"><ele>189.4</ele><time>2026-06-08T12:53:11.000Z</time><extensions><gpxtpx:TrackPointExtension><gpxtpx:hr>160</gpxtpx:hr></gpxtpx:TrackPointExtension></extensions></trkpt>
      <trkpt lat="49.297896" lon="-122.739646"><ele>189.4</ele><time>2026-06-08T12:53:12.000Z</time><extensions><gpxtpx:TrackPointExtension><gpxtpx:hr>160</gpxtpx:hr></gpxtpx:TrackPointExtension></extensions></trkpt>
      <trkpt lat="49.297897" lon="-122.739681"><ele>189.6</ele><time>2026-06-08T12:53:13.000Z</time><extensions><gpxtpx:TrackPointExtension><gpxtpx:hr>159</gpxtpx:hr></gpxtpx:TrackPointExtension></extensions></trkpt>
      <trkpt lat="49.297902" lon="-122.739716"><ele>189.6</ele><time>2026-06-08T12:53:14.000Z</time><extensions><gpxtpx:TrackPointExtension><gpxtpx:hr>159</gpxtpx:hr></gpxtpx:TrackPointExtension></extensions></trkpt>
      <trkpt lat="49.297902" lon="-122.739752"><ele>189.8</ele><time>2026-06-08T12:53:15.000Z</time><extensions><gpxtpx:TrackPointExtension><gpxtpx:hr>159</gpxtpx:hr></gpxtpx:TrackPointExtension></extensions></trkpt>
      <trkpt lat="49.297909" lon="-122.739793"><ele>189.8</ele><time>2026-06-08T12:53:16.000Z</time><extensions><gpxtpx:TrackPointExtension><gpxtpx:hr>159</gpxtpx:hr></gpxtpx:TrackPointExtension></extensions></trkpt>
      <trkpt lat="49.297906" lon="-122.73983"><ele>190</ele><time>2026-06-08T12:53:17.000Z</time><extensions><gpxtpx:TrackPointExtension><gpxtpx:hr>158</gpxtpx:hr></gpxtpx:TrackPointExtension></extensions></trkpt>
      <trkpt lat="49.297908" lon="-122.739871"><ele>190</ele><time>2026-06-08T12:53:18.000Z</time><extensions><gpxtpx:TrackPointExtension><gpxtpx:hr>158</gpxtpx:hr></gpxtpx:TrackPointExtension></extensions></trkpt>
      <trkpt lat="49.297909" lon="-122.739902"><ele>190.2</ele><time>2026-06-08T12:53:19.000Z</time><extensions><gpxtpx:TrackPointExtension><gpxtpx:hr>159</gpxtpx:hr></gpxtpx:TrackPointExtension></extensions></trkpt>
      <trkpt lat="49.297913" lon="-122.739942"><ele>190.2</ele><time>2026-06-08T12:53:20.000Z</time><extensions><gpxtpx:TrackPointExtension><gpxtpx:hr>159</gpxtpx:hr></gpxtpx:TrackPointExtension></extensions></trkpt>
      <trkpt lat="49.297917" lon="-122.739975"><ele>190.4</ele><time>2026-06-08T12:53:21.000Z</time><extensions><gpxtpx:TrackPointExtension><gpxtpx:hr>159</gpxtpx:hr></gpxtpx:TrackPointExtension></extensions></trkpt>
      <trkpt lat="49.29792" lon="-122.740008"><ele>190.4</ele><time>2026-06-08T12:53:22.000Z</time><extensions><gpxtpx:TrackPointExtension><gpxtpx:hr>160</gpxtpx:hr></gpxtpx:TrackPointExtension></extensions></trkpt>
      <trkpt lat="49.297921" lon="-122.740048"><ele>190.6</ele><time>2026-06-08T12:53:23.000Z</time><extensions><gpxtpx:TrackPointExtension><gpxtpx:hr>160</gpxtpx:hr></gpxtpx:TrackPointExtension></extensions></trkpt>
      <trkpt lat="49.297918" lon="-122.74008"><ele>190.6</ele><time>2026-06-08T12:53:24.000Z</time><extensions><gpxtpx:TrackPointExtension><gpxtpx:hr>160</gpxtpx:hr></gpxtpx:TrackPointExtension></extensions></trkpt>
      <trkpt lat="49.297918" lon="-122.740118"><ele>190.8</ele><time>2026-06-08T12:53:25.000Z</time><extensions><gpxtpx:TrackPointExtension><gpxtpx:hr>160</gpxtpx:hr></gpxtpx:TrackPointExtension></extensions></trkpt>
      <trkpt lat="49.297916" lon="-122.740152"><ele>190.8</ele><time>2026-06-08T12:53:26.000Z</time><extensions><gpxtpx:TrackPointExtension><gpxtpx:hr>161</gpxtpx:hr></gpxtpx:TrackPointExtension></extensions></trkpt>
      <trkpt lat="49.297917" lon="-122.740192"><ele>190.8</ele><time>2026-06-08T12:53:27.000Z</time><extensions><gpxtpx:TrackPointExtension><gpxtpx:hr>161</gpxtpx:hr></gpxtpx:TrackPointExtension></extensions></trkpt>
      <trkpt lat="49.297919" lon="-122.740227"><ele>190.8</ele><time>2026-06-08T12:53:28.000Z</time><extensions><gpxtpx:TrackPointExtension><gpxtpx:hr>160</gpxtpx:hr></gpxtpx:TrackPointExtension></extensions></trkpt>
      <trkpt lat="49.29792" lon="-122.740262"><ele>191</ele><time>2026-06-08T12:53:29.000Z</time><extensions><gpxtpx:TrackPointExtension><gpxtpx:hr>160</gpxtpx:hr></gpxtpx:TrackPointExtension></extensions></trkpt>
      <trkpt lat="49.297922" lon="-122.740301"><ele>191</ele><time>2026-06-08T12:53:30.000Z</time><extensions><gpxtpx:TrackPointExtension><gpxtpx:hr>160</gpxtpx:hr></gpxtpx:TrackPointExtension></extensions></trkpt>
      <trkpt lat="49.297922" lon="-122.740333"><ele>191.2</ele><time>2026-06-08T12:53:31.000Z</time><extensions><gpxtpx:TrackPointExtension><gpxtpx:hr>158</gpxtpx:hr></gpxtpx:TrackPointExtension></extensions></trkpt>
      <trkpt lat="49.297924" lon="-122.740371"><ele>191.2</ele><time>2026-06-08T12:53:32.000Z</time><extensions><gpxtpx:TrackPointExtension><gpxtpx:hr>157</gpxtpx:hr></gpxtpx:TrackPointExtension></extensions></trkpt>
      <trkpt lat="49.297919" lon="-122.740406"><ele>191.2</ele><time>2026-06-08T12:53:33.000Z</time><extensions><gpxtpx:TrackPointExtension><gpxtpx:hr>156</gpxtpx:hr></gpxtpx:TrackPointExtension></extensions></trkpt>
      <trkpt lat="49.29792" lon="-122.740451"><ele>191.2</ele><time>2026-06-08T12:53:34.000Z</time><extensions><gpxtpx:TrackPointExtension><gpxtpx:hr>157</gpxtpx:hr></gpxtpx:TrackPointExtension></extensions></trkpt>
      <trkpt lat="49.297917" lon="-122.740487"><ele>191.2</ele><time>2026-06-08T12:53:35.000Z</time><extensions><gpxtpx:TrackPointExtension><gpxtpx:hr>157</gpxtpx:hr></gpxtpx:TrackPointExtension></extensions></trkpt>
      <trkpt lat="49.29792" lon="-122.740529"><ele>191.2</ele><time>2026-06-08T12:53:36.000Z</time><extensions><gpxtpx:TrackPointExtension><gpxtpx:hr>157</gpxtpx:hr></gpxtpx:TrackPointExtension></extensions></trkpt>
      <trkpt lat="49.297921" lon="-122.740573"><ele>191</ele><time>2026-06-08T12:53:37.000Z</time><extensions><gpxtpx:TrackPointExtension><gpxtpx:hr>157</gpxtpx:hr></gpxtpx:TrackPointExtension></extensions></trkpt>
      <trkpt lat="49.29792" lon="-122.740616"><ele>191</ele><time>2026-06-08T12:53:38.000Z</time><extensions><gpxtpx:TrackPointExtension><gpxtpx:hr>157</gpxtpx:hr></gpxtpx:TrackPointExtension></extensions></trkpt>
      <trkpt lat="49.297918" lon="-122.740669"><ele>191</ele><time>2026-06-08T12:53:39.000Z</time><extensions><gpxtpx:TrackPointExtension><gpxtpx:hr>157</gpxtpx:hr></gpxtpx:TrackPointExtension></extensions></trkpt>
      <trkpt lat="49.297917" lon="-122.74071"><ele>191</ele><time>2026-06-08T12:53:40.000Z</time><extensions><gpxtpx:TrackPointExtension><gpxtpx:hr>157</gpxtpx:hr></gpxtpx:TrackPointExtension></extensions></trkpt>
      <trkpt lat="49.297919" lon="-122.74076"><ele>191</ele><time>2026-06-08T12:53:41.000Z</time><extensions><gpxtpx:TrackPointExtension><gpxtpx:hr>157</gpxtpx:hr></gpxtpx:TrackPointExtension></extensions></trkpt>
      <trkpt lat="49.297921" lon="-122.7408"><ele>191</ele><time>2026-06-08T12:53:42.000Z</time><extensions><gpxtpx:TrackPointExtension><gpxtpx:hr>157</gpxtpx:hr></gpxtpx:TrackPointExtension></extensions></trkpt>
      <trkpt lat="49.297917" lon="-122.740848"><ele>191</ele><time>2026-06-08T12:53:43.000Z</time><extensions><gpxtpx:TrackPointExtension><gpxtpx:hr>156</gpxtpx:hr></gpxtpx:TrackPointExtension></extensions></trkpt>
      <trkpt lat="49.297917" lon="-122.740897"><ele>191</ele><time>2026-06-08T12:53:44.000Z</time><extensions><gpxtpx:TrackPointExtension><gpxtpx:hr>156</gpxtpx:hr></gpxtpx:TrackPointExtension></extensions></trkpt>
      <trkpt lat="49.297908" lon="-122.74094"><ele>190.8</ele><time>2026-06-08T12:53:45.000Z</time><extensions><gpxtpx:TrackPointExtension><gpxtpx:hr>156</gpxtpx:hr></gpxtpx:TrackPointExtension></extensions></trkpt>
      <trkpt lat="49.297905" lon="-122.740991"><ele>190.6</ele><time>2026-06-08T12:53:46.000Z</time><extensions><gpxtpx:TrackPointExtension><gpxtpx:hr>156</gpxtpx:hr></gpxtpx:TrackPointExtension></extensions></trkpt>
      <trkpt lat="49.297902" lon="-122.741031"><ele>190.6</ele><time>2026-06-08T12:53:47.000Z</time><extensions><gpxtpx:TrackPointExtension><gpxtpx:hr>155</gpxtpx:hr></gpxtpx:TrackPointExtension></extensions></trkpt>
      <trkpt lat="49.297905" lon="-122.741085"><ele>190.6</ele><time>2026-06-08T12:53:48.000Z</time><extensions><gpxtpx:TrackPointExtension><gpxtpx:hr>155</gpxtpx:hr></gpxtpx:TrackPointExtension></extensions></trkpt>
      <trkpt lat="49.297908" lon="-122.741128"><ele>190.4</ele><time>2026-06-08T12:53:49.000Z</time><extensions><gpxtpx:TrackPointExtension><gpxtpx:hr>156</gpxtpx:hr></gpxtpx:TrackPointExtension></extensions></trkpt>
      <trkpt lat="49.29791" lon="-122.741173"><ele>190.4</ele><time>2026-06-08T12:53:50.000Z</time><extensions><gpxtpx:TrackPointExtension><gpxtpx:hr>155</gpxtpx:hr></gpxtpx:TrackPointExtension></extensions></trkpt>
      <trkpt lat="49.297911" lon="-122.741219"><ele>190.2</ele><time>2026-06-08T12:53:51.000Z</time><extensions><gpxtpx:TrackPointExtension><gpxtpx:hr>155</gpxtpx:hr></gpxtpx:TrackPointExtension></extensions></trkpt>
      <trkpt lat="49.297904" lon="-122.741264"><ele>190.2</ele><time>2026-06-08T12:53:52.000Z</time><extensions><gpxtpx:TrackPointExtension><gpxtpx:hr>156</gpxtpx:hr></gpxtpx:TrackPointExtension></extensions></trkpt>
      <trkpt lat="49.297907" lon="-122.741319"><ele>190.2</ele><time>2026-06-08T12:53:53.000Z</time><extensions><gpxtpx:TrackPointExtension><gpxtpx:hr>156</gpxtpx:hr></gpxtpx:TrackPointExtension></extensions></trkpt>
      <trkpt lat="49.297906" lon="-122.741358"><ele>190.2</ele><time>2026-06-08T12:53:54.000Z</time><extensions><gpxtpx:TrackPointExtension><gpxtpx:hr>155</gpxtpx:hr></gpxtpx:TrackPointExtension></extensions></trkpt>
      <trkpt lat="49.297911" lon="-122.741406"><ele>190</ele><time>2026-06-08T12:53:55.000Z</time><extensions><gpxtpx:TrackPointExtension><gpxtpx:hr>155</gpxtpx:hr></gpxtpx:TrackPointExtension></extensions></trkpt>
      <trkpt lat="49.297908" lon="-122.74145"><ele>190</ele><time>2026-06-08T12:53:56.000Z</time><extensions><gpxtpx:TrackPointExtension><gpxtpx:hr>155</gpxtpx:hr></gpxtpx:TrackPointExtension></extensions></trkpt>
      <trkpt lat="49.297914" lon="-122.741497"><ele>190</ele><time>2026-06-08T12:53:57.000Z</time><extensions><gpxtpx:TrackPointExtension><gpxtpx:hr>155</gpxtpx:hr></gpxtpx:TrackPointExtension></extensions></trkpt>
      <trkpt lat="49.297918" lon="-122.741546"><ele>190</ele><time>2026-06-08T12:53:58.000Z</time><extensions><gpxtpx:TrackPointExtension><gpxtpx:hr>156</gpxtpx:hr></gpxtpx:TrackPointExtension></extensions></trkpt>
      <trkpt lat="49.297915" lon="-122.741585"><ele>190</ele><time>2026-06-08T12:53:59.000Z</time><extensions><gpxtpx:TrackPointExtension><gpxtpx:hr>156</gpxtpx:hr></gpxtpx:TrackPointExtension></extensions></trkpt>
      <trkpt lat="49.297914" lon="-122.741635"><ele>190</ele><time>2026-06-08T12:54:00.000Z</time><extensions><gpxtpx:TrackPointExtension><gpxtpx:hr>157</gpxtpx:hr></gpxtpx:TrackPointExtension></extensions></trkpt>
      <trkpt lat="49.297909" lon="-122.741667"><ele>190</ele><time>2026-06-08T12:54:01.000Z</time><extensions><gpxtpx:TrackPointExtension><gpxtpx:hr>157</gpxtpx:hr></gpxtpx:TrackPointExtension></extensions></trkpt>
      <trkpt lat="49.297911" lon="-122.74172"><ele>189.8</ele><time>2026-06-08T12:54:02.000Z</time><extensions><gpxtpx:TrackPointExtension><gpxtpx:hr>157</gpxtpx:hr></gpxtpx:TrackPointExtension></extensions></trkpt>
      <trkpt lat="49.297909" lon="-122.74176"><ele>189.8</ele><time>2026-06-08T12:54:03.000Z</time><extensions><gpxtpx:TrackPointExtension><gpxtpx:hr>157</gpxtpx:hr></gpxtpx:TrackPointExtension></extensions></trkpt>
      <trkpt lat="49.297909" lon="-122.741813"><ele>189.8</ele><time>2026-06-08T12:54:04.000Z</time><extensions><gpxtpx:TrackPointExtension><gpxtpx:hr>157</gpxtpx:hr></gpxtpx:TrackPointExtension></extensions></trkpt>
      <trkpt lat="49.297906" lon="-122.741849"><ele>189.8</ele><time>2026-06-08T12:54:05.000Z</time><extensions><gpxtpx:TrackPointExtension><gpxtpx:hr>157</gpxtpx:hr></gpxtpx:TrackPointExtension></extensions></trkpt>
      <trkpt lat="49.297909" lon="-122.741898"><ele>189.8</ele><time>2026-06-08T12:54:06.000Z</time><extensions><gpxtpx:TrackPointExtension><gpxtpx:hr>157</gpxtpx:hr></gpxtpx:TrackPointExtension></extensions></trkpt>
      <trkpt lat="49.297911" lon="-122.741937"><ele>189.8</ele><time>2026-06-08T12:54:07.000Z</time><extensions><gpxtpx:TrackPointExtension><gpxtpx:hr>157</gpxtpx:hr></gpxtpx:TrackPointExtension></extensions></trkpt>
      <trkpt lat="49.297913" lon="-122.741982"><ele>189.8</ele><time>2026-06-08T12:54:08.000Z</time><extensions><gpxtpx:TrackPointExtension><gpxtpx:hr>157</gpxtpx:hr></gpxtpx:TrackPointExtension></extensions></trkpt>
      <trkpt lat="49.297913" lon="-122.742028"><ele>189.8</ele><time>2026-06-08T12:54:09.000Z</time><extensions><gpxtpx:TrackPointExtension><gpxtpx:hr>157</gpxtpx:hr></gpxtpx:TrackPointExtension></extensions></trkpt>
      <trkpt lat="49.297912" lon="-122.742075"><ele>189.8</ele><time>2026-06-08T12:54:10.000Z</time><extensions><gpxtpx:TrackPointExtension><gpxtpx:hr>156</gpxtpx:hr></gpxtpx:TrackPointExtension></extensions></trkpt>
      <trkpt lat="49.297919" lon="-122.742122"><ele>189.6</ele><time>2026-06-08T12:54:11.000Z</time><extensions><gpxtpx:TrackPointExtension><gpxtpx:hr>156</gpxtpx:hr></gpxtpx:TrackPointExtension></extensions></trkpt>
      <trkpt lat="49.297924" lon="-122.74216"><ele>189.6</ele><time>2026-06-08T12:54:12.000Z</time><extensions><gpxtpx:TrackPointExtension><gpxtpx:hr>156</gpxtpx:hr></gpxtpx:TrackPointExtension></extensions></trkpt>
      <trkpt lat="49.297922" lon="-122.742205"><ele>189.6</ele><time>2026-06-08T12:54:13.000Z</time><extensions><gpxtpx:TrackPointExtension><gpxtpx:hr>155</gpxtpx:hr></gpxtpx:TrackPointExtension></extensions></trkpt>
      <trkpt lat="49.29792" lon="-122.742244"><ele>189.6</ele><time>2026-06-08T12:54:14.000Z</time><extensions><gpxtpx:TrackPointExtension><gpxtpx:hr>155</gpxtpx:hr></gpxtpx:TrackPointExtension></extensions></trkpt>
      <trkpt lat="49.297919" lon="-122.742294"><ele>189.6</ele><time>2026-06-08T12:54:15.000Z</time><extensions><gpxtpx:TrackPointExtension><gpxtpx:hr>155</gpxtpx:hr></gpxtpx:TrackPointExtension></extensions></trkpt>
      <trkpt lat="49.29792" lon="-122.742343"><ele>189.4</ele><time>2026-06-08T12:54:16.000Z</time><extensions><gpxtpx:TrackPointExtension><gpxtpx:hr>154</gpxtpx:hr></gpxtpx:TrackPointExtension></extensions></trkpt>
      <trkpt lat="49.297922" lon="-122.742397"><ele>189.4</ele><time>2026-06-08T12:54:17.000Z</time><extensions><gpxtpx:TrackPointExtension><gpxtpx:hr>154</gpxtpx:hr></gpxtpx:TrackPointExtension></extensions></trkpt>
      <trkpt lat="49.297922" lon="-122.742447"><ele>189.4</ele><time>2026-06-08T12:54:18.000Z</time><extensions><gpxtpx:TrackPointExtension><gpxtpx:hr>154</gpxtpx:hr></gpxtpx:TrackPointExtension></extensions></trkpt>
      <trkpt lat="49.297926" lon="-122.742502"><ele>189.4</ele><time>2026-06-08T12:54:19.000Z</time><extensions><gpxtpx:TrackPointExtension><gpxtpx:hr>153</gpxtpx:hr></gpxtpx:TrackPointExtension></extensions></trkpt>
      <trkpt lat="49.297927" lon="-122.742551"><ele>189.4</ele><time>2026-06-08T12:54:20.000Z</time><extensions><gpxtpx:TrackPointExtension><gpxtpx:hr>153</gpxtpx:hr></gpxtpx:TrackPointExtension></extensions></trkpt>
      <trkpt lat="49.297928" lon="-122.742592"><ele>189.4</ele><time>2026-06-08T12:54:21.000Z</time><extensions><gpxtpx:TrackPointExtension><gpxtpx:hr>153</gpxtpx:hr></gpxtpx:TrackPointExtension></extensions></trkpt>
      <trkpt lat="49.297931" lon="-122.742637"><ele>189.4</ele><time>2026-06-08T12:54:22.000Z</time><extensions><gpxtpx:TrackPointExtension><gpxtpx:hr>153</gpxtpx:hr></gpxtpx:TrackPointExtension></extensions></trkpt>
      <trkpt lat="49.297933" lon="-122.742679"><ele>189.4</ele><time>2026-06-08T12:54:23.000Z</time><extensions><gpxtpx:TrackPointExtension><gpxtpx:hr>153</gpxtpx:hr></gpxtpx:TrackPointExtension></extensions></trkpt>
      <trkpt lat="49.297932" lon="-122.742726"><ele>189.4</ele><time>2026-06-08T12:54:24.000Z</time><extensions><gpxtpx:TrackPointExtension><gpxtpx:hr>153</gpxtpx:hr></gpxtpx:TrackPointExtension></extensions></trkpt>
      <trkpt lat="49.29793" lon="-122.74277"><ele>189.4</ele><time>2026-06-08T12:54:25.000Z</time><extensions><gpxtpx:TrackPointExtension><gpxtpx:hr>154</gpxtpx:hr></gpxtpx:TrackPointExtension></extensions></trkpt>
      <trkpt lat="49.297926" lon="-122.74282"><ele>189.2</ele><time>2026-06-08T12:54:26.000Z</time><extensions><gpxtpx:TrackPointExtension><gpxtpx:hr>154</gpxtpx:hr></gpxtpx:TrackPointExtension></extensions></trkpt>
      <trkpt lat="49.297921" lon="-122.742862"><ele>189.2</ele><time>2026-06-08T12:54:27.000Z</time><extensions><gpxtpx:TrackPointExtension><gpxtpx:hr>154</gpxtpx:hr></gpxtpx:TrackPointExtension></extensions></trkpt>
      <trkpt lat="49.297923" lon="-122.742911"><ele>189.2</ele><time>2026-06-08T12:54:28.000Z</time><extensions><gpxtpx:TrackPointExtension><gpxtpx:hr>155</gpxtpx:hr></gpxtpx:TrackPointExtension></extensions></trkpt>
      <trkpt lat="49.29792" lon="-122.742952"><ele>189.2</ele><time>2026-06-08T12:54:29.000Z</time><extensions><gpxtpx:TrackPointExtension><gpxtpx:hr>155</gpxtpx:hr></gpxtpx:TrackPointExtension></extensions></trkpt>
      <trkpt lat="49.29792" lon="-122.742995"><ele>189.2</ele><time>2026-06-08T12:54:30.000Z</time><extensions><gpxtpx:TrackPointExtension><gpxtpx:hr>155</gpxtpx:hr></gpxtpx:TrackPointExtension></extensions></trkpt>
      <trkpt lat="49.297913" lon="-122.743032"><ele>189.2</ele><time>2026-06-08T12:54:31.000Z</time><extensions><gpxtpx:TrackPointExtension><gpxtpx:hr>155</gpxtpx:hr></gpxtpx:TrackPointExtension></extensions></trkpt>
      <trkpt lat="49.297911" lon="-122.743077"><ele>189</ele><time>2026-06-08T12:54:32.000Z</time><extensions><gpxtpx:TrackPointExtension><gpxtpx:hr>155</gpxtpx:hr></gpxtpx:TrackPointExtension></extensions></trkpt>
      <trkpt lat="49.297913" lon="-122.743127"><ele>189</ele><time>2026-06-08T12:54:33.000Z</time><extensions><gpxtpx:TrackPointExtension><gpxtpx:hr>155</gpxtpx:hr></gpxtpx:TrackPointExtension></extensions></trkpt>
      <trkpt lat="49.29791" lon="-122.743164"><ele>188.8</ele><time>2026-06-08T12:54:34.000Z</time><extensions><gpxtpx:TrackPointExtension><gpxtpx:hr>155</gpxtpx:hr></gpxtpx:TrackPointExtension></extensions></trkpt>
      <trkpt lat="49.297915" lon="-122.743214"><ele>188.8</ele><time>2026-06-08T12:54:35.000Z</time><extensions><gpxtpx:TrackPointExtension><gpxtpx:hr>155</gpxtpx:hr></gpxtpx:TrackPointExtension></extensions></trkpt>
      <trkpt lat="49.297915" lon="-122.743252"><ele>188.8</ele><time>2026-06-08T12:54:36.000Z</time><extensions><gpxtpx:TrackPointExtension><gpxtpx:hr>155</gpxtpx:hr></gpxtpx:TrackPointExtension></extensions></trkpt>
      <trkpt lat="49.297914" lon="-122.743292"><ele>188.8</ele><time>2026-06-08T12:54:37.000Z</time><extensions><gpxtpx:TrackPointExtension><gpxtpx:hr>155</gpxtpx:hr></gpxtpx:TrackPointExtension></extensions></trkpt>
      <trkpt lat="49.297917" lon="-122.743339"><ele>188.8</ele><time>2026-06-08T12:54:38.000Z</time><extensions><gpxtpx:TrackPointExtension><gpxtpx:hr>155</gpxtpx:hr></gpxtpx:TrackPointExtension></extensions></trkpt>
      <trkpt lat="49.297913" lon="-122.743371"><ele>188.6</ele><time>2026-06-08T12:54:39.000Z</time><extensions><gpxtpx:TrackPointExtension><gpxtpx:hr>155</gpxtpx:hr></gpxtpx:TrackPointExtension></extensions></trkpt>
      <trkpt lat="49.297913" lon="-122.743417"><ele>188.6</ele><time>2026-06-08T12:54:40.000Z</time><extensions><gpxtpx:TrackPointExtension><gpxtpx:hr>155</gpxtpx:hr></gpxtpx:TrackPointExtension></extensions></trkpt>
      <trkpt lat="49.297904" lon="-122.74346"><ele>188.4</ele><time>2026-06-08T12:54:41.000Z</time><extensions><gpxtpx:TrackPointExtension><gpxtpx:hr>155</gpxtpx:hr></gpxtpx:TrackPointExtension></extensions></trkpt>
      <trkpt lat="49.2979" lon="-122.743502"><ele>188.4</ele><time>2026-06-08T12:54:42.000Z</time><extensions><gpxtpx:TrackPointExtension><gpxtpx:hr>155</gpxtpx:hr></gpxtpx:TrackPointExtension></extensions></trkpt>
      <trkpt lat="49.297902" lon="-122.74355"><ele>188.2</ele><time>2026-06-08T12:54:43.000Z</time><extensions><gpxtpx:TrackPointExtension><gpxtpx:hr>155</gpxtpx:hr></gpxtpx:TrackPointExtension></extensions></trkpt>
      <trkpt lat="49.297897" lon="-122.743581"><ele>188.2</ele><time>2026-06-08T12:54:44.000Z</time><extensions><gpxtpx:TrackPointExtension><gpxtpx:hr>155</gpxtpx:hr></gpxtpx:TrackPointExtension></extensions></trkpt>
      <trkpt lat="49.297894" lon="-122.743625"><ele>188</ele><time>2026-06-08T12:54:45.000Z</time><extensions><gpxtpx:TrackPointExtension><gpxtpx:hr>155</gpxtpx:hr></gpxtpx:TrackPointExtension></extensions></trkpt>
      <trkpt lat="49.297889" lon="-122.743668"><ele>187.8</ele><time>2026-06-08T12:54:46.000Z</time><extensions><gpxtpx:TrackPointExtension><gpxtpx:hr>154</gpxtpx:hr></gpxtpx:TrackPointExtension></extensions></trkpt>
      <trkpt lat="49.297883" lon="-122.74369"><ele>187.6</ele><time>2026-06-08T12:54:47.000Z</time><extensions><gpxtpx:TrackPointExtension><gpxtpx:hr>154</gpxtpx:hr></gpxtpx:TrackPointExtension></extensions></trkpt>
      <trkpt lat="49.297875" lon="-122.743737"><ele>187.6</ele><time>2026-06-08T12:54:48.000Z</time><extensions><gpxtpx:TrackPointExtension><gpxtpx:hr>154</gpxtpx:hr></gpxtpx:TrackPointExtension></extensions></trkpt>
      <trkpt lat="49.297865" lon="-122.743768"><ele>187.4</ele><time>2026-06-08T12:54:49.000Z</time><extensions><gpxtpx:TrackPointExtension><gpxtpx:hr>154</gpxtpx:hr></gpxtpx:TrackPointExtension></extensions></trkpt>
      <trkpt lat="49.29785" lon="-122.743806"><ele>187.2</ele><time>2026-06-08T12:54:50.000Z</time><extensions><gpxtpx:TrackPointExtension><gpxtpx:hr>155</gpxtpx:hr></gpxtpx:TrackPointExtension></extensions></trkpt>
      <trkpt lat="49.297845" lon="-122.743855"><ele>187</ele><time>2026-06-08T12:54:51.000Z</time><extensions><gpxtpx:TrackPointExtension><gpxtpx:hr>155</gpxtpx:hr></gpxtpx:TrackPointExtension></extensions></trkpt>
      <trkpt lat="49.297841" lon="-122.743883"><ele>186.8</ele><time>2026-06-08T12:54:52.000Z</time><extensions><gpxtpx:TrackPointExtension><gpxtpx:hr>155</gpxtpx:hr></gpxtpx:TrackPointExtension></extensions></trkpt>
      <trkpt lat="49.297838" lon="-122.743935"><ele>186.6</ele><time>2026-06-08T12:54:53.000Z</time><extensions><gpxtpx:TrackPointExtension><gpxtpx:hr>155</gpxtpx:hr></gpxtpx:TrackPointExtension></extensions></trkpt>
      <trkpt lat="49.297833" lon="-122.743979"><ele>186.2</ele><time>2026-06-08T12:54:54.000Z</time><extensions><gpxtpx:TrackPointExtension><gpxtpx:hr>155</gpxtpx:hr></gpxtpx:TrackPointExtension></extensions></trkpt>
      <trkpt lat="49.297825" lon="-122.744025"><ele>185.8</ele><time>2026-06-08T12:54:55.000Z</time><extensions><gpxtpx:TrackPointExtension><gpxtpx:hr>155</gpxtpx:hr></gpxtpx:TrackPointExtension></extensions></trkpt>
      <trkpt lat="49.297818" lon="-122.744068"><ele>185.4</ele><time>2026-06-08T12:54:56.000Z</time><extensions><gpxtpx:TrackPointExtension><gpxtpx:hr>155</gpxtpx:hr></gpxtpx:TrackPointExtension></extensions></trkpt>
      <trkpt lat="49.297809" lon="-122.744102"><ele>185</ele><time>2026-06-08T12:54:57.000Z</time><extensions><gpxtpx:TrackPointExtension><gpxtpx:hr>155</gpxtpx:hr></gpxtpx:TrackPointExtension></extensions></trkpt>
      <trkpt lat="49.297805" lon="-122.744146"><ele>184.6</ele><time>2026-06-08T12:54:58.000Z</time><extensions><gpxtpx:TrackPointExtension><gpxtpx:hr>155</gpxtpx:hr></gpxtpx:TrackPointExtension></extensions></trkpt>
      <trkpt lat="49.297801" lon="-122.744188"><ele>184.4</ele><time>2026-06-08T12:54:59.000Z</time><extensions><gpxtpx:TrackPointExtension><gpxtpx:hr>154</gpxtpx:hr></gpxtpx:TrackPointExtension></extensions></trkpt>
      <trkpt lat="49.297798" lon="-122.744231"><ele>184.4</ele><time>2026-06-08T12:55:00.000Z</time><extensions><gpxtpx:TrackPointExtension><gpxtpx:hr>155</gpxtpx:hr></gpxtpx:TrackPointExtension></extensions></trkpt>
      <trkpt lat="49.297795" lon="-122.744284"><ele>184.2</ele><time>2026-06-08T12:55:01.000Z</time><extensions><gpxtpx:TrackPointExtension><gpxtpx:hr>155</gpxtpx:hr></gpxtpx:TrackPointExtension></extensions></trkpt>
      <trkpt lat="49.297785" lon="-122.744325"><ele>184</ele><time>2026-06-08T12:55:02.000Z</time><extensions><gpxtpx:TrackPointExtension><gpxtpx:hr>155</gpxtpx:hr></gpxtpx:TrackPointExtension></extensions></trkpt>
      <trkpt lat="49.297772" lon="-122.74438"><ele>183.8</ele><time>2026-06-08T12:55:03.000Z</time><extensions><gpxtpx:TrackPointExtension><gpxtpx:hr>155</gpxtpx:hr></gpxtpx:TrackPointExtension></extensions></trkpt>
      <trkpt lat="49.297761" lon="-122.744425"><ele>183.4</ele><time>2026-06-08T12:55:04.000Z</time><extensions><gpxtpx:TrackPointExtension><gpxtpx:hr>154</gpxtpx:hr></gpxtpx:TrackPointExtension></extensions></trkpt>
      <trkpt lat="49.297741" lon="-122.744465"><ele>183</ele><time>2026-06-08T12:55:05.000Z</time><extensions><gpxtpx:TrackPointExtension><gpxtpx:hr>153</gpxtpx:hr></gpxtpx:TrackPointExtension></extensions></trkpt>
      <trkpt lat="49.297716" lon="-122.744516"><ele>182.6</ele><time>2026-06-08T12:55:06.000Z</time><extensions><gpxtpx:TrackPointExtension><gpxtpx:hr>152</gpxtpx:hr></gpxtpx:TrackPointExtension></extensions></trkpt>
      <trkpt lat="49.297699" lon="-122.744553"><ele>182.4</ele><time>2026-06-08T12:55:07.000Z</time><extensions><gpxtpx:TrackPointExtension><gpxtpx:hr>151</gpxtpx:hr></gpxtpx:TrackPointExtension></extensions></trkpt>
      <trkpt lat="49.29768" lon="-122.74461"><ele>182</ele><time>2026-06-08T12:55:08.000Z</time><extensions><gpxtpx:TrackPointExtension><gpxtpx:hr>151</gpxtpx:hr></gpxtpx:TrackPointExtension></extensions></trkpt>
      <trkpt lat="49.29766" lon="-122.744657"><ele>181.8</ele><time>2026-06-08T12:55:09.000Z</time><extensions><gpxtpx:TrackPointExtension><gpxtpx:hr>151</gpxtpx:hr></gpxtpx:TrackPointExtension></extensions></trkpt>
      <trkpt lat="49.297641" lon="-122.744707"><ele>181.4</ele><time>2026-06-08T12:55:10.000Z</time><extensions><gpxtpx:TrackPointExtension><gpxtpx:hr>151</gpxtpx:hr></gpxtpx:TrackPointExtension></extensions></trkpt>
      <trkpt lat="49.297625" lon="-122.744763"><ele>181</ele><time>2026-06-08T12:55:11.000Z</time><extensions><gpxtpx:TrackPointExtension><gpxtpx:hr>150</gpxtpx:hr></gpxtpx:TrackPointExtension></extensions></trkpt>
      <trkpt lat="49.297611" lon="-122.744799"><ele>180.8</ele><time>2026-06-08T12:55:12.000Z</time><extensions><gpxtpx:TrackPointExtension><gpxtpx:hr>151</gpxtpx:hr></gpxtpx:TrackPointExtension></extensions></trkpt>
      <trkpt lat="49.2976" lon="-122.744855"><ele>180.4</ele><time>2026-06-08T12:55:13.000Z</time><extensions><gpxtpx:TrackPointExtension><gpxtpx:hr>151</gpxtpx:hr></gpxtpx:TrackPointExtension></extensions></trkpt>
      <trkpt lat="49.297602" lon="-122.74491"><ele>180.2</ele><time>2026-06-08T12:55:14.000Z</time><extensions><gpxtpx:TrackPointExtension><gpxtpx:hr>151</gpxtpx:hr></gpxtpx:TrackPointExtension></extensions></trkpt>
      <trkpt lat="49.297606" lon="-122.744954"><ele>180.2</ele><time>2026-06-08T12:55:15.000Z</time><extensions><gpxtpx:TrackPointExtension><gpxtpx:hr>151</gpxtpx:hr></gpxtpx:TrackPointExtension></extensions></trkpt>
      <trkpt lat="49.297623" lon="-122.745007"><ele>180</ele><time>2026-06-08T12:55:16.000Z</time><extensions><gpxtpx:TrackPointExtension><gpxtpx:hr>151</gpxtpx:hr></gpxtpx:TrackPointExtension></extensions></trkpt>
      <trkpt lat="49.297637" lon="-122.745051"><ele>180</ele><time>2026-06-08T12:55:17.000Z</time><extensions><gpxtpx:TrackPointExtension><gpxtpx:hr>151</gpxtpx:hr></gpxtpx:TrackPointExtension></extensions></trkpt>
      <trkpt lat="49.29765" lon="-122.745084"><ele>180.2</ele><time>2026-06-08T12:55:18.000Z</time><extensions><gpxtpx:TrackPointExtension><gpxtpx:hr>151</gpxtpx:hr></gpxtpx:TrackPointExtension></extensions></trkpt>
      <trkpt lat="49.297677" lon="-122.745123"><ele>180.4</ele><time>2026-06-08T12:55:19.000Z</time><extensions><gpxtpx:TrackPointExtension><gpxtpx:hr>152</gpxtpx:hr></gpxtpx:TrackPointExtension></extensions></trkpt>
      <trkpt lat="49.297697" lon="-122.74516"><ele>180.6</ele><time>2026-06-08T12:55:20.000Z</time><extensions><gpxtpx:TrackPointExtension><gpxtpx:hr>152</gpxtpx:hr></gpxtpx:TrackPointExtension></extensions></trkpt>
      <trkpt lat="49.297714" lon="-122.745198"><ele>180.8</ele><time>2026-06-08T12:55:21.000Z</time><extensions><gpxtpx:TrackPointExtension><gpxtpx:hr>152</gpxtpx:hr></gpxtpx:TrackPointExtension></extensions></trkpt>
      <trkpt lat="49.297736" lon="-122.745239"><ele>181</ele><time>2026-06-08T12:55:22.000Z</time><extensions><gpxtpx:TrackPointExtension><gpxtpx:hr>152</gpxtpx:hr></gpxtpx:TrackPointExtension></extensions></trkpt>
      <trkpt lat="49.297757" lon="-122.745278"><ele>181</ele><time>2026-06-08T12:55:23.000Z</time><extensions><gpxtpx:TrackPointExtension><gpxtpx:hr>152</gpxtpx:hr></gpxtpx:TrackPointExtension></extensions></trkpt>
      <trkpt lat="49.297775" lon="-122.745314"><ele>181.2</ele><time>2026-06-08T12:55:24.000Z</time><extensions><gpxtpx:TrackPointExtension><gpxtpx:hr>153</gpxtpx:hr></gpxtpx:TrackPointExtension></extensions></trkpt>
      <trkpt lat="49.297802" lon="-122.745353"><ele>181.4</ele><time>2026-06-08T12:55:25.000Z</time><extensions><gpxtpx:TrackPointExtension><gpxtpx:hr>152</gpxtpx:hr></gpxtpx:TrackPointExtension></extensions></trkpt>
      <trkpt lat="49.29782" lon="-122.745387"><ele>181.4</ele><time>2026-06-08T12:55:26.000Z</time><extensions><gpxtpx:TrackPointExtension><gpxtpx:hr>152</gpxtpx:hr></gpxtpx:TrackPointExtension></extensions></trkpt>
      <trkpt lat="49.29784" lon="-122.745416"><ele>181.6</ele><time>2026-06-08T12:55:27.000Z</time><extensions><gpxtpx:TrackPointExtension><gpxtpx:hr>152</gpxtpx:hr></gpxtpx:TrackPointExtension></extensions></trkpt>
      <trkpt lat="49.297863" lon="-122.745455"><ele>181.8</ele><time>2026-06-08T12:55:28.000Z</time><extensions><gpxtpx:TrackPointExtension><gpxtpx:hr>152</gpxtpx:hr></gpxtpx:TrackPointExtension></extensions></trkpt>
      <trkpt lat="49.297872" lon="-122.745488"><ele>182</ele><time>2026-06-08T12:55:29.000Z</time><extensions><gpxtpx:TrackPointExtension><gpxtpx:hr>152</gpxtpx:hr></gpxtpx:TrackPointExtension></extensions></trkpt>
      <trkpt lat="49.297884" lon="-122.745533"><ele>182.2</ele><time>2026-06-08T12:55:30.000Z</time><extensions><gpxtpx:TrackPointExtension><gpxtpx:hr>152</gpxtpx:hr></gpxtpx:TrackPointExtension></extensions></trkpt>
      <trkpt lat="49.297896" lon="-122.745572"><ele>182.6</ele><time>2026-06-08T12:55:31.000Z</time><extensions><gpxtpx:TrackPointExtension><gpxtpx:hr>152</gpxtpx:hr></gpxtpx:TrackPointExtension></extensions></trkpt>
      <trkpt lat="49.297908" lon="-122.745612"><ele>182.6</ele><time>2026-06-08T12:55:32.000Z</time><extensions><gpxtpx:TrackPointExtension><gpxtpx:hr>152</gpxtpx:hr></gpxtpx:TrackPointExtension></extensions></trkpt>
      <trkpt lat="49.297926" lon="-122.745655"><ele>182.8</ele><time>2026-06-08T12:55:33.000Z</time><extensions><gpxtpx:TrackPointExtension><gpxtpx:hr>152</gpxtpx:hr></gpxtpx:TrackPointExtension></extensions></trkpt>
      <trkpt lat="49.29794" lon="-122.745695"><ele>183</ele><time>2026-06-08T12:55:34.000Z</time><extensions><gpxtpx:TrackPointExtension><gpxtpx:hr>152</gpxtpx:hr></gpxtpx:TrackPointExtension></extensions></trkpt>
      <trkpt lat="49.297954" lon="-122.745737"><ele>183</ele><time>2026-06-08T12:55:35.000Z</time><extensions><gpxtpx:TrackPointExtension><gpxtpx:hr>153</gpxtpx:hr></gpxtpx:TrackPointExtension></extensions></trkpt>
      <trkpt lat="49.297966" lon="-122.745781"><ele>183.2</ele><time>2026-06-08T12:55:36.000Z</time><extensions><gpxtpx:TrackPointExtension><gpxtpx:hr>154</gpxtpx:hr></gpxtpx:TrackPointExtension></extensions></trkpt>
      <trkpt lat="49.297974" lon="-122.745819"><ele>183.2</ele><time>2026-06-08T12:55:37.000Z</time><extensions><gpxtpx:TrackPointExtension><gpxtpx:hr>155</gpxtpx:hr></gpxtpx:TrackPointExtension></extensions></trkpt>
      <trkpt lat="49.297987" lon="-122.745865"><ele>183.2</ele><time>2026-06-08T12:55:38.000Z</time><extensions><gpxtpx:TrackPointExtension><gpxtpx:hr>156</gpxtpx:hr></gpxtpx:TrackPointExtension></extensions></trkpt>
      <trkpt lat="49.297995" lon="-122.745905"><ele>183.2</ele><time>2026-06-08T12:55:39.000Z</time><extensions><gpxtpx:TrackPointExtension><gpxtpx:hr>157</gpxtpx:hr></gpxtpx:TrackPointExtension></extensions></trkpt>
      <trkpt lat="49.298004" lon="-122.745954"><ele>183.2</ele><time>2026-06-08T12:55:40.000Z</time><extensions><gpxtpx:TrackPointExtension><gpxtpx:hr>158</gpxtpx:hr></gpxtpx:TrackPointExtension></extensions></trkpt>
      <trkpt lat="49.298005" lon="-122.746"><ele>183.4</ele><time>2026-06-08T12:55:41.000Z</time><extensions><gpxtpx:TrackPointExtension><gpxtpx:hr>159</gpxtpx:hr></gpxtpx:TrackPointExtension></extensions></trkpt>
      <trkpt lat="49.298003" lon="-122.746047"><ele>183.4</ele><time>2026-06-08T12:55:42.000Z</time><extensions><gpxtpx:TrackPointExtension><gpxtpx:hr>159</gpxtpx:hr></gpxtpx:TrackPointExtension></extensions></trkpt>
      <trkpt lat="49.298006" lon="-122.746096"><ele>183.4</ele><time>2026-06-08T12:55:43.000Z</time><extensions><gpxtpx:TrackPointExtension><gpxtpx:hr>160</gpxtpx:hr></gpxtpx:TrackPointExtension></extensions></trkpt>
      <trkpt lat="49.298011" lon="-122.746136"><ele>183.4</ele><time>2026-06-08T12:55:44.000Z</time><extensions><gpxtpx:TrackPointExtension><gpxtpx:hr>161</gpxtpx:hr></gpxtpx:TrackPointExtension></extensions></trkpt>
      <trkpt lat="49.298016" lon="-122.746183"><ele>183.6</ele><time>2026-06-08T12:55:45.000Z</time><extensions><gpxtpx:TrackPointExtension><gpxtpx:hr>161</gpxtpx:hr></gpxtpx:TrackPointExtension></extensions></trkpt>
      <trkpt lat="49.298024" lon="-122.74623"><ele>183.4</ele><time>2026-06-08T12:55:46.000Z</time><extensions><gpxtpx:TrackPointExtension><gpxtpx:hr>160</gpxtpx:hr></gpxtpx:TrackPointExtension></extensions></trkpt>
      <trkpt lat="49.298026" lon="-122.746278"><ele>183.6</ele><time>2026-06-08T12:55:47.000Z</time><extensions><gpxtpx:TrackPointExtension><gpxtpx:hr>161</gpxtpx:hr></gpxtpx:TrackPointExtension></extensions></trkpt>
      <trkpt lat="49.29803" lon="-122.746326"><ele>183.6</ele><time>2026-06-08T12:55:48.000Z</time><extensions><gpxtpx:TrackPointExtension><gpxtpx:hr>161</gpxtpx:hr></gpxtpx:TrackPointExtension></extensions></trkpt>
      <trkpt lat="49.298027" lon="-122.746365"><ele>183.6</ele><time>2026-06-08T12:55:49.000Z</time><extensions><gpxtpx:TrackPointExtension><gpxtpx:hr>161</gpxtpx:hr></gpxtpx:TrackPointExtension></extensions></trkpt>
      <trkpt lat="49.298028" lon="-122.746408"><ele>183.6</ele><time>2026-06-08T12:55:50.000Z</time><extensions><gpxtpx:TrackPointExtension><gpxtpx:hr>161</gpxtpx:hr></gpxtpx:TrackPointExtension></extensions></trkpt>
      <trkpt lat="49.298028" lon="-122.746446"><ele>183.6</ele><time>2026-06-08T12:55:51.000Z</time><extensions><gpxtpx:TrackPointExtension><gpxtpx:hr>161</gpxtpx:hr></gpxtpx:TrackPointExtension></extensions></trkpt>
      <trkpt lat="49.298023" lon="-122.746485"><ele>183.6</ele><time>2026-06-08T12:55:52.000Z</time><extensions><gpxtpx:TrackPointExtension><gpxtpx:hr>161</gpxtpx:hr></gpxtpx:TrackPointExtension></extensions></trkpt>
      <trkpt lat="49.298027" lon="-122.746536"><ele>183.6</ele><time>2026-06-08T12:55:53.000Z</time><extensions><gpxtpx:TrackPointExtension><gpxtpx:hr>161</gpxtpx:hr></gpxtpx:TrackPointExtension></extensions></trkpt>
      <trkpt lat="49.298033" lon="-122.746579"><ele>183.6</ele><time>2026-06-08T12:55:54.000Z</time><extensions><gpxtpx:TrackPointExtension><gpxtpx:hr>161</gpxtpx:hr></gpxtpx:TrackPointExtension></extensions></trkpt>
      <trkpt lat="49.298038" lon="-122.74664"><ele>183.6</ele><time>2026-06-08T12:55:55.000Z</time><extensions><gpxtpx:TrackPointExtension><gpxtpx:hr>161</gpxtpx:hr></gpxtpx:TrackPointExtension></extensions></trkpt>
      <trkpt lat="49.298042" lon="-122.746681"><ele>183.6</ele><time>2026-06-08T12:55:56.000Z</time><extensions><gpxtpx:TrackPointExtension><gpxtpx:hr>161</gpxtpx:hr></gpxtpx:TrackPointExtension></extensions></trkpt>
      <trkpt lat="49.298049" lon="-122.746729"><ele>183.6</ele><time>2026-06-08T12:55:57.000Z</time><extensions><gpxtpx:TrackPointExtension><gpxtpx:hr>161</gpxtpx:hr></gpxtpx:TrackPointExtension></extensions></trkpt>
      <trkpt lat="49.298054" lon="-122.746789"><ele>183.6</ele><time>2026-06-08T12:55:58.000Z</time><extensions><gpxtpx:TrackPointExtension><gpxtpx:hr>161</gpxtpx:hr></gpxtpx:TrackPointExtension></extensions></trkpt>
      <trkpt lat="49.298054" lon="-122.746833"><ele>183.6</ele><time>2026-06-08T12:55:59.000Z</time><extensions><gpxtpx:TrackPointExtension><gpxtpx:hr>161</gpxtpx:hr></gpxtpx:TrackPointExtension></extensions></trkpt>
      <trkpt lat="49.298064" lon="-122.746884"><ele>183.6</ele><time>2026-06-08T12:56:00.000Z</time><extensions><gpxtpx:TrackPointExtension><gpxtpx:hr>160</gpxtpx:hr></gpxtpx:TrackPointExtension></extensions></trkpt>
      <trkpt lat="49.298065" lon="-122.746928"><ele>183.6</ele><time>2026-06-08T12:56:01.000Z</time><extensions><gpxtpx:TrackPointExtension><gpxtpx:hr>160</gpxtpx:hr></gpxtpx:TrackPointExtension></extensions></trkpt>
      <trkpt lat="49.298071" lon="-122.746972"><ele>183.6</ele><time>2026-06-08T12:56:02.000Z</time><extensions><gpxtpx:TrackPointExtension><gpxtpx:hr>160</gpxtpx:hr></gpxtpx:TrackPointExtension></extensions></trkpt>
      <trkpt lat="49.298077" lon="-122.747021"><ele>183.6</ele><time>2026-06-08T12:56:03.000Z</time><extensions><gpxtpx:TrackPointExtension><gpxtpx:hr>160</gpxtpx:hr></gpxtpx:TrackPointExtension></extensions></trkpt>
      <trkpt lat="49.298081" lon="-122.747063"><ele>183.4</ele><time>2026-06-08T12:56:04.000Z</time><extensions><gpxtpx:TrackPointExtension><gpxtpx:hr>160</gpxtpx:hr></gpxtpx:TrackPointExtension></extensions></trkpt>
      <trkpt lat="49.29809" lon="-122.747112"><ele>183.4</ele><time>2026-06-08T12:56:05.000Z</time><extensions><gpxtpx:TrackPointExtension><gpxtpx:hr>159</gpxtpx:hr></gpxtpx:TrackPointExtension></extensions></trkpt>
      <trkpt lat="49.298093" lon="-122.747156"><ele>183.4</ele><time>2026-06-08T12:56:06.000Z</time><extensions><gpxtpx:TrackPointExtension><gpxtpx:hr>159</gpxtpx:hr></gpxtpx:TrackPointExtension></extensions></trkpt>
      <trkpt lat="49.2981" lon="-122.7472"><ele>183.4</ele><time>2026-06-08T12:56:07.000Z</time><extensions><gpxtpx:TrackPointExtension><gpxtpx:hr>159</gpxtpx:hr></gpxtpx:TrackPointExtension></extensions></trkpt>
      <trkpt lat="49.298099" lon="-122.747245"><ele>183.4</ele><time>2026-06-08T12:56:08.000Z</time><extensions><gpxtpx:TrackPointExtension><gpxtpx:hr>159</gpxtpx:hr></gpxtpx:TrackPointExtension></extensions></trkpt>
      <trkpt lat="49.298104" lon="-122.747291"><ele>183.4</ele><time>2026-06-08T12:56:09.000Z</time><extensions><gpxtpx:TrackPointExtension><gpxtpx:hr>159</gpxtpx:hr></gpxtpx:TrackPointExtension></extensions></trkpt>
      <trkpt lat="49.298111" lon="-122.747337"><ele>183.2</ele><time>2026-06-08T12:56:10.000Z</time><extensions><gpxtpx:TrackPointExtension><gpxtpx:hr>159</gpxtpx:hr></gpxtpx:TrackPointExtension></extensions></trkpt>
      <trkpt lat="49.298113" lon="-122.747384"><ele>183.2</ele><time>2026-06-08T12:56:11.000Z</time><extensions><gpxtpx:TrackPointExtension><gpxtpx:hr>159</gpxtpx:hr></gpxtpx:TrackPointExtension></extensions></trkpt>
      <trkpt lat="49.298116" lon="-122.747434"><ele>183</ele><time>2026-06-08T12:56:12.000Z</time><extensions><gpxtpx:TrackPointExtension><gpxtpx:hr>160</gpxtpx:hr></gpxtpx:TrackPointExtension></extensions></trkpt>
      <trkpt lat="49.298115" lon="-122.747473"><ele>183</ele><time>2026-06-08T12:56:13.000Z</time><extensions><gpxtpx:TrackPointExtension><gpxtpx:hr>160</gpxtpx:hr></gpxtpx:TrackPointExtension></extensions></trkpt>
      <trkpt lat="49.298117" lon="-122.747523"><ele>182.8</ele><time>2026-06-08T12:56:14.000Z</time><extensions><gpxtpx:TrackPointExtension><gpxtpx:hr>160</gpxtpx:hr></gpxtpx:TrackPointExtension></extensions></trkpt>
      <trkpt lat="49.298117" lon="-122.747572"><ele>182.8</ele><time>2026-06-08T12:56:15.000Z</time><extensions><gpxtpx:TrackPointExtension><gpxtpx:hr>159</gpxtpx:hr></gpxtpx:TrackPointExtension></extensions></trkpt>
      <trkpt lat="49.298118" lon="-122.747621"><ele>182.8</ele><time>2026-06-08T12:56:16.000Z</time><extensions><gpxtpx:TrackPointExtension><gpxtpx:hr>160</gpxtpx:hr></gpxtpx:TrackPointExtension></extensions></trkpt>
      <trkpt lat="49.298129" lon="-122.747674"><ele>182.6</ele><time>2026-06-08T12:56:17.000Z</time><extensions><gpxtpx:TrackPointExtension><gpxtpx:hr>160</gpxtpx:hr></gpxtpx:TrackPointExtension></extensions></trkpt>
      <trkpt lat="49.298135" lon="-122.747719"><ele>182.6</ele><time>2026-06-08T12:56:18.000Z</time><extensions><gpxtpx:TrackPointExtension><gpxtpx:hr>159</gpxtpx:hr></gpxtpx:TrackPointExtension></extensions></trkpt>
      <trkpt lat="49.298147" lon="-122.747765"><ele>182.6</ele><time>2026-06-08T12:56:19.000Z</time><extensions><gpxtpx:TrackPointExtension><gpxtpx:hr>159</gpxtpx:hr></gpxtpx:TrackPointExtension></extensions></trkpt>
      <trkpt lat="49.298155" lon="-122.74782"><ele>182.6</ele><time>2026-06-08T12:56:20.000Z</time><extensions><gpxtpx:TrackPointExtension><gpxtpx:hr>159</gpxtpx:hr></gpxtpx:TrackPointExtension></extensions></trkpt>
      <trkpt lat="49.298155" lon="-122.747862"><ele>182.4</ele><time>2026-06-08T12:56:21.000Z</time><extensions><gpxtpx:TrackPointExtension><gpxtpx:hr>159</gpxtpx:hr></gpxtpx:TrackPointExtension></extensions></trkpt>
      <trkpt lat="49.298165" lon="-122.747915"><ele>182.4</ele><time>2026-06-08T12:56:22.000Z</time><extensions><gpxtpx:TrackPointExtension><gpxtpx:hr>159</gpxtpx:hr></gpxtpx:TrackPointExtension></extensions></trkpt>
      <trkpt lat="49.298171" lon="-122.747962"><ele>182.4</ele><time>2026-06-08T12:56:23.000Z</time><extensions><gpxtpx:TrackPointExtension><gpxtpx:hr>159</gpxtpx:hr></gpxtpx:TrackPointExtension></extensions></trkpt>
      <trkpt lat="49.298183" lon="-122.748011"><ele>182.4</ele><time>2026-06-08T12:56:24.000Z</time><extensions><gpxtpx:TrackPointExtension><gpxtpx:hr>159</gpxtpx:hr></gpxtpx:TrackPointExtension></extensions></trkpt>
      <trkpt lat="49.298194" lon="-122.748059"><ele>182.2</ele><time>2026-06-08T12:56:25.000Z</time><extensions><gpxtpx:TrackPointExtension><gpxtpx:hr>159</gpxtpx:hr></gpxtpx:TrackPointExtension></extensions></trkpt>
      <trkpt lat="49.298197" lon="-122.748106"><ele>182.2</ele><time>2026-06-08T12:56:26.000Z</time><extensions><gpxtpx:TrackPointExtension><gpxtpx:hr>159</gpxtpx:hr></gpxtpx:TrackPointExtension></extensions></trkpt>
      <trkpt lat="49.298206" lon="-122.748158"><ele>182.2</ele><time>2026-06-08T12:56:27.000Z</time><extensions><gpxtpx:TrackPointExtension><gpxtpx:hr>160</gpxtpx:hr></gpxtpx:TrackPointExtension></extensions></trkpt>
      <trkpt lat="49.298206" lon="-122.748201"><ele>182.2</ele><time>2026-06-08T12:56:28.000Z</time><extensions><gpxtpx:TrackPointExtension><gpxtpx:hr>160</gpxtpx:hr></gpxtpx:TrackPointExtension></extensions></trkpt>
      <trkpt lat="49.298212" lon="-122.748252"><ele>182</ele><time>2026-06-08T12:56:29.000Z</time><extensions><gpxtpx:TrackPointExtension><gpxtpx:hr>160</gpxtpx:hr></gpxtpx:TrackPointExtension></extensions></trkpt>
      <trkpt lat="49.298216" lon="-122.748299"><ele>182</ele><time>2026-06-08T12:56:30.000Z</time><extensions><gpxtpx:TrackPointExtension><gpxtpx:hr>160</gpxtpx:hr></gpxtpx:TrackPointExtension></extensions></trkpt>
      <trkpt lat="49.298222" lon="-122.748347"><ele>181.8</ele><time>2026-06-08T12:56:31.000Z</time><extensions><gpxtpx:TrackPointExtension><gpxtpx:hr>160</gpxtpx:hr></gpxtpx:TrackPointExtension></extensions></trkpt>
      <trkpt lat="49.29822" lon="-122.748395"><ele>181.8</ele><time>2026-06-08T12:56:32.000Z</time><extensions><gpxtpx:TrackPointExtension><gpxtpx:hr>160</gpxtpx:hr></gpxtpx:TrackPointExtension></extensions></trkpt>
      <trkpt lat="49.298222" lon="-122.748439"><ele>181.8</ele><time>2026-06-08T12:56:33.000Z</time><extensions><gpxtpx:TrackPointExtension><gpxtpx:hr>161</gpxtpx:hr></gpxtpx:TrackPointExtension></extensions></trkpt>
      <trkpt lat="49.298224" lon="-122.748489"><ele>181.6</ele><time>2026-06-08T12:56:34.000Z</time><extensions><gpxtpx:TrackPointExtension><gpxtpx:hr>161</gpxtpx:hr></gpxtpx:TrackPointExtension></extensions></trkpt>
      <trkpt lat="49.298216" lon="-122.748531"><ele>181.6</ele><time>2026-06-08T12:56:35.000Z</time><extensions><gpxtpx:TrackPointExtension><gpxtpx:hr>161</gpxtpx:hr></gpxtpx:TrackPointExtension></extensions></trkpt>
      <trkpt lat="49.298214" lon="-122.748577"><ele>181.6</ele><time>2026-06-08T12:56:36.000Z</time><extensions><gpxtpx:TrackPointExtension><gpxtpx:hr>161</gpxtpx:hr></gpxtpx:TrackPointExtension></extensions></trkpt>
      <trkpt lat="49.298205" lon="-122.748611"><ele>181.6</ele><time>2026-06-08T12:56:37.000Z</time><extensions><gpxtpx:TrackPointExtension><gpxtpx:hr>161</gpxtpx:hr></gpxtpx:TrackPointExtension></extensions></trkpt>
      <trkpt lat="49.2982" lon="-122.748654"><ele>181.6</ele><time>2026-06-08T12:56:38.000Z</time><extensions><gpxtpx:TrackPointExtension><gpxtpx:hr>161</gpxtpx:hr></gpxtpx:TrackPointExtension></extensions></trkpt>
      <trkpt lat="49.298195" lon="-122.748695"><ele>181.6</ele><time>2026-06-08T12:56:39.000Z</time><extensions><gpxtpx:TrackPointExtension><gpxtpx:hr>161</gpxtpx:hr></gpxtpx:TrackPointExtension></extensions></trkpt>
      <trkpt lat="49.298201" lon="-122.748736"><ele>181.6</ele><time>2026-06-08T12:56:40.000Z</time><extensions><gpxtpx:TrackPointExtension><gpxtpx:hr>161</gpxtpx:hr></gpxtpx:TrackPointExtension></extensions></trkpt>
      <trkpt lat="49.298203" lon="-122.748785"><ele>181.6</ele><time>2026-06-08T12:56:41.000Z</time><extensions><gpxtpx:TrackPointExtension><gpxtpx:hr>161</gpxtpx:hr></gpxtpx:TrackPointExtension></extensions></trkpt>
      <trkpt lat="49.298202" lon="-122.748829"><ele>181.6</ele><time>2026-06-08T12:56:42.000Z</time><extensions><gpxtpx:TrackPointExtension><gpxtpx:hr>161</gpxtpx:hr></gpxtpx:TrackPointExtension></extensions></trkpt>
      <trkpt lat="49.298206" lon="-122.748874"><ele>181.6</ele><time>2026-06-08T12:56:43.000Z</time><extensions><gpxtpx:TrackPointExtension><gpxtpx:hr>161</gpxtpx:hr></gpxtpx:TrackPointExtension></extensions></trkpt>
      <trkpt lat="49.298203" lon="-122.74891"><ele>181.4</ele><time>2026-06-08T12:56:44.000Z</time><extensions><gpxtpx:TrackPointExtension><gpxtpx:hr>161</gpxtpx:hr></gpxtpx:TrackPointExtension></extensions></trkpt>
      <trkpt lat="49.298206" lon="-122.748954"><ele>181.4</ele><time>2026-06-08T12:56:45.000Z</time><extensions><gpxtpx:TrackPointExtension><gpxtpx:hr>162</gpxtpx:hr></gpxtpx:TrackPointExtension></extensions></trkpt>
      <trkpt lat="49.298201" lon="-122.748994"><ele>181.4</ele><time>2026-06-08T12:56:46.000Z</time><extensions><gpxtpx:TrackPointExtension><gpxtpx:hr>162</gpxtpx:hr></gpxtpx:TrackPointExtension></extensions></trkpt>
      <trkpt lat="49.298209" lon="-122.749043"><ele>181.4</ele><time>2026-06-08T12:56:47.000Z</time><extensions><gpxtpx:TrackPointExtension><gpxtpx:hr>161</gpxtpx:hr></gpxtpx:TrackPointExtension></extensions></trkpt>
      <trkpt lat="49.298211" lon="-122.749086"><ele>181.4</ele><time>2026-06-08T12:56:48.000Z</time><extensions><gpxtpx:TrackPointExtension><gpxtpx:hr>161</gpxtpx:hr></gpxtpx:TrackPointExtension></extensions></trkpt>
      <trkpt lat="49.298221" lon="-122.749135"><ele>181.4</ele><time>2026-06-08T12:56:49.000Z</time><extensions><gpxtpx:TrackPointExtension><gpxtpx:hr>161</gpxtpx:hr></gpxtpx:TrackPointExtension></extensions></trkpt>
      <trkpt lat="49.298223" lon="-122.749177"><ele>181.2</ele><time>2026-06-08T12:56:50.000Z</time><extensions><gpxtpx:TrackPointExtension><gpxtpx:hr>161</gpxtpx:hr></gpxtpx:TrackPointExtension></extensions></trkpt>
      <trkpt lat="49.298232" lon="-122.749223"><ele>181.2</ele><time>2026-06-08T12:56:51.000Z</time><extensions><gpxtpx:TrackPointExtension><gpxtpx:hr>161</gpxtpx:hr></gpxtpx:TrackPointExtension></extensions></trkpt>
      <trkpt lat="49.298237" lon="-122.749262"><ele>181.2</ele><time>2026-06-08T12:56:52.000Z</time><extensions><gpxtpx:TrackPointExtension><gpxtpx:hr>160</gpxtpx:hr></gpxtpx:TrackPointExtension></extensions></trkpt>
      <trkpt lat="49.298249" lon="-122.749305"><ele>181.2</ele><time>2026-06-08T12:56:53.000Z</time><extensions><gpxtpx:TrackPointExtension><gpxtpx:hr>160</gpxtpx:hr></gpxtpx:TrackPointExtension></extensions></trkpt>
      <trkpt lat="49.298257" lon="-122.749351"><ele>181.2</ele><time>2026-06-08T12:56:54.000Z</time><extensions><gpxtpx:TrackPointExtension><gpxtpx:hr>160</gpxtpx:hr></gpxtpx:TrackPointExtension></extensions></trkpt>
      <trkpt lat="49.298264" lon="-122.749395"><ele>181.2</ele><time>2026-06-08T12:56:55.000Z</time><extensions><gpxtpx:TrackPointExtension><gpxtpx:hr>160</gpxtpx:hr></gpxtpx:TrackPointExtension></extensions></trkpt>
      <trkpt lat="49.298267" lon="-122.749442"><ele>181.2</ele><time>2026-06-08T12:56:56.000Z</time><extensions><gpxtpx:TrackPointExtension><gpxtpx:hr>160</gpxtpx:hr></gpxtpx:TrackPointExtension></extensions></trkpt>
      <trkpt lat="49.298265" lon="-122.749486"><ele>181.2</ele><time>2026-06-08T12:56:57.000Z</time><extensions><gpxtpx:TrackPointExtension><gpxtpx:hr>160</gpxtpx:hr></gpxtpx:TrackPointExtension></extensions></trkpt>
      <trkpt lat="49.298273" lon="-122.749535"><ele>181.2</ele><time>2026-06-08T12:56:58.000Z</time><extensions><gpxtpx:TrackPointExtension><gpxtpx:hr>160</gpxtpx:hr></gpxtpx:TrackPointExtension></extensions></trkpt>
      <trkpt lat="49.298281" lon="-122.749576"><ele>181.2</ele><time>2026-06-08T12:56:59.000Z</time><extensions><gpxtpx:TrackPointExtension><gpxtpx:hr>160</gpxtpx:hr></gpxtpx:TrackPointExtension></extensions></trkpt>
      <trkpt lat="49.298288" lon="-122.749617"><ele>181.4</ele><time>2026-06-08T12:57:00.000Z</time><extensions><gpxtpx:TrackPointExtension><gpxtpx:hr>160</gpxtpx:hr></gpxtpx:TrackPointExtension></extensions></trkpt>
      <trkpt lat="49.29829" lon="-122.74966"><ele>181.6</ele><time>2026-06-08T12:57:01.000Z</time><extensions><gpxtpx:TrackPointExtension><gpxtpx:hr>160</gpxtpx:hr></gpxtpx:TrackPointExtension></extensions></trkpt>
      <trkpt lat="49.298289" lon="-122.749699"><ele>181.6</ele><time>2026-06-08T12:57:02.000Z</time><extensions><gpxtpx:TrackPointExtension><gpxtpx:hr>160</gpxtpx:hr></gpxtpx:TrackPointExtension></extensions></trkpt>
      <trkpt lat="49.298294" lon="-122.749743"><ele>181.8</ele><time>2026-06-08T12:57:03.000Z</time><extensions><gpxtpx:TrackPointExtension><gpxtpx:hr>160</gpxtpx:hr></gpxtpx:TrackPointExtension></extensions></trkpt>
      <trkpt lat="49.298298" lon="-122.749781"><ele>181.8</ele><time>2026-06-08T12:57:04.000Z</time><extensions><gpxtpx:TrackPointExtension><gpxtpx:hr>160</gpxtpx:hr></gpxtpx:TrackPointExtension></extensions></trkpt>
      <trkpt lat="49.298311" lon="-122.749822"><ele>181.8</ele><time>2026-06-08T12:57:05.000Z</time><extensions><gpxtpx:TrackPointExtension><gpxtpx:hr>160</gpxtpx:hr></gpxtpx:TrackPointExtension></extensions></trkpt>
      <trkpt lat="49.298317" lon="-122.749859"><ele>181.8</ele><time>2026-06-08T12:57:06.000Z</time><extensions><gpxtpx:TrackPointExtension><gpxtpx:hr>160</gpxtpx:hr></gpxtpx:TrackPointExtension></extensions></trkpt>
      <trkpt lat="49.29833" lon="-122.749901"><ele>181.8</ele><time>2026-06-08T12:57:07.000Z</time><extensions><gpxtpx:TrackPointExtension><gpxtpx:hr>159</gpxtpx:hr></gpxtpx:TrackPointExtension></extensions></trkpt>
      <trkpt lat="49.298338" lon="-122.749937"><ele>181.8</ele><time>2026-06-08T12:57:08.000Z</time><extensions><gpxtpx:TrackPointExtension><gpxtpx:hr>160</gpxtpx:hr></gpxtpx:TrackPointExtension></extensions></trkpt>
      <trkpt lat="49.298345" lon="-122.749974"><ele>181.8</ele><time>2026-06-08T12:57:09.000Z</time><extensions><gpxtpx:TrackPointExtension><gpxtpx:hr>160</gpxtpx:hr></gpxtpx:TrackPointExtension></extensions></trkpt>
      <trkpt lat="49.298354" lon="-122.750022"><ele>182</ele><time>2026-06-08T12:57:10.000Z</time><extensions><gpxtpx:TrackPointExtension><gpxtpx:hr>160</gpxtpx:hr></gpxtpx:TrackPointExtension></extensions></trkpt>
      <trkpt lat="49.298354" lon="-122.750058"><ele>182</ele><time>2026-06-08T12:57:11.000Z</time><extensions><gpxtpx:TrackPointExtension><gpxtpx:hr>160</gpxtpx:hr></gpxtpx:TrackPointExtension></extensions></trkpt>
      <trkpt lat="49.298362" lon="-122.75011"><ele>182</ele><time>2026-06-08T12:57:12.000Z</time><extensions><gpxtpx:TrackPointExtension><gpxtpx:hr>160</gpxtpx:hr></gpxtpx:TrackPointExtension></extensions></trkpt>
      <trkpt lat="49.298368" lon="-122.750148"><ele>182</ele><time>2026-06-08T12:57:13.000Z</time><extensions><gpxtpx:TrackPointExtension><gpxtpx:hr>160</gpxtpx:hr></gpxtpx:TrackPointExtension></extensions></trkpt>
      <trkpt lat="49.298378" lon="-122.750189"><ele>182.2</ele><time>2026-06-08T12:57:14.000Z</time><extensions><gpxtpx:TrackPointExtension><gpxtpx:hr>160</gpxtpx:hr></gpxtpx:TrackPointExtension></extensions></trkpt>
      <trkpt lat="49.298383" lon="-122.750227"><ele>182.2</ele><time>2026-06-08T12:57:15.000Z</time><extensions><gpxtpx:TrackPointExtension><gpxtpx:hr>161</gpxtpx:hr></gpxtpx:TrackPointExtension></extensions></trkpt>
      <trkpt lat="49.298382" lon="-122.750265"><ele>182.2</ele><time>2026-06-08T12:57:16.000Z</time><extensions><gpxtpx:TrackPointExtension><gpxtpx:hr>160</gpxtpx:hr></gpxtpx:TrackPointExtension></extensions></trkpt>
      <trkpt lat="49.298388" lon="-122.75031"><ele>182.2</ele><time>2026-06-08T12:57:17.000Z</time><extensions><gpxtpx:TrackPointExtension><gpxtpx:hr>160</gpxtpx:hr></gpxtpx:TrackPointExtension></extensions></trkpt>
      <trkpt lat="49.298389" lon="-122.750348"><ele>182.4</ele><time>2026-06-08T12:57:18.000Z</time><extensions><gpxtpx:TrackPointExtension><gpxtpx:hr>160</gpxtpx:hr></gpxtpx:TrackPointExtension></extensions></trkpt>
      <trkpt lat="49.298399" lon="-122.75039"><ele>182.4</ele><time>2026-06-08T12:57:19.000Z</time><extensions><gpxtpx:TrackPointExtension><gpxtpx:hr>160</gpxtpx:hr></gpxtpx:TrackPointExtension></extensions></trkpt>
      <trkpt lat="49.298405" lon="-122.750432"><ele>182.4</ele><time>2026-06-08T12:57:20.000Z</time><extensions><gpxtpx:TrackPointExtension><gpxtpx:hr>160</gpxtpx:hr></gpxtpx:TrackPointExtension></extensions></trkpt>
      <trkpt lat="49.298414" lon="-122.750472"><ele>182.4</ele><time>2026-06-08T12:57:21.000Z</time><extensions><gpxtpx:TrackPointExtension><gpxtpx:hr>160</gpxtpx:hr></gpxtpx:TrackPointExtension></extensions></trkpt>
      <trkpt lat="49.298424" lon="-122.750512"><ele>182.4</ele><time>2026-06-08T12:57:22.000Z</time><extensions><gpxtpx:TrackPointExtension><gpxtpx:hr>160</gpxtpx:hr></gpxtpx:TrackPointExtension></extensions></trkpt>
      <trkpt lat="49.298427" lon="-122.750555"><ele>182.2</ele><time>2026-06-08T12:57:23.000Z</time><extensions><gpxtpx:TrackPointExtension><gpxtpx:hr>160</gpxtpx:hr></gpxtpx:TrackPointExtension></extensions></trkpt>
      <trkpt lat="49.298435" lon="-122.750604"><ele>182.2</ele><time>2026-06-08T12:57:24.000Z</time><extensions><gpxtpx:TrackPointExtension><gpxtpx:hr>160</gpxtpx:hr></gpxtpx:TrackPointExtension></extensions></trkpt>
      <trkpt lat="49.298431" lon="-122.750645"><ele>182</ele><time>2026-06-08T12:57:25.000Z</time><extensions><gpxtpx:TrackPointExtension><gpxtpx:hr>160</gpxtpx:hr></gpxtpx:TrackPointExtension></extensions></trkpt>
      <trkpt lat="49.298435" lon="-122.750698"><ele>182</ele><time>2026-06-08T12:57:26.000Z</time><extensions><gpxtpx:TrackPointExtension><gpxtpx:hr>160</gpxtpx:hr></gpxtpx:TrackPointExtension></extensions></trkpt>
      <trkpt lat="49.298435" lon="-122.750737"><ele>182</ele><time>2026-06-08T12:57:27.000Z</time><extensions><gpxtpx:TrackPointExtension><gpxtpx:hr>159</gpxtpx:hr></gpxtpx:TrackPointExtension></extensions></trkpt>
      <trkpt lat="49.29844" lon="-122.750781"><ele>182</ele><time>2026-06-08T12:57:28.000Z</time><extensions><gpxtpx:TrackPointExtension><gpxtpx:hr>159</gpxtpx:hr></gpxtpx:TrackPointExtension></extensions></trkpt>
      <trkpt lat="49.298452" lon="-122.750828"><ele>181.8</ele><time>2026-06-08T12:57:29.000Z</time><extensions><gpxtpx:TrackPointExtension><gpxtpx:hr>159</gpxtpx:hr></gpxtpx:TrackPointExtension></extensions></trkpt>
      <trkpt lat="49.298452" lon="-122.750871"><ele>181.6</ele><time>2026-06-08T12:57:30.000Z</time><extensions><gpxtpx:TrackPointExtension><gpxtpx:hr>160</gpxtpx:hr></gpxtpx:TrackPointExtension></extensions></trkpt>
      <trkpt lat="49.298456" lon="-122.750918"><ele>181.6</ele><time>2026-06-08T12:57:31.000Z</time><extensions><gpxtpx:TrackPointExtension><gpxtpx:hr>159</gpxtpx:hr></gpxtpx:TrackPointExtension></extensions></trkpt>
      <trkpt lat="49.298458" lon="-122.750964"><ele>181.4</ele><time>2026-06-08T12:57:32.000Z</time><extensions><gpxtpx:TrackPointExtension><gpxtpx:hr>159</gpxtpx:hr></gpxtpx:TrackPointExtension></extensions></trkpt>
      <trkpt lat="49.298462" lon="-122.751001"><ele>181.2</ele><time>2026-06-08T12:57:33.000Z</time><extensions><gpxtpx:TrackPointExtension><gpxtpx:hr>159</gpxtpx:hr></gpxtpx:TrackPointExtension></extensions></trkpt>
      <trkpt lat="49.298468" lon="-122.751052"><ele>181</ele><time>2026-06-08T12:57:34.000Z</time><extensions><gpxtpx:TrackPointExtension><gpxtpx:hr>159</gpxtpx:hr></gpxtpx:TrackPointExtension></extensions></trkpt>
      <trkpt lat="49.298462" lon="-122.75109"><ele>180.8</ele><time>2026-06-08T12:57:35.000Z</time><extensions><gpxtpx:TrackPointExtension><gpxtpx:hr>159</gpxtpx:hr></gpxtpx:TrackPointExtension></extensions></trkpt>
      <trkpt lat="49.298461" lon="-122.751135"><ele>180.6</ele><time>2026-06-08T12:57:36.000Z</time><extensions><gpxtpx:TrackPointExtension><gpxtpx:hr>159</gpxtpx:hr></gpxtpx:TrackPointExtension></extensions></trkpt>
      <trkpt lat="49.29846" lon="-122.751188"><ele>180.4</ele><time>2026-06-08T12:57:37.000Z</time><extensions><gpxtpx:TrackPointExtension><gpxtpx:hr>159</gpxtpx:hr></gpxtpx:TrackPointExtension></extensions></trkpt>
      <trkpt lat="49.298453" lon="-122.751232"><ele>180</ele><time>2026-06-08T12:57:38.000Z</time><extensions><gpxtpx:TrackPointExtension><gpxtpx:hr>158</gpxtpx:hr></gpxtpx:TrackPointExtension></extensions></trkpt>
      <trkpt lat="49.298446" lon="-122.751286"><ele>179.8</ele><time>2026-06-08T12:57:39.000Z</time><extensions><gpxtpx:TrackPointExtension><gpxtpx:hr>158</gpxtpx:hr></gpxtpx:TrackPointExtension></extensions></trkpt>
      <trkpt lat="49.298444" lon="-122.751337"><ele>179.6</ele><time>2026-06-08T12:57:40.000Z</time><extensions><gpxtpx:TrackPointExtension><gpxtpx:hr>158</gpxtpx:hr></gpxtpx:TrackPointExtension></extensions></trkpt>
      <trkpt lat="49.298441" lon="-122.75138"><ele>179.4</ele><time>2026-06-08T12:57:41.000Z</time><extensions><gpxtpx:TrackPointExtension><gpxtpx:hr>158</gpxtpx:hr></gpxtpx:TrackPointExtension></extensions></trkpt>
      <trkpt lat="49.298449" lon="-122.751438"><ele>179.2</ele><time>2026-06-08T12:57:42.000Z</time><extensions><gpxtpx:TrackPointExtension><gpxtpx:hr>157</gpxtpx:hr></gpxtpx:TrackPointExtension></extensions></trkpt>
      <trkpt lat="49.29845" lon="-122.751487"><ele>179.2</ele><time>2026-06-08T12:57:43.000Z</time><extensions><gpxtpx:TrackPointExtension><gpxtpx:hr>157</gpxtpx:hr></gpxtpx:TrackPointExtension></extensions></trkpt>
      <trkpt lat="49.298451" lon="-122.751537"><ele>179</ele><time>2026-06-08T12:57:44.000Z</time><extensions><gpxtpx:TrackPointExtension><gpxtpx:hr>157</gpxtpx:hr></gpxtpx:TrackPointExtension></extensions></trkpt>
      <trkpt lat="49.298451" lon="-122.751595"><ele>178.8</ele><time>2026-06-08T12:57:45.000Z</time><extensions><gpxtpx:TrackPointExtension><gpxtpx:hr>158</gpxtpx:hr></gpxtpx:TrackPointExtension></extensions></trkpt>
      <trkpt lat="49.298447" lon="-122.751639"><ele>178.6</ele><time>2026-06-08T12:57:46.000Z</time><extensions><gpxtpx:TrackPointExtension><gpxtpx:hr>158</gpxtpx:hr></gpxtpx:TrackPointExtension></extensions></trkpt>
      <trkpt lat="49.298444" lon="-122.751697"><ele>178.2</ele><time>2026-06-08T12:57:47.000Z</time><extensions><gpxtpx:TrackPointExtension><gpxtpx:hr>158</gpxtpx:hr></gpxtpx:TrackPointExtension></extensions></trkpt>
      <trkpt lat="49.298441" lon="-122.751751"><ele>177.8</ele><time>2026-06-08T12:57:48.000Z</time><extensions><gpxtpx:TrackPointExtension><gpxtpx:hr>158</gpxtpx:hr></gpxtpx:TrackPointExtension></extensions></trkpt>
      <trkpt lat="49.298444" lon="-122.751799"><ele>177.6</ele><time>2026-06-08T12:57:49.000Z</time><extensions><gpxtpx:TrackPointExtension><gpxtpx:hr>158</gpxtpx:hr></gpxtpx:TrackPointExtension></extensions></trkpt>
      <trkpt lat="49.298447" lon="-122.751856"><ele>177.2</ele><time>2026-06-08T12:57:50.000Z</time><extensions><gpxtpx:TrackPointExtension><gpxtpx:hr>158</gpxtpx:hr></gpxtpx:TrackPointExtension></extensions></trkpt>
      <trkpt lat="49.298445" lon="-122.751903"><ele>177</ele><time>2026-06-08T12:57:51.000Z</time><extensions><gpxtpx:TrackPointExtension><gpxtpx:hr>158</gpxtpx:hr></gpxtpx:TrackPointExtension></extensions></trkpt>
      <trkpt lat="49.298445" lon="-122.75196"><ele>176.6</ele><time>2026-06-08T12:57:52.000Z</time><extensions><gpxtpx:TrackPointExtension><gpxtpx:hr>158</gpxtpx:hr></gpxtpx:TrackPointExtension></extensions></trkpt>
      <trkpt lat="49.298448" lon="-122.75202"><ele>176.2</ele><time>2026-06-08T12:57:53.000Z</time><extensions><gpxtpx:TrackPointExtension><gpxtpx:hr>159</gpxtpx:hr></gpxtpx:TrackPointExtension></extensions></trkpt>
      <trkpt lat="49.298442" lon="-122.752069"><ele>175.6</ele><time>2026-06-08T12:57:54.000Z</time><extensions><gpxtpx:TrackPointExtension><gpxtpx:hr>159</gpxtpx:hr></gpxtpx:TrackPointExtension></extensions></trkpt>
      <trkpt lat="49.298444" lon="-122.752129"><ele>175.2</ele><time>2026-06-08T12:57:55.000Z</time><extensions><gpxtpx:TrackPointExtension><gpxtpx:hr>159</gpxtpx:hr></gpxtpx:TrackPointExtension></extensions></trkpt>
      <trkpt lat="49.29845" lon="-122.752188"><ele>174.6</ele><time>2026-06-08T12:57:56.000Z</time><extensions><gpxtpx:TrackPointExtension><gpxtpx:hr>159</gpxtpx:hr></gpxtpx:TrackPointExtension></extensions></trkpt>
      <trkpt lat="49.298448" lon="-122.752237"><ele>174.2</ele><time>2026-06-08T12:57:57.000Z</time><extensions><gpxtpx:TrackPointExtension><gpxtpx:hr>160</gpxtpx:hr></gpxtpx:TrackPointExtension></extensions></trkpt>
      <trkpt lat="49.29845" lon="-122.7523"><ele>173.8</ele><time>2026-06-08T12:57:58.000Z</time><extensions><gpxtpx:TrackPointExtension><gpxtpx:hr>160</gpxtpx:hr></gpxtpx:TrackPointExtension></extensions></trkpt>
      <trkpt lat="49.298446" lon="-122.752349"><ele>173.2</ele><time>2026-06-08T12:57:59.000Z</time><extensions><gpxtpx:TrackPointExtension><gpxtpx:hr>159</gpxtpx:hr></gpxtpx:TrackPointExtension></extensions></trkpt>
      <trkpt lat="49.298445" lon="-122.752402"><ele>172.8</ele><time>2026-06-08T12:58:00.000Z</time><extensions><gpxtpx:TrackPointExtension><gpxtpx:hr>159</gpxtpx:hr></gpxtpx:TrackPointExtension></extensions></trkpt>
      <trkpt lat="49.298445" lon="-122.752467"><ele>172.4</ele><time>2026-06-08T12:58:01.000Z</time><extensions><gpxtpx:TrackPointExtension><gpxtpx:hr>159</gpxtpx:hr></gpxtpx:TrackPointExtension></extensions></trkpt>
      <trkpt lat="49.29844" lon="-122.752518"><ele>171.8</ele><time>2026-06-08T12:58:02.000Z</time><extensions><gpxtpx:TrackPointExtension><gpxtpx:hr>159</gpxtpx:hr></gpxtpx:TrackPointExtension></extensions></trkpt>
      <trkpt lat="49.298439" lon="-122.752573"><ele>171.4</ele><time>2026-06-08T12:58:03.000Z</time><extensions><gpxtpx:TrackPointExtension><gpxtpx:hr>159</gpxtpx:hr></gpxtpx:TrackPointExtension></extensions></trkpt>
      <trkpt lat="49.298444" lon="-122.752632"><ele>170.8</ele><time>2026-06-08T12:58:04.000Z</time><extensions><gpxtpx:TrackPointExtension><gpxtpx:hr>159</gpxtpx:hr></gpxtpx:TrackPointExtension></extensions></trkpt>
      <trkpt lat="49.298441" lon="-122.752674"><ele>170.4</ele><time>2026-06-08T12:58:05.000Z</time><extensions><gpxtpx:TrackPointExtension><gpxtpx:hr>159</gpxtpx:hr></gpxtpx:TrackPointExtension></extensions></trkpt>
      <trkpt lat="49.298441" lon="-122.752728"><ele>170</ele><time>2026-06-08T12:58:06.000Z</time><extensions><gpxtpx:TrackPointExtension><gpxtpx:hr>159</gpxtpx:hr></gpxtpx:TrackPointExtension></extensions></trkpt>
      <trkpt lat="49.298445" lon="-122.752781"><ele>169.4</ele><time>2026-06-08T12:58:07.000Z</time><extensions><gpxtpx:TrackPointExtension><gpxtpx:hr>159</gpxtpx:hr></gpxtpx:TrackPointExtension></extensions></trkpt>
      <trkpt lat="49.298444" lon="-122.752831"><ele>169</ele><time>2026-06-08T12:58:08.000Z</time><extensions><gpxtpx:TrackPointExtension><gpxtpx:hr>159</gpxtpx:hr></gpxtpx:TrackPointExtension></extensions></trkpt>
      <trkpt lat="49.298442" lon="-122.752888"><ele>168.6</ele><time>2026-06-08T12:58:09.000Z</time><extensions><gpxtpx:TrackPointExtension><gpxtpx:hr>160</gpxtpx:hr></gpxtpx:TrackPointExtension></extensions></trkpt>
      <trkpt lat="49.298441" lon="-122.752941"><ele>168.2</ele><time>2026-06-08T12:58:10.000Z</time><extensions><gpxtpx:TrackPointExtension><gpxtpx:hr>160</gpxtpx:hr></gpxtpx:TrackPointExtension></extensions></trkpt>
      <trkpt lat="49.298442" lon="-122.752987"><ele>167.8</ele><time>2026-06-08T12:58:11.000Z</time><extensions><gpxtpx:TrackPointExtension><gpxtpx:hr>160</gpxtpx:hr></gpxtpx:TrackPointExtension></extensions></trkpt>
      <trkpt lat="49.298446" lon="-122.75304"><ele>167.6</ele><time>2026-06-08T12:58:12.000Z</time><extensions><gpxtpx:TrackPointExtension><gpxtpx:hr>160</gpxtpx:hr></gpxtpx:TrackPointExtension></extensions></trkpt>
      <trkpt lat="49.298443" lon="-122.753085"><ele>167.2</ele><time>2026-06-08T12:58:13.000Z</time><extensions><gpxtpx:TrackPointExtension><gpxtpx:hr>160</gpxtpx:hr></gpxtpx:TrackPointExtension></extensions></trkpt>
      <trkpt lat="49.298438" lon="-122.753132"><ele>166.8</ele><time>2026-06-08T12:58:14.000Z</time><extensions><gpxtpx:TrackPointExtension><gpxtpx:hr>160</gpxtpx:hr></gpxtpx:TrackPointExtension></extensions></trkpt>
      <trkpt lat="49.298417" lon="-122.753169"><ele>166.4</ele><time>2026-06-08T12:58:15.000Z</time><extensions><gpxtpx:TrackPointExtension><gpxtpx:hr>160</gpxtpx:hr></gpxtpx:TrackPointExtension></extensions></trkpt>
      <trkpt lat="49.298401" lon="-122.753196"><ele>166</ele><time>2026-06-08T12:58:16.000Z</time><extensions><gpxtpx:TrackPointExtension><gpxtpx:hr>159</gpxtpx:hr></gpxtpx:TrackPointExtension></extensions></trkpt>
      <trkpt lat="49.298392" lon="-122.75325"><ele>165.6</ele><time>2026-06-08T12:58:17.000Z</time><extensions><gpxtpx:TrackPointExtension><gpxtpx:hr>159</gpxtpx:hr></gpxtpx:TrackPointExtension></extensions></trkpt>
      <trkpt lat="49.298389" lon="-122.753296"><ele>165.2</ele><time>2026-06-08T12:58:18.000Z</time><extensions><gpxtpx:TrackPointExtension><gpxtpx:hr>159</gpxtpx:hr></gpxtpx:TrackPointExtension></extensions></trkpt>
      <trkpt lat="49.298386" lon="-122.753334"><ele>165</ele><time>2026-06-08T12:58:19.000Z</time><extensions><gpxtpx:TrackPointExtension><gpxtpx:hr>158</gpxtpx:hr></gpxtpx:TrackPointExtension></extensions></trkpt>
      <trkpt lat="49.298388" lon="-122.753389"><ele>164.6</ele><time>2026-06-08T12:58:20.000Z</time><extensions><gpxtpx:TrackPointExtension><gpxtpx:hr>158</gpxtpx:hr></gpxtpx:TrackPointExtension></extensions></trkpt>
      <trkpt lat="49.298394" lon="-122.753431"><ele>164.4</ele><time>2026-06-08T12:58:21.000Z</time><extensions><gpxtpx:TrackPointExtension><gpxtpx:hr>158</gpxtpx:hr></gpxtpx:TrackPointExtension></extensions></trkpt>
      <trkpt lat="49.298398" lon="-122.753473"><ele>164</ele><time>2026-06-08T12:58:22.000Z</time><extensions><gpxtpx:TrackPointExtension><gpxtpx:hr>158</gpxtpx:hr></gpxtpx:TrackPointExtension></extensions></trkpt>
      <trkpt lat="49.29841" lon="-122.753518"><ele>163.8</ele><time>2026-06-08T12:58:23.000Z</time><extensions><gpxtpx:TrackPointExtension><gpxtpx:hr>157</gpxtpx:hr></gpxtpx:TrackPointExtension></extensions></trkpt>
      <trkpt lat="49.298435" lon="-122.753563"><ele>163.4</ele><time>2026-06-08T12:58:24.000Z</time><extensions><gpxtpx:TrackPointExtension><gpxtpx:hr>157</gpxtpx:hr></gpxtpx:TrackPointExtension></extensions></trkpt>
      <trkpt lat="49.298447" lon="-122.753598"><ele>163</ele><time>2026-06-08T12:58:25.000Z</time><extensions><gpxtpx:TrackPointExtension><gpxtpx:hr>157</gpxtpx:hr></gpxtpx:TrackPointExtension></extensions></trkpt>
      <trkpt lat="49.29845" lon="-122.753654"><ele>162.6</ele><time>2026-06-08T12:58:26.000Z</time><extensions><gpxtpx:TrackPointExtension><gpxtpx:hr>157</gpxtpx:hr></gpxtpx:TrackPointExtension></extensions></trkpt>
      <trkpt lat="49.298453" lon="-122.753694"><ele>162.2</ele><time>2026-06-08T12:58:27.000Z</time><extensions><gpxtpx:TrackPointExtension><gpxtpx:hr>157</gpxtpx:hr></gpxtpx:TrackPointExtension></extensions></trkpt>
      <trkpt lat="49.298449" lon="-122.753746"><ele>161.8</ele><time>2026-06-08T12:58:28.000Z</time><extensions><gpxtpx:TrackPointExtension><gpxtpx:hr>156</gpxtpx:hr></gpxtpx:TrackPointExtension></extensions></trkpt>
      <trkpt lat="49.298448" lon="-122.753803"><ele>161.6</ele><time>2026-06-08T12:58:29.000Z</time><extensions><gpxtpx:TrackPointExtension><gpxtpx:hr>156</gpxtpx:hr></gpxtpx:TrackPointExtension></extensions></trkpt>
      <trkpt lat="49.298443" lon="-122.753854"><ele>161.2</ele><time>2026-06-08T12:58:30.000Z</time><extensions><gpxtpx:TrackPointExtension><gpxtpx:hr>156</gpxtpx:hr></gpxtpx:TrackPointExtension></extensions></trkpt>
      <trkpt lat="49.298449" lon="-122.753914"><ele>161</ele><time>2026-06-08T12:58:31.000Z</time><extensions><gpxtpx:TrackPointExtension><gpxtpx:hr>156</gpxtpx:hr></gpxtpx:TrackPointExtension></extensions></trkpt>
      <trkpt lat="49.298454" lon="-122.753973"><ele>160.6</ele><time>2026-06-08T12:58:32.000Z</time><extensions><gpxtpx:TrackPointExtension><gpxtpx:hr>156</gpxtpx:hr></gpxtpx:TrackPointExtension></extensions></trkpt>
      <trkpt lat="49.298446" lon="-122.754014"><ele>160.2</ele><time>2026-06-08T12:58:33.000Z</time><extensions><gpxtpx:TrackPointExtension><gpxtpx:hr>156</gpxtpx:hr></gpxtpx:TrackPointExtension></extensions></trkpt>
      <trkpt lat="49.298446" lon="-122.754066"><ele>159.6</ele><time>2026-06-08T12:58:34.000Z</time><extensions><gpxtpx:TrackPointExtension><gpxtpx:hr>156</gpxtpx:hr></gpxtpx:TrackPointExtension></extensions></trkpt>
      <trkpt lat="49.298444" lon="-122.754123"><ele>159.2</ele><time>2026-06-08T12:58:35.000Z</time><extensions><gpxtpx:TrackPointExtension><gpxtpx:hr>156</gpxtpx:hr></gpxtpx:TrackPointExtension></extensions></trkpt>
      <trkpt lat="49.298437" lon="-122.754174"><ele>159</ele><time>2026-06-08T12:58:36.000Z</time><extensions><gpxtpx:TrackPointExtension><gpxtpx:hr>156</gpxtpx:hr></gpxtpx:TrackPointExtension></extensions></trkpt>
      <trkpt lat="49.298438" lon="-122.754237"><ele>158.6</ele><time>2026-06-08T12:58:37.000Z</time><extensions><gpxtpx:TrackPointExtension><gpxtpx:hr>155</gpxtpx:hr></gpxtpx:TrackPointExtension></extensions></trkpt>
      <trkpt lat="49.298441" lon="-122.754298"><ele>158.2</ele><time>2026-06-08T12:58:38.000Z</time><extensions><gpxtpx:TrackPointExtension><gpxtpx:hr>155</gpxtpx:hr></gpxtpx:TrackPointExtension></extensions></trkpt>
      <trkpt lat="49.298434" lon="-122.754347"><ele>157.6</ele><time>2026-06-08T12:58:39.000Z</time><extensions><gpxtpx:TrackPointExtension><gpxtpx:hr>155</gpxtpx:hr></gpxtpx:TrackPointExtension></extensions></trkpt>
      <trkpt lat="49.29843" lon="-122.75441"><ele>157.2</ele><time>2026-06-08T12:58:40.000Z</time><extensions><gpxtpx:TrackPointExtension><gpxtpx:hr>155</gpxtpx:hr></gpxtpx:TrackPointExtension></extensions></trkpt>
      <trkpt lat="49.298429" lon="-122.754467"><ele>157</ele><time>2026-06-08T12:58:41.000Z</time><extensions><gpxtpx:TrackPointExtension><gpxtpx:hr>154</gpxtpx:hr></gpxtpx:TrackPointExtension></extensions></trkpt>
      <trkpt lat="49.298428" lon="-122.754508"><ele>156.8</ele><time>2026-06-08T12:58:42.000Z</time><extensions><gpxtpx:TrackPointExtension><gpxtpx:hr>154</gpxtpx:hr></gpxtpx:TrackPointExtension></extensions></trkpt>
      <trkpt lat="49.298429" lon="-122.754568"><ele>156.4</ele><time>2026-06-08T12:58:43.000Z</time><extensions><gpxtpx:TrackPointExtension><gpxtpx:hr>154</gpxtpx:hr></gpxtpx:TrackPointExtension></extensions></trkpt>
      <trkpt lat="49.298429" lon="-122.754621"><ele>156.2</ele><time>2026-06-08T12:58:44.000Z</time><extensions><gpxtpx:TrackPointExtension><gpxtpx:hr>154</gpxtpx:hr></gpxtpx:TrackPointExtension></extensions></trkpt>
      <trkpt lat="49.298431" lon="-122.754669"><ele>156.2</ele><time>2026-06-08T12:58:45.000Z</time><extensions><gpxtpx:TrackPointExtension><gpxtpx:hr>154</gpxtpx:hr></gpxtpx:TrackPointExtension></extensions></trkpt>
      <trkpt lat="49.298432" lon="-122.754733"><ele>155.8</ele><time>2026-06-08T12:58:46.000Z</time><extensions><gpxtpx:TrackPointExtension><gpxtpx:hr>154</gpxtpx:hr></gpxtpx:TrackPointExtension></extensions></trkpt>
      <trkpt lat="49.298428" lon="-122.754778"><ele>155.6</ele><time>2026-06-08T12:58:47.000Z</time><extensions><gpxtpx:TrackPointExtension><gpxtpx:hr>154</gpxtpx:hr></gpxtpx:TrackPointExtension></extensions></trkpt>
      <trkpt lat="49.298428" lon="-122.754826"><ele>155.4</ele><time>2026-06-08T12:58:48.000Z</time><extensions><gpxtpx:TrackPointExtension><gpxtpx:hr>154</gpxtpx:hr></gpxtpx:TrackPointExtension></extensions></trkpt>
      <trkpt lat="49.298428" lon="-122.754884"><ele>155.2</ele><time>2026-06-08T12:58:49.000Z</time><extensions><gpxtpx:TrackPointExtension><gpxtpx:hr>154</gpxtpx:hr></gpxtpx:TrackPointExtension></extensions></trkpt>
      <trkpt lat="49.298423" lon="-122.754926"><ele>155</ele><time>2026-06-08T12:58:50.000Z</time><extensions><gpxtpx:TrackPointExtension><gpxtpx:hr>154</gpxtpx:hr></gpxtpx:TrackPointExtension></extensions></trkpt>
      <trkpt lat="49.298417" lon="-122.754976"><ele>154.8</ele><time>2026-06-08T12:58:51.000Z</time><extensions><gpxtpx:TrackPointExtension><gpxtpx:hr>154</gpxtpx:hr></gpxtpx:TrackPointExtension></extensions></trkpt>
      <trkpt lat="49.298425" lon="-122.755025"><ele>154.6</ele><time>2026-06-08T12:58:52.000Z</time><extensions><gpxtpx:TrackPointExtension><gpxtpx:hr>155</gpxtpx:hr></gpxtpx:TrackPointExtension></extensions></trkpt>
      <trkpt lat="49.298424" lon="-122.75507"><ele>154.2</ele><time>2026-06-08T12:58:53.000Z</time><extensions><gpxtpx:TrackPointExtension><gpxtpx:hr>155</gpxtpx:hr></gpxtpx:TrackPointExtension></extensions></trkpt>
      <trkpt lat="49.298427" lon="-122.755129"><ele>154</ele><time>2026-06-08T12:58:54.000Z</time><extensions><gpxtpx:TrackPointExtension><gpxtpx:hr>155</gpxtpx:hr></gpxtpx:TrackPointExtension></extensions></trkpt>
      <trkpt lat="49.298421" lon="-122.755172"><ele>153.8</ele><time>2026-06-08T12:58:55.000Z</time><extensions><gpxtpx:TrackPointExtension><gpxtpx:hr>155</gpxtpx:hr></gpxtpx:TrackPointExtension></extensions></trkpt>
      <trkpt lat="49.298419" lon="-122.755218"><ele>153.6</ele><time>2026-06-08T12:58:56.000Z</time><extensions><gpxtpx:TrackPointExtension><gpxtpx:hr>155</gpxtpx:hr></gpxtpx:TrackPointExtension></extensions></trkpt>
      <trkpt lat="49.298421" lon="-122.755269"><ele>153.4</ele><time>2026-06-08T12:58:57.000Z</time><extensions><gpxtpx:TrackPointExtension><gpxtpx:hr>155</gpxtpx:hr></gpxtpx:TrackPointExtension></extensions></trkpt>
      <trkpt lat="49.298424" lon="-122.755321"><ele>153.2</ele><time>2026-06-08T12:58:58.000Z</time><extensions><gpxtpx:TrackPointExtension><gpxtpx:hr>155</gpxtpx:hr></gpxtpx:TrackPointExtension></extensions></trkpt>
      <trkpt lat="49.298424" lon="-122.755366"><ele>152.8</ele><time>2026-06-08T12:58:59.000Z</time><extensions><gpxtpx:TrackPointExtension><gpxtpx:hr>155</gpxtpx:hr></gpxtpx:TrackPointExtension></extensions></trkpt>
      <trkpt lat="49.298424" lon="-122.755419"><ele>152.6</ele><time>2026-06-08T12:59:00.000Z</time><extensions><gpxtpx:TrackPointExtension><gpxtpx:hr>155</gpxtpx:hr></gpxtpx:TrackPointExtension></extensions></trkpt>
      <trkpt lat="49.298428" lon="-122.755459"><ele>152.4</ele><time>2026-06-08T12:59:01.000Z</time><extensions><gpxtpx:TrackPointExtension><gpxtpx:hr>154</gpxtpx:hr></gpxtpx:TrackPointExtension></extensions></trkpt>
      <trkpt lat="49.298429" lon="-122.755515"><ele>152.2</ele><time>2026-06-08T12:59:02.000Z</time><extensions><gpxtpx:TrackPointExtension><gpxtpx:hr>154</gpxtpx:hr></gpxtpx:TrackPointExtension></extensions></trkpt>
      <trkpt lat="49.29843" lon="-122.755559"><ele>152</ele><time>2026-06-08T12:59:03.000Z</time><extensions><gpxtpx:TrackPointExtension><gpxtpx:hr>154</gpxtpx:hr></gpxtpx:TrackPointExtension></extensions></trkpt>
      <trkpt lat="49.298427" lon="-122.755604"><ele>151.8</ele><time>2026-06-08T12:59:04.000Z</time><extensions><gpxtpx:TrackPointExtension><gpxtpx:hr>154</gpxtpx:hr></gpxtpx:TrackPointExtension></extensions></trkpt>
      <trkpt lat="49.298423" lon="-122.75565"><ele>151.6</ele><time>2026-06-08T12:59:05.000Z</time><extensions><gpxtpx:TrackPointExtension><gpxtpx:hr>154</gpxtpx:hr></gpxtpx:TrackPointExtension></extensions></trkpt>
      <trkpt lat="49.298417" lon="-122.755689"><ele>151.4</ele><time>2026-06-08T12:59:06.000Z</time><extensions><gpxtpx:TrackPointExtension><gpxtpx:hr>153</gpxtpx:hr></gpxtpx:TrackPointExtension></extensions></trkpt>
      <trkpt lat="49.29841" lon="-122.755723"><ele>151.2</ele><time>2026-06-08T12:59:07.000Z</time><extensions><gpxtpx:TrackPointExtension><gpxtpx:hr>153</gpxtpx:hr></gpxtpx:TrackPointExtension></extensions></trkpt>
      <trkpt lat="49.298411" lon="-122.755777"><ele>151</ele><time>2026-06-08T12:59:08.000Z</time><extensions><gpxtpx:TrackPointExtension><gpxtpx:hr>153</gpxtpx:hr></gpxtpx:TrackPointExtension></extensions></trkpt>
      <trkpt lat="49.298409" lon="-122.755809"><ele>151</ele><time>2026-06-08T12:59:09.000Z</time><extensions><gpxtpx:TrackPointExtension><gpxtpx:hr>153</gpxtpx:hr></gpxtpx:TrackPointExtension></extensions></trkpt>
      <trkpt lat="49.298409" lon="-122.755827"><ele>150.8</ele><time>2026-06-08T12:59:10.000Z</time><extensions><gpxtpx:TrackPointExtension><gpxtpx:hr>153</gpxtpx:hr></gpxtpx:TrackPointExtension></extensions></trkpt>
      <trkpt lat="49.298407" lon="-122.755837"><ele>150.6</ele><time>2026-06-08T12:59:11.000Z</time><extensions><gpxtpx:TrackPointExtension><gpxtpx:hr>154</gpxtpx:hr></gpxtpx:TrackPointExtension></extensions></trkpt>
      <trkpt lat="49.298405" lon="-122.755844"><ele>149.4</ele><time>2026-06-08T12:59:25.000Z</time><extensions><gpxtpx:TrackPointExtension><gpxtpx:hr>147</gpxtpx:hr></gpxtpx:TrackPointExtension></extensions></trkpt>
      <trkpt lat="49.298408" lon="-122.755855"><ele>149.2</ele><time>2026-06-08T12:59:26.000Z</time><extensions><gpxtpx:TrackPointExtension><gpxtpx:hr>147</gpxtpx:hr></gpxtpx:TrackPointExtension></extensions></trkpt>
      <trkpt lat="49.298414" lon="-122.755883"><ele>149.2</ele><time>2026-06-08T12:59:27.000Z</time><extensions><gpxtpx:TrackPointExtension><gpxtpx:hr>146</gpxtpx:hr></gpxtpx:TrackPointExtension></extensions></trkpt>
      <trkpt lat="49.298423" lon="-122.755924"><ele>149.4</ele><time>2026-06-08T12:59:28.000Z</time><extensions><gpxtpx:TrackPointExtension><gpxtpx:hr>145</gpxtpx:hr></gpxtpx:TrackPointExtension></extensions></trkpt>
      <trkpt lat="49.298449" lon="-122.756069"><ele>149.8</ele><time>2026-06-08T12:59:31.000Z</time><extensions><gpxtpx:TrackPointExtension><gpxtpx:hr>144</gpxtpx:hr></gpxtpx:TrackPointExtension></extensions></trkpt>
      <trkpt lat="49.298457" lon="-122.756111"><ele>150</ele><time>2026-06-08T12:59:32.000Z</time><extensions><gpxtpx:TrackPointExtension><gpxtpx:hr>144</gpxtpx:hr></gpxtpx:TrackPointExtension></extensions></trkpt>
      <trkpt lat="49.298457" lon="-122.756162"><ele>149.8</ele><time>2026-06-08T12:59:33.000Z</time><extensions><gpxtpx:TrackPointExtension><gpxtpx:hr>144</gpxtpx:hr></gpxtpx:TrackPointExtension></extensions></trkpt>
      <trkpt lat="49.298454" lon="-122.756209"><ele>149.8</ele><time>2026-06-08T12:59:34.000Z</time><extensions><gpxtpx:TrackPointExtension><gpxtpx:hr>145</gpxtpx:hr></gpxtpx:TrackPointExtension></extensions></trkpt>
      <trkpt lat="49.298456" lon="-122.756252"><ele>149.6</ele><time>2026-06-08T12:59:35.000Z</time><extensions><gpxtpx:TrackPointExtension><gpxtpx:hr>145</gpxtpx:hr></gpxtpx:TrackPointExtension></extensions></trkpt>
      <trkpt lat="49.298465" lon="-122.756302"><ele>149.2</ele><time>2026-06-08T12:59:36.000Z</time><extensions><gpxtpx:TrackPointExtension><gpxtpx:hr>146</gpxtpx:hr></gpxtpx:TrackPointExtension></extensions></trkpt>
      <trkpt lat="49.298468" lon="-122.756342"><ele>149</ele><time>2026-06-08T12:59:37.000Z</time><extensions><gpxtpx:TrackPointExtension><gpxtpx:hr>146</gpxtpx:hr></gpxtpx:TrackPointExtension></extensions></trkpt>
      <trkpt lat="49.298467" lon="-122.756386"><ele>148.8</ele><time>2026-06-08T12:59:38.000Z</time><extensions><gpxtpx:TrackPointExtension><gpxtpx:hr>146</gpxtpx:hr></gpxtpx:TrackPointExtension></extensions></trkpt>
      <trkpt lat="49.298468" lon="-122.756432"><ele>148.6</ele><time>2026-06-08T12:59:39.000Z</time><extensions><gpxtpx:TrackPointExtension><gpxtpx:hr>146</gpxtpx:hr></gpxtpx:TrackPointExtension></extensions></trkpt>
      <trkpt lat="49.298466" lon="-122.756474"><ele>148.6</ele><time>2026-06-08T12:59:40.000Z</time><extensions><gpxtpx:TrackPointExtension><gpxtpx:hr>146</gpxtpx:hr></gpxtpx:TrackPointExtension></extensions></trkpt>
      <trkpt lat="49.298465" lon="-122.756522"><ele>148.4</ele><time>2026-06-08T12:59:41.000Z</time><extensions><gpxtpx:TrackPointExtension><gpxtpx:hr>146</gpxtpx:hr></gpxtpx:TrackPointExtension></extensions></trkpt>
      <trkpt lat="49.298456" lon="-122.756567"><ele>148.2</ele><time>2026-06-08T12:59:42.000Z</time><extensions><gpxtpx:TrackPointExtension><gpxtpx:hr>146</gpxtpx:hr></gpxtpx:TrackPointExtension></extensions></trkpt>
      <trkpt lat="49.298448" lon="-122.756612"><ele>148.2</ele><time>2026-06-08T12:59:43.000Z</time><extensions><gpxtpx:TrackPointExtension><gpxtpx:hr>146</gpxtpx:hr></gpxtpx:TrackPointExtension></extensions></trkpt>
      <trkpt lat="49.298446" lon="-122.756664"><ele>148</ele><time>2026-06-08T12:59:44.000Z</time><extensions><gpxtpx:TrackPointExtension><gpxtpx:hr>146</gpxtpx:hr></gpxtpx:TrackPointExtension></extensions></trkpt>
      <trkpt lat="49.29844" lon="-122.756714"><ele>148</ele><time>2026-06-08T12:59:45.000Z</time><extensions><gpxtpx:TrackPointExtension><gpxtpx:hr>146</gpxtpx:hr></gpxtpx:TrackPointExtension></extensions></trkpt>
      <trkpt lat="49.298443" lon="-122.756762"><ele>147.8</ele><time>2026-06-08T12:59:46.000Z</time><extensions><gpxtpx:TrackPointExtension><gpxtpx:hr>146</gpxtpx:hr></gpxtpx:TrackPointExtension></extensions></trkpt>
      <trkpt lat="49.298446" lon="-122.756804"><ele>147.6</ele><time>2026-06-08T12:59:47.000Z</time><extensions><gpxtpx:TrackPointExtension><gpxtpx:hr>146</gpxtpx:hr></gpxtpx:TrackPointExtension></extensions></trkpt>
      <trkpt lat="49.298445" lon="-122.756851"><ele>147.4</ele><time>2026-06-08T12:59:48.000Z</time><extensions><gpxtpx:TrackPointExtension><gpxtpx:hr>146</gpxtpx:hr></gpxtpx:TrackPointExtension></extensions></trkpt>
      <trkpt lat="49.298453" lon="-122.7569"><ele>147.2</ele><time>2026-06-08T12:59:49.000Z</time><extensions><gpxtpx:TrackPointExtension><gpxtpx:hr>147</gpxtpx:hr></gpxtpx:TrackPointExtension></extensions></trkpt>
      <trkpt lat="49.298452" lon="-122.756941"><ele>147</ele><time>2026-06-08T12:59:50.000Z</time><extensions><gpxtpx:TrackPointExtension><gpxtpx:hr>147</gpxtpx:hr></gpxtpx:TrackPointExtension></extensions></trkpt>
      <trkpt lat="49.298452" lon="-122.75699"><ele>147</ele><time>2026-06-08T12:59:51.000Z</time><extensions><gpxtpx:TrackPointExtension><gpxtpx:hr>147</gpxtpx:hr></gpxtpx:TrackPointExtension></extensions></trkpt>
      <trkpt lat="49.298452" lon="-122.757042"><ele>146.8</ele><time>2026-06-08T12:59:52.000Z</time><extensions><gpxtpx:TrackPointExtension><gpxtpx:hr>147</gpxtpx:hr></gpxtpx:TrackPointExtension></extensions></trkpt>
      <trkpt lat="49.298445" lon="-122.757089"><ele>146.6</ele><time>2026-06-08T12:59:53.000Z</time><extensions><gpxtpx:TrackPointExtension><gpxtpx:hr>147</gpxtpx:hr></gpxtpx:TrackPointExtension></extensions></trkpt>
      <trkpt lat="49.298448" lon="-122.757145"><ele>146.4</ele><time>2026-06-08T12:59:54.000Z</time><extensions><gpxtpx:TrackPointExtension><gpxtpx:hr>146</gpxtpx:hr></gpxtpx:TrackPointExtension></extensions></trkpt>
      <trkpt lat="49.298444" lon="-122.757187"><ele>146.2</ele><time>2026-06-08T12:59:55.000Z</time><extensions><gpxtpx:TrackPointExtension><gpxtpx:hr>146</gpxtpx:hr></gpxtpx:TrackPointExtension></extensions></trkpt>
      <trkpt lat="49.298437" lon="-122.757236"><ele>146</ele><time>2026-06-08T12:59:56.000Z</time><extensions><gpxtpx:TrackPointExtension><gpxtpx:hr>146</gpxtpx:hr></gpxtpx:TrackPointExtension></extensions></trkpt>
      <trkpt lat="49.298439" lon="-122.757288"><ele>146</ele><time>2026-06-08T12:59:57.000Z</time><extensions><gpxtpx:TrackPointExtension><gpxtpx:hr>146</gpxtpx:hr></gpxtpx:TrackPointExtension></extensions></trkpt>
      <trkpt lat="49.298439" lon="-122.757329"><ele>145.8</ele><time>2026-06-08T12:59:58.000Z</time><extensions><gpxtpx:TrackPointExtension><gpxtpx:hr>146</gpxtpx:hr></gpxtpx:TrackPointExtension></extensions></trkpt>
      <trkpt lat="49.298445" lon="-122.75738"><ele>145.4</ele><time>2026-06-08T12:59:59.000Z</time><extensions><gpxtpx:TrackPointExtension><gpxtpx:hr>146</gpxtpx:hr></gpxtpx:TrackPointExtension></extensions></trkpt>
      <trkpt lat="49.298447" lon="-122.757422"><ele>145.2</ele><time>2026-06-08T13:00:00.000Z</time><extensions><gpxtpx:TrackPointExtension><gpxtpx:hr>147</gpxtpx:hr></gpxtpx:TrackPointExtension></extensions></trkpt>
      <trkpt lat="49.298446" lon="-122.757463"><ele>144.8</ele><time>2026-06-08T13:00:01.000Z</time><extensions><gpxtpx:TrackPointExtension><gpxtpx:hr>147</gpxtpx:hr></gpxtpx:TrackPointExtension></extensions></trkpt>
      <trkpt lat="49.298458" lon="-122.757515"><ele>144.6</ele><time>2026-06-08T13:00:02.000Z</time><extensions><gpxtpx:TrackPointExtension><gpxtpx:hr>147</gpxtpx:hr></gpxtpx:TrackPointExtension></extensions></trkpt>
      <trkpt lat="49.298459" lon="-122.757566"><ele>144.4</ele><time>2026-06-08T13:00:03.000Z</time><extensions><gpxtpx:TrackPointExtension><gpxtpx:hr>147</gpxtpx:hr></gpxtpx:TrackPointExtension></extensions></trkpt>
      <trkpt lat="49.298459" lon="-122.757614"><ele>144.2</ele><time>2026-06-08T13:00:04.000Z</time><extensions><gpxtpx:TrackPointExtension><gpxtpx:hr>147</gpxtpx:hr></gpxtpx:TrackPointExtension></extensions></trkpt>
      <trkpt lat="49.29847" lon="-122.757668"><ele>144.2</ele><time>2026-06-08T13:00:05.000Z</time><extensions><gpxtpx:TrackPointExtension><gpxtpx:hr>147</gpxtpx:hr></gpxtpx:TrackPointExtension></extensions></trkpt>
      <trkpt lat="49.298471" lon="-122.757714"><ele>144</ele><time>2026-06-08T13:00:06.000Z</time><extensions><gpxtpx:TrackPointExtension><gpxtpx:hr>147</gpxtpx:hr></gpxtpx:TrackPointExtension></extensions></trkpt>
      <trkpt lat="49.298471" lon="-122.757767"><ele>143.6</ele><time>2026-06-08T13:00:07.000Z</time><extensions><gpxtpx:TrackPointExtension><gpxtpx:hr>147</gpxtpx:hr></gpxtpx:TrackPointExtension></extensions></trkpt>
      <trkpt lat="49.298467" lon="-122.757819"><ele>143.4</ele><time>2026-06-08T13:00:08.000Z</time><extensions><gpxtpx:TrackPointExtension><gpxtpx:hr>147</gpxtpx:hr></gpxtpx:TrackPointExtension></extensions></trkpt>
      <trkpt lat="49.298458" lon="-122.757862"><ele>143.2</ele><time>2026-06-08T13:00:09.000Z</time><extensions><gpxtpx:TrackPointExtension><gpxtpx:hr>147</gpxtpx:hr></gpxtpx:TrackPointExtension></extensions></trkpt>
      <trkpt lat="49.298459" lon="-122.757919"><ele>143</ele><time>2026-06-08T13:00:10.000Z</time><extensions><gpxtpx:TrackPointExtension><gpxtpx:hr>147</gpxtpx:hr></gpxtpx:TrackPointExtension></extensions></trkpt>
      <trkpt lat="49.298456" lon="-122.757965"><ele>142.8</ele><time>2026-06-08T13:00:11.000Z</time><extensions><gpxtpx:TrackPointExtension><gpxtpx:hr>147</gpxtpx:hr></gpxtpx:TrackPointExtension></extensions></trkpt>
      <trkpt lat="49.298452" lon="-122.758011"><ele>142.6</ele><time>2026-06-08T13:00:12.000Z</time><extensions><gpxtpx:TrackPointExtension><gpxtpx:hr>147</gpxtpx:hr></gpxtpx:TrackPointExtension></extensions></trkpt>
      <trkpt lat="49.298453" lon="-122.758064"><ele>142.6</ele><time>2026-06-08T13:00:13.000Z</time><extensions><gpxtpx:TrackPointExtension><gpxtpx:hr>147</gpxtpx:hr></gpxtpx:TrackPointExtension></extensions></trkpt>
      <trkpt lat="49.298447" lon="-122.758105"><ele>142.4</ele><time>2026-06-08T13:00:14.000Z</time><extensions><gpxtpx:TrackPointExtension><gpxtpx:hr>147</gpxtpx:hr></gpxtpx:TrackPointExtension></extensions></trkpt>
      <trkpt lat="49.298447" lon="-122.758156"><ele>142.2</ele><time>2026-06-08T13:00:15.000Z</time><extensions><gpxtpx:TrackPointExtension><gpxtpx:hr>147</gpxtpx:hr></gpxtpx:TrackPointExtension></extensions></trkpt>
      <trkpt lat="49.298447" lon="-122.758206"><ele>141.8</ele><time>2026-06-08T13:00:16.000Z</time><extensions><gpxtpx:TrackPointExtension><gpxtpx:hr>147</gpxtpx:hr></gpxtpx:TrackPointExtension></extensions></trkpt>
      <trkpt lat="49.298445" lon="-122.75825"><ele>141.6</ele><time>2026-06-08T13:00:17.000Z</time><extensions><gpxtpx:TrackPointExtension><gpxtpx:hr>147</gpxtpx:hr></gpxtpx:TrackPointExtension></extensions></trkpt>
      <trkpt lat="49.298454" lon="-122.758305"><ele>141.4</ele><time>2026-06-08T13:00:18.000Z</time><extensions><gpxtpx:TrackPointExtension><gpxtpx:hr>147</gpxtpx:hr></gpxtpx:TrackPointExtension></extensions></trkpt>
      <trkpt lat="49.29846" lon="-122.758344"><ele>141.4</ele><time>2026-06-08T13:00:19.000Z</time><extensions><gpxtpx:TrackPointExtension><gpxtpx:hr>147</gpxtpx:hr></gpxtpx:TrackPointExtension></extensions></trkpt>
      <trkpt lat="49.298472" lon="-122.758388"><ele>141.2</ele><time>2026-06-08T13:00:20.000Z</time><extensions><gpxtpx:TrackPointExtension><gpxtpx:hr>147</gpxtpx:hr></gpxtpx:TrackPointExtension></extensions></trkpt>
      <trkpt lat="49.298492" lon="-122.758424"><ele>141.2</ele><time>2026-06-08T13:00:21.000Z</time><extensions><gpxtpx:TrackPointExtension><gpxtpx:hr>147</gpxtpx:hr></gpxtpx:TrackPointExtension></extensions></trkpt>
      <trkpt lat="49.298506" lon="-122.758457"><ele>141</ele><time>2026-06-08T13:00:22.000Z</time><extensions><gpxtpx:TrackPointExtension><gpxtpx:hr>147</gpxtpx:hr></gpxtpx:TrackPointExtension></extensions></trkpt>
      <trkpt lat="49.298531" lon="-122.758483"><ele>141</ele><time>2026-06-08T13:00:23.000Z</time><extensions><gpxtpx:TrackPointExtension><gpxtpx:hr>147</gpxtpx:hr></gpxtpx:TrackPointExtension></extensions></trkpt>
      <trkpt lat="49.298557" lon="-122.758508"><ele>140.8</ele><time>2026-06-08T13:00:24.000Z</time><extensions><gpxtpx:TrackPointExtension><gpxtpx:hr>146</gpxtpx:hr></gpxtpx:TrackPointExtension></extensions></trkpt>
      <trkpt lat="49.298586" lon="-122.758528"><ele>141</ele><time>2026-06-08T13:00:25.000Z</time><extensions><gpxtpx:TrackPointExtension><gpxtpx:hr>146</gpxtpx:hr></gpxtpx:TrackPointExtension></extensions></trkpt>
      <trkpt lat="49.298621" lon="-122.758535"><ele>141</ele><time>2026-06-08T13:00:26.000Z</time><extensions><gpxtpx:TrackPointExtension><gpxtpx:hr>146</gpxtpx:hr></gpxtpx:TrackPointExtension></extensions></trkpt>
      <trkpt lat="49.298648" lon="-122.758538"><ele>141.2</ele><time>2026-06-08T13:00:27.000Z</time><extensions><gpxtpx:TrackPointExtension><gpxtpx:hr>146</gpxtpx:hr></gpxtpx:TrackPointExtension></extensions></trkpt>
      <trkpt lat="49.298678" lon="-122.758546"><ele>141.2</ele><time>2026-06-08T13:00:28.000Z</time><extensions><gpxtpx:TrackPointExtension><gpxtpx:hr>146</gpxtpx:hr></gpxtpx:TrackPointExtension></extensions></trkpt>
      <trkpt lat="49.298706" lon="-122.758543"><ele>141.2</ele><time>2026-06-08T13:00:29.000Z</time><extensions><gpxtpx:TrackPointExtension><gpxtpx:hr>146</gpxtpx:hr></gpxtpx:TrackPointExtension></extensions></trkpt>
      <trkpt lat="49.29873" lon="-122.758544"><ele>141.4</ele><time>2026-06-08T13:00:30.000Z</time><extensions><gpxtpx:TrackPointExtension><gpxtpx:hr>147</gpxtpx:hr></gpxtpx:TrackPointExtension></extensions></trkpt>
      <trkpt lat="49.298752" lon="-122.758539"><ele>141.4</ele><time>2026-06-08T13:00:31.000Z</time><extensions><gpxtpx:TrackPointExtension><gpxtpx:hr>147</gpxtpx:hr></gpxtpx:TrackPointExtension></extensions></trkpt>
      <trkpt lat="49.298777" lon="-122.758536"><ele>141.8</ele><time>2026-06-08T13:00:32.000Z</time><extensions><gpxtpx:TrackPointExtension><gpxtpx:hr>148</gpxtpx:hr></gpxtpx:TrackPointExtension></extensions></trkpt>
      <trkpt lat="49.298796" lon="-122.758536"><ele>142</ele><time>2026-06-08T13:00:33.000Z</time><extensions><gpxtpx:TrackPointExtension><gpxtpx:hr>148</gpxtpx:hr></gpxtpx:TrackPointExtension></extensions></trkpt>
      <trkpt lat="49.298819" lon="-122.758536"><ele>142.2</ele><time>2026-06-08T13:00:34.000Z</time><extensions><gpxtpx:TrackPointExtension><gpxtpx:hr>149</gpxtpx:hr></gpxtpx:TrackPointExtension></extensions></trkpt>
      <trkpt lat="49.29884" lon="-122.758535"><ele>142.4</ele><time>2026-06-08T13:00:35.000Z</time><extensions><gpxtpx:TrackPointExtension><gpxtpx:hr>150</gpxtpx:hr></gpxtpx:TrackPointExtension></extensions></trkpt>
      <trkpt lat="49.29886" lon="-122.75854"><ele>142.6</ele><time>2026-06-08T13:00:36.000Z</time><extensions><gpxtpx:TrackPointExtension><gpxtpx:hr>150</gpxtpx:hr></gpxtpx:TrackPointExtension></extensions></trkpt>
      <trkpt lat="49.298883" lon="-122.758537"><ele>142.6</ele><time>2026-06-08T13:00:37.000Z</time><extensions><gpxtpx:TrackPointExtension><gpxtpx:hr>150</gpxtpx:hr></gpxtpx:TrackPointExtension></extensions></trkpt>
      <trkpt lat="49.298904" lon="-122.75854"><ele>142.6</ele><time>2026-06-08T13:00:38.000Z</time><extensions><gpxtpx:TrackPointExtension><gpxtpx:hr>150</gpxtpx:hr></gpxtpx:TrackPointExtension></extensions></trkpt>
      <trkpt lat="49.298923" lon="-122.758543"><ele>142.8</ele><time>2026-06-08T13:00:39.000Z</time><extensions><gpxtpx:TrackPointExtension><gpxtpx:hr>151</gpxtpx:hr></gpxtpx:TrackPointExtension></extensions></trkpt>
      <trkpt lat="49.298949" lon="-122.758546"><ele>142.8</ele><time>2026-06-08T13:00:40.000Z</time><extensions><gpxtpx:TrackPointExtension><gpxtpx:hr>151</gpxtpx:hr></gpxtpx:TrackPointExtension></extensions></trkpt>
      <trkpt lat="49.298967" lon="-122.758545"><ele>143</ele><time>2026-06-08T13:00:41.000Z</time><extensions><gpxtpx:TrackPointExtension><gpxtpx:hr>151</gpxtpx:hr></gpxtpx:TrackPointExtension></extensions></trkpt>
      <trkpt lat="49.298992" lon="-122.758546"><ele>143.2</ele><time>2026-06-08T13:00:42.000Z</time><extensions><gpxtpx:TrackPointExtension><gpxtpx:hr>151</gpxtpx:hr></gpxtpx:TrackPointExtension></extensions></trkpt>
      <trkpt lat="49.299013" lon="-122.758546"><ele>143.2</ele><time>2026-06-08T13:00:43.000Z</time><extensions><gpxtpx:TrackPointExtension><gpxtpx:hr>150</gpxtpx:hr></gpxtpx:TrackPointExtension></extensions></trkpt>
      <trkpt lat="49.299028" lon="-122.75855"><ele>143.4</ele><time>2026-06-08T13:00:44.000Z</time><extensions><gpxtpx:TrackPointExtension><gpxtpx:hr>151</gpxtpx:hr></gpxtpx:TrackPointExtension></extensions></trkpt>
      <trkpt lat="49.299052" lon="-122.758552"><ele>143.4</ele><time>2026-06-08T13:00:45.000Z</time><extensions><gpxtpx:TrackPointExtension><gpxtpx:hr>152</gpxtpx:hr></gpxtpx:TrackPointExtension></extensions></trkpt>
      <trkpt lat="49.299071" lon="-122.758552"><ele>143.4</ele><time>2026-06-08T13:00:46.000Z</time><extensions><gpxtpx:TrackPointExtension><gpxtpx:hr>151</gpxtpx:hr></gpxtpx:TrackPointExtension></extensions></trkpt>
      <trkpt lat="49.299095" lon="-122.758555"><ele>143.6</ele><time>2026-06-08T13:00:47.000Z</time><extensions><gpxtpx:TrackPointExtension><gpxtpx:hr>151</gpxtpx:hr></gpxtpx:TrackPointExtension></extensions></trkpt>
      <trkpt lat="49.299118" lon="-122.758552"><ele>143.6</ele><time>2026-06-08T13:00:48.000Z</time><extensions><gpxtpx:TrackPointExtension><gpxtpx:hr>151</gpxtpx:hr></gpxtpx:TrackPointExtension></extensions></trkpt>
      <trkpt lat="49.299139" lon="-122.758554"><ele>143.8</ele><time>2026-06-08T13:00:49.000Z</time><extensions><gpxtpx:TrackPointExtension><gpxtpx:hr>151</gpxtpx:hr></gpxtpx:TrackPointExtension></extensions></trkpt>
      <trkpt lat="49.299159" lon="-122.758548"><ele>143.8</ele><time>2026-06-08T13:00:50.000Z</time><extensions><gpxtpx:TrackPointExtension><gpxtpx:hr>150</gpxtpx:hr></gpxtpx:TrackPointExtension></extensions></trkpt>
      <trkpt lat="49.299179" lon="-122.758543"><ele>144</ele><time>2026-06-08T13:00:51.000Z</time><extensions><gpxtpx:TrackPointExtension><gpxtpx:hr>150</gpxtpx:hr></gpxtpx:TrackPointExtension></extensions></trkpt>
      <trkpt lat="49.299207" lon="-122.758542"><ele>144.2</ele><time>2026-06-08T13:00:52.000Z</time><extensions><gpxtpx:TrackPointExtension><gpxtpx:hr>151</gpxtpx:hr></gpxtpx:TrackPointExtension></extensions></trkpt>
      <trkpt lat="49.299227" lon="-122.758542"><ele>144.4</ele><time>2026-06-08T13:00:53.000Z</time><extensions><gpxtpx:TrackPointExtension><gpxtpx:hr>151</gpxtpx:hr></gpxtpx:TrackPointExtension></extensions></trkpt>
      <trkpt lat="49.299253" lon="-122.758545"><ele>144.6</ele><time>2026-06-08T13:00:54.000Z</time><extensions><gpxtpx:TrackPointExtension><gpxtpx:hr>152</gpxtpx:hr></gpxtpx:TrackPointExtension></extensions></trkpt>
      <trkpt lat="49.299277" lon="-122.758541"><ele>144.8</ele><time>2026-06-08T13:00:55.000Z</time><extensions><gpxtpx:TrackPointExtension><gpxtpx:hr>152</gpxtpx:hr></gpxtpx:TrackPointExtension></extensions></trkpt>
      <trkpt lat="49.299297" lon="-122.758541"><ele>144.8</ele><time>2026-06-08T13:00:56.000Z</time><extensions><gpxtpx:TrackPointExtension><gpxtpx:hr>153</gpxtpx:hr></gpxtpx:TrackPointExtension></extensions></trkpt>
      <trkpt lat="49.299323" lon="-122.758537"><ele>145</ele><time>2026-06-08T13:00:57.000Z</time><extensions><gpxtpx:TrackPointExtension><gpxtpx:hr>153</gpxtpx:hr></gpxtpx:TrackPointExtension></extensions></trkpt>
      <trkpt lat="49.299346" lon="-122.758536"><ele>145.2</ele><time>2026-06-08T13:00:58.000Z</time><extensions><gpxtpx:TrackPointExtension><gpxtpx:hr>153</gpxtpx:hr></gpxtpx:TrackPointExtension></extensions></trkpt>
      <trkpt lat="49.299368" lon="-122.758541"><ele>145.4</ele><time>2026-06-08T13:00:59.000Z</time><extensions><gpxtpx:TrackPointExtension><gpxtpx:hr>153</gpxtpx:hr></gpxtpx:TrackPointExtension></extensions></trkpt>
      <trkpt lat="49.299396" lon="-122.758539"><ele>145.6</ele><time>2026-06-08T13:01:00.000Z</time><extensions><gpxtpx:TrackPointExtension><gpxtpx:hr>154</gpxtpx:hr></gpxtpx:TrackPointExtension></extensions></trkpt>
      <trkpt lat="49.299418" lon="-122.758542"><ele>145.8</ele><time>2026-06-08T13:01:01.000Z</time><extensions><gpxtpx:TrackPointExtension><gpxtpx:hr>154</gpxtpx:hr></gpxtpx:TrackPointExtension></extensions></trkpt>
      <trkpt lat="49.299447" lon="-122.758538"><ele>146</ele><time>2026-06-08T13:01:02.000Z</time><extensions><gpxtpx:TrackPointExtension><gpxtpx:hr>154</gpxtpx:hr></gpxtpx:TrackPointExtension></extensions></trkpt>
      <trkpt lat="49.299466" lon="-122.758531"><ele>146</ele><time>2026-06-08T13:01:03.000Z</time><extensions><gpxtpx:TrackPointExtension><gpxtpx:hr>154</gpxtpx:hr></gpxtpx:TrackPointExtension></extensions></trkpt>
      <trkpt lat="49.299488" lon="-122.758528"><ele>145.8</ele><time>2026-06-08T13:01:04.000Z</time><extensions><gpxtpx:TrackPointExtension><gpxtpx:hr>154</gpxtpx:hr></gpxtpx:TrackPointExtension></extensions></trkpt>
      <trkpt lat="49.299511" lon="-122.758519"><ele>146</ele><time>2026-06-08T13:01:05.000Z</time><extensions><gpxtpx:TrackPointExtension><gpxtpx:hr>153</gpxtpx:hr></gpxtpx:TrackPointExtension></extensions></trkpt>
      <trkpt lat="49.299526" lon="-122.758517"><ele>146</ele><time>2026-06-08T13:01:06.000Z</time><extensions><gpxtpx:TrackPointExtension><gpxtpx:hr>153</gpxtpx:hr></gpxtpx:TrackPointExtension></extensions></trkpt>
      <trkpt lat="49.29954" lon="-122.758521"><ele>146.2</ele><time>2026-06-08T13:01:07.000Z</time><extensions><gpxtpx:TrackPointExtension><gpxtpx:hr>153</gpxtpx:hr></gpxtpx:TrackPointExtension></extensions></trkpt>
      <trkpt lat="49.299566" lon="-122.758516"><ele>146.4</ele><time>2026-06-08T13:01:08.000Z</time><extensions><gpxtpx:TrackPointExtension><gpxtpx:hr>153</gpxtpx:hr></gpxtpx:TrackPointExtension></extensions></trkpt>
      <trkpt lat="49.299583" lon="-122.758516"><ele>146.6</ele><time>2026-06-08T13:01:09.000Z</time><extensions><gpxtpx:TrackPointExtension><gpxtpx:hr>152</gpxtpx:hr></gpxtpx:TrackPointExtension></extensions></trkpt>
      <trkpt lat="49.299606" lon="-122.758515"><ele>146.6</ele><time>2026-06-08T13:01:10.000Z</time><extensions><gpxtpx:TrackPointExtension><gpxtpx:hr>153</gpxtpx:hr></gpxtpx:TrackPointExtension></extensions></trkpt>
      <trkpt lat="49.299632" lon="-122.758516"><ele>146.8</ele><time>2026-06-08T13:01:11.000Z</time><extensions><gpxtpx:TrackPointExtension><gpxtpx:hr>153</gpxtpx:hr></gpxtpx:TrackPointExtension></extensions></trkpt>
      <trkpt lat="49.299649" lon="-122.758518"><ele>147</ele><time>2026-06-08T13:01:12.000Z</time><extensions><gpxtpx:TrackPointExtension><gpxtpx:hr>152</gpxtpx:hr></gpxtpx:TrackPointExtension></extensions></trkpt>
      <trkpt lat="49.299673" lon="-122.758518"><ele>147</ele><time>2026-06-08T13:01:13.000Z</time><extensions><gpxtpx:TrackPointExtension><gpxtpx:hr>152</gpxtpx:hr></gpxtpx:TrackPointExtension></extensions></trkpt>
      <trkpt lat="49.299692" lon="-122.758519"><ele>147.2</ele><time>2026-06-08T13:01:14.000Z</time><extensions><gpxtpx:TrackPointExtension><gpxtpx:hr>151</gpxtpx:hr></gpxtpx:TrackPointExtension></extensions></trkpt>
      <trkpt lat="49.299711" lon="-122.75852"><ele>147.4</ele><time>2026-06-08T13:01:15.000Z</time><extensions><gpxtpx:TrackPointExtension><gpxtpx:hr>152</gpxtpx:hr></gpxtpx:TrackPointExtension></extensions></trkpt>
      <trkpt lat="49.299733" lon="-122.75852"><ele>147.6</ele><time>2026-06-08T13:01:16.000Z</time><extensions><gpxtpx:TrackPointExtension><gpxtpx:hr>152</gpxtpx:hr></gpxtpx:TrackPointExtension></extensions></trkpt>
      <trkpt lat="49.299755" lon="-122.75852"><ele>147.8</ele><time>2026-06-08T13:01:17.000Z</time><extensions><gpxtpx:TrackPointExtension><gpxtpx:hr>153</gpxtpx:hr></gpxtpx:TrackPointExtension></extensions></trkpt>
      <trkpt lat="49.299773" lon="-122.758532"><ele>148</ele><time>2026-06-08T13:01:18.000Z</time><extensions><gpxtpx:TrackPointExtension><gpxtpx:hr>154</gpxtpx:hr></gpxtpx:TrackPointExtension></extensions></trkpt>
      <trkpt lat="49.299795" lon="-122.758538"><ele>148.2</ele><time>2026-06-08T13:01:19.000Z</time><extensions><gpxtpx:TrackPointExtension><gpxtpx:hr>154</gpxtpx:hr></gpxtpx:TrackPointExtension></extensions></trkpt>
      <trkpt lat="49.299821" lon="-122.75854"><ele>148.2</ele><time>2026-06-08T13:01:20.000Z</time><extensions><gpxtpx:TrackPointExtension><gpxtpx:hr>155</gpxtpx:hr></gpxtpx:TrackPointExtension></extensions></trkpt>
      <trkpt lat="49.299844" lon="-122.758538"><ele>148.4</ele><time>2026-06-08T13:01:21.000Z</time><extensions><gpxtpx:TrackPointExtension><gpxtpx:hr>155</gpxtpx:hr></gpxtpx:TrackPointExtension></extensions></trkpt>
      <trkpt lat="49.299867" lon="-122.758538"><ele>148.6</ele><time>2026-06-08T13:01:22.000Z</time><extensions><gpxtpx:TrackPointExtension><gpxtpx:hr>155</gpxtpx:hr></gpxtpx:TrackPointExtension></extensions></trkpt>
      <trkpt lat="49.299896" lon="-122.75853"><ele>148.8</ele><time>2026-06-08T13:01:23.000Z</time><extensions><gpxtpx:TrackPointExtension><gpxtpx:hr>156</gpxtpx:hr></gpxtpx:TrackPointExtension></extensions></trkpt>
      <trkpt lat="49.299923" lon="-122.75853"><ele>148.8</ele><time>2026-06-08T13:01:24.000Z</time><extensions><gpxtpx:TrackPointExtension><gpxtpx:hr>156</gpxtpx:hr></gpxtpx:TrackPointExtension></extensions></trkpt>
      <trkpt lat="49.299947" lon="-122.758534"><ele>149.2</ele><time>2026-06-08T13:01:25.000Z</time><extensions><gpxtpx:TrackPointExtension><gpxtpx:hr>156</gpxtpx:hr></gpxtpx:TrackPointExtension></extensions></trkpt>
      <trkpt lat="49.29997" lon="-122.758534"><ele>149.2</ele><time>2026-06-08T13:01:26.000Z</time><extensions><gpxtpx:TrackPointExtension><gpxtpx:hr>155</gpxtpx:hr></gpxtpx:TrackPointExtension></extensions></trkpt>
      <trkpt lat="49.299988" lon="-122.758533"><ele>149.4</ele><time>2026-06-08T13:01:27.000Z</time><extensions><gpxtpx:TrackPointExtension><gpxtpx:hr>155</gpxtpx:hr></gpxtpx:TrackPointExtension></extensions></trkpt>
      <trkpt lat="49.300009" lon="-122.758533"><ele>149.6</ele><time>2026-06-08T13:01:28.000Z</time><extensions><gpxtpx:TrackPointExtension><gpxtpx:hr>155</gpxtpx:hr></gpxtpx:TrackPointExtension></extensions></trkpt>
      <trkpt lat="49.300035" lon="-122.75853"><ele>149.8</ele><time>2026-06-08T13:01:29.000Z</time><extensions><gpxtpx:TrackPointExtension><gpxtpx:hr>155</gpxtpx:hr></gpxtpx:TrackPointExtension></extensions></trkpt>
      <trkpt lat="49.300056" lon="-122.758522"><ele>150</ele><time>2026-06-08T13:01:30.000Z</time><extensions><gpxtpx:TrackPointExtension><gpxtpx:hr>155</gpxtpx:hr></gpxtpx:TrackPointExtension></extensions></trkpt>
      <trkpt lat="49.300078" lon="-122.758513"><ele>150</ele><time>2026-06-08T13:01:31.000Z</time><extensions><gpxtpx:TrackPointExtension><gpxtpx:hr>155</gpxtpx:hr></gpxtpx:TrackPointExtension></extensions></trkpt>
      <trkpt lat="49.300098" lon="-122.758491"><ele>150.2</ele><time>2026-06-08T13:01:32.000Z</time><extensions><gpxtpx:TrackPointExtension><gpxtpx:hr>156</gpxtpx:hr></gpxtpx:TrackPointExtension></extensions></trkpt>
      <trkpt lat="49.30011" lon="-122.75847"><ele>150.4</ele><time>2026-06-08T13:01:33.000Z</time><extensions><gpxtpx:TrackPointExtension><gpxtpx:hr>156</gpxtpx:hr></gpxtpx:TrackPointExtension></extensions></trkpt>
      <trkpt lat="49.300128" lon="-122.758444"><ele>150.6</ele><time>2026-06-08T13:01:34.000Z</time><extensions><gpxtpx:TrackPointExtension><gpxtpx:hr>156</gpxtpx:hr></gpxtpx:TrackPointExtension></extensions></trkpt>
      <trkpt lat="49.300145" lon="-122.758415"><ele>150.8</ele><time>2026-06-08T13:01:35.000Z</time><extensions><gpxtpx:TrackPointExtension><gpxtpx:hr>156</gpxtpx:hr></gpxtpx:TrackPointExtension></extensions></trkpt>
      <trkpt lat="49.300161" lon="-122.758394"><ele>151</ele><time>2026-06-08T13:01:36.000Z</time><extensions><gpxtpx:TrackPointExtension><gpxtpx:hr>156</gpxtpx:hr></gpxtpx:TrackPointExtension></extensions></trkpt>
      <trkpt lat="49.300176" lon="-122.75837"><ele>151.2</ele><time>2026-06-08T13:01:37.000Z</time><extensions><gpxtpx:TrackPointExtension><gpxtpx:hr>156</gpxtpx:hr></gpxtpx:TrackPointExtension></extensions></trkpt>
      <trkpt lat="49.300189" lon="-122.758334"><ele>151.4</ele><time>2026-06-08T13:01:38.000Z</time><extensions><gpxtpx:TrackPointExtension><gpxtpx:hr>157</gpxtpx:hr></gpxtpx:TrackPointExtension></extensions></trkpt>
      <trkpt lat="49.300197" lon="-122.758306"><ele>151.6</ele><time>2026-06-08T13:01:39.000Z</time><extensions><gpxtpx:TrackPointExtension><gpxtpx:hr>158</gpxtpx:hr></gpxtpx:TrackPointExtension></extensions></trkpt>
      <trkpt lat="49.300203" lon="-122.758276"><ele>151.8</ele><time>2026-06-08T13:01:40.000Z</time><extensions><gpxtpx:TrackPointExtension><gpxtpx:hr>158</gpxtpx:hr></gpxtpx:TrackPointExtension></extensions></trkpt>
      <trkpt lat="49.300204" lon="-122.758238"><ele>152</ele><time>2026-06-08T13:01:41.000Z</time><extensions><gpxtpx:TrackPointExtension><gpxtpx:hr>158</gpxtpx:hr></gpxtpx:TrackPointExtension></extensions></trkpt>
      <trkpt lat="49.300212" lon="-122.758208"><ele>152.2</ele><time>2026-06-08T13:01:42.000Z</time><extensions><gpxtpx:TrackPointExtension><gpxtpx:hr>158</gpxtpx:hr></gpxtpx:TrackPointExtension></extensions></trkpt>
      <trkpt lat="49.300216" lon="-122.758171"><ele>152.2</ele><time>2026-06-08T13:01:43.000Z</time><extensions><gpxtpx:TrackPointExtension><gpxtpx:hr>158</gpxtpx:hr></gpxtpx:TrackPointExtension></extensions></trkpt>
      <trkpt lat="49.300216" lon="-122.758135"><ele>152.4</ele><time>2026-06-08T13:01:44.000Z</time><extensions><gpxtpx:TrackPointExtension><gpxtpx:hr>158</gpxtpx:hr></gpxtpx:TrackPointExtension></extensions></trkpt>
      <trkpt lat="49.300218" lon="-122.758105"><ele>152.6</ele><time>2026-06-08T13:01:45.000Z</time><extensions><gpxtpx:TrackPointExtension><gpxtpx:hr>158</gpxtpx:hr></gpxtpx:TrackPointExtension></extensions></trkpt>
      <trkpt lat="49.300215" lon="-122.758072"><ele>152.8</ele><time>2026-06-08T13:01:46.000Z</time><extensions><gpxtpx:TrackPointExtension><gpxtpx:hr>159</gpxtpx:hr></gpxtpx:TrackPointExtension></extensions></trkpt>
      <trkpt lat="49.300213" lon="-122.758036"><ele>153</ele><time>2026-06-08T13:01:47.000Z</time><extensions><gpxtpx:TrackPointExtension><gpxtpx:hr>159</gpxtpx:hr></gpxtpx:TrackPointExtension></extensions></trkpt>
      <trkpt lat="49.300214" lon="-122.758008"><ele>153.2</ele><time>2026-06-08T13:01:48.000Z</time><extensions><gpxtpx:TrackPointExtension><gpxtpx:hr>159</gpxtpx:hr></gpxtpx:TrackPointExtension></extensions></trkpt>
      <trkpt lat="49.300212" lon="-122.757979"><ele>153.4</ele><time>2026-06-08T13:01:49.000Z</time><extensions><gpxtpx:TrackPointExtension><gpxtpx:hr>160</gpxtpx:hr></gpxtpx:TrackPointExtension></extensions></trkpt>
      <trkpt lat="49.300213" lon="-122.757942"><ele>153.4</ele><time>2026-06-08T13:01:50.000Z</time><extensions><gpxtpx:TrackPointExtension><gpxtpx:hr>160</gpxtpx:hr></gpxtpx:TrackPointExtension></extensions></trkpt>
      <trkpt lat="49.300217" lon="-122.757911"><ele>153.6</ele><time>2026-06-08T13:01:51.000Z</time><extensions><gpxtpx:TrackPointExtension><gpxtpx:hr>160</gpxtpx:hr></gpxtpx:TrackPointExtension></extensions></trkpt>
      <trkpt lat="49.300214" lon="-122.757875"><ele>153.8</ele><time>2026-06-08T13:01:52.000Z</time><extensions><gpxtpx:TrackPointExtension><gpxtpx:hr>160</gpxtpx:hr></gpxtpx:TrackPointExtension></extensions></trkpt>
      <trkpt lat="49.300214" lon="-122.757837"><ele>154</ele><time>2026-06-08T13:01:53.000Z</time><extensions><gpxtpx:TrackPointExtension><gpxtpx:hr>160</gpxtpx:hr></gpxtpx:TrackPointExtension></extensions></trkpt>
      <trkpt lat="49.300217" lon="-122.757809"><ele>154</ele><time>2026-06-08T13:01:54.000Z</time><extensions><gpxtpx:TrackPointExtension><gpxtpx:hr>160</gpxtpx:hr></gpxtpx:TrackPointExtension></extensions></trkpt>
      <trkpt lat="49.300216" lon="-122.757777"><ele>154.2</ele><time>2026-06-08T13:01:55.000Z</time><extensions><gpxtpx:TrackPointExtension><gpxtpx:hr>160</gpxtpx:hr></gpxtpx:TrackPointExtension></extensions></trkpt>
      <trkpt lat="49.300218" lon="-122.757744"><ele>154.4</ele><time>2026-06-08T13:01:56.000Z</time><extensions><gpxtpx:TrackPointExtension><gpxtpx:hr>160</gpxtpx:hr></gpxtpx:TrackPointExtension></extensions></trkpt>
      <trkpt lat="49.300221" lon="-122.757711"><ele>154.6</ele><time>2026-06-08T13:01:57.000Z</time><extensions><gpxtpx:TrackPointExtension><gpxtpx:hr>160</gpxtpx:hr></gpxtpx:TrackPointExtension></extensions></trkpt>
      <trkpt lat="49.300216" lon="-122.757677"><ele>154.6</ele><time>2026-06-08T13:01:58.000Z</time><extensions><gpxtpx:TrackPointExtension><gpxtpx:hr>159</gpxtpx:hr></gpxtpx:TrackPointExtension></extensions></trkpt>
      <trkpt lat="49.300213" lon="-122.757653"><ele>154.8</ele><time>2026-06-08T13:01:59.000Z</time><extensions><gpxtpx:TrackPointExtension><gpxtpx:hr>159</gpxtpx:hr></gpxtpx:TrackPointExtension></extensions></trkpt>
      <trkpt lat="49.300212" lon="-122.75762"><ele>154.8</ele><time>2026-06-08T13:02:00.000Z</time><extensions><gpxtpx:TrackPointExtension><gpxtpx:hr>158</gpxtpx:hr></gpxtpx:TrackPointExtension></extensions></trkpt>
      <trkpt lat="49.30021" lon="-122.757584"><ele>155</ele><time>2026-06-08T13:02:01.000Z</time><extensions><gpxtpx:TrackPointExtension><gpxtpx:hr>157</gpxtpx:hr></gpxtpx:TrackPointExtension></extensions></trkpt>
      <trkpt lat="49.300209" lon="-122.757551"><ele>155.4</ele><time>2026-06-08T13:02:02.000Z</time><extensions><gpxtpx:TrackPointExtension><gpxtpx:hr>155</gpxtpx:hr></gpxtpx:TrackPointExtension></extensions></trkpt>
      <trkpt lat="49.300207" lon="-122.757515"><ele>155.6</ele><time>2026-06-08T13:02:03.000Z</time><extensions><gpxtpx:TrackPointExtension><gpxtpx:hr>154</gpxtpx:hr></gpxtpx:TrackPointExtension></extensions></trkpt>
      <trkpt lat="49.300205" lon="-122.757479"><ele>155.8</ele><time>2026-06-08T13:02:04.000Z</time><extensions><gpxtpx:TrackPointExtension><gpxtpx:hr>154</gpxtpx:hr></gpxtpx:TrackPointExtension></extensions></trkpt>
      <trkpt lat="49.300203" lon="-122.757453"><ele>156</ele><time>2026-06-08T13:02:05.000Z</time><extensions><gpxtpx:TrackPointExtension><gpxtpx:hr>154</gpxtpx:hr></gpxtpx:TrackPointExtension></extensions></trkpt>
      <trkpt lat="49.300202" lon="-122.757417"><ele>156.2</ele><time>2026-06-08T13:02:06.000Z</time><extensions><gpxtpx:TrackPointExtension><gpxtpx:hr>153</gpxtpx:hr></gpxtpx:TrackPointExtension></extensions></trkpt>
      <trkpt lat="49.3002" lon="-122.757382"><ele>156.2</ele><time>2026-06-08T13:02:07.000Z</time><extensions><gpxtpx:TrackPointExtension><gpxtpx:hr>153</gpxtpx:hr></gpxtpx:TrackPointExtension></extensions></trkpt>
      <trkpt lat="49.300201" lon="-122.757356"><ele>156.4</ele><time>2026-06-08T13:02:08.000Z</time><extensions><gpxtpx:TrackPointExtension><gpxtpx:hr>153</gpxtpx:hr></gpxtpx:TrackPointExtension></extensions></trkpt>
      <trkpt lat="49.300202" lon="-122.757322"><ele>156.6</ele><time>2026-06-08T13:02:09.000Z</time><extensions><gpxtpx:TrackPointExtension><gpxtpx:hr>153</gpxtpx:hr></gpxtpx:TrackPointExtension></extensions></trkpt>
      <trkpt lat="49.300197" lon="-122.757288"><ele>156.8</ele><time>2026-06-08T13:02:10.000Z</time><extensions><gpxtpx:TrackPointExtension><gpxtpx:hr>153</gpxtpx:hr></gpxtpx:TrackPointExtension></extensions></trkpt>
      <trkpt lat="49.3002" lon="-122.757257"><ele>156.8</ele><time>2026-06-08T13:02:11.000Z</time><extensions><gpxtpx:TrackPointExtension><gpxtpx:hr>153</gpxtpx:hr></gpxtpx:TrackPointExtension></extensions></trkpt>
      <trkpt lat="49.3002" lon="-122.757229"><ele>157</ele><time>2026-06-08T13:02:12.000Z</time><extensions><gpxtpx:TrackPointExtension><gpxtpx:hr>154</gpxtpx:hr></gpxtpx:TrackPointExtension></extensions></trkpt>
      <trkpt lat="49.300195" lon="-122.757198"><ele>157.2</ele><time>2026-06-08T13:02:13.000Z</time><extensions><gpxtpx:TrackPointExtension><gpxtpx:hr>155</gpxtpx:hr></gpxtpx:TrackPointExtension></extensions></trkpt>
      <trkpt lat="49.300191" lon="-122.757169"><ele>157.2</ele><time>2026-06-08T13:02:14.000Z</time><extensions><gpxtpx:TrackPointExtension><gpxtpx:hr>156</gpxtpx:hr></gpxtpx:TrackPointExtension></extensions></trkpt>
      <trkpt lat="49.300191" lon="-122.757135"><ele>157.4</ele><time>2026-06-08T13:02:15.000Z</time><extensions><gpxtpx:TrackPointExtension><gpxtpx:hr>157</gpxtpx:hr></gpxtpx:TrackPointExtension></extensions></trkpt>
      <trkpt lat="49.300192" lon="-122.757097"><ele>157.4</ele><time>2026-06-08T13:02:16.000Z</time><extensions><gpxtpx:TrackPointExtension><gpxtpx:hr>158</gpxtpx:hr></gpxtpx:TrackPointExtension></extensions></trkpt>
      <trkpt lat="49.300191" lon="-122.75707"><ele>157.6</ele><time>2026-06-08T13:02:17.000Z</time><extensions><gpxtpx:TrackPointExtension><gpxtpx:hr>159</gpxtpx:hr></gpxtpx:TrackPointExtension></extensions></trkpt>
      <trkpt lat="49.300196" lon="-122.757038"><ele>157.6</ele><time>2026-06-08T13:02:18.000Z</time><extensions><gpxtpx:TrackPointExtension><gpxtpx:hr>159</gpxtpx:hr></gpxtpx:TrackPointExtension></extensions></trkpt>
      <trkpt lat="49.3002" lon="-122.757003"><ele>157.8</ele><time>2026-06-08T13:02:19.000Z</time><extensions><gpxtpx:TrackPointExtension><gpxtpx:hr>159</gpxtpx:hr></gpxtpx:TrackPointExtension></extensions></trkpt>
      <trkpt lat="49.300206" lon="-122.756976"><ele>158</ele><time>2026-06-08T13:02:20.000Z</time><extensions><gpxtpx:TrackPointExtension><gpxtpx:hr>159</gpxtpx:hr></gpxtpx:TrackPointExtension></extensions></trkpt>
      <trkpt lat="49.300207" lon="-122.756938"><ele>158</ele><time>2026-06-08T13:02:21.000Z</time><extensions><gpxtpx:TrackPointExtension><gpxtpx:hr>159</gpxtpx:hr></gpxtpx:TrackPointExtension></extensions></trkpt>
      <trkpt lat="49.300207" lon="-122.756907"><ele>158.2</ele><time>2026-06-08T13:02:22.000Z</time><extensions><gpxtpx:TrackPointExtension><gpxtpx:hr>159</gpxtpx:hr></gpxtpx:TrackPointExtension></extensions></trkpt>
      <trkpt lat="49.300212" lon="-122.756876"><ele>158.4</ele><time>2026-06-08T13:02:23.000Z</time><extensions><gpxtpx:TrackPointExtension><gpxtpx:hr>159</gpxtpx:hr></gpxtpx:TrackPointExtension></extensions></trkpt>
      <trkpt lat="49.300213" lon="-122.756837"><ele>158.4</ele><time>2026-06-08T13:02:24.000Z</time><extensions><gpxtpx:TrackPointExtension><gpxtpx:hr>159</gpxtpx:hr></gpxtpx:TrackPointExtension></extensions></trkpt>
      <trkpt lat="49.300214" lon="-122.756812"><ele>158.6</ele><time>2026-06-08T13:02:25.000Z</time><extensions><gpxtpx:TrackPointExtension><gpxtpx:hr>159</gpxtpx:hr></gpxtpx:TrackPointExtension></extensions></trkpt>
      <trkpt lat="49.300214" lon="-122.756772"><ele>158.8</ele><time>2026-06-08T13:02:26.000Z</time><extensions><gpxtpx:TrackPointExtension><gpxtpx:hr>159</gpxtpx:hr></gpxtpx:TrackPointExtension></extensions></trkpt>
      <trkpt lat="49.300212" lon="-122.756738"><ele>159</ele><time>2026-06-08T13:02:27.000Z</time><extensions><gpxtpx:TrackPointExtension><gpxtpx:hr>159</gpxtpx:hr></gpxtpx:TrackPointExtension></extensions></trkpt>
      <trkpt lat="49.30021" lon="-122.756706"><ele>159</ele><time>2026-06-08T13:02:28.000Z</time><extensions><gpxtpx:TrackPointExtension><gpxtpx:hr>160</gpxtpx:hr></gpxtpx:TrackPointExtension></extensions></trkpt>
      <trkpt lat="49.300207" lon="-122.756674"><ele>159.2</ele><time>2026-06-08T13:02:29.000Z</time><extensions><gpxtpx:TrackPointExtension><gpxtpx:hr>160</gpxtpx:hr></gpxtpx:TrackPointExtension></extensions></trkpt>
      <trkpt lat="49.300204" lon="-122.756647"><ele>159.4</ele><time>2026-06-08T13:02:30.000Z</time><extensions><gpxtpx:TrackPointExtension><gpxtpx:hr>161</gpxtpx:hr></gpxtpx:TrackPointExtension></extensions></trkpt>
      <trkpt lat="49.3002" lon="-122.756615"><ele>159.4</ele><time>2026-06-08T13:02:31.000Z</time><extensions><gpxtpx:TrackPointExtension><gpxtpx:hr>161</gpxtpx:hr></gpxtpx:TrackPointExtension></extensions></trkpt>
      <trkpt lat="49.300192" lon="-122.756587"><ele>159.4</ele><time>2026-06-08T13:02:32.000Z</time><extensions><gpxtpx:TrackPointExtension><gpxtpx:hr>161</gpxtpx:hr></gpxtpx:TrackPointExtension></extensions></trkpt>
      <trkpt lat="49.300193" lon="-122.75656"><ele>159.6</ele><time>2026-06-08T13:02:33.000Z</time><extensions><gpxtpx:TrackPointExtension><gpxtpx:hr>161</gpxtpx:hr></gpxtpx:TrackPointExtension></extensions></trkpt>
      <trkpt lat="49.300188" lon="-122.756526"><ele>159.8</ele><time>2026-06-08T13:02:34.000Z</time><extensions><gpxtpx:TrackPointExtension><gpxtpx:hr>161</gpxtpx:hr></gpxtpx:TrackPointExtension></extensions></trkpt>
      <trkpt lat="49.300176" lon="-122.756493"><ele>159.8</ele><time>2026-06-08T13:02:35.000Z</time><extensions><gpxtpx:TrackPointExtension><gpxtpx:hr>161</gpxtpx:hr></gpxtpx:TrackPointExtension></extensions></trkpt>
      <trkpt lat="49.300169" lon="-122.756467"><ele>160</ele><time>2026-06-08T13:02:36.000Z</time><extensions><gpxtpx:TrackPointExtension><gpxtpx:hr>161</gpxtpx:hr></gpxtpx:TrackPointExtension></extensions></trkpt>
      <trkpt lat="49.300161" lon="-122.756436"><ele>160</ele><time>2026-06-08T13:02:37.000Z</time><extensions><gpxtpx:TrackPointExtension><gpxtpx:hr>161</gpxtpx:hr></gpxtpx:TrackPointExtension></extensions></trkpt>
      <trkpt lat="49.300159" lon="-122.756401"><ele>160.2</ele><time>2026-06-08T13:02:38.000Z</time><extensions><gpxtpx:TrackPointExtension><gpxtpx:hr>161</gpxtpx:hr></gpxtpx:TrackPointExtension></extensions></trkpt>
      <trkpt lat="49.300163" lon="-122.75637"><ele>160.4</ele><time>2026-06-08T13:02:39.000Z</time><extensions><gpxtpx:TrackPointExtension><gpxtpx:hr>161</gpxtpx:hr></gpxtpx:TrackPointExtension></extensions></trkpt>
      <trkpt lat="49.300163" lon="-122.756335"><ele>160.4</ele><time>2026-06-08T13:02:40.000Z</time><extensions><gpxtpx:TrackPointExtension><gpxtpx:hr>161</gpxtpx:hr></gpxtpx:TrackPointExtension></extensions></trkpt>
      <trkpt lat="49.300161" lon="-122.756297"><ele>160.6</ele><time>2026-06-08T13:02:41.000Z</time><extensions><gpxtpx:TrackPointExtension><gpxtpx:hr>161</gpxtpx:hr></gpxtpx:TrackPointExtension></extensions></trkpt>
      <trkpt lat="49.300163" lon="-122.756263"><ele>160.6</ele><time>2026-06-08T13:02:42.000Z</time><extensions><gpxtpx:TrackPointExtension><gpxtpx:hr>161</gpxtpx:hr></gpxtpx:TrackPointExtension></extensions></trkpt>
      <trkpt lat="49.300166" lon="-122.75623"><ele>160.8</ele><time>2026-06-08T13:02:43.000Z</time><extensions><gpxtpx:TrackPointExtension><gpxtpx:hr>161</gpxtpx:hr></gpxtpx:TrackPointExtension></extensions></trkpt>
      <trkpt lat="49.30017" lon="-122.756194"><ele>160.8</ele><time>2026-06-08T13:02:44.000Z</time><extensions><gpxtpx:TrackPointExtension><gpxtpx:hr>161</gpxtpx:hr></gpxtpx:TrackPointExtension></extensions></trkpt>
      <trkpt lat="49.300173" lon="-122.756161"><ele>160.8</ele><time>2026-06-08T13:02:45.000Z</time><extensions><gpxtpx:TrackPointExtension><gpxtpx:hr>161</gpxtpx:hr></gpxtpx:TrackPointExtension></extensions></trkpt>
      <trkpt lat="49.300166" lon="-122.756123"><ele>160.8</ele><time>2026-06-08T13:02:46.000Z</time><extensions><gpxtpx:TrackPointExtension><gpxtpx:hr>161</gpxtpx:hr></gpxtpx:TrackPointExtension></extensions></trkpt>
      <trkpt lat="49.300154" lon="-122.7561"><ele>160.8</ele><time>2026-06-08T13:02:47.000Z</time><extensions><gpxtpx:TrackPointExtension><gpxtpx:hr>161</gpxtpx:hr></gpxtpx:TrackPointExtension></extensions></trkpt>
      <trkpt lat="49.300129" lon="-122.756083"><ele>160.8</ele><time>2026-06-08T13:02:48.000Z</time><extensions><gpxtpx:TrackPointExtension><gpxtpx:hr>161</gpxtpx:hr></gpxtpx:TrackPointExtension></extensions></trkpt>
      <trkpt lat="49.300136" lon="-122.756053"><ele>160.8</ele><time>2026-06-08T13:02:54.000Z</time><extensions><gpxtpx:TrackPointExtension><gpxtpx:hr>161</gpxtpx:hr></gpxtpx:TrackPointExtension></extensions></trkpt>
      <trkpt lat="49.300137" lon="-122.756041"><ele>160.6</ele><time>2026-06-08T13:02:55.000Z</time><extensions><gpxtpx:TrackPointExtension><gpxtpx:hr>160</gpxtpx:hr></gpxtpx:TrackPointExtension></extensions></trkpt>
      <trkpt lat="49.300135" lon="-122.756011"><ele>160.6</ele><time>2026-06-08T13:02:56.000Z</time><extensions><gpxtpx:TrackPointExtension><gpxtpx:hr>160</gpxtpx:hr></gpxtpx:TrackPointExtension></extensions></trkpt>
      <trkpt lat="49.300138" lon="-122.755843"><ele>160.8</ele><time>2026-06-08T13:02:59.000Z</time><extensions><gpxtpx:TrackPointExtension><gpxtpx:hr>159</gpxtpx:hr></gpxtpx:TrackPointExtension></extensions></trkpt>
      <trkpt lat="49.30014" lon="-122.755816"><ele>160.6</ele><time>2026-06-08T13:03:00.000Z</time><extensions><gpxtpx:TrackPointExtension><gpxtpx:hr>159</gpxtpx:hr></gpxtpx:TrackPointExtension></extensions></trkpt>
      <trkpt lat="49.300142" lon="-122.755774"><ele>160.8</ele><time>2026-06-08T13:03:01.000Z</time><extensions><gpxtpx:TrackPointExtension><gpxtpx:hr>159</gpxtpx:hr></gpxtpx:TrackPointExtension></extensions></trkpt>
      <trkpt lat="49.300146" lon="-122.755733"><ele>161</ele><time>2026-06-08T13:03:02.000Z</time><extensions><gpxtpx:TrackPointExtension><gpxtpx:hr>159</gpxtpx:hr></gpxtpx:TrackPointExtension></extensions></trkpt>
      <trkpt lat="49.30015" lon="-122.755686"><ele>161.2</ele><time>2026-06-08T13:03:03.000Z</time><extensions><gpxtpx:TrackPointExtension><gpxtpx:hr>159</gpxtpx:hr></gpxtpx:TrackPointExtension></extensions></trkpt>
      <trkpt lat="49.30015" lon="-122.755648"><ele>161.4</ele><time>2026-06-08T13:03:04.000Z</time><extensions><gpxtpx:TrackPointExtension><gpxtpx:hr>158</gpxtpx:hr></gpxtpx:TrackPointExtension></extensions></trkpt>
      <trkpt lat="49.300145" lon="-122.755616"><ele>161.6</ele><time>2026-06-08T13:03:05.000Z</time><extensions><gpxtpx:TrackPointExtension><gpxtpx:hr>158</gpxtpx:hr></gpxtpx:TrackPointExtension></extensions></trkpt>
      <trkpt lat="49.30014" lon="-122.755542"><ele>161.8</ele><time>2026-06-08T13:03:06.000Z</time><extensions><gpxtpx:TrackPointExtension><gpxtpx:hr>158</gpxtpx:hr></gpxtpx:TrackPointExtension></extensions></trkpt>
      <trkpt lat="49.300138" lon="-122.755499"><ele>162</ele><time>2026-06-08T13:03:07.000Z</time><extensions><gpxtpx:TrackPointExtension><gpxtpx:hr>158</gpxtpx:hr></gpxtpx:TrackPointExtension></extensions></trkpt>
      <trkpt lat="49.300141" lon="-122.75546"><ele>162</ele><time>2026-06-08T13:03:08.000Z</time><extensions><gpxtpx:TrackPointExtension><gpxtpx:hr>159</gpxtpx:hr></gpxtpx:TrackPointExtension></extensions></trkpt>
      <trkpt lat="49.300144" lon="-122.755428"><ele>162</ele><time>2026-06-08T13:03:09.000Z</time><extensions><gpxtpx:TrackPointExtension><gpxtpx:hr>159</gpxtpx:hr></gpxtpx:TrackPointExtension></extensions></trkpt>
      <trkpt lat="49.300149" lon="-122.755388"><ele>162</ele><time>2026-06-08T13:03:10.000Z</time><extensions><gpxtpx:TrackPointExtension><gpxtpx:hr>159</gpxtpx:hr></gpxtpx:TrackPointExtension></extensions></trkpt>
      <trkpt lat="49.300152" lon="-122.755349"><ele>162</ele><time>2026-06-08T13:03:11.000Z</time><extensions><gpxtpx:TrackPointExtension><gpxtpx:hr>160</gpxtpx:hr></gpxtpx:TrackPointExtension></extensions></trkpt>
    </trkseg>
  </trk>
</gpx>
