<?xml version="1.0" encoding="UTF-8"?>
<gpx version="1.1" creator="pull-strava.mjs"
  xmlns="http://www.topografix.com/GPX/1/1"
  xmlns:gpxtpx="http://www.garmin.com/xmlschemas/TrackPointExtension/v1">
  <metadata><name>Night Run</name><time>2026-06-11T04:24:42.000Z</time></metadata>
  <trk><name>Night Run</name><type>running</type>
    <trkseg>
      <trkpt lat="49.274625" lon="-123.128563"><ele>1.6</ele><time>2026-06-11T04:24:42.000Z</time><extensions><gpxtpx:TrackPointExtension><gpxtpx:hr>92</gpxtpx:hr></gpxtpx:TrackPointExtension></extensions></trkpt>
      <trkpt lat="49.274661" lon="-123.128535"><ele>1.6</ele><time>2026-06-11T04:24:43.000Z</time><extensions><gpxtpx:TrackPointExtension><gpxtpx:hr>93</gpxtpx:hr></gpxtpx:TrackPointExtension></extensions></trkpt>
      <trkpt lat="49.274687" lon="-123.128553"><ele>1.8</ele><time>2026-06-11T04:24:44.000Z</time><extensions><gpxtpx:TrackPointExtension><gpxtpx:hr>94</gpxtpx:hr></gpxtpx:TrackPointExtension></extensions></trkpt>
      <trkpt lat="49.274694" lon="-123.128571"><ele>1.8</ele><time>2026-06-11T04:24:45.000Z</time><extensions><gpxtpx:TrackPointExtension><gpxtpx:hr>95</gpxtpx:hr></gpxtpx:TrackPointExtension></extensions></trkpt>
      <trkpt lat="49.274707" lon="-123.128582"><ele>2</ele><time>2026-06-11T04:24:46.000Z</time><extensions><gpxtpx:TrackPointExtension><gpxtpx:hr>95</gpxtpx:hr></gpxtpx:TrackPointExtension></extensions></trkpt>
      <trkpt lat="49.274722" lon="-123.128591"><ele>2</ele><time>2026-06-11T04:24:47.000Z</time><extensions><gpxtpx:TrackPointExtension><gpxtpx:hr>96</gpxtpx:hr></gpxtpx:TrackPointExtension></extensions></trkpt>
      <trkpt lat="49.274738" lon="-123.128622"><ele>2</ele><time>2026-06-11T04:24:48.000Z</time><extensions><gpxtpx:TrackPointExtension><gpxtpx:hr>97</gpxtpx:hr></gpxtpx:TrackPointExtension></extensions></trkpt>
      <trkpt lat="49.274759" lon="-123.128644"><ele>2.2</ele><time>2026-06-11T04:24:49.000Z</time><extensions><gpxtpx:TrackPointExtension><gpxtpx:hr>98</gpxtpx:hr></gpxtpx:TrackPointExtension></extensions></trkpt>
      <trkpt lat="49.27478" lon="-123.128668"><ele>2.2</ele><time>2026-06-11T04:24:50.000Z</time><extensions><gpxtpx:TrackPointExtension><gpxtpx:hr>99</gpxtpx:hr></gpxtpx:TrackPointExtension></extensions></trkpt>
      <trkpt lat="49.2748" lon="-123.128696"><ele>2</ele><time>2026-06-11T04:24:51.000Z</time><extensions><gpxtpx:TrackPointExtension><gpxtpx:hr>99</gpxtpx:hr></gpxtpx:TrackPointExtension></extensions></trkpt>
      <trkpt lat="49.274824" lon="-123.128724"><ele>2</ele><time>2026-06-11T04:24:52.000Z</time><extensions><gpxtpx:TrackPointExtension><gpxtpx:hr>100</gpxtpx:hr></gpxtpx:TrackPointExtension></extensions></trkpt>
      <trkpt lat="49.27484" lon="-123.128748"><ele>2</ele><time>2026-06-11T04:24:53.000Z</time><extensions><gpxtpx:TrackPointExtension><gpxtpx:hr>102</gpxtpx:hr></gpxtpx:TrackPointExtension></extensions></trkpt>
      <trkpt lat="49.274854" lon="-123.128772"><ele>2</ele><time>2026-06-11T04:24:54.000Z</time><extensions><gpxtpx:TrackPointExtension><gpxtpx:hr>104</gpxtpx:hr></gpxtpx:TrackPointExtension></extensions></trkpt>
      <trkpt lat="49.274872" lon="-123.128799"><ele>2.2</ele><time>2026-06-11T04:24:55.000Z</time><extensions><gpxtpx:TrackPointExtension><gpxtpx:hr>107</gpxtpx:hr></gpxtpx:TrackPointExtension></extensions></trkpt>
      <trkpt lat="49.274885" lon="-123.128822"><ele>2.2</ele><time>2026-06-11T04:24:56.000Z</time><extensions><gpxtpx:TrackPointExtension><gpxtpx:hr>109</gpxtpx:hr></gpxtpx:TrackPointExtension></extensions></trkpt>
      <trkpt lat="49.274897" lon="-123.128845"><ele>2.4</ele><time>2026-06-11T04:24:57.000Z</time><extensions><gpxtpx:TrackPointExtension><gpxtpx:hr>110</gpxtpx:hr></gpxtpx:TrackPointExtension></extensions></trkpt>
      <trkpt lat="49.274917" lon="-123.128867"><ele>2.4</ele><time>2026-06-11T04:24:58.000Z</time><extensions><gpxtpx:TrackPointExtension><gpxtpx:hr>111</gpxtpx:hr></gpxtpx:TrackPointExtension></extensions></trkpt>
      <trkpt lat="49.274931" lon="-123.128888"><ele>2.4</ele><time>2026-06-11T04:24:59.000Z</time><extensions><gpxtpx:TrackPointExtension><gpxtpx:hr>111</gpxtpx:hr></gpxtpx:TrackPointExtension></extensions></trkpt>
      <trkpt lat="49.27495" lon="-123.128912"><ele>2.6</ele><time>2026-06-11T04:25:00.000Z</time><extensions><gpxtpx:TrackPointExtension><gpxtpx:hr>112</gpxtpx:hr></gpxtpx:TrackPointExtension></extensions></trkpt>
      <trkpt lat="49.274965" lon="-123.128935"><ele>2.6</ele><time>2026-06-11T04:25:01.000Z</time><extensions><gpxtpx:TrackPointExtension><gpxtpx:hr>113</gpxtpx:hr></gpxtpx:TrackPointExtension></extensions></trkpt>
      <trkpt lat="49.274977" lon="-123.128968"><ele>2.6</ele><time>2026-06-11T04:25:02.000Z</time><extensions><gpxtpx:TrackPointExtension><gpxtpx:hr>113</gpxtpx:hr></gpxtpx:TrackPointExtension></extensions></trkpt>
      <trkpt lat="49.274992" lon="-123.128997"><ele>2.6</ele><time>2026-06-11T04:25:03.000Z</time><extensions><gpxtpx:TrackPointExtension><gpxtpx:hr>114</gpxtpx:hr></gpxtpx:TrackPointExtension></extensions></trkpt>
      <trkpt lat="49.274995" lon="-123.129019"><ele>2.6</ele><time>2026-06-11T04:25:04.000Z</time><extensions><gpxtpx:TrackPointExtension><gpxtpx:hr>115</gpxtpx:hr></gpxtpx:TrackPointExtension></extensions></trkpt>
      <trkpt lat="49.275002" lon="-123.12905"><ele>2.8</ele><time>2026-06-11T04:25:05.000Z</time><extensions><gpxtpx:TrackPointExtension><gpxtpx:hr>116</gpxtpx:hr></gpxtpx:TrackPointExtension></extensions></trkpt>
      <trkpt lat="49.275008" lon="-123.129073"><ele>2.8</ele><time>2026-06-11T04:25:06.000Z</time><extensions><gpxtpx:TrackPointExtension><gpxtpx:hr>116</gpxtpx:hr></gpxtpx:TrackPointExtension></extensions></trkpt>
      <trkpt lat="49.275008" lon="-123.1291"><ele>3</ele><time>2026-06-11T04:25:07.000Z</time><extensions><gpxtpx:TrackPointExtension><gpxtpx:hr>116</gpxtpx:hr></gpxtpx:TrackPointExtension></extensions></trkpt>
      <trkpt lat="49.275023" lon="-123.129137"><ele>3</ele><time>2026-06-11T04:25:08.000Z</time><extensions><gpxtpx:TrackPointExtension><gpxtpx:hr>116</gpxtpx:hr></gpxtpx:TrackPointExtension></extensions></trkpt>
      <trkpt lat="49.275034" lon="-123.129162"><ele>3</ele><time>2026-06-11T04:25:09.000Z</time><extensions><gpxtpx:TrackPointExtension><gpxtpx:hr>115</gpxtpx:hr></gpxtpx:TrackPointExtension></extensions></trkpt>
      <trkpt lat="49.275052" lon="-123.129193"><ele>3</ele><time>2026-06-11T04:25:10.000Z</time><extensions><gpxtpx:TrackPointExtension><gpxtpx:hr>115</gpxtpx:hr></gpxtpx:TrackPointExtension></extensions></trkpt>
      <trkpt lat="49.275072" lon="-123.129217"><ele>3</ele><time>2026-06-11T04:25:11.000Z</time><extensions><gpxtpx:TrackPointExtension><gpxtpx:hr>115</gpxtpx:hr></gpxtpx:TrackPointExtension></extensions></trkpt>
      <trkpt lat="49.275085" lon="-123.129243"><ele>3</ele><time>2026-06-11T04:25:12.000Z</time><extensions><gpxtpx:TrackPointExtension><gpxtpx:hr>115</gpxtpx:hr></gpxtpx:TrackPointExtension></extensions></trkpt>
      <trkpt lat="49.275104" lon="-123.12927"><ele>3</ele><time>2026-06-11T04:25:13.000Z</time><extensions><gpxtpx:TrackPointExtension><gpxtpx:hr>115</gpxtpx:hr></gpxtpx:TrackPointExtension></extensions></trkpt>
      <trkpt lat="49.275123" lon="-123.129288"><ele>3</ele><time>2026-06-11T04:25:14.000Z</time><extensions><gpxtpx:TrackPointExtension><gpxtpx:hr>114</gpxtpx:hr></gpxtpx:TrackPointExtension></extensions></trkpt>
      <trkpt lat="49.275142" lon="-123.129326"><ele>3</ele><time>2026-06-11T04:25:15.000Z</time><extensions><gpxtpx:TrackPointExtension><gpxtpx:hr>115</gpxtpx:hr></gpxtpx:TrackPointExtension></extensions></trkpt>
      <trkpt lat="49.275163" lon="-123.129353"><ele>3.2</ele><time>2026-06-11T04:25:16.000Z</time><extensions><gpxtpx:TrackPointExtension><gpxtpx:hr>115</gpxtpx:hr></gpxtpx:TrackPointExtension></extensions></trkpt>
      <trkpt lat="49.27518" lon="-123.129375"><ele>3.2</ele><time>2026-06-11T04:25:17.000Z</time><extensions><gpxtpx:TrackPointExtension><gpxtpx:hr>114</gpxtpx:hr></gpxtpx:TrackPointExtension></extensions></trkpt>
      <trkpt lat="49.275199" lon="-123.129395"><ele>3.4</ele><time>2026-06-11T04:25:18.000Z</time><extensions><gpxtpx:TrackPointExtension><gpxtpx:hr>115</gpxtpx:hr></gpxtpx:TrackPointExtension></extensions></trkpt>
      <trkpt lat="49.275222" lon="-123.12941"><ele>3.4</ele><time>2026-06-11T04:25:19.000Z</time><extensions><gpxtpx:TrackPointExtension><gpxtpx:hr>115</gpxtpx:hr></gpxtpx:TrackPointExtension></extensions></trkpt>
      <trkpt lat="49.275238" lon="-123.129426"><ele>3.6</ele><time>2026-06-11T04:25:20.000Z</time><extensions><gpxtpx:TrackPointExtension><gpxtpx:hr>115</gpxtpx:hr></gpxtpx:TrackPointExtension></extensions></trkpt>
      <trkpt lat="49.275261" lon="-123.129451"><ele>3.6</ele><time>2026-06-11T04:25:21.000Z</time><extensions><gpxtpx:TrackPointExtension><gpxtpx:hr>115</gpxtpx:hr></gpxtpx:TrackPointExtension></extensions></trkpt>
      <trkpt lat="49.275274" lon="-123.12948"><ele>3.8</ele><time>2026-06-11T04:25:22.000Z</time><extensions><gpxtpx:TrackPointExtension><gpxtpx:hr>116</gpxtpx:hr></gpxtpx:TrackPointExtension></extensions></trkpt>
      <trkpt lat="49.275285" lon="-123.1295"><ele>3.8</ele><time>2026-06-11T04:25:23.000Z</time><extensions><gpxtpx:TrackPointExtension><gpxtpx:hr>118</gpxtpx:hr></gpxtpx:TrackPointExtension></extensions></trkpt>
      <trkpt lat="49.275304" lon="-123.129523"><ele>3.8</ele><time>2026-06-11T04:25:24.000Z</time><extensions><gpxtpx:TrackPointExtension><gpxtpx:hr>118</gpxtpx:hr></gpxtpx:TrackPointExtension></extensions></trkpt>
      <trkpt lat="49.275314" lon="-123.129547"><ele>4</ele><time>2026-06-11T04:25:25.000Z</time><extensions><gpxtpx:TrackPointExtension><gpxtpx:hr>119</gpxtpx:hr></gpxtpx:TrackPointExtension></extensions></trkpt>
      <trkpt lat="49.275329" lon="-123.129566"><ele>4</ele><time>2026-06-11T04:25:26.000Z</time><extensions><gpxtpx:TrackPointExtension><gpxtpx:hr>119</gpxtpx:hr></gpxtpx:TrackPointExtension></extensions></trkpt>
      <trkpt lat="49.275347" lon="-123.129593"><ele>4</ele><time>2026-06-11T04:25:27.000Z</time><extensions><gpxtpx:TrackPointExtension><gpxtpx:hr>120</gpxtpx:hr></gpxtpx:TrackPointExtension></extensions></trkpt>
      <trkpt lat="49.27536" lon="-123.129619"><ele>4.2</ele><time>2026-06-11T04:25:28.000Z</time><extensions><gpxtpx:TrackPointExtension><gpxtpx:hr>120</gpxtpx:hr></gpxtpx:TrackPointExtension></extensions></trkpt>
      <trkpt lat="49.27537" lon="-123.129643"><ele>4.2</ele><time>2026-06-11T04:25:29.000Z</time><extensions><gpxtpx:TrackPointExtension><gpxtpx:hr>120</gpxtpx:hr></gpxtpx:TrackPointExtension></extensions></trkpt>
      <trkpt lat="49.275379" lon="-123.129662"><ele>4.4</ele><time>2026-06-11T04:25:30.000Z</time><extensions><gpxtpx:TrackPointExtension><gpxtpx:hr>121</gpxtpx:hr></gpxtpx:TrackPointExtension></extensions></trkpt>
      <trkpt lat="49.275417" lon="-123.129752"><ele>4.2</ele><time>2026-06-11T04:25:43.000Z</time><extensions><gpxtpx:TrackPointExtension><gpxtpx:hr>118</gpxtpx:hr></gpxtpx:TrackPointExtension></extensions></trkpt>
      <trkpt lat="49.275423" lon="-123.129768"><ele>4.4</ele><time>2026-06-11T04:25:44.000Z</time><extensions><gpxtpx:TrackPointExtension><gpxtpx:hr>117</gpxtpx:hr></gpxtpx:TrackPointExtension></extensions></trkpt>
      <trkpt lat="49.27544" lon="-123.129784"><ele>4.4</ele><time>2026-06-11T04:25:45.000Z</time><extensions><gpxtpx:TrackPointExtension><gpxtpx:hr>117</gpxtpx:hr></gpxtpx:TrackPointExtension></extensions></trkpt>
      <trkpt lat="49.275497" lon="-123.129873"><ele>4.4</ele><time>2026-06-11T04:25:48.000Z</time><extensions><gpxtpx:TrackPointExtension><gpxtpx:hr>117</gpxtpx:hr></gpxtpx:TrackPointExtension></extensions></trkpt>
      <trkpt lat="49.275514" lon="-123.129904"><ele>4.4</ele><time>2026-06-11T04:25:49.000Z</time><extensions><gpxtpx:TrackPointExtension><gpxtpx:hr>116</gpxtpx:hr></gpxtpx:TrackPointExtension></extensions></trkpt>
      <trkpt lat="49.275531" lon="-123.129933"><ele>4.4</ele><time>2026-06-11T04:25:50.000Z</time><extensions><gpxtpx:TrackPointExtension><gpxtpx:hr>115</gpxtpx:hr></gpxtpx:TrackPointExtension></extensions></trkpt>
      <trkpt lat="49.275546" lon="-123.129954"><ele>4.6</ele><time>2026-06-11T04:25:51.000Z</time><extensions><gpxtpx:TrackPointExtension><gpxtpx:hr>115</gpxtpx:hr></gpxtpx:TrackPointExtension></extensions></trkpt>
      <trkpt lat="49.275564" lon="-123.129979"><ele>4.6</ele><time>2026-06-11T04:25:52.000Z</time><extensions><gpxtpx:TrackPointExtension><gpxtpx:hr>116</gpxtpx:hr></gpxtpx:TrackPointExtension></extensions></trkpt>
      <trkpt lat="49.27559" lon="-123.129996"><ele>4.6</ele><time>2026-06-11T04:25:53.000Z</time><extensions><gpxtpx:TrackPointExtension><gpxtpx:hr>116</gpxtpx:hr></gpxtpx:TrackPointExtension></extensions></trkpt>
      <trkpt lat="49.275603" lon="-123.130026"><ele>4.6</ele><time>2026-06-11T04:25:54.000Z</time><extensions><gpxtpx:TrackPointExtension><gpxtpx:hr>117</gpxtpx:hr></gpxtpx:TrackPointExtension></extensions></trkpt>
      <trkpt lat="49.275625" lon="-123.130061"><ele>4.6</ele><time>2026-06-11T04:25:55.000Z</time><extensions><gpxtpx:TrackPointExtension><gpxtpx:hr>120</gpxtpx:hr></gpxtpx:TrackPointExtension></extensions></trkpt>
      <trkpt lat="49.275639" lon="-123.130083"><ele>4.6</ele><time>2026-06-11T04:25:56.000Z</time><extensions><gpxtpx:TrackPointExtension><gpxtpx:hr>121</gpxtpx:hr></gpxtpx:TrackPointExtension></extensions></trkpt>
      <trkpt lat="49.275655" lon="-123.130114"><ele>4.8</ele><time>2026-06-11T04:25:57.000Z</time><extensions><gpxtpx:TrackPointExtension><gpxtpx:hr>121</gpxtpx:hr></gpxtpx:TrackPointExtension></extensions></trkpt>
      <trkpt lat="49.275671" lon="-123.13015"><ele>4.8</ele><time>2026-06-11T04:25:58.000Z</time><extensions><gpxtpx:TrackPointExtension><gpxtpx:hr>122</gpxtpx:hr></gpxtpx:TrackPointExtension></extensions></trkpt>
      <trkpt lat="49.27568" lon="-123.130175"><ele>5</ele><time>2026-06-11T04:25:59.000Z</time><extensions><gpxtpx:TrackPointExtension><gpxtpx:hr>122</gpxtpx:hr></gpxtpx:TrackPointExtension></extensions></trkpt>
      <trkpt lat="49.275692" lon="-123.130202"><ele>5</ele><time>2026-06-11T04:26:00.000Z</time><extensions><gpxtpx:TrackPointExtension><gpxtpx:hr>122</gpxtpx:hr></gpxtpx:TrackPointExtension></extensions></trkpt>
      <trkpt lat="49.275716" lon="-123.130228"><ele>5.2</ele><time>2026-06-11T04:26:01.000Z</time><extensions><gpxtpx:TrackPointExtension><gpxtpx:hr>122</gpxtpx:hr></gpxtpx:TrackPointExtension></extensions></trkpt>
      <trkpt lat="49.275731" lon="-123.130242"><ele>5.4</ele><time>2026-06-11T04:26:02.000Z</time><extensions><gpxtpx:TrackPointExtension><gpxtpx:hr>122</gpxtpx:hr></gpxtpx:TrackPointExtension></extensions></trkpt>
      <trkpt lat="49.275745" lon="-123.130259"><ele>5.4</ele><time>2026-06-11T04:26:03.000Z</time><extensions><gpxtpx:TrackPointExtension><gpxtpx:hr>122</gpxtpx:hr></gpxtpx:TrackPointExtension></extensions></trkpt>
      <trkpt lat="49.275773" lon="-123.1303"><ele>5.6</ele><time>2026-06-11T04:26:04.000Z</time><extensions><gpxtpx:TrackPointExtension><gpxtpx:hr>122</gpxtpx:hr></gpxtpx:TrackPointExtension></extensions></trkpt>
      <trkpt lat="49.275793" lon="-123.130324"><ele>5.6</ele><time>2026-06-11T04:26:05.000Z</time><extensions><gpxtpx:TrackPointExtension><gpxtpx:hr>123</gpxtpx:hr></gpxtpx:TrackPointExtension></extensions></trkpt>
      <trkpt lat="49.27581" lon="-123.130339"><ele>5.4</ele><time>2026-06-11T04:26:06.000Z</time><extensions><gpxtpx:TrackPointExtension><gpxtpx:hr>123</gpxtpx:hr></gpxtpx:TrackPointExtension></extensions></trkpt>
      <trkpt lat="49.275823" lon="-123.130328"><ele>5.4</ele><time>2026-06-11T04:26:07.000Z</time><extensions><gpxtpx:TrackPointExtension><gpxtpx:hr>123</gpxtpx:hr></gpxtpx:TrackPointExtension></extensions></trkpt>
      <trkpt lat="49.275837" lon="-123.13031"><ele>5.6</ele><time>2026-06-11T04:26:08.000Z</time><extensions><gpxtpx:TrackPointExtension><gpxtpx:hr>124</gpxtpx:hr></gpxtpx:TrackPointExtension></extensions></trkpt>
      <trkpt lat="49.275854" lon="-123.130299"><ele>5.6</ele><time>2026-06-11T04:26:09.000Z</time><extensions><gpxtpx:TrackPointExtension><gpxtpx:hr>125</gpxtpx:hr></gpxtpx:TrackPointExtension></extensions></trkpt>
      <trkpt lat="49.275879" lon="-123.130281"><ele>5.8</ele><time>2026-06-11T04:26:10.000Z</time><extensions><gpxtpx:TrackPointExtension><gpxtpx:hr>125</gpxtpx:hr></gpxtpx:TrackPointExtension></extensions></trkpt>
      <trkpt lat="49.275894" lon="-123.130265"><ele>6.2</ele><time>2026-06-11T04:26:11.000Z</time><extensions><gpxtpx:TrackPointExtension><gpxtpx:hr>126</gpxtpx:hr></gpxtpx:TrackPointExtension></extensions></trkpt>
      <trkpt lat="49.275909" lon="-123.130244"><ele>6.4</ele><time>2026-06-11T04:26:12.000Z</time><extensions><gpxtpx:TrackPointExtension><gpxtpx:hr>127</gpxtpx:hr></gpxtpx:TrackPointExtension></extensions></trkpt>
      <trkpt lat="49.275926" lon="-123.130223"><ele>6.6</ele><time>2026-06-11T04:26:13.000Z</time><extensions><gpxtpx:TrackPointExtension><gpxtpx:hr>127</gpxtpx:hr></gpxtpx:TrackPointExtension></extensions></trkpt>
      <trkpt lat="49.275945" lon="-123.130205"><ele>6.6</ele><time>2026-06-11T04:26:14.000Z</time><extensions><gpxtpx:TrackPointExtension><gpxtpx:hr>128</gpxtpx:hr></gpxtpx:TrackPointExtension></extensions></trkpt>
      <trkpt lat="49.275966" lon="-123.130194"><ele>6.8</ele><time>2026-06-11T04:26:15.000Z</time><extensions><gpxtpx:TrackPointExtension><gpxtpx:hr>129</gpxtpx:hr></gpxtpx:TrackPointExtension></extensions></trkpt>
      <trkpt lat="49.275987" lon="-123.130174"><ele>6.8</ele><time>2026-06-11T04:26:16.000Z</time><extensions><gpxtpx:TrackPointExtension><gpxtpx:hr>130</gpxtpx:hr></gpxtpx:TrackPointExtension></extensions></trkpt>
      <trkpt lat="49.276011" lon="-123.130149"><ele>7</ele><time>2026-06-11T04:26:17.000Z</time><extensions><gpxtpx:TrackPointExtension><gpxtpx:hr>130</gpxtpx:hr></gpxtpx:TrackPointExtension></extensions></trkpt>
      <trkpt lat="49.276031" lon="-123.130123"><ele>7.2</ele><time>2026-06-11T04:26:18.000Z</time><extensions><gpxtpx:TrackPointExtension><gpxtpx:hr>130</gpxtpx:hr></gpxtpx:TrackPointExtension></extensions></trkpt>
      <trkpt lat="49.27605" lon="-123.130097"><ele>7.4</ele><time>2026-06-11T04:26:19.000Z</time><extensions><gpxtpx:TrackPointExtension><gpxtpx:hr>131</gpxtpx:hr></gpxtpx:TrackPointExtension></extensions></trkpt>
      <trkpt lat="49.276067" lon="-123.130069"><ele>7.4</ele><time>2026-06-11T04:26:20.000Z</time><extensions><gpxtpx:TrackPointExtension><gpxtpx:hr>132</gpxtpx:hr></gpxtpx:TrackPointExtension></extensions></trkpt>
      <trkpt lat="49.276088" lon="-123.130041"><ele>7.6</ele><time>2026-06-11T04:26:21.000Z</time><extensions><gpxtpx:TrackPointExtension><gpxtpx:hr>132</gpxtpx:hr></gpxtpx:TrackPointExtension></extensions></trkpt>
      <trkpt lat="49.276114" lon="-123.130012"><ele>7.6</ele><time>2026-06-11T04:26:22.000Z</time><extensions><gpxtpx:TrackPointExtension><gpxtpx:hr>132</gpxtpx:hr></gpxtpx:TrackPointExtension></extensions></trkpt>
      <trkpt lat="49.276146" lon="-123.129974"><ele>7.8</ele><time>2026-06-11T04:26:23.000Z</time><extensions><gpxtpx:TrackPointExtension><gpxtpx:hr>133</gpxtpx:hr></gpxtpx:TrackPointExtension></extensions></trkpt>
      <trkpt lat="49.276165" lon="-123.129944"><ele>8</ele><time>2026-06-11T04:26:24.000Z</time><extensions><gpxtpx:TrackPointExtension><gpxtpx:hr>133</gpxtpx:hr></gpxtpx:TrackPointExtension></extensions></trkpt>
      <trkpt lat="49.276187" lon="-123.129923"><ele>8.2</ele><time>2026-06-11T04:26:25.000Z</time><extensions><gpxtpx:TrackPointExtension><gpxtpx:hr>133</gpxtpx:hr></gpxtpx:TrackPointExtension></extensions></trkpt>
      <trkpt lat="49.276209" lon="-123.1299"><ele>8.2</ele><time>2026-06-11T04:26:26.000Z</time><extensions><gpxtpx:TrackPointExtension><gpxtpx:hr>133</gpxtpx:hr></gpxtpx:TrackPointExtension></extensions></trkpt>
      <trkpt lat="49.276231" lon="-123.129885"><ele>8.4</ele><time>2026-06-11T04:26:27.000Z</time><extensions><gpxtpx:TrackPointExtension><gpxtpx:hr>133</gpxtpx:hr></gpxtpx:TrackPointExtension></extensions></trkpt>
      <trkpt lat="49.276249" lon="-123.129861"><ele>8.6</ele><time>2026-06-11T04:26:28.000Z</time><extensions><gpxtpx:TrackPointExtension><gpxtpx:hr>133</gpxtpx:hr></gpxtpx:TrackPointExtension></extensions></trkpt>
      <trkpt lat="49.276271" lon="-123.129842"><ele>8.6</ele><time>2026-06-11T04:26:29.000Z</time><extensions><gpxtpx:TrackPointExtension><gpxtpx:hr>134</gpxtpx:hr></gpxtpx:TrackPointExtension></extensions></trkpt>
      <trkpt lat="49.276284" lon="-123.129824"><ele>8.8</ele><time>2026-06-11T04:26:30.000Z</time><extensions><gpxtpx:TrackPointExtension><gpxtpx:hr>134</gpxtpx:hr></gpxtpx:TrackPointExtension></extensions></trkpt>
      <trkpt lat="49.2763" lon="-123.129801"><ele>9</ele><time>2026-06-11T04:26:31.000Z</time><extensions><gpxtpx:TrackPointExtension><gpxtpx:hr>134</gpxtpx:hr></gpxtpx:TrackPointExtension></extensions></trkpt>
      <trkpt lat="49.276314" lon="-123.129774"><ele>9</ele><time>2026-06-11T04:26:32.000Z</time><extensions><gpxtpx:TrackPointExtension><gpxtpx:hr>135</gpxtpx:hr></gpxtpx:TrackPointExtension></extensions></trkpt>
      <trkpt lat="49.27633" lon="-123.129758"><ele>9.2</ele><time>2026-06-11T04:26:33.000Z</time><extensions><gpxtpx:TrackPointExtension><gpxtpx:hr>135</gpxtpx:hr></gpxtpx:TrackPointExtension></extensions></trkpt>
      <trkpt lat="49.276345" lon="-123.129726"><ele>9.2</ele><time>2026-06-11T04:26:34.000Z</time><extensions><gpxtpx:TrackPointExtension><gpxtpx:hr>135</gpxtpx:hr></gpxtpx:TrackPointExtension></extensions></trkpt>
      <trkpt lat="49.276363" lon="-123.129703"><ele>9.4</ele><time>2026-06-11T04:26:35.000Z</time><extensions><gpxtpx:TrackPointExtension><gpxtpx:hr>136</gpxtpx:hr></gpxtpx:TrackPointExtension></extensions></trkpt>
      <trkpt lat="49.276376" lon="-123.129679"><ele>9.4</ele><time>2026-06-11T04:26:36.000Z</time><extensions><gpxtpx:TrackPointExtension><gpxtpx:hr>136</gpxtpx:hr></gpxtpx:TrackPointExtension></extensions></trkpt>
      <trkpt lat="49.276394" lon="-123.129647"><ele>9.6</ele><time>2026-06-11T04:26:37.000Z</time><extensions><gpxtpx:TrackPointExtension><gpxtpx:hr>136</gpxtpx:hr></gpxtpx:TrackPointExtension></extensions></trkpt>
      <trkpt lat="49.276401" lon="-123.12962"><ele>9.6</ele><time>2026-06-11T04:26:38.000Z</time><extensions><gpxtpx:TrackPointExtension><gpxtpx:hr>136</gpxtpx:hr></gpxtpx:TrackPointExtension></extensions></trkpt>
      <trkpt lat="49.276409" lon="-123.129582"><ele>9.8</ele><time>2026-06-11T04:26:39.000Z</time><extensions><gpxtpx:TrackPointExtension><gpxtpx:hr>136</gpxtpx:hr></gpxtpx:TrackPointExtension></extensions></trkpt>
      <trkpt lat="49.276412" lon="-123.129536"><ele>10</ele><time>2026-06-11T04:26:40.000Z</time><extensions><gpxtpx:TrackPointExtension><gpxtpx:hr>136</gpxtpx:hr></gpxtpx:TrackPointExtension></extensions></trkpt>
      <trkpt lat="49.27642" lon="-123.129497"><ele>10</ele><time>2026-06-11T04:26:41.000Z</time><extensions><gpxtpx:TrackPointExtension><gpxtpx:hr>135</gpxtpx:hr></gpxtpx:TrackPointExtension></extensions></trkpt>
      <trkpt lat="49.276431" lon="-123.129478"><ele>10</ele><time>2026-06-11T04:26:42.000Z</time><extensions><gpxtpx:TrackPointExtension><gpxtpx:hr>136</gpxtpx:hr></gpxtpx:TrackPointExtension></extensions></trkpt>
      <trkpt lat="49.27641" lon="-123.12948"><ele>10.2</ele><time>2026-06-11T04:26:43.000Z</time><extensions><gpxtpx:TrackPointExtension><gpxtpx:hr>136</gpxtpx:hr></gpxtpx:TrackPointExtension></extensions></trkpt>
      <trkpt lat="49.276393" lon="-123.129499"><ele>10</ele><time>2026-06-11T04:26:44.000Z</time><extensions><gpxtpx:TrackPointExtension><gpxtpx:hr>136</gpxtpx:hr></gpxtpx:TrackPointExtension></extensions></trkpt>
      <trkpt lat="49.27637" lon="-123.129516"><ele>10</ele><time>2026-06-11T04:26:45.000Z</time><extensions><gpxtpx:TrackPointExtension><gpxtpx:hr>136</gpxtpx:hr></gpxtpx:TrackPointExtension></extensions></trkpt>
      <trkpt lat="49.276348" lon="-123.129538"><ele>10.2</ele><time>2026-06-11T04:26:46.000Z</time><extensions><gpxtpx:TrackPointExtension><gpxtpx:hr>136</gpxtpx:hr></gpxtpx:TrackPointExtension></extensions></trkpt>
      <trkpt lat="49.276326" lon="-123.129545"><ele>10.2</ele><time>2026-06-11T04:26:47.000Z</time><extensions><gpxtpx:TrackPointExtension><gpxtpx:hr>136</gpxtpx:hr></gpxtpx:TrackPointExtension></extensions></trkpt>
      <trkpt lat="49.276303" lon="-123.129562"><ele>10.2</ele><time>2026-06-11T04:26:48.000Z</time><extensions><gpxtpx:TrackPointExtension><gpxtpx:hr>136</gpxtpx:hr></gpxtpx:TrackPointExtension></extensions></trkpt>
      <trkpt lat="49.276283" lon="-123.129574"><ele>10.2</ele><time>2026-06-11T04:26:49.000Z</time><extensions><gpxtpx:TrackPointExtension><gpxtpx:hr>136</gpxtpx:hr></gpxtpx:TrackPointExtension></extensions></trkpt>
      <trkpt lat="49.276261" lon="-123.129592"><ele>10.2</ele><time>2026-06-11T04:26:50.000Z</time><extensions><gpxtpx:TrackPointExtension><gpxtpx:hr>136</gpxtpx:hr></gpxtpx:TrackPointExtension></extensions></trkpt>
      <trkpt lat="49.276246" lon="-123.129605"><ele>10.2</ele><time>2026-06-11T04:26:51.000Z</time><extensions><gpxtpx:TrackPointExtension><gpxtpx:hr>136</gpxtpx:hr></gpxtpx:TrackPointExtension></extensions></trkpt>
      <trkpt lat="49.276227" lon="-123.129623"><ele>10.2</ele><time>2026-06-11T04:26:52.000Z</time><extensions><gpxtpx:TrackPointExtension><gpxtpx:hr>136</gpxtpx:hr></gpxtpx:TrackPointExtension></extensions></trkpt>
      <trkpt lat="49.276208" lon="-123.129655"><ele>10.2</ele><time>2026-06-11T04:26:53.000Z</time><extensions><gpxtpx:TrackPointExtension><gpxtpx:hr>136</gpxtpx:hr></gpxtpx:TrackPointExtension></extensions></trkpt>
      <trkpt lat="49.276192" lon="-123.129677"><ele>10.2</ele><time>2026-06-11T04:26:54.000Z</time><extensions><gpxtpx:TrackPointExtension><gpxtpx:hr>136</gpxtpx:hr></gpxtpx:TrackPointExtension></extensions></trkpt>
      <trkpt lat="49.276173" lon="-123.129707"><ele>10.4</ele><time>2026-06-11T04:26:55.000Z</time><extensions><gpxtpx:TrackPointExtension><gpxtpx:hr>136</gpxtpx:hr></gpxtpx:TrackPointExtension></extensions></trkpt>
      <trkpt lat="49.276156" lon="-123.129734"><ele>10.4</ele><time>2026-06-11T04:26:56.000Z</time><extensions><gpxtpx:TrackPointExtension><gpxtpx:hr>136</gpxtpx:hr></gpxtpx:TrackPointExtension></extensions></trkpt>
      <trkpt lat="49.276134" lon="-123.129755"><ele>10.6</ele><time>2026-06-11T04:26:57.000Z</time><extensions><gpxtpx:TrackPointExtension><gpxtpx:hr>137</gpxtpx:hr></gpxtpx:TrackPointExtension></extensions></trkpt>
      <trkpt lat="49.276115" lon="-123.129781"><ele>10.6</ele><time>2026-06-11T04:26:58.000Z</time><extensions><gpxtpx:TrackPointExtension><gpxtpx:hr>136</gpxtpx:hr></gpxtpx:TrackPointExtension></extensions></trkpt>
      <trkpt lat="49.276099" lon="-123.129807"><ele>10.6</ele><time>2026-06-11T04:26:59.000Z</time><extensions><gpxtpx:TrackPointExtension><gpxtpx:hr>136</gpxtpx:hr></gpxtpx:TrackPointExtension></extensions></trkpt>
      <trkpt lat="49.276085" lon="-123.129831"><ele>10.8</ele><time>2026-06-11T04:27:00.000Z</time><extensions><gpxtpx:TrackPointExtension><gpxtpx:hr>136</gpxtpx:hr></gpxtpx:TrackPointExtension></extensions></trkpt>
      <trkpt lat="49.276069" lon="-123.129854"><ele>11</ele><time>2026-06-11T04:27:01.000Z</time><extensions><gpxtpx:TrackPointExtension><gpxtpx:hr>136</gpxtpx:hr></gpxtpx:TrackPointExtension></extensions></trkpt>
      <trkpt lat="49.276049" lon="-123.129871"><ele>11.2</ele><time>2026-06-11T04:27:02.000Z</time><extensions><gpxtpx:TrackPointExtension><gpxtpx:hr>136</gpxtpx:hr></gpxtpx:TrackPointExtension></extensions></trkpt>
      <trkpt lat="49.276034" lon="-123.129892"><ele>11.2</ele><time>2026-06-11T04:27:03.000Z</time><extensions><gpxtpx:TrackPointExtension><gpxtpx:hr>136</gpxtpx:hr></gpxtpx:TrackPointExtension></extensions></trkpt>
      <trkpt lat="49.276021" lon="-123.129906"><ele>11.2</ele><time>2026-06-11T04:27:04.000Z</time><extensions><gpxtpx:TrackPointExtension><gpxtpx:hr>135</gpxtpx:hr></gpxtpx:TrackPointExtension></extensions></trkpt>
      <trkpt lat="49.276003" lon="-123.12993"><ele>11.2</ele><time>2026-06-11T04:27:05.000Z</time><extensions><gpxtpx:TrackPointExtension><gpxtpx:hr>136</gpxtpx:hr></gpxtpx:TrackPointExtension></extensions></trkpt>
      <trkpt lat="49.275988" lon="-123.129952"><ele>11.4</ele><time>2026-06-11T04:27:06.000Z</time><extensions><gpxtpx:TrackPointExtension><gpxtpx:hr>136</gpxtpx:hr></gpxtpx:TrackPointExtension></extensions></trkpt>
      <trkpt lat="49.275964" lon="-123.129972"><ele>11.4</ele><time>2026-06-11T04:27:07.000Z</time><extensions><gpxtpx:TrackPointExtension><gpxtpx:hr>135</gpxtpx:hr></gpxtpx:TrackPointExtension></extensions></trkpt>
      <trkpt lat="49.275942" lon="-123.129993"><ele>11.6</ele><time>2026-06-11T04:27:08.000Z</time><extensions><gpxtpx:TrackPointExtension><gpxtpx:hr>136</gpxtpx:hr></gpxtpx:TrackPointExtension></extensions></trkpt>
      <trkpt lat="49.275925" lon="-123.130009"><ele>11.8</ele><time>2026-06-11T04:27:09.000Z</time><extensions><gpxtpx:TrackPointExtension><gpxtpx:hr>136</gpxtpx:hr></gpxtpx:TrackPointExtension></extensions></trkpt>
      <trkpt lat="49.275903" lon="-123.130029"><ele>11.8</ele><time>2026-06-11T04:27:10.000Z</time><extensions><gpxtpx:TrackPointExtension><gpxtpx:hr>136</gpxtpx:hr></gpxtpx:TrackPointExtension></extensions></trkpt>
      <trkpt lat="49.27589" lon="-123.13005"><ele>12</ele><time>2026-06-11T04:27:11.000Z</time><extensions><gpxtpx:TrackPointExtension><gpxtpx:hr>136</gpxtpx:hr></gpxtpx:TrackPointExtension></extensions></trkpt>
      <trkpt lat="49.275872" lon="-123.130069"><ele>12</ele><time>2026-06-11T04:27:12.000Z</time><extensions><gpxtpx:TrackPointExtension><gpxtpx:hr>136</gpxtpx:hr></gpxtpx:TrackPointExtension></extensions></trkpt>
      <trkpt lat="49.275848" lon="-123.130093"><ele>12</ele><time>2026-06-11T04:27:13.000Z</time><extensions><gpxtpx:TrackPointExtension><gpxtpx:hr>137</gpxtpx:hr></gpxtpx:TrackPointExtension></extensions></trkpt>
      <trkpt lat="49.275828" lon="-123.130106"><ele>12.2</ele><time>2026-06-11T04:27:14.000Z</time><extensions><gpxtpx:TrackPointExtension><gpxtpx:hr>137</gpxtpx:hr></gpxtpx:TrackPointExtension></extensions></trkpt>
      <trkpt lat="49.27581" lon="-123.130123"><ele>12.2</ele><time>2026-06-11T04:27:15.000Z</time><extensions><gpxtpx:TrackPointExtension><gpxtpx:hr>137</gpxtpx:hr></gpxtpx:TrackPointExtension></extensions></trkpt>
      <trkpt lat="49.275787" lon="-123.130132"><ele>12.2</ele><time>2026-06-11T04:27:16.000Z</time><extensions><gpxtpx:TrackPointExtension><gpxtpx:hr>137</gpxtpx:hr></gpxtpx:TrackPointExtension></extensions></trkpt>
      <trkpt lat="49.275764" lon="-123.13015"><ele>12.2</ele><time>2026-06-11T04:27:17.000Z</time><extensions><gpxtpx:TrackPointExtension><gpxtpx:hr>136</gpxtpx:hr></gpxtpx:TrackPointExtension></extensions></trkpt>
      <trkpt lat="49.275744" lon="-123.130163"><ele>12.4</ele><time>2026-06-11T04:27:18.000Z</time><extensions><gpxtpx:TrackPointExtension><gpxtpx:hr>136</gpxtpx:hr></gpxtpx:TrackPointExtension></extensions></trkpt>
      <trkpt lat="49.275721" lon="-123.130179"><ele>12.4</ele><time>2026-06-11T04:27:19.000Z</time><extensions><gpxtpx:TrackPointExtension><gpxtpx:hr>136</gpxtpx:hr></gpxtpx:TrackPointExtension></extensions></trkpt>
      <trkpt lat="49.275702" lon="-123.130189"><ele>12.4</ele><time>2026-06-11T04:27:20.000Z</time><extensions><gpxtpx:TrackPointExtension><gpxtpx:hr>136</gpxtpx:hr></gpxtpx:TrackPointExtension></extensions></trkpt>
      <trkpt lat="49.27568" lon="-123.130203"><ele>12.4</ele><time>2026-06-11T04:27:21.000Z</time><extensions><gpxtpx:TrackPointExtension><gpxtpx:hr>137</gpxtpx:hr></gpxtpx:TrackPointExtension></extensions></trkpt>
      <trkpt lat="49.27566" lon="-123.130214"><ele>12.4</ele><time>2026-06-11T04:27:22.000Z</time><extensions><gpxtpx:TrackPointExtension><gpxtpx:hr>137</gpxtpx:hr></gpxtpx:TrackPointExtension></extensions></trkpt>
      <trkpt lat="49.275633" lon="-123.130224"><ele>12.4</ele><time>2026-06-11T04:27:23.000Z</time><extensions><gpxtpx:TrackPointExtension><gpxtpx:hr>137</gpxtpx:hr></gpxtpx:TrackPointExtension></extensions></trkpt>
      <trkpt lat="49.275608" lon="-123.130228"><ele>12.4</ele><time>2026-06-11T04:27:24.000Z</time><extensions><gpxtpx:TrackPointExtension><gpxtpx:hr>137</gpxtpx:hr></gpxtpx:TrackPointExtension></extensions></trkpt>
      <trkpt lat="49.275588" lon="-123.130226"><ele>12.6</ele><time>2026-06-11T04:27:25.000Z</time><extensions><gpxtpx:TrackPointExtension><gpxtpx:hr>137</gpxtpx:hr></gpxtpx:TrackPointExtension></extensions></trkpt>
      <trkpt lat="49.275557" lon="-123.130242"><ele>12.6</ele><time>2026-06-11T04:27:26.000Z</time><extensions><gpxtpx:TrackPointExtension><gpxtpx:hr>136</gpxtpx:hr></gpxtpx:TrackPointExtension></extensions></trkpt>
      <trkpt lat="49.27554" lon="-123.130251"><ele>12.6</ele><time>2026-06-11T04:27:27.000Z</time><extensions><gpxtpx:TrackPointExtension><gpxtpx:hr>137</gpxtpx:hr></gpxtpx:TrackPointExtension></extensions></trkpt>
      <trkpt lat="49.275515" lon="-123.130261"><ele>12.6</ele><time>2026-06-11T04:27:28.000Z</time><extensions><gpxtpx:TrackPointExtension><gpxtpx:hr>137</gpxtpx:hr></gpxtpx:TrackPointExtension></extensions></trkpt>
      <trkpt lat="49.275496" lon="-123.130275"><ele>12.6</ele><time>2026-06-11T04:27:29.000Z</time><extensions><gpxtpx:TrackPointExtension><gpxtpx:hr>137</gpxtpx:hr></gpxtpx:TrackPointExtension></extensions></trkpt>
      <trkpt lat="49.275477" lon="-123.130278"><ele>12.6</ele><time>2026-06-11T04:27:30.000Z</time><extensions><gpxtpx:TrackPointExtension><gpxtpx:hr>136</gpxtpx:hr></gpxtpx:TrackPointExtension></extensions></trkpt>
      <trkpt lat="49.27545" lon="-123.130285"><ele>12.8</ele><time>2026-06-11T04:27:31.000Z</time><extensions><gpxtpx:TrackPointExtension><gpxtpx:hr>137</gpxtpx:hr></gpxtpx:TrackPointExtension></extensions></trkpt>
      <trkpt lat="49.275432" lon="-123.130282"><ele>12.8</ele><time>2026-06-11T04:27:32.000Z</time><extensions><gpxtpx:TrackPointExtension><gpxtpx:hr>137</gpxtpx:hr></gpxtpx:TrackPointExtension></extensions></trkpt>
      <trkpt lat="49.275406" lon="-123.130292"><ele>13</ele><time>2026-06-11T04:27:33.000Z</time><extensions><gpxtpx:TrackPointExtension><gpxtpx:hr>136</gpxtpx:hr></gpxtpx:TrackPointExtension></extensions></trkpt>
      <trkpt lat="49.275391" lon="-123.130296"><ele>13</ele><time>2026-06-11T04:27:34.000Z</time><extensions><gpxtpx:TrackPointExtension><gpxtpx:hr>136</gpxtpx:hr></gpxtpx:TrackPointExtension></extensions></trkpt>
      <trkpt lat="49.275366" lon="-123.130306"><ele>13</ele><time>2026-06-11T04:27:35.000Z</time><extensions><gpxtpx:TrackPointExtension><gpxtpx:hr>136</gpxtpx:hr></gpxtpx:TrackPointExtension></extensions></trkpt>
      <trkpt lat="49.275348" lon="-123.130314"><ele>13.2</ele><time>2026-06-11T04:27:36.000Z</time><extensions><gpxtpx:TrackPointExtension><gpxtpx:hr>137</gpxtpx:hr></gpxtpx:TrackPointExtension></extensions></trkpt>
      <trkpt lat="49.275327" lon="-123.130326"><ele>13.2</ele><time>2026-06-11T04:27:37.000Z</time><extensions><gpxtpx:TrackPointExtension><gpxtpx:hr>136</gpxtpx:hr></gpxtpx:TrackPointExtension></extensions></trkpt>
      <trkpt lat="49.275303" lon="-123.130337"><ele>13.2</ele><time>2026-06-11T04:27:38.000Z</time><extensions><gpxtpx:TrackPointExtension><gpxtpx:hr>136</gpxtpx:hr></gpxtpx:TrackPointExtension></extensions></trkpt>
      <trkpt lat="49.275284" lon="-123.130346"><ele>13.4</ele><time>2026-06-11T04:27:39.000Z</time><extensions><gpxtpx:TrackPointExtension><gpxtpx:hr>137</gpxtpx:hr></gpxtpx:TrackPointExtension></extensions></trkpt>
      <trkpt lat="49.275263" lon="-123.130361"><ele>13.4</ele><time>2026-06-11T04:27:40.000Z</time><extensions><gpxtpx:TrackPointExtension><gpxtpx:hr>136</gpxtpx:hr></gpxtpx:TrackPointExtension></extensions></trkpt>
      <trkpt lat="49.27524" lon="-123.130365"><ele>13.6</ele><time>2026-06-11T04:27:41.000Z</time><extensions><gpxtpx:TrackPointExtension><gpxtpx:hr>136</gpxtpx:hr></gpxtpx:TrackPointExtension></extensions></trkpt>
      <trkpt lat="49.275216" lon="-123.13038"><ele>13.6</ele><time>2026-06-11T04:27:42.000Z</time><extensions><gpxtpx:TrackPointExtension><gpxtpx:hr>136</gpxtpx:hr></gpxtpx:TrackPointExtension></extensions></trkpt>
      <trkpt lat="49.275199" lon="-123.130387"><ele>13.6</ele><time>2026-06-11T04:27:43.000Z</time><extensions><gpxtpx:TrackPointExtension><gpxtpx:hr>136</gpxtpx:hr></gpxtpx:TrackPointExtension></extensions></trkpt>
      <trkpt lat="49.275173" lon="-123.130399"><ele>13.8</ele><time>2026-06-11T04:27:44.000Z</time><extensions><gpxtpx:TrackPointExtension><gpxtpx:hr>136</gpxtpx:hr></gpxtpx:TrackPointExtension></extensions></trkpt>
      <trkpt lat="49.275156" lon="-123.130406"><ele>13.8</ele><time>2026-06-11T04:27:45.000Z</time><extensions><gpxtpx:TrackPointExtension><gpxtpx:hr>135</gpxtpx:hr></gpxtpx:TrackPointExtension></extensions></trkpt>
      <trkpt lat="49.275131" lon="-123.130418"><ele>13.8</ele><time>2026-06-11T04:27:46.000Z</time><extensions><gpxtpx:TrackPointExtension><gpxtpx:hr>135</gpxtpx:hr></gpxtpx:TrackPointExtension></extensions></trkpt>
      <trkpt lat="49.275108" lon="-123.13043"><ele>14</ele><time>2026-06-11T04:27:47.000Z</time><extensions><gpxtpx:TrackPointExtension><gpxtpx:hr>135</gpxtpx:hr></gpxtpx:TrackPointExtension></extensions></trkpt>
      <trkpt lat="49.275081" lon="-123.130439"><ele>14</ele><time>2026-06-11T04:27:48.000Z</time><extensions><gpxtpx:TrackPointExtension><gpxtpx:hr>135</gpxtpx:hr></gpxtpx:TrackPointExtension></extensions></trkpt>
      <trkpt lat="49.275058" lon="-123.130452"><ele>14.2</ele><time>2026-06-11T04:27:49.000Z</time><extensions><gpxtpx:TrackPointExtension><gpxtpx:hr>136</gpxtpx:hr></gpxtpx:TrackPointExtension></extensions></trkpt>
      <trkpt lat="49.275037" lon="-123.130455"><ele>14.2</ele><time>2026-06-11T04:27:50.000Z</time><extensions><gpxtpx:TrackPointExtension><gpxtpx:hr>135</gpxtpx:hr></gpxtpx:TrackPointExtension></extensions></trkpt>
      <trkpt lat="49.275013" lon="-123.130467"><ele>14.2</ele><time>2026-06-11T04:27:51.000Z</time><extensions><gpxtpx:TrackPointExtension><gpxtpx:hr>135</gpxtpx:hr></gpxtpx:TrackPointExtension></extensions></trkpt>
      <trkpt lat="49.275" lon="-123.130485"><ele>14.4</ele><time>2026-06-11T04:27:52.000Z</time><extensions><gpxtpx:TrackPointExtension><gpxtpx:hr>135</gpxtpx:hr></gpxtpx:TrackPointExtension></extensions></trkpt>
      <trkpt lat="49.27498" lon="-123.130496"><ele>14.6</ele><time>2026-06-11T04:27:53.000Z</time><extensions><gpxtpx:TrackPointExtension><gpxtpx:hr>135</gpxtpx:hr></gpxtpx:TrackPointExtension></extensions></trkpt>
      <trkpt lat="49.274962" lon="-123.130498"><ele>14.6</ele><time>2026-06-11T04:27:54.000Z</time><extensions><gpxtpx:TrackPointExtension><gpxtpx:hr>135</gpxtpx:hr></gpxtpx:TrackPointExtension></extensions></trkpt>
      <trkpt lat="49.274941" lon="-123.130502"><ele>14.8</ele><time>2026-06-11T04:27:55.000Z</time><extensions><gpxtpx:TrackPointExtension><gpxtpx:hr>135</gpxtpx:hr></gpxtpx:TrackPointExtension></extensions></trkpt>
      <trkpt lat="49.274916" lon="-123.13052"><ele>14.8</ele><time>2026-06-11T04:27:56.000Z</time><extensions><gpxtpx:TrackPointExtension><gpxtpx:hr>135</gpxtpx:hr></gpxtpx:TrackPointExtension></extensions></trkpt>
      <trkpt lat="49.274898" lon="-123.130529"><ele>14.8</ele><time>2026-06-11T04:27:57.000Z</time><extensions><gpxtpx:TrackPointExtension><gpxtpx:hr>135</gpxtpx:hr></gpxtpx:TrackPointExtension></extensions></trkpt>
      <trkpt lat="49.274875" lon="-123.130545"><ele>15</ele><time>2026-06-11T04:27:58.000Z</time><extensions><gpxtpx:TrackPointExtension><gpxtpx:hr>135</gpxtpx:hr></gpxtpx:TrackPointExtension></extensions></trkpt>
      <trkpt lat="49.274858" lon="-123.13055"><ele>15</ele><time>2026-06-11T04:27:59.000Z</time><extensions><gpxtpx:TrackPointExtension><gpxtpx:hr>135</gpxtpx:hr></gpxtpx:TrackPointExtension></extensions></trkpt>
      <trkpt lat="49.274836" lon="-123.130558"><ele>15</ele><time>2026-06-11T04:28:00.000Z</time><extensions><gpxtpx:TrackPointExtension><gpxtpx:hr>135</gpxtpx:hr></gpxtpx:TrackPointExtension></extensions></trkpt>
      <trkpt lat="49.274815" lon="-123.130567"><ele>15</ele><time>2026-06-11T04:28:01.000Z</time><extensions><gpxtpx:TrackPointExtension><gpxtpx:hr>135</gpxtpx:hr></gpxtpx:TrackPointExtension></extensions></trkpt>
      <trkpt lat="49.274795" lon="-123.130566"><ele>15</ele><time>2026-06-11T04:28:02.000Z</time><extensions><gpxtpx:TrackPointExtension><gpxtpx:hr>135</gpxtpx:hr></gpxtpx:TrackPointExtension></extensions></trkpt>
      <trkpt lat="49.274769" lon="-123.130573"><ele>15.2</ele><time>2026-06-11T04:28:03.000Z</time><extensions><gpxtpx:TrackPointExtension><gpxtpx:hr>135</gpxtpx:hr></gpxtpx:TrackPointExtension></extensions></trkpt>
      <trkpt lat="49.274752" lon="-123.130577"><ele>15.2</ele><time>2026-06-11T04:28:04.000Z</time><extensions><gpxtpx:TrackPointExtension><gpxtpx:hr>134</gpxtpx:hr></gpxtpx:TrackPointExtension></extensions></trkpt>
      <trkpt lat="49.274729" lon="-123.130586"><ele>15.2</ele><time>2026-06-11T04:28:05.000Z</time><extensions><gpxtpx:TrackPointExtension><gpxtpx:hr>135</gpxtpx:hr></gpxtpx:TrackPointExtension></extensions></trkpt>
      <trkpt lat="49.27471" lon="-123.130587"><ele>15.4</ele><time>2026-06-11T04:28:06.000Z</time><extensions><gpxtpx:TrackPointExtension><gpxtpx:hr>135</gpxtpx:hr></gpxtpx:TrackPointExtension></extensions></trkpt>
      <trkpt lat="49.274694" lon="-123.130594"><ele>15.4</ele><time>2026-06-11T04:28:07.000Z</time><extensions><gpxtpx:TrackPointExtension><gpxtpx:hr>135</gpxtpx:hr></gpxtpx:TrackPointExtension></extensions></trkpt>
      <trkpt lat="49.274675" lon="-123.130601"><ele>15.6</ele><time>2026-06-11T04:28:08.000Z</time><extensions><gpxtpx:TrackPointExtension><gpxtpx:hr>135</gpxtpx:hr></gpxtpx:TrackPointExtension></extensions></trkpt>
      <trkpt lat="49.274653" lon="-123.13061"><ele>15.6</ele><time>2026-06-11T04:28:09.000Z</time><extensions><gpxtpx:TrackPointExtension><gpxtpx:hr>135</gpxtpx:hr></gpxtpx:TrackPointExtension></extensions></trkpt>
      <trkpt lat="49.274637" lon="-123.130625"><ele>15.6</ele><time>2026-06-11T04:28:10.000Z</time><extensions><gpxtpx:TrackPointExtension><gpxtpx:hr>135</gpxtpx:hr></gpxtpx:TrackPointExtension></extensions></trkpt>
      <trkpt lat="49.27462" lon="-123.130641"><ele>15.8</ele><time>2026-06-11T04:28:11.000Z</time><extensions><gpxtpx:TrackPointExtension><gpxtpx:hr>135</gpxtpx:hr></gpxtpx:TrackPointExtension></extensions></trkpt>
      <trkpt lat="49.274602" lon="-123.130654"><ele>15.8</ele><time>2026-06-11T04:28:12.000Z</time><extensions><gpxtpx:TrackPointExtension><gpxtpx:hr>135</gpxtpx:hr></gpxtpx:TrackPointExtension></extensions></trkpt>
      <trkpt lat="49.274583" lon="-123.130662"><ele>16</ele><time>2026-06-11T04:28:13.000Z</time><extensions><gpxtpx:TrackPointExtension><gpxtpx:hr>135</gpxtpx:hr></gpxtpx:TrackPointExtension></extensions></trkpt>
      <trkpt lat="49.274565" lon="-123.130675"><ele>16</ele><time>2026-06-11T04:28:14.000Z</time><extensions><gpxtpx:TrackPointExtension><gpxtpx:hr>135</gpxtpx:hr></gpxtpx:TrackPointExtension></extensions></trkpt>
      <trkpt lat="49.274547" lon="-123.130683"><ele>16.2</ele><time>2026-06-11T04:28:15.000Z</time><extensions><gpxtpx:TrackPointExtension><gpxtpx:hr>135</gpxtpx:hr></gpxtpx:TrackPointExtension></extensions></trkpt>
      <trkpt lat="49.274526" lon="-123.130697"><ele>16.2</ele><time>2026-06-11T04:28:16.000Z</time><extensions><gpxtpx:TrackPointExtension><gpxtpx:hr>134</gpxtpx:hr></gpxtpx:TrackPointExtension></extensions></trkpt>
      <trkpt lat="49.274506" lon="-123.130699"><ele>16.4</ele><time>2026-06-11T04:28:17.000Z</time><extensions><gpxtpx:TrackPointExtension><gpxtpx:hr>134</gpxtpx:hr></gpxtpx:TrackPointExtension></extensions></trkpt>
      <trkpt lat="49.274483" lon="-123.13071"><ele>16.4</ele><time>2026-06-11T04:28:18.000Z</time><extensions><gpxtpx:TrackPointExtension><gpxtpx:hr>134</gpxtpx:hr></gpxtpx:TrackPointExtension></extensions></trkpt>
      <trkpt lat="49.274464" lon="-123.130715"><ele>16.6</ele><time>2026-06-11T04:28:19.000Z</time><extensions><gpxtpx:TrackPointExtension><gpxtpx:hr>134</gpxtpx:hr></gpxtpx:TrackPointExtension></extensions></trkpt>
      <trkpt lat="49.27444" lon="-123.130723"><ele>16.6</ele><time>2026-06-11T04:28:20.000Z</time><extensions><gpxtpx:TrackPointExtension><gpxtpx:hr>133</gpxtpx:hr></gpxtpx:TrackPointExtension></extensions></trkpt>
      <trkpt lat="49.274418" lon="-123.130731"><ele>16.8</ele><time>2026-06-11T04:28:21.000Z</time><extensions><gpxtpx:TrackPointExtension><gpxtpx:hr>133</gpxtpx:hr></gpxtpx:TrackPointExtension></extensions></trkpt>
      <trkpt lat="49.274399" lon="-123.130736"><ele>16.8</ele><time>2026-06-11T04:28:22.000Z</time><extensions><gpxtpx:TrackPointExtension><gpxtpx:hr>133</gpxtpx:hr></gpxtpx:TrackPointExtension></extensions></trkpt>
      <trkpt lat="49.274373" lon="-123.130753"><ele>17</ele><time>2026-06-11T04:28:23.000Z</time><extensions><gpxtpx:TrackPointExtension><gpxtpx:hr>133</gpxtpx:hr></gpxtpx:TrackPointExtension></extensions></trkpt>
      <trkpt lat="49.274353" lon="-123.130758"><ele>17</ele><time>2026-06-11T04:28:24.000Z</time><extensions><gpxtpx:TrackPointExtension><gpxtpx:hr>132</gpxtpx:hr></gpxtpx:TrackPointExtension></extensions></trkpt>
      <trkpt lat="49.274333" lon="-123.130774"><ele>17</ele><time>2026-06-11T04:28:25.000Z</time><extensions><gpxtpx:TrackPointExtension><gpxtpx:hr>132</gpxtpx:hr></gpxtpx:TrackPointExtension></extensions></trkpt>
      <trkpt lat="49.274315" lon="-123.130787"><ele>17.2</ele><time>2026-06-11T04:28:26.000Z</time><extensions><gpxtpx:TrackPointExtension><gpxtpx:hr>132</gpxtpx:hr></gpxtpx:TrackPointExtension></extensions></trkpt>
      <trkpt lat="49.274297" lon="-123.130797"><ele>17.2</ele><time>2026-06-11T04:28:27.000Z</time><extensions><gpxtpx:TrackPointExtension><gpxtpx:hr>132</gpxtpx:hr></gpxtpx:TrackPointExtension></extensions></trkpt>
      <trkpt lat="49.274274" lon="-123.130815"><ele>17.2</ele><time>2026-06-11T04:28:28.000Z</time><extensions><gpxtpx:TrackPointExtension><gpxtpx:hr>132</gpxtpx:hr></gpxtpx:TrackPointExtension></extensions></trkpt>
      <trkpt lat="49.27426" lon="-123.130825"><ele>17.4</ele><time>2026-06-11T04:28:29.000Z</time><extensions><gpxtpx:TrackPointExtension><gpxtpx:hr>132</gpxtpx:hr></gpxtpx:TrackPointExtension></extensions></trkpt>
      <trkpt lat="49.27424" lon="-123.130844"><ele>17.4</ele><time>2026-06-11T04:28:30.000Z</time><extensions><gpxtpx:TrackPointExtension><gpxtpx:hr>132</gpxtpx:hr></gpxtpx:TrackPointExtension></extensions></trkpt>
      <trkpt lat="49.274226" lon="-123.130858"><ele>17.6</ele><time>2026-06-11T04:28:31.000Z</time><extensions><gpxtpx:TrackPointExtension><gpxtpx:hr>132</gpxtpx:hr></gpxtpx:TrackPointExtension></extensions></trkpt>
      <trkpt lat="49.27421" lon="-123.130872"><ele>17.6</ele><time>2026-06-11T04:28:32.000Z</time><extensions><gpxtpx:TrackPointExtension><gpxtpx:hr>132</gpxtpx:hr></gpxtpx:TrackPointExtension></extensions></trkpt>
      <trkpt lat="49.274192" lon="-123.130896"><ele>17.8</ele><time>2026-06-11T04:28:33.000Z</time><extensions><gpxtpx:TrackPointExtension><gpxtpx:hr>132</gpxtpx:hr></gpxtpx:TrackPointExtension></extensions></trkpt>
      <trkpt lat="49.274175" lon="-123.130909"><ele>17.8</ele><time>2026-06-11T04:28:34.000Z</time><extensions><gpxtpx:TrackPointExtension><gpxtpx:hr>132</gpxtpx:hr></gpxtpx:TrackPointExtension></extensions></trkpt>
      <trkpt lat="49.274159" lon="-123.130935"><ele>18</ele><time>2026-06-11T04:28:35.000Z</time><extensions><gpxtpx:TrackPointExtension><gpxtpx:hr>132</gpxtpx:hr></gpxtpx:TrackPointExtension></extensions></trkpt>
      <trkpt lat="49.27415" lon="-123.130954"><ele>18.2</ele><time>2026-06-11T04:28:36.000Z</time><extensions><gpxtpx:TrackPointExtension><gpxtpx:hr>132</gpxtpx:hr></gpxtpx:TrackPointExtension></extensions></trkpt>
      <trkpt lat="49.274136" lon="-123.130975"><ele>18.2</ele><time>2026-06-11T04:28:37.000Z</time><extensions><gpxtpx:TrackPointExtension><gpxtpx:hr>132</gpxtpx:hr></gpxtpx:TrackPointExtension></extensions></trkpt>
      <trkpt lat="49.274126" lon="-123.130997"><ele>18.4</ele><time>2026-06-11T04:28:38.000Z</time><extensions><gpxtpx:TrackPointExtension><gpxtpx:hr>132</gpxtpx:hr></gpxtpx:TrackPointExtension></extensions></trkpt>
      <trkpt lat="49.274113" lon="-123.131016"><ele>18.4</ele><time>2026-06-11T04:28:39.000Z</time><extensions><gpxtpx:TrackPointExtension><gpxtpx:hr>132</gpxtpx:hr></gpxtpx:TrackPointExtension></extensions></trkpt>
      <trkpt lat="49.274099" lon="-123.131046"><ele>18.4</ele><time>2026-06-11T04:28:40.000Z</time><extensions><gpxtpx:TrackPointExtension><gpxtpx:hr>131</gpxtpx:hr></gpxtpx:TrackPointExtension></extensions></trkpt>
      <trkpt lat="49.274088" lon="-123.13107"><ele>18.6</ele><time>2026-06-11T04:28:41.000Z</time><extensions><gpxtpx:TrackPointExtension><gpxtpx:hr>131</gpxtpx:hr></gpxtpx:TrackPointExtension></extensions></trkpt>
      <trkpt lat="49.274073" lon="-123.131096"><ele>18.6</ele><time>2026-06-11T04:28:42.000Z</time><extensions><gpxtpx:TrackPointExtension><gpxtpx:hr>130</gpxtpx:hr></gpxtpx:TrackPointExtension></extensions></trkpt>
      <trkpt lat="49.274059" lon="-123.131123"><ele>18.6</ele><time>2026-06-11T04:28:43.000Z</time><extensions><gpxtpx:TrackPointExtension><gpxtpx:hr>128</gpxtpx:hr></gpxtpx:TrackPointExtension></extensions></trkpt>
      <trkpt lat="49.274046" lon="-123.131144"><ele>18.8</ele><time>2026-06-11T04:28:44.000Z</time><extensions><gpxtpx:TrackPointExtension><gpxtpx:hr>127</gpxtpx:hr></gpxtpx:TrackPointExtension></extensions></trkpt>
      <trkpt lat="49.274029" lon="-123.131171"><ele>19</ele><time>2026-06-11T04:28:45.000Z</time><extensions><gpxtpx:TrackPointExtension><gpxtpx:hr>127</gpxtpx:hr></gpxtpx:TrackPointExtension></extensions></trkpt>
      <trkpt lat="49.274013" lon="-123.131186"><ele>19</ele><time>2026-06-11T04:28:46.000Z</time><extensions><gpxtpx:TrackPointExtension><gpxtpx:hr>128</gpxtpx:hr></gpxtpx:TrackPointExtension></extensions></trkpt>
      <trkpt lat="49.273996" lon="-123.131211"><ele>19</ele><time>2026-06-11T04:28:47.000Z</time><extensions><gpxtpx:TrackPointExtension><gpxtpx:hr>129</gpxtpx:hr></gpxtpx:TrackPointExtension></extensions></trkpt>
      <trkpt lat="49.273985" lon="-123.131227"><ele>19.2</ele><time>2026-06-11T04:28:48.000Z</time><extensions><gpxtpx:TrackPointExtension><gpxtpx:hr>129</gpxtpx:hr></gpxtpx:TrackPointExtension></extensions></trkpt>
      <trkpt lat="49.273968" lon="-123.13125"><ele>19.4</ele><time>2026-06-11T04:28:49.000Z</time><extensions><gpxtpx:TrackPointExtension><gpxtpx:hr>129</gpxtpx:hr></gpxtpx:TrackPointExtension></extensions></trkpt>
      <trkpt lat="49.273958" lon="-123.131274"><ele>19.4</ele><time>2026-06-11T04:28:50.000Z</time><extensions><gpxtpx:TrackPointExtension><gpxtpx:hr>130</gpxtpx:hr></gpxtpx:TrackPointExtension></extensions></trkpt>
      <trkpt lat="49.273943" lon="-123.131295"><ele>19.4</ele><time>2026-06-11T04:28:51.000Z</time><extensions><gpxtpx:TrackPointExtension><gpxtpx:hr>131</gpxtpx:hr></gpxtpx:TrackPointExtension></extensions></trkpt>
      <trkpt lat="49.273925" lon="-123.131313"><ele>19.6</ele><time>2026-06-11T04:28:52.000Z</time><extensions><gpxtpx:TrackPointExtension><gpxtpx:hr>131</gpxtpx:hr></gpxtpx:TrackPointExtension></extensions></trkpt>
      <trkpt lat="49.273913" lon="-123.13133"><ele>19.6</ele><time>2026-06-11T04:28:53.000Z</time><extensions><gpxtpx:TrackPointExtension><gpxtpx:hr>132</gpxtpx:hr></gpxtpx:TrackPointExtension></extensions></trkpt>
      <trkpt lat="49.273897" lon="-123.131355"><ele>19.6</ele><time>2026-06-11T04:28:54.000Z</time><extensions><gpxtpx:TrackPointExtension><gpxtpx:hr>133</gpxtpx:hr></gpxtpx:TrackPointExtension></extensions></trkpt>
      <trkpt lat="49.273888" lon="-123.131374"><ele>19.8</ele><time>2026-06-11T04:28:55.000Z</time><extensions><gpxtpx:TrackPointExtension><gpxtpx:hr>133</gpxtpx:hr></gpxtpx:TrackPointExtension></extensions></trkpt>
      <trkpt lat="49.273872" lon="-123.131402"><ele>19.8</ele><time>2026-06-11T04:28:56.000Z</time><extensions><gpxtpx:TrackPointExtension><gpxtpx:hr>133</gpxtpx:hr></gpxtpx:TrackPointExtension></extensions></trkpt>
      <trkpt lat="49.273863" lon="-123.131423"><ele>20</ele><time>2026-06-11T04:28:57.000Z</time><extensions><gpxtpx:TrackPointExtension><gpxtpx:hr>134</gpxtpx:hr></gpxtpx:TrackPointExtension></extensions></trkpt>
      <trkpt lat="49.273851" lon="-123.131444"><ele>20.2</ele><time>2026-06-11T04:28:58.000Z</time><extensions><gpxtpx:TrackPointExtension><gpxtpx:hr>134</gpxtpx:hr></gpxtpx:TrackPointExtension></extensions></trkpt>
      <trkpt lat="49.27384" lon="-123.131468"><ele>20.2</ele><time>2026-06-11T04:28:59.000Z</time><extensions><gpxtpx:TrackPointExtension><gpxtpx:hr>134</gpxtpx:hr></gpxtpx:TrackPointExtension></extensions></trkpt>
      <trkpt lat="49.273827" lon="-123.13149"><ele>20.2</ele><time>2026-06-11T04:29:00.000Z</time><extensions><gpxtpx:TrackPointExtension><gpxtpx:hr>135</gpxtpx:hr></gpxtpx:TrackPointExtension></extensions></trkpt>
      <trkpt lat="49.273809" lon="-123.131521"><ele>20.4</ele><time>2026-06-11T04:29:01.000Z</time><extensions><gpxtpx:TrackPointExtension><gpxtpx:hr>135</gpxtpx:hr></gpxtpx:TrackPointExtension></extensions></trkpt>
      <trkpt lat="49.273794" lon="-123.13154"><ele>20.4</ele><time>2026-06-11T04:29:02.000Z</time><extensions><gpxtpx:TrackPointExtension><gpxtpx:hr>135</gpxtpx:hr></gpxtpx:TrackPointExtension></extensions></trkpt>
      <trkpt lat="49.273776" lon="-123.131567"><ele>20.6</ele><time>2026-06-11T04:29:03.000Z</time><extensions><gpxtpx:TrackPointExtension><gpxtpx:hr>135</gpxtpx:hr></gpxtpx:TrackPointExtension></extensions></trkpt>
      <trkpt lat="49.273765" lon="-123.131584"><ele>20.6</ele><time>2026-06-11T04:29:04.000Z</time><extensions><gpxtpx:TrackPointExtension><gpxtpx:hr>135</gpxtpx:hr></gpxtpx:TrackPointExtension></extensions></trkpt>
      <trkpt lat="49.273749" lon="-123.13161"><ele>20.8</ele><time>2026-06-11T04:29:05.000Z</time><extensions><gpxtpx:TrackPointExtension><gpxtpx:hr>135</gpxtpx:hr></gpxtpx:TrackPointExtension></extensions></trkpt>
      <trkpt lat="49.273735" lon="-123.131632"><ele>21</ele><time>2026-06-11T04:29:06.000Z</time><extensions><gpxtpx:TrackPointExtension><gpxtpx:hr>135</gpxtpx:hr></gpxtpx:TrackPointExtension></extensions></trkpt>
      <trkpt lat="49.273721" lon="-123.131651"><ele>21</ele><time>2026-06-11T04:29:07.000Z</time><extensions><gpxtpx:TrackPointExtension><gpxtpx:hr>135</gpxtpx:hr></gpxtpx:TrackPointExtension></extensions></trkpt>
      <trkpt lat="49.273706" lon="-123.131677"><ele>21</ele><time>2026-06-11T04:29:08.000Z</time><extensions><gpxtpx:TrackPointExtension><gpxtpx:hr>135</gpxtpx:hr></gpxtpx:TrackPointExtension></extensions></trkpt>
      <trkpt lat="49.273693" lon="-123.131695"><ele>21.2</ele><time>2026-06-11T04:29:09.000Z</time><extensions><gpxtpx:TrackPointExtension><gpxtpx:hr>135</gpxtpx:hr></gpxtpx:TrackPointExtension></extensions></trkpt>
      <trkpt lat="49.273679" lon="-123.131722"><ele>21.2</ele><time>2026-06-11T04:29:10.000Z</time><extensions><gpxtpx:TrackPointExtension><gpxtpx:hr>135</gpxtpx:hr></gpxtpx:TrackPointExtension></extensions></trkpt>
      <trkpt lat="49.273668" lon="-123.131735"><ele>21.2</ele><time>2026-06-11T04:29:11.000Z</time><extensions><gpxtpx:TrackPointExtension><gpxtpx:hr>135</gpxtpx:hr></gpxtpx:TrackPointExtension></extensions></trkpt>
      <trkpt lat="49.273652" lon="-123.131759"><ele>21.4</ele><time>2026-06-11T04:29:12.000Z</time><extensions><gpxtpx:TrackPointExtension><gpxtpx:hr>134</gpxtpx:hr></gpxtpx:TrackPointExtension></extensions></trkpt>
      <trkpt lat="49.273644" lon="-123.13178"><ele>21.6</ele><time>2026-06-11T04:29:13.000Z</time><extensions><gpxtpx:TrackPointExtension><gpxtpx:hr>135</gpxtpx:hr></gpxtpx:TrackPointExtension></extensions></trkpt>
      <trkpt lat="49.27363" lon="-123.1318"><ele>21.6</ele><time>2026-06-11T04:29:14.000Z</time><extensions><gpxtpx:TrackPointExtension><gpxtpx:hr>135</gpxtpx:hr></gpxtpx:TrackPointExtension></extensions></trkpt>
      <trkpt lat="49.273617" lon="-123.131825"><ele>21.6</ele><time>2026-06-11T04:29:15.000Z</time><extensions><gpxtpx:TrackPointExtension><gpxtpx:hr>135</gpxtpx:hr></gpxtpx:TrackPointExtension></extensions></trkpt>
      <trkpt lat="49.273602" lon="-123.131842"><ele>21.8</ele><time>2026-06-11T04:29:16.000Z</time><extensions><gpxtpx:TrackPointExtension><gpxtpx:hr>135</gpxtpx:hr></gpxtpx:TrackPointExtension></extensions></trkpt>
      <trkpt lat="49.273583" lon="-123.131865"><ele>21.8</ele><time>2026-06-11T04:29:17.000Z</time><extensions><gpxtpx:TrackPointExtension><gpxtpx:hr>134</gpxtpx:hr></gpxtpx:TrackPointExtension></extensions></trkpt>
      <trkpt lat="49.273571" lon="-123.131881"><ele>22</ele><time>2026-06-11T04:29:18.000Z</time><extensions><gpxtpx:TrackPointExtension><gpxtpx:hr>134</gpxtpx:hr></gpxtpx:TrackPointExtension></extensions></trkpt>
      <trkpt lat="49.273556" lon="-123.131902"><ele>22</ele><time>2026-06-11T04:29:19.000Z</time><extensions><gpxtpx:TrackPointExtension><gpxtpx:hr>134</gpxtpx:hr></gpxtpx:TrackPointExtension></extensions></trkpt>
      <trkpt lat="49.273543" lon="-123.131927"><ele>22.2</ele><time>2026-06-11T04:29:20.000Z</time><extensions><gpxtpx:TrackPointExtension><gpxtpx:hr>134</gpxtpx:hr></gpxtpx:TrackPointExtension></extensions></trkpt>
      <trkpt lat="49.27353" lon="-123.131943"><ele>22.2</ele><time>2026-06-11T04:29:21.000Z</time><extensions><gpxtpx:TrackPointExtension><gpxtpx:hr>134</gpxtpx:hr></gpxtpx:TrackPointExtension></extensions></trkpt>
      <trkpt lat="49.273512" lon="-123.131972"><ele>22.4</ele><time>2026-06-11T04:29:22.000Z</time><extensions><gpxtpx:TrackPointExtension><gpxtpx:hr>134</gpxtpx:hr></gpxtpx:TrackPointExtension></extensions></trkpt>
      <trkpt lat="49.273502" lon="-123.131985"><ele>22.4</ele><time>2026-06-11T04:29:23.000Z</time><extensions><gpxtpx:TrackPointExtension><gpxtpx:hr>133</gpxtpx:hr></gpxtpx:TrackPointExtension></extensions></trkpt>
      <trkpt lat="49.273492" lon="-123.132002"><ele>22.6</ele><time>2026-06-11T04:29:24.000Z</time><extensions><gpxtpx:TrackPointExtension><gpxtpx:hr>133</gpxtpx:hr></gpxtpx:TrackPointExtension></extensions></trkpt>
      <trkpt lat="49.273482" lon="-123.132021"><ele>22.8</ele><time>2026-06-11T04:29:25.000Z</time><extensions><gpxtpx:TrackPointExtension><gpxtpx:hr>133</gpxtpx:hr></gpxtpx:TrackPointExtension></extensions></trkpt>
      <trkpt lat="49.273472" lon="-123.132036"><ele>22.8</ele><time>2026-06-11T04:29:26.000Z</time><extensions><gpxtpx:TrackPointExtension><gpxtpx:hr>133</gpxtpx:hr></gpxtpx:TrackPointExtension></extensions></trkpt>
      <trkpt lat="49.273457" lon="-123.132059"><ele>22.8</ele><time>2026-06-11T04:29:27.000Z</time><extensions><gpxtpx:TrackPointExtension><gpxtpx:hr>133</gpxtpx:hr></gpxtpx:TrackPointExtension></extensions></trkpt>
      <trkpt lat="49.273443" lon="-123.132082"><ele>23</ele><time>2026-06-11T04:29:28.000Z</time><extensions><gpxtpx:TrackPointExtension><gpxtpx:hr>133</gpxtpx:hr></gpxtpx:TrackPointExtension></extensions></trkpt>
      <trkpt lat="49.273429" lon="-123.132097"><ele>23</ele><time>2026-06-11T04:29:29.000Z</time><extensions><gpxtpx:TrackPointExtension><gpxtpx:hr>133</gpxtpx:hr></gpxtpx:TrackPointExtension></extensions></trkpt>
      <trkpt lat="49.27341" lon="-123.132125"><ele>23</ele><time>2026-06-11T04:29:30.000Z</time><extensions><gpxtpx:TrackPointExtension><gpxtpx:hr>134</gpxtpx:hr></gpxtpx:TrackPointExtension></extensions></trkpt>
      <trkpt lat="49.2734" lon="-123.132135"><ele>23</ele><time>2026-06-11T04:29:31.000Z</time><extensions><gpxtpx:TrackPointExtension><gpxtpx:hr>134</gpxtpx:hr></gpxtpx:TrackPointExtension></extensions></trkpt>
      <trkpt lat="49.273383" lon="-123.132158"><ele>23</ele><time>2026-06-11T04:29:32.000Z</time><extensions><gpxtpx:TrackPointExtension><gpxtpx:hr>134</gpxtpx:hr></gpxtpx:TrackPointExtension></extensions></trkpt>
      <trkpt lat="49.273371" lon="-123.132177"><ele>23.2</ele><time>2026-06-11T04:29:33.000Z</time><extensions><gpxtpx:TrackPointExtension><gpxtpx:hr>133</gpxtpx:hr></gpxtpx:TrackPointExtension></extensions></trkpt>
      <trkpt lat="49.273357" lon="-123.132194"><ele>23.2</ele><time>2026-06-11T04:29:34.000Z</time><extensions><gpxtpx:TrackPointExtension><gpxtpx:hr>133</gpxtpx:hr></gpxtpx:TrackPointExtension></extensions></trkpt>
      <trkpt lat="49.273344" lon="-123.132219"><ele>23.2</ele><time>2026-06-11T04:29:35.000Z</time><extensions><gpxtpx:TrackPointExtension><gpxtpx:hr>133</gpxtpx:hr></gpxtpx:TrackPointExtension></extensions></trkpt>
      <trkpt lat="49.273334" lon="-123.132228"><ele>23.2</ele><time>2026-06-11T04:29:36.000Z</time><extensions><gpxtpx:TrackPointExtension><gpxtpx:hr>133</gpxtpx:hr></gpxtpx:TrackPointExtension></extensions></trkpt>
      <trkpt lat="49.273316" lon="-123.13225"><ele>23.4</ele><time>2026-06-11T04:29:37.000Z</time><extensions><gpxtpx:TrackPointExtension><gpxtpx:hr>132</gpxtpx:hr></gpxtpx:TrackPointExtension></extensions></trkpt>
      <trkpt lat="49.273303" lon="-123.132271"><ele>23.4</ele><time>2026-06-11T04:29:38.000Z</time><extensions><gpxtpx:TrackPointExtension><gpxtpx:hr>132</gpxtpx:hr></gpxtpx:TrackPointExtension></extensions></trkpt>
      <trkpt lat="49.273289" lon="-123.132284"><ele>23.4</ele><time>2026-06-11T04:29:39.000Z</time><extensions><gpxtpx:TrackPointExtension><gpxtpx:hr>132</gpxtpx:hr></gpxtpx:TrackPointExtension></extensions></trkpt>
      <trkpt lat="49.273274" lon="-123.13231"><ele>23.6</ele><time>2026-06-11T04:29:40.000Z</time><extensions><gpxtpx:TrackPointExtension><gpxtpx:hr>132</gpxtpx:hr></gpxtpx:TrackPointExtension></extensions></trkpt>
      <trkpt lat="49.273264" lon="-123.132323"><ele>23.6</ele><time>2026-06-11T04:29:41.000Z</time><extensions><gpxtpx:TrackPointExtension><gpxtpx:hr>132</gpxtpx:hr></gpxtpx:TrackPointExtension></extensions></trkpt>
      <trkpt lat="49.273249" lon="-123.132349"><ele>23.8</ele><time>2026-06-11T04:29:42.000Z</time><extensions><gpxtpx:TrackPointExtension><gpxtpx:hr>132</gpxtpx:hr></gpxtpx:TrackPointExtension></extensions></trkpt>
      <trkpt lat="49.273237" lon="-123.132365"><ele>23.8</ele><time>2026-06-11T04:29:43.000Z</time><extensions><gpxtpx:TrackPointExtension><gpxtpx:hr>131</gpxtpx:hr></gpxtpx:TrackPointExtension></extensions></trkpt>
      <trkpt lat="49.273224" lon="-123.132379"><ele>23.8</ele><time>2026-06-11T04:29:44.000Z</time><extensions><gpxtpx:TrackPointExtension><gpxtpx:hr>131</gpxtpx:hr></gpxtpx:TrackPointExtension></extensions></trkpt>
      <trkpt lat="49.273211" lon="-123.132403"><ele>24</ele><time>2026-06-11T04:29:45.000Z</time><extensions><gpxtpx:TrackPointExtension><gpxtpx:hr>131</gpxtpx:hr></gpxtpx:TrackPointExtension></extensions></trkpt>
      <trkpt lat="49.273203" lon="-123.132421"><ele>24</ele><time>2026-06-11T04:29:46.000Z</time><extensions><gpxtpx:TrackPointExtension><gpxtpx:hr>131</gpxtpx:hr></gpxtpx:TrackPointExtension></extensions></trkpt>
      <trkpt lat="49.273189" lon="-123.132439"><ele>24.2</ele><time>2026-06-11T04:29:47.000Z</time><extensions><gpxtpx:TrackPointExtension><gpxtpx:hr>131</gpxtpx:hr></gpxtpx:TrackPointExtension></extensions></trkpt>
      <trkpt lat="49.273173" lon="-123.132466"><ele>24.2</ele><time>2026-06-11T04:29:48.000Z</time><extensions><gpxtpx:TrackPointExtension><gpxtpx:hr>131</gpxtpx:hr></gpxtpx:TrackPointExtension></extensions></trkpt>
      <trkpt lat="49.27316" lon="-123.132482"><ele>24.2</ele><time>2026-06-11T04:29:49.000Z</time><extensions><gpxtpx:TrackPointExtension><gpxtpx:hr>130</gpxtpx:hr></gpxtpx:TrackPointExtension></extensions></trkpt>
      <trkpt lat="49.273141" lon="-123.132508"><ele>24.4</ele><time>2026-06-11T04:29:50.000Z</time><extensions><gpxtpx:TrackPointExtension><gpxtpx:hr>130</gpxtpx:hr></gpxtpx:TrackPointExtension></extensions></trkpt>
      <trkpt lat="49.273127" lon="-123.132532"><ele>24.6</ele><time>2026-06-11T04:29:51.000Z</time><extensions><gpxtpx:TrackPointExtension><gpxtpx:hr>130</gpxtpx:hr></gpxtpx:TrackPointExtension></extensions></trkpt>
      <trkpt lat="49.273111" lon="-123.132552"><ele>24.6</ele><time>2026-06-11T04:29:52.000Z</time><extensions><gpxtpx:TrackPointExtension><gpxtpx:hr>131</gpxtpx:hr></gpxtpx:TrackPointExtension></extensions></trkpt>
      <trkpt lat="49.273098" lon="-123.132579"><ele>24.8</ele><time>2026-06-11T04:29:53.000Z</time><extensions><gpxtpx:TrackPointExtension><gpxtpx:hr>130</gpxtpx:hr></gpxtpx:TrackPointExtension></extensions></trkpt>
      <trkpt lat="49.273083" lon="-123.132601"><ele>25</ele><time>2026-06-11T04:29:54.000Z</time><extensions><gpxtpx:TrackPointExtension><gpxtpx:hr>130</gpxtpx:hr></gpxtpx:TrackPointExtension></extensions></trkpt>
      <trkpt lat="49.273067" lon="-123.132631"><ele>25</ele><time>2026-06-11T04:29:55.000Z</time><extensions><gpxtpx:TrackPointExtension><gpxtpx:hr>131</gpxtpx:hr></gpxtpx:TrackPointExtension></extensions></trkpt>
      <trkpt lat="49.273054" lon="-123.132653"><ele>25</ele><time>2026-06-11T04:29:56.000Z</time><extensions><gpxtpx:TrackPointExtension><gpxtpx:hr>131</gpxtpx:hr></gpxtpx:TrackPointExtension></extensions></trkpt>
      <trkpt lat="49.27304" lon="-123.132673"><ele>25.2</ele><time>2026-06-11T04:29:57.000Z</time><extensions><gpxtpx:TrackPointExtension><gpxtpx:hr>131</gpxtpx:hr></gpxtpx:TrackPointExtension></extensions></trkpt>
      <trkpt lat="49.273023" lon="-123.132696"><ele>25.2</ele><time>2026-06-11T04:29:58.000Z</time><extensions><gpxtpx:TrackPointExtension><gpxtpx:hr>131</gpxtpx:hr></gpxtpx:TrackPointExtension></extensions></trkpt>
      <trkpt lat="49.273007" lon="-123.132713"><ele>25.2</ele><time>2026-06-11T04:29:59.000Z</time><extensions><gpxtpx:TrackPointExtension><gpxtpx:hr>130</gpxtpx:hr></gpxtpx:TrackPointExtension></extensions></trkpt>
      <trkpt lat="49.272988" lon="-123.132739"><ele>25.4</ele><time>2026-06-11T04:30:00.000Z</time><extensions><gpxtpx:TrackPointExtension><gpxtpx:hr>130</gpxtpx:hr></gpxtpx:TrackPointExtension></extensions></trkpt>
      <trkpt lat="49.272972" lon="-123.132754"><ele>25.4</ele><time>2026-06-11T04:30:01.000Z</time><extensions><gpxtpx:TrackPointExtension><gpxtpx:hr>131</gpxtpx:hr></gpxtpx:TrackPointExtension></extensions></trkpt>
      <trkpt lat="49.272954" lon="-123.132783"><ele>25.6</ele><time>2026-06-11T04:30:02.000Z</time><extensions><gpxtpx:TrackPointExtension><gpxtpx:hr>131</gpxtpx:hr></gpxtpx:TrackPointExtension></extensions></trkpt>
      <trkpt lat="49.272942" lon="-123.132804"><ele>25.6</ele><time>2026-06-11T04:30:03.000Z</time><extensions><gpxtpx:TrackPointExtension><gpxtpx:hr>131</gpxtpx:hr></gpxtpx:TrackPointExtension></extensions></trkpt>
      <trkpt lat="49.272927" lon="-123.132827"><ele>25.8</ele><time>2026-06-11T04:30:04.000Z</time><extensions><gpxtpx:TrackPointExtension><gpxtpx:hr>131</gpxtpx:hr></gpxtpx:TrackPointExtension></extensions></trkpt>
      <trkpt lat="49.272914" lon="-123.132851"><ele>25.8</ele><time>2026-06-11T04:30:05.000Z</time><extensions><gpxtpx:TrackPointExtension><gpxtpx:hr>131</gpxtpx:hr></gpxtpx:TrackPointExtension></extensions></trkpt>
      <trkpt lat="49.2729" lon="-123.132869"><ele>26</ele><time>2026-06-11T04:30:06.000Z</time><extensions><gpxtpx:TrackPointExtension><gpxtpx:hr>132</gpxtpx:hr></gpxtpx:TrackPointExtension></extensions></trkpt>
      <trkpt lat="49.272885" lon="-123.132895"><ele>26</ele><time>2026-06-11T04:30:07.000Z</time><extensions><gpxtpx:TrackPointExtension><gpxtpx:hr>132</gpxtpx:hr></gpxtpx:TrackPointExtension></extensions></trkpt>
      <trkpt lat="49.27287" lon="-123.132909"><ele>26</ele><time>2026-06-11T04:30:08.000Z</time><extensions><gpxtpx:TrackPointExtension><gpxtpx:hr>132</gpxtpx:hr></gpxtpx:TrackPointExtension></extensions></trkpt>
      <trkpt lat="49.272853" lon="-123.132935"><ele>26.2</ele><time>2026-06-11T04:30:09.000Z</time><extensions><gpxtpx:TrackPointExtension><gpxtpx:hr>132</gpxtpx:hr></gpxtpx:TrackPointExtension></extensions></trkpt>
      <trkpt lat="49.272839" lon="-123.132956"><ele>26.2</ele><time>2026-06-11T04:30:10.000Z</time><extensions><gpxtpx:TrackPointExtension><gpxtpx:hr>132</gpxtpx:hr></gpxtpx:TrackPointExtension></extensions></trkpt>
      <trkpt lat="49.272823" lon="-123.132982"><ele>26.2</ele><time>2026-06-11T04:30:11.000Z</time><extensions><gpxtpx:TrackPointExtension><gpxtpx:hr>132</gpxtpx:hr></gpxtpx:TrackPointExtension></extensions></trkpt>
      <trkpt lat="49.272807" lon="-123.133008"><ele>26.4</ele><time>2026-06-11T04:30:12.000Z</time><extensions><gpxtpx:TrackPointExtension><gpxtpx:hr>132</gpxtpx:hr></gpxtpx:TrackPointExtension></extensions></trkpt>
      <trkpt lat="49.27279" lon="-123.133032"><ele>26.4</ele><time>2026-06-11T04:30:13.000Z</time><extensions><gpxtpx:TrackPointExtension><gpxtpx:hr>132</gpxtpx:hr></gpxtpx:TrackPointExtension></extensions></trkpt>
      <trkpt lat="49.272776" lon="-123.133058"><ele>26.6</ele><time>2026-06-11T04:30:14.000Z</time><extensions><gpxtpx:TrackPointExtension><gpxtpx:hr>132</gpxtpx:hr></gpxtpx:TrackPointExtension></extensions></trkpt>
      <trkpt lat="49.27276" lon="-123.133079"><ele>26.6</ele><time>2026-06-11T04:30:15.000Z</time><extensions><gpxtpx:TrackPointExtension><gpxtpx:hr>132</gpxtpx:hr></gpxtpx:TrackPointExtension></extensions></trkpt>
      <trkpt lat="49.272742" lon="-123.133107"><ele>26.6</ele><time>2026-06-11T04:30:16.000Z</time><extensions><gpxtpx:TrackPointExtension><gpxtpx:hr>132</gpxtpx:hr></gpxtpx:TrackPointExtension></extensions></trkpt>
      <trkpt lat="49.272726" lon="-123.133126"><ele>26.6</ele><time>2026-06-11T04:30:17.000Z</time><extensions><gpxtpx:TrackPointExtension><gpxtpx:hr>132</gpxtpx:hr></gpxtpx:TrackPointExtension></extensions></trkpt>
      <trkpt lat="49.272709" lon="-123.133155"><ele>26.8</ele><time>2026-06-11T04:30:18.000Z</time><extensions><gpxtpx:TrackPointExtension><gpxtpx:hr>132</gpxtpx:hr></gpxtpx:TrackPointExtension></extensions></trkpt>
      <trkpt lat="49.272697" lon="-123.133179"><ele>26.8</ele><time>2026-06-11T04:30:19.000Z</time><extensions><gpxtpx:TrackPointExtension><gpxtpx:hr>132</gpxtpx:hr></gpxtpx:TrackPointExtension></extensions></trkpt>
      <trkpt lat="49.272682" lon="-123.133207"><ele>26.8</ele><time>2026-06-11T04:30:20.000Z</time><extensions><gpxtpx:TrackPointExtension><gpxtpx:hr>132</gpxtpx:hr></gpxtpx:TrackPointExtension></extensions></trkpt>
      <trkpt lat="49.272667" lon="-123.133235"><ele>26.8</ele><time>2026-06-11T04:30:21.000Z</time><extensions><gpxtpx:TrackPointExtension><gpxtpx:hr>132</gpxtpx:hr></gpxtpx:TrackPointExtension></extensions></trkpt>
      <trkpt lat="49.272648" lon="-123.133256"><ele>26.8</ele><time>2026-06-11T04:30:22.000Z</time><extensions><gpxtpx:TrackPointExtension><gpxtpx:hr>132</gpxtpx:hr></gpxtpx:TrackPointExtension></extensions></trkpt>
      <trkpt lat="49.272632" lon="-123.133283"><ele>26.8</ele><time>2026-06-11T04:30:23.000Z</time><extensions><gpxtpx:TrackPointExtension><gpxtpx:hr>132</gpxtpx:hr></gpxtpx:TrackPointExtension></extensions></trkpt>
      <trkpt lat="49.272624" lon="-123.133307"><ele>26.8</ele><time>2026-06-11T04:30:24.000Z</time><extensions><gpxtpx:TrackPointExtension><gpxtpx:hr>132</gpxtpx:hr></gpxtpx:TrackPointExtension></extensions></trkpt>
      <trkpt lat="49.272613" lon="-123.133346"><ele>26.8</ele><time>2026-06-11T04:30:39.000Z</time><extensions><gpxtpx:TrackPointExtension><gpxtpx:hr>125</gpxtpx:hr></gpxtpx:TrackPointExtension></extensions></trkpt>
      <trkpt lat="49.272602" lon="-123.133361"><ele>26.8</ele><time>2026-06-11T04:30:40.000Z</time><extensions><gpxtpx:TrackPointExtension><gpxtpx:hr>124</gpxtpx:hr></gpxtpx:TrackPointExtension></extensions></trkpt>
      <trkpt lat="49.272567" lon="-123.133425"><ele>26.4</ele><time>2026-06-11T04:30:42.000Z</time><extensions><gpxtpx:TrackPointExtension><gpxtpx:hr>122</gpxtpx:hr></gpxtpx:TrackPointExtension></extensions></trkpt>
      <trkpt lat="49.272542" lon="-123.13345"><ele>26.4</ele><time>2026-06-11T04:30:43.000Z</time><extensions><gpxtpx:TrackPointExtension><gpxtpx:hr>121</gpxtpx:hr></gpxtpx:TrackPointExtension></extensions></trkpt>
      <trkpt lat="49.272524" lon="-123.133485"><ele>26.4</ele><time>2026-06-11T04:30:44.000Z</time><extensions><gpxtpx:TrackPointExtension><gpxtpx:hr>121</gpxtpx:hr></gpxtpx:TrackPointExtension></extensions></trkpt>
      <trkpt lat="49.272506" lon="-123.133518"><ele>26.2</ele><time>2026-06-11T04:30:45.000Z</time><extensions><gpxtpx:TrackPointExtension><gpxtpx:hr>121</gpxtpx:hr></gpxtpx:TrackPointExtension></extensions></trkpt>
      <trkpt lat="49.272488" lon="-123.133547"><ele>26.2</ele><time>2026-06-11T04:30:46.000Z</time><extensions><gpxtpx:TrackPointExtension><gpxtpx:hr>122</gpxtpx:hr></gpxtpx:TrackPointExtension></extensions></trkpt>
      <trkpt lat="49.272469" lon="-123.133577"><ele>26.2</ele><time>2026-06-11T04:30:47.000Z</time><extensions><gpxtpx:TrackPointExtension><gpxtpx:hr>123</gpxtpx:hr></gpxtpx:TrackPointExtension></extensions></trkpt>
      <trkpt lat="49.272452" lon="-123.133602"><ele>26.2</ele><time>2026-06-11T04:30:48.000Z</time><extensions><gpxtpx:TrackPointExtension><gpxtpx:hr>123</gpxtpx:hr></gpxtpx:TrackPointExtension></extensions></trkpt>
      <trkpt lat="49.272432" lon="-123.133635"><ele>26</ele><time>2026-06-11T04:30:49.000Z</time><extensions><gpxtpx:TrackPointExtension><gpxtpx:hr>123</gpxtpx:hr></gpxtpx:TrackPointExtension></extensions></trkpt>
      <trkpt lat="49.272414" lon="-123.133666"><ele>26</ele><time>2026-06-11T04:30:50.000Z</time><extensions><gpxtpx:TrackPointExtension><gpxtpx:hr>124</gpxtpx:hr></gpxtpx:TrackPointExtension></extensions></trkpt>
      <trkpt lat="49.272396" lon="-123.133688"><ele>26</ele><time>2026-06-11T04:30:51.000Z</time><extensions><gpxtpx:TrackPointExtension><gpxtpx:hr>124</gpxtpx:hr></gpxtpx:TrackPointExtension></extensions></trkpt>
      <trkpt lat="49.272373" lon="-123.133717"><ele>25.8</ele><time>2026-06-11T04:30:52.000Z</time><extensions><gpxtpx:TrackPointExtension><gpxtpx:hr>124</gpxtpx:hr></gpxtpx:TrackPointExtension></extensions></trkpt>
      <trkpt lat="49.272358" lon="-123.133745"><ele>25.8</ele><time>2026-06-11T04:30:53.000Z</time><extensions><gpxtpx:TrackPointExtension><gpxtpx:hr>124</gpxtpx:hr></gpxtpx:TrackPointExtension></extensions></trkpt>
      <trkpt lat="49.27234" lon="-123.133771"><ele>25.6</ele><time>2026-06-11T04:30:54.000Z</time><extensions><gpxtpx:TrackPointExtension><gpxtpx:hr>123</gpxtpx:hr></gpxtpx:TrackPointExtension></extensions></trkpt>
      <trkpt lat="49.272318" lon="-123.133805"><ele>25.4</ele><time>2026-06-11T04:30:55.000Z</time><extensions><gpxtpx:TrackPointExtension><gpxtpx:hr>123</gpxtpx:hr></gpxtpx:TrackPointExtension></extensions></trkpt>
      <trkpt lat="49.2723" lon="-123.13383"><ele>25.4</ele><time>2026-06-11T04:30:56.000Z</time><extensions><gpxtpx:TrackPointExtension><gpxtpx:hr>123</gpxtpx:hr></gpxtpx:TrackPointExtension></extensions></trkpt>
      <trkpt lat="49.272281" lon="-123.133863"><ele>25.4</ele><time>2026-06-11T04:30:57.000Z</time><extensions><gpxtpx:TrackPointExtension><gpxtpx:hr>123</gpxtpx:hr></gpxtpx:TrackPointExtension></extensions></trkpt>
      <trkpt lat="49.272264" lon="-123.133895"><ele>25.2</ele><time>2026-06-11T04:30:58.000Z</time><extensions><gpxtpx:TrackPointExtension><gpxtpx:hr>123</gpxtpx:hr></gpxtpx:TrackPointExtension></extensions></trkpt>
      <trkpt lat="49.272248" lon="-123.133917"><ele>25.2</ele><time>2026-06-11T04:30:59.000Z</time><extensions><gpxtpx:TrackPointExtension><gpxtpx:hr>122</gpxtpx:hr></gpxtpx:TrackPointExtension></extensions></trkpt>
      <trkpt lat="49.272225" lon="-123.133951"><ele>25.2</ele><time>2026-06-11T04:31:00.000Z</time><extensions><gpxtpx:TrackPointExtension><gpxtpx:hr>123</gpxtpx:hr></gpxtpx:TrackPointExtension></extensions></trkpt>
      <trkpt lat="49.272204" lon="-123.133975"><ele>25</ele><time>2026-06-11T04:31:01.000Z</time><extensions><gpxtpx:TrackPointExtension><gpxtpx:hr>123</gpxtpx:hr></gpxtpx:TrackPointExtension></extensions></trkpt>
      <trkpt lat="49.272185" lon="-123.134"><ele>25</ele><time>2026-06-11T04:31:02.000Z</time><extensions><gpxtpx:TrackPointExtension><gpxtpx:hr>123</gpxtpx:hr></gpxtpx:TrackPointExtension></extensions></trkpt>
      <trkpt lat="49.272167" lon="-123.134036"><ele>24.8</ele><time>2026-06-11T04:31:03.000Z</time><extensions><gpxtpx:TrackPointExtension><gpxtpx:hr>122</gpxtpx:hr></gpxtpx:TrackPointExtension></extensions></trkpt>
      <trkpt lat="49.272148" lon="-123.134055"><ele>24.6</ele><time>2026-06-11T04:31:04.000Z</time><extensions><gpxtpx:TrackPointExtension><gpxtpx:hr>123</gpxtpx:hr></gpxtpx:TrackPointExtension></extensions></trkpt>
      <trkpt lat="49.272128" lon="-123.134082"><ele>24.6</ele><time>2026-06-11T04:31:05.000Z</time><extensions><gpxtpx:TrackPointExtension><gpxtpx:hr>123</gpxtpx:hr></gpxtpx:TrackPointExtension></extensions></trkpt>
      <trkpt lat="49.272112" lon="-123.134109"><ele>24.6</ele><time>2026-06-11T04:31:06.000Z</time><extensions><gpxtpx:TrackPointExtension><gpxtpx:hr>123</gpxtpx:hr></gpxtpx:TrackPointExtension></extensions></trkpt>
      <trkpt lat="49.272092" lon="-123.134131"><ele>24.4</ele><time>2026-06-11T04:31:07.000Z</time><extensions><gpxtpx:TrackPointExtension><gpxtpx:hr>123</gpxtpx:hr></gpxtpx:TrackPointExtension></extensions></trkpt>
      <trkpt lat="49.272072" lon="-123.134165"><ele>24.4</ele><time>2026-06-11T04:31:08.000Z</time><extensions><gpxtpx:TrackPointExtension><gpxtpx:hr>124</gpxtpx:hr></gpxtpx:TrackPointExtension></extensions></trkpt>
      <trkpt lat="49.272054" lon="-123.134186"><ele>24.2</ele><time>2026-06-11T04:31:09.000Z</time><extensions><gpxtpx:TrackPointExtension><gpxtpx:hr>124</gpxtpx:hr></gpxtpx:TrackPointExtension></extensions></trkpt>
      <trkpt lat="49.272031" lon="-123.13422"><ele>24.2</ele><time>2026-06-11T04:31:10.000Z</time><extensions><gpxtpx:TrackPointExtension><gpxtpx:hr>124</gpxtpx:hr></gpxtpx:TrackPointExtension></extensions></trkpt>
      <trkpt lat="49.272016" lon="-123.134246"><ele>24</ele><time>2026-06-11T04:31:11.000Z</time><extensions><gpxtpx:TrackPointExtension><gpxtpx:hr>124</gpxtpx:hr></gpxtpx:TrackPointExtension></extensions></trkpt>
      <trkpt lat="49.271997" lon="-123.134272"><ele>23.8</ele><time>2026-06-11T04:31:12.000Z</time><extensions><gpxtpx:TrackPointExtension><gpxtpx:hr>124</gpxtpx:hr></gpxtpx:TrackPointExtension></extensions></trkpt>
      <trkpt lat="49.271979" lon="-123.134304"><ele>23.8</ele><time>2026-06-11T04:31:13.000Z</time><extensions><gpxtpx:TrackPointExtension><gpxtpx:hr>125</gpxtpx:hr></gpxtpx:TrackPointExtension></extensions></trkpt>
      <trkpt lat="49.271961" lon="-123.134328"><ele>23.6</ele><time>2026-06-11T04:31:14.000Z</time><extensions><gpxtpx:TrackPointExtension><gpxtpx:hr>125</gpxtpx:hr></gpxtpx:TrackPointExtension></extensions></trkpt>
      <trkpt lat="49.271938" lon="-123.134364"><ele>23.6</ele><time>2026-06-11T04:31:15.000Z</time><extensions><gpxtpx:TrackPointExtension><gpxtpx:hr>125</gpxtpx:hr></gpxtpx:TrackPointExtension></extensions></trkpt>
      <trkpt lat="49.271921" lon="-123.134394"><ele>23.6</ele><time>2026-06-11T04:31:16.000Z</time><extensions><gpxtpx:TrackPointExtension><gpxtpx:hr>125</gpxtpx:hr></gpxtpx:TrackPointExtension></extensions></trkpt>
      <trkpt lat="49.271899" lon="-123.134426"><ele>23.4</ele><time>2026-06-11T04:31:17.000Z</time><extensions><gpxtpx:TrackPointExtension><gpxtpx:hr>125</gpxtpx:hr></gpxtpx:TrackPointExtension></extensions></trkpt>
      <trkpt lat="49.271881" lon="-123.134458"><ele>23.2</ele><time>2026-06-11T04:31:18.000Z</time><extensions><gpxtpx:TrackPointExtension><gpxtpx:hr>125</gpxtpx:hr></gpxtpx:TrackPointExtension></extensions></trkpt>
      <trkpt lat="49.271861" lon="-123.13448"><ele>23.2</ele><time>2026-06-11T04:31:19.000Z</time><extensions><gpxtpx:TrackPointExtension><gpxtpx:hr>125</gpxtpx:hr></gpxtpx:TrackPointExtension></extensions></trkpt>
      <trkpt lat="49.271841" lon="-123.134517"><ele>23</ele><time>2026-06-11T04:31:20.000Z</time><extensions><gpxtpx:TrackPointExtension><gpxtpx:hr>125</gpxtpx:hr></gpxtpx:TrackPointExtension></extensions></trkpt>
      <trkpt lat="49.271824" lon="-123.134546"><ele>23</ele><time>2026-06-11T04:31:21.000Z</time><extensions><gpxtpx:TrackPointExtension><gpxtpx:hr>125</gpxtpx:hr></gpxtpx:TrackPointExtension></extensions></trkpt>
      <trkpt lat="49.271805" lon="-123.134577"><ele>23</ele><time>2026-06-11T04:31:22.000Z</time><extensions><gpxtpx:TrackPointExtension><gpxtpx:hr>125</gpxtpx:hr></gpxtpx:TrackPointExtension></extensions></trkpt>
      <trkpt lat="49.271784" lon="-123.134611"><ele>22.8</ele><time>2026-06-11T04:31:23.000Z</time><extensions><gpxtpx:TrackPointExtension><gpxtpx:hr>124</gpxtpx:hr></gpxtpx:TrackPointExtension></extensions></trkpt>
      <trkpt lat="49.271764" lon="-123.134635"><ele>22.8</ele><time>2026-06-11T04:31:24.000Z</time><extensions><gpxtpx:TrackPointExtension><gpxtpx:hr>125</gpxtpx:hr></gpxtpx:TrackPointExtension></extensions></trkpt>
      <trkpt lat="49.271742" lon="-123.134667"><ele>22.8</ele><time>2026-06-11T04:31:25.000Z</time><extensions><gpxtpx:TrackPointExtension><gpxtpx:hr>125</gpxtpx:hr></gpxtpx:TrackPointExtension></extensions></trkpt>
      <trkpt lat="49.271723" lon="-123.134696"><ele>22.6</ele><time>2026-06-11T04:31:26.000Z</time><extensions><gpxtpx:TrackPointExtension><gpxtpx:hr>126</gpxtpx:hr></gpxtpx:TrackPointExtension></extensions></trkpt>
      <trkpt lat="49.271703" lon="-123.13472"><ele>22.6</ele><time>2026-06-11T04:31:27.000Z</time><extensions><gpxtpx:TrackPointExtension><gpxtpx:hr>126</gpxtpx:hr></gpxtpx:TrackPointExtension></extensions></trkpt>
      <trkpt lat="49.27168" lon="-123.134754"><ele>22.4</ele><time>2026-06-11T04:31:28.000Z</time><extensions><gpxtpx:TrackPointExtension><gpxtpx:hr>127</gpxtpx:hr></gpxtpx:TrackPointExtension></extensions></trkpt>
      <trkpt lat="49.271664" lon="-123.13478"><ele>22.2</ele><time>2026-06-11T04:31:29.000Z</time><extensions><gpxtpx:TrackPointExtension><gpxtpx:hr>128</gpxtpx:hr></gpxtpx:TrackPointExtension></extensions></trkpt>
      <trkpt lat="49.271644" lon="-123.134811"><ele>22.2</ele><time>2026-06-11T04:31:30.000Z</time><extensions><gpxtpx:TrackPointExtension><gpxtpx:hr>128</gpxtpx:hr></gpxtpx:TrackPointExtension></extensions></trkpt>
      <trkpt lat="49.271625" lon="-123.134847"><ele>22.2</ele><time>2026-06-11T04:31:31.000Z</time><extensions><gpxtpx:TrackPointExtension><gpxtpx:hr>129</gpxtpx:hr></gpxtpx:TrackPointExtension></extensions></trkpt>
      <trkpt lat="49.271607" lon="-123.134869"><ele>22</ele><time>2026-06-11T04:31:32.000Z</time><extensions><gpxtpx:TrackPointExtension><gpxtpx:hr>129</gpxtpx:hr></gpxtpx:TrackPointExtension></extensions></trkpt>
      <trkpt lat="49.271584" lon="-123.134905"><ele>22</ele><time>2026-06-11T04:31:33.000Z</time><extensions><gpxtpx:TrackPointExtension><gpxtpx:hr>129</gpxtpx:hr></gpxtpx:TrackPointExtension></extensions></trkpt>
      <trkpt lat="49.271566" lon="-123.134932"><ele>21.8</ele><time>2026-06-11T04:31:34.000Z</time><extensions><gpxtpx:TrackPointExtension><gpxtpx:hr>130</gpxtpx:hr></gpxtpx:TrackPointExtension></extensions></trkpt>
      <trkpt lat="49.271545" lon="-123.134954"><ele>21.8</ele><time>2026-06-11T04:31:35.000Z</time><extensions><gpxtpx:TrackPointExtension><gpxtpx:hr>130</gpxtpx:hr></gpxtpx:TrackPointExtension></extensions></trkpt>
      <trkpt lat="49.271521" lon="-123.134986"><ele>21.6</ele><time>2026-06-11T04:31:36.000Z</time><extensions><gpxtpx:TrackPointExtension><gpxtpx:hr>130</gpxtpx:hr></gpxtpx:TrackPointExtension></extensions></trkpt>
      <trkpt lat="49.271504" lon="-123.135009"><ele>21.4</ele><time>2026-06-11T04:31:37.000Z</time><extensions><gpxtpx:TrackPointExtension><gpxtpx:hr>130</gpxtpx:hr></gpxtpx:TrackPointExtension></extensions></trkpt>
      <trkpt lat="49.271483" lon="-123.135045"><ele>21.4</ele><time>2026-06-11T04:31:38.000Z</time><extensions><gpxtpx:TrackPointExtension><gpxtpx:hr>129</gpxtpx:hr></gpxtpx:TrackPointExtension></extensions></trkpt>
      <trkpt lat="49.271467" lon="-123.135077"><ele>21.2</ele><time>2026-06-11T04:31:39.000Z</time><extensions><gpxtpx:TrackPointExtension><gpxtpx:hr>129</gpxtpx:hr></gpxtpx:TrackPointExtension></extensions></trkpt>
      <trkpt lat="49.271449" lon="-123.135107"><ele>21.2</ele><time>2026-06-11T04:31:40.000Z</time><extensions><gpxtpx:TrackPointExtension><gpxtpx:hr>129</gpxtpx:hr></gpxtpx:TrackPointExtension></extensions></trkpt>
      <trkpt lat="49.271427" lon="-123.135145"><ele>21.2</ele><time>2026-06-11T04:31:41.000Z</time><extensions><gpxtpx:TrackPointExtension><gpxtpx:hr>129</gpxtpx:hr></gpxtpx:TrackPointExtension></extensions></trkpt>
      <trkpt lat="49.271411" lon="-123.135165"><ele>21</ele><time>2026-06-11T04:31:42.000Z</time><extensions><gpxtpx:TrackPointExtension><gpxtpx:hr>129</gpxtpx:hr></gpxtpx:TrackPointExtension></extensions></trkpt>
      <trkpt lat="49.271391" lon="-123.135194"><ele>21</ele><time>2026-06-11T04:31:43.000Z</time><extensions><gpxtpx:TrackPointExtension><gpxtpx:hr>130</gpxtpx:hr></gpxtpx:TrackPointExtension></extensions></trkpt>
      <trkpt lat="49.271372" lon="-123.135224"><ele>21</ele><time>2026-06-11T04:31:44.000Z</time><extensions><gpxtpx:TrackPointExtension><gpxtpx:hr>130</gpxtpx:hr></gpxtpx:TrackPointExtension></extensions></trkpt>
      <trkpt lat="49.27135" lon="-123.135245"><ele>21</ele><time>2026-06-11T04:31:45.000Z</time><extensions><gpxtpx:TrackPointExtension><gpxtpx:hr>130</gpxtpx:hr></gpxtpx:TrackPointExtension></extensions></trkpt>
      <trkpt lat="49.271325" lon="-123.135279"><ele>20.8</ele><time>2026-06-11T04:31:46.000Z</time><extensions><gpxtpx:TrackPointExtension><gpxtpx:hr>130</gpxtpx:hr></gpxtpx:TrackPointExtension></extensions></trkpt>
      <trkpt lat="49.271309" lon="-123.135304"><ele>20.8</ele><time>2026-06-11T04:31:47.000Z</time><extensions><gpxtpx:TrackPointExtension><gpxtpx:hr>130</gpxtpx:hr></gpxtpx:TrackPointExtension></extensions></trkpt>
      <trkpt lat="49.271301" lon="-123.135313"><ele>20.6</ele><time>2026-06-11T04:31:48.000Z</time><extensions><gpxtpx:TrackPointExtension><gpxtpx:hr>129</gpxtpx:hr></gpxtpx:TrackPointExtension></extensions></trkpt>
      <trkpt lat="49.271296" lon="-123.135319"><ele>20.4</ele><time>2026-06-11T04:31:49.000Z</time><extensions><gpxtpx:TrackPointExtension><gpxtpx:hr>129</gpxtpx:hr></gpxtpx:TrackPointExtension></extensions></trkpt>
      <trkpt lat="49.271294" lon="-123.135321"><ele>20.2</ele><time>2026-06-11T04:31:50.000Z</time><extensions><gpxtpx:TrackPointExtension><gpxtpx:hr>129</gpxtpx:hr></gpxtpx:TrackPointExtension></extensions></trkpt>
      <trkpt lat="49.271293" lon="-123.13532"><ele>20</ele><time>2026-06-11T04:31:51.000Z</time><extensions><gpxtpx:TrackPointExtension><gpxtpx:hr>129</gpxtpx:hr></gpxtpx:TrackPointExtension></extensions></trkpt>
      <trkpt lat="49.271292" lon="-123.13532"><ele>19.8</ele><time>2026-06-11T04:31:52.000Z</time><extensions><gpxtpx:TrackPointExtension><gpxtpx:hr>130</gpxtpx:hr></gpxtpx:TrackPointExtension></extensions></trkpt>
      <trkpt lat="49.271292" lon="-123.13532"><ele>19.6</ele><time>2026-06-11T04:31:53.000Z</time><extensions><gpxtpx:TrackPointExtension><gpxtpx:hr>130</gpxtpx:hr></gpxtpx:TrackPointExtension></extensions></trkpt>
      <trkpt lat="49.271292" lon="-123.13532"><ele>19.6</ele><time>2026-06-11T04:31:54.000Z</time><extensions><gpxtpx:TrackPointExtension><gpxtpx:hr>130</gpxtpx:hr></gpxtpx:TrackPointExtension></extensions></trkpt>
      <trkpt lat="49.271292" lon="-123.13532"><ele>19.4</ele><time>2026-06-11T04:31:55.000Z</time><extensions><gpxtpx:TrackPointExtension><gpxtpx:hr>130</gpxtpx:hr></gpxtpx:TrackPointExtension></extensions></trkpt>
      <trkpt lat="49.270612" lon="-123.136378"><ele>18.6</ele><time>2026-06-11T04:32:52.000Z</time><extensions><gpxtpx:TrackPointExtension><gpxtpx:hr>116</gpxtpx:hr></gpxtpx:TrackPointExtension></extensions></trkpt>
      <trkpt lat="49.270592" lon="-123.136403"><ele>18.4</ele><time>2026-06-11T04:32:53.000Z</time><extensions><gpxtpx:TrackPointExtension><gpxtpx:hr>116</gpxtpx:hr></gpxtpx:TrackPointExtension></extensions></trkpt>
      <trkpt lat="49.270572" lon="-123.136429"><ele>18.4</ele><time>2026-06-11T04:32:54.000Z</time><extensions><gpxtpx:TrackPointExtension><gpxtpx:hr>116</gpxtpx:hr></gpxtpx:TrackPointExtension></extensions></trkpt>
      <trkpt lat="49.270555" lon="-123.136459"><ele>18.2</ele><time>2026-06-11T04:32:55.000Z</time><extensions><gpxtpx:TrackPointExtension><gpxtpx:hr>116</gpxtpx:hr></gpxtpx:TrackPointExtension></extensions></trkpt>
      <trkpt lat="49.270537" lon="-123.136483"><ele>18.2</ele><time>2026-06-11T04:32:56.000Z</time><extensions><gpxtpx:TrackPointExtension><gpxtpx:hr>116</gpxtpx:hr></gpxtpx:TrackPointExtension></extensions></trkpt>
      <trkpt lat="49.270519" lon="-123.136517"><ele>18.2</ele><time>2026-06-11T04:32:57.000Z</time><extensions><gpxtpx:TrackPointExtension><gpxtpx:hr>117</gpxtpx:hr></gpxtpx:TrackPointExtension></extensions></trkpt>
      <trkpt lat="49.270498" lon="-123.136536"><ele>18.2</ele><time>2026-06-11T04:32:58.000Z</time><extensions><gpxtpx:TrackPointExtension><gpxtpx:hr>117</gpxtpx:hr></gpxtpx:TrackPointExtension></extensions></trkpt>
      <trkpt lat="49.270479" lon="-123.136573"><ele>18.2</ele><time>2026-06-11T04:32:59.000Z</time><extensions><gpxtpx:TrackPointExtension><gpxtpx:hr>117</gpxtpx:hr></gpxtpx:TrackPointExtension></extensions></trkpt>
      <trkpt lat="49.270463" lon="-123.136596"><ele>18.2</ele><time>2026-06-11T04:33:00.000Z</time><extensions><gpxtpx:TrackPointExtension><gpxtpx:hr>118</gpxtpx:hr></gpxtpx:TrackPointExtension></extensions></trkpt>
      <trkpt lat="49.270445" lon="-123.136626"><ele>18</ele><time>2026-06-11T04:33:01.000Z</time><extensions><gpxtpx:TrackPointExtension><gpxtpx:hr>120</gpxtpx:hr></gpxtpx:TrackPointExtension></extensions></trkpt>
      <trkpt lat="49.27043" lon="-123.136653"><ele>18</ele><time>2026-06-11T04:33:02.000Z</time><extensions><gpxtpx:TrackPointExtension><gpxtpx:hr>122</gpxtpx:hr></gpxtpx:TrackPointExtension></extensions></trkpt>
      <trkpt lat="49.270413" lon="-123.136681"><ele>18</ele><time>2026-06-11T04:33:03.000Z</time><extensions><gpxtpx:TrackPointExtension><gpxtpx:hr>123</gpxtpx:hr></gpxtpx:TrackPointExtension></extensions></trkpt>
      <trkpt lat="49.270396" lon="-123.13671"><ele>17.8</ele><time>2026-06-11T04:33:04.000Z</time><extensions><gpxtpx:TrackPointExtension><gpxtpx:hr>124</gpxtpx:hr></gpxtpx:TrackPointExtension></extensions></trkpt>
      <trkpt lat="49.270375" lon="-123.136734"><ele>17.8</ele><time>2026-06-11T04:33:05.000Z</time><extensions><gpxtpx:TrackPointExtension><gpxtpx:hr>124</gpxtpx:hr></gpxtpx:TrackPointExtension></extensions></trkpt>
      <trkpt lat="49.270359" lon="-123.136766"><ele>17.8</ele><time>2026-06-11T04:33:06.000Z</time><extensions><gpxtpx:TrackPointExtension><gpxtpx:hr>124</gpxtpx:hr></gpxtpx:TrackPointExtension></extensions></trkpt>
      <trkpt lat="49.270342" lon="-123.13679"><ele>17.8</ele><time>2026-06-11T04:33:07.000Z</time><extensions><gpxtpx:TrackPointExtension><gpxtpx:hr>125</gpxtpx:hr></gpxtpx:TrackPointExtension></extensions></trkpt>
      <trkpt lat="49.270324" lon="-123.136823"><ele>17.6</ele><time>2026-06-11T04:33:08.000Z</time><extensions><gpxtpx:TrackPointExtension><gpxtpx:hr>124</gpxtpx:hr></gpxtpx:TrackPointExtension></extensions></trkpt>
      <trkpt lat="49.270305" lon="-123.136845"><ele>17.6</ele><time>2026-06-11T04:33:09.000Z</time><extensions><gpxtpx:TrackPointExtension><gpxtpx:hr>125</gpxtpx:hr></gpxtpx:TrackPointExtension></extensions></trkpt>
      <trkpt lat="49.270283" lon="-123.136875"><ele>17.6</ele><time>2026-06-11T04:33:10.000Z</time><extensions><gpxtpx:TrackPointExtension><gpxtpx:hr>125</gpxtpx:hr></gpxtpx:TrackPointExtension></extensions></trkpt>
      <trkpt lat="49.270267" lon="-123.136905"><ele>17.6</ele><time>2026-06-11T04:33:11.000Z</time><extensions><gpxtpx:TrackPointExtension><gpxtpx:hr>125</gpxtpx:hr></gpxtpx:TrackPointExtension></extensions></trkpt>
      <trkpt lat="49.270247" lon="-123.136928"><ele>17.4</ele><time>2026-06-11T04:33:12.000Z</time><extensions><gpxtpx:TrackPointExtension><gpxtpx:hr>124</gpxtpx:hr></gpxtpx:TrackPointExtension></extensions></trkpt>
      <trkpt lat="49.270229" lon="-123.136963"><ele>17.4</ele><time>2026-06-11T04:33:13.000Z</time><extensions><gpxtpx:TrackPointExtension><gpxtpx:hr>125</gpxtpx:hr></gpxtpx:TrackPointExtension></extensions></trkpt>
      <trkpt lat="49.270211" lon="-123.13698"><ele>17.2</ele><time>2026-06-11T04:33:14.000Z</time><extensions><gpxtpx:TrackPointExtension><gpxtpx:hr>125</gpxtpx:hr></gpxtpx:TrackPointExtension></extensions></trkpt>
      <trkpt lat="49.27019" lon="-123.137015"><ele>17.2</ele><time>2026-06-11T04:33:15.000Z</time><extensions><gpxtpx:TrackPointExtension><gpxtpx:hr>124</gpxtpx:hr></gpxtpx:TrackPointExtension></extensions></trkpt>
      <trkpt lat="49.270176" lon="-123.13704"><ele>17.2</ele><time>2026-06-11T04:33:16.000Z</time><extensions><gpxtpx:TrackPointExtension><gpxtpx:hr>125</gpxtpx:hr></gpxtpx:TrackPointExtension></extensions></trkpt>
      <trkpt lat="49.270156" lon="-123.13707"><ele>17.2</ele><time>2026-06-11T04:33:17.000Z</time><extensions><gpxtpx:TrackPointExtension><gpxtpx:hr>125</gpxtpx:hr></gpxtpx:TrackPointExtension></extensions></trkpt>
      <trkpt lat="49.270138" lon="-123.137102"><ele>17</ele><time>2026-06-11T04:33:18.000Z</time><extensions><gpxtpx:TrackPointExtension><gpxtpx:hr>125</gpxtpx:hr></gpxtpx:TrackPointExtension></extensions></trkpt>
      <trkpt lat="49.270118" lon="-123.137123"><ele>17</ele><time>2026-06-11T04:33:19.000Z</time><extensions><gpxtpx:TrackPointExtension><gpxtpx:hr>126</gpxtpx:hr></gpxtpx:TrackPointExtension></extensions></trkpt>
      <trkpt lat="49.270098" lon="-123.137157"><ele>17</ele><time>2026-06-11T04:33:20.000Z</time><extensions><gpxtpx:TrackPointExtension><gpxtpx:hr>126</gpxtpx:hr></gpxtpx:TrackPointExtension></extensions></trkpt>
      <trkpt lat="49.270081" lon="-123.137186"><ele>17</ele><time>2026-06-11T04:33:21.000Z</time><extensions><gpxtpx:TrackPointExtension><gpxtpx:hr>126</gpxtpx:hr></gpxtpx:TrackPointExtension></extensions></trkpt>
      <trkpt lat="49.27006" lon="-123.137218"><ele>16.8</ele><time>2026-06-11T04:33:22.000Z</time><extensions><gpxtpx:TrackPointExtension><gpxtpx:hr>126</gpxtpx:hr></gpxtpx:TrackPointExtension></extensions></trkpt>
      <trkpt lat="49.270037" lon="-123.137248"><ele>17</ele><time>2026-06-11T04:33:23.000Z</time><extensions><gpxtpx:TrackPointExtension><gpxtpx:hr>126</gpxtpx:hr></gpxtpx:TrackPointExtension></extensions></trkpt>
      <trkpt lat="49.270016" lon="-123.13727"><ele>16.8</ele><time>2026-06-11T04:33:24.000Z</time><extensions><gpxtpx:TrackPointExtension><gpxtpx:hr>126</gpxtpx:hr></gpxtpx:TrackPointExtension></extensions></trkpt>
      <trkpt lat="49.269995" lon="-123.137303"><ele>16.8</ele><time>2026-06-11T04:33:25.000Z</time><extensions><gpxtpx:TrackPointExtension><gpxtpx:hr>126</gpxtpx:hr></gpxtpx:TrackPointExtension></extensions></trkpt>
      <trkpt lat="49.269979" lon="-123.137326"><ele>16.8</ele><time>2026-06-11T04:33:26.000Z</time><extensions><gpxtpx:TrackPointExtension><gpxtpx:hr>126</gpxtpx:hr></gpxtpx:TrackPointExtension></extensions></trkpt>
      <trkpt lat="49.269962" lon="-123.137356"><ele>16.6</ele><time>2026-06-11T04:33:27.000Z</time><extensions><gpxtpx:TrackPointExtension><gpxtpx:hr>126</gpxtpx:hr></gpxtpx:TrackPointExtension></extensions></trkpt>
      <trkpt lat="49.269945" lon="-123.137381"><ele>16.2</ele><time>2026-06-11T04:33:28.000Z</time><extensions><gpxtpx:TrackPointExtension><gpxtpx:hr>126</gpxtpx:hr></gpxtpx:TrackPointExtension></extensions></trkpt>
      <trkpt lat="49.269926" lon="-123.137406"><ele>16.2</ele><time>2026-06-11T04:33:29.000Z</time><extensions><gpxtpx:TrackPointExtension><gpxtpx:hr>126</gpxtpx:hr></gpxtpx:TrackPointExtension></extensions></trkpt>
      <trkpt lat="49.269907" lon="-123.137439"><ele>16.2</ele><time>2026-06-11T04:33:30.000Z</time><extensions><gpxtpx:TrackPointExtension><gpxtpx:hr>127</gpxtpx:hr></gpxtpx:TrackPointExtension></extensions></trkpt>
      <trkpt lat="49.269889" lon="-123.137461"><ele>16</ele><time>2026-06-11T04:33:31.000Z</time><extensions><gpxtpx:TrackPointExtension><gpxtpx:hr>126</gpxtpx:hr></gpxtpx:TrackPointExtension></extensions></trkpt>
      <trkpt lat="49.269872" lon="-123.137489"><ele>16</ele><time>2026-06-11T04:33:32.000Z</time><extensions><gpxtpx:TrackPointExtension><gpxtpx:hr>126</gpxtpx:hr></gpxtpx:TrackPointExtension></extensions></trkpt>
      <trkpt lat="49.269854" lon="-123.137506"><ele>16.2</ele><time>2026-06-11T04:33:33.000Z</time><extensions><gpxtpx:TrackPointExtension><gpxtpx:hr>126</gpxtpx:hr></gpxtpx:TrackPointExtension></extensions></trkpt>
      <trkpt lat="49.269834" lon="-123.137538"><ele>16.2</ele><time>2026-06-11T04:33:34.000Z</time><extensions><gpxtpx:TrackPointExtension><gpxtpx:hr>126</gpxtpx:hr></gpxtpx:TrackPointExtension></extensions></trkpt>
      <trkpt lat="49.269816" lon="-123.137553"><ele>16.2</ele><time>2026-06-11T04:33:35.000Z</time><extensions><gpxtpx:TrackPointExtension><gpxtpx:hr>126</gpxtpx:hr></gpxtpx:TrackPointExtension></extensions></trkpt>
      <trkpt lat="49.269795" lon="-123.137586"><ele>16</ele><time>2026-06-11T04:33:36.000Z</time><extensions><gpxtpx:TrackPointExtension><gpxtpx:hr>126</gpxtpx:hr></gpxtpx:TrackPointExtension></extensions></trkpt>
      <trkpt lat="49.269778" lon="-123.137608"><ele>16</ele><time>2026-06-11T04:33:37.000Z</time><extensions><gpxtpx:TrackPointExtension><gpxtpx:hr>126</gpxtpx:hr></gpxtpx:TrackPointExtension></extensions></trkpt>
      <trkpt lat="49.269757" lon="-123.137639"><ele>15.8</ele><time>2026-06-11T04:33:38.000Z</time><extensions><gpxtpx:TrackPointExtension><gpxtpx:hr>126</gpxtpx:hr></gpxtpx:TrackPointExtension></extensions></trkpt>
      <trkpt lat="49.269743" lon="-123.137658"><ele>15.8</ele><time>2026-06-11T04:33:39.000Z</time><extensions><gpxtpx:TrackPointExtension><gpxtpx:hr>126</gpxtpx:hr></gpxtpx:TrackPointExtension></extensions></trkpt>
      <trkpt lat="49.269722" lon="-123.137683"><ele>15.8</ele><time>2026-06-11T04:33:40.000Z</time><extensions><gpxtpx:TrackPointExtension><gpxtpx:hr>126</gpxtpx:hr></gpxtpx:TrackPointExtension></extensions></trkpt>
      <trkpt lat="49.269706" lon="-123.137706"><ele>15.8</ele><time>2026-06-11T04:33:41.000Z</time><extensions><gpxtpx:TrackPointExtension><gpxtpx:hr>126</gpxtpx:hr></gpxtpx:TrackPointExtension></extensions></trkpt>
      <trkpt lat="49.269687" lon="-123.137729"><ele>15.8</ele><time>2026-06-11T04:33:42.000Z</time><extensions><gpxtpx:TrackPointExtension><gpxtpx:hr>126</gpxtpx:hr></gpxtpx:TrackPointExtension></extensions></trkpt>
      <trkpt lat="49.269669" lon="-123.137761"><ele>15.8</ele><time>2026-06-11T04:33:43.000Z</time><extensions><gpxtpx:TrackPointExtension><gpxtpx:hr>126</gpxtpx:hr></gpxtpx:TrackPointExtension></extensions></trkpt>
      <trkpt lat="49.26965" lon="-123.137776"><ele>15.8</ele><time>2026-06-11T04:33:44.000Z</time><extensions><gpxtpx:TrackPointExtension><gpxtpx:hr>126</gpxtpx:hr></gpxtpx:TrackPointExtension></extensions></trkpt>
      <trkpt lat="49.269628" lon="-123.137806"><ele>15.8</ele><time>2026-06-11T04:33:45.000Z</time><extensions><gpxtpx:TrackPointExtension><gpxtpx:hr>126</gpxtpx:hr></gpxtpx:TrackPointExtension></extensions></trkpt>
      <trkpt lat="49.26961" lon="-123.137825"><ele>15.6</ele><time>2026-06-11T04:33:46.000Z</time><extensions><gpxtpx:TrackPointExtension><gpxtpx:hr>126</gpxtpx:hr></gpxtpx:TrackPointExtension></extensions></trkpt>
      <trkpt lat="49.269589" lon="-123.137857"><ele>15.6</ele><time>2026-06-11T04:33:47.000Z</time><extensions><gpxtpx:TrackPointExtension><gpxtpx:hr>126</gpxtpx:hr></gpxtpx:TrackPointExtension></extensions></trkpt>
      <trkpt lat="49.269574" lon="-123.137876"><ele>15.4</ele><time>2026-06-11T04:33:48.000Z</time><extensions><gpxtpx:TrackPointExtension><gpxtpx:hr>126</gpxtpx:hr></gpxtpx:TrackPointExtension></extensions></trkpt>
      <trkpt lat="49.269553" lon="-123.137905"><ele>15.4</ele><time>2026-06-11T04:33:49.000Z</time><extensions><gpxtpx:TrackPointExtension><gpxtpx:hr>126</gpxtpx:hr></gpxtpx:TrackPointExtension></extensions></trkpt>
      <trkpt lat="49.269537" lon="-123.137925"><ele>15.4</ele><time>2026-06-11T04:33:50.000Z</time><extensions><gpxtpx:TrackPointExtension><gpxtpx:hr>126</gpxtpx:hr></gpxtpx:TrackPointExtension></extensions></trkpt>
      <trkpt lat="49.269515" lon="-123.137955"><ele>15.2</ele><time>2026-06-11T04:33:51.000Z</time><extensions><gpxtpx:TrackPointExtension><gpxtpx:hr>126</gpxtpx:hr></gpxtpx:TrackPointExtension></extensions></trkpt>
      <trkpt lat="49.269501" lon="-123.137982"><ele>15.2</ele><time>2026-06-11T04:33:52.000Z</time><extensions><gpxtpx:TrackPointExtension><gpxtpx:hr>126</gpxtpx:hr></gpxtpx:TrackPointExtension></extensions></trkpt>
      <trkpt lat="49.269485" lon="-123.138001"><ele>15.2</ele><time>2026-06-11T04:33:53.000Z</time><extensions><gpxtpx:TrackPointExtension><gpxtpx:hr>126</gpxtpx:hr></gpxtpx:TrackPointExtension></extensions></trkpt>
      <trkpt lat="49.269468" lon="-123.138032"><ele>15.2</ele><time>2026-06-11T04:33:54.000Z</time><extensions><gpxtpx:TrackPointExtension><gpxtpx:hr>126</gpxtpx:hr></gpxtpx:TrackPointExtension></extensions></trkpt>
      <trkpt lat="49.269451" lon="-123.13805"><ele>15.2</ele><time>2026-06-11T04:33:55.000Z</time><extensions><gpxtpx:TrackPointExtension><gpxtpx:hr>126</gpxtpx:hr></gpxtpx:TrackPointExtension></extensions></trkpt>
      <trkpt lat="49.269434" lon="-123.138083"><ele>15.2</ele><time>2026-06-11T04:33:56.000Z</time><extensions><gpxtpx:TrackPointExtension><gpxtpx:hr>126</gpxtpx:hr></gpxtpx:TrackPointExtension></extensions></trkpt>
      <trkpt lat="49.269419" lon="-123.138102"><ele>15.2</ele><time>2026-06-11T04:33:57.000Z</time><extensions><gpxtpx:TrackPointExtension><gpxtpx:hr>126</gpxtpx:hr></gpxtpx:TrackPointExtension></extensions></trkpt>
      <trkpt lat="49.2694" lon="-123.138134"><ele>15</ele><time>2026-06-11T04:33:58.000Z</time><extensions><gpxtpx:TrackPointExtension><gpxtpx:hr>126</gpxtpx:hr></gpxtpx:TrackPointExtension></extensions></trkpt>
      <trkpt lat="49.269385" lon="-123.138152"><ele>15</ele><time>2026-06-11T04:33:59.000Z</time><extensions><gpxtpx:TrackPointExtension><gpxtpx:hr>126</gpxtpx:hr></gpxtpx:TrackPointExtension></extensions></trkpt>
      <trkpt lat="49.269364" lon="-123.138182"><ele>14.8</ele><time>2026-06-11T04:34:00.000Z</time><extensions><gpxtpx:TrackPointExtension><gpxtpx:hr>126</gpxtpx:hr></gpxtpx:TrackPointExtension></extensions></trkpt>
      <trkpt lat="49.269347" lon="-123.138201"><ele>14.8</ele><time>2026-06-11T04:34:01.000Z</time><extensions><gpxtpx:TrackPointExtension><gpxtpx:hr>125</gpxtpx:hr></gpxtpx:TrackPointExtension></extensions></trkpt>
      <trkpt lat="49.269328" lon="-123.138232"><ele>14.8</ele><time>2026-06-11T04:34:02.000Z</time><extensions><gpxtpx:TrackPointExtension><gpxtpx:hr>126</gpxtpx:hr></gpxtpx:TrackPointExtension></extensions></trkpt>
      <trkpt lat="49.269315" lon="-123.138257"><ele>14.6</ele><time>2026-06-11T04:34:03.000Z</time><extensions><gpxtpx:TrackPointExtension><gpxtpx:hr>126</gpxtpx:hr></gpxtpx:TrackPointExtension></extensions></trkpt>
      <trkpt lat="49.269297" lon="-123.138282"><ele>14.6</ele><time>2026-06-11T04:34:04.000Z</time><extensions><gpxtpx:TrackPointExtension><gpxtpx:hr>125</gpxtpx:hr></gpxtpx:TrackPointExtension></extensions></trkpt>
      <trkpt lat="49.269282" lon="-123.138306"><ele>14.6</ele><time>2026-06-11T04:34:05.000Z</time><extensions><gpxtpx:TrackPointExtension><gpxtpx:hr>125</gpxtpx:hr></gpxtpx:TrackPointExtension></extensions></trkpt>
      <trkpt lat="49.269264" lon="-123.138332"><ele>14.4</ele><time>2026-06-11T04:34:06.000Z</time><extensions><gpxtpx:TrackPointExtension><gpxtpx:hr>125</gpxtpx:hr></gpxtpx:TrackPointExtension></extensions></trkpt>
      <trkpt lat="49.26925" lon="-123.138361"><ele>14.4</ele><time>2026-06-11T04:34:07.000Z</time><extensions><gpxtpx:TrackPointExtension><gpxtpx:hr>124</gpxtpx:hr></gpxtpx:TrackPointExtension></extensions></trkpt>
      <trkpt lat="49.269231" lon="-123.138388"><ele>14.4</ele><time>2026-06-11T04:34:08.000Z</time><extensions><gpxtpx:TrackPointExtension><gpxtpx:hr>124</gpxtpx:hr></gpxtpx:TrackPointExtension></extensions></trkpt>
      <trkpt lat="49.269216" lon="-123.138417"><ele>14.4</ele><time>2026-06-11T04:34:09.000Z</time><extensions><gpxtpx:TrackPointExtension><gpxtpx:hr>123</gpxtpx:hr></gpxtpx:TrackPointExtension></extensions></trkpt>
      <trkpt lat="49.269201" lon="-123.13844"><ele>14.4</ele><time>2026-06-11T04:34:10.000Z</time><extensions><gpxtpx:TrackPointExtension><gpxtpx:hr>123</gpxtpx:hr></gpxtpx:TrackPointExtension></extensions></trkpt>
      <trkpt lat="49.269185" lon="-123.138467"><ele>14.4</ele><time>2026-06-11T04:34:11.000Z</time><extensions><gpxtpx:TrackPointExtension><gpxtpx:hr>123</gpxtpx:hr></gpxtpx:TrackPointExtension></extensions></trkpt>
      <trkpt lat="49.26917" lon="-123.138489"><ele>14.4</ele><time>2026-06-11T04:34:12.000Z</time><extensions><gpxtpx:TrackPointExtension><gpxtpx:hr>123</gpxtpx:hr></gpxtpx:TrackPointExtension></extensions></trkpt>
      <trkpt lat="49.269157" lon="-123.138522"><ele>14.4</ele><time>2026-06-11T04:34:13.000Z</time><extensions><gpxtpx:TrackPointExtension><gpxtpx:hr>122</gpxtpx:hr></gpxtpx:TrackPointExtension></extensions></trkpt>
      <trkpt lat="49.269142" lon="-123.138547"><ele>14.4</ele><time>2026-06-11T04:34:14.000Z</time><extensions><gpxtpx:TrackPointExtension><gpxtpx:hr>123</gpxtpx:hr></gpxtpx:TrackPointExtension></extensions></trkpt>
      <trkpt lat="49.269125" lon="-123.138579"><ele>14.4</ele><time>2026-06-11T04:34:15.000Z</time><extensions><gpxtpx:TrackPointExtension><gpxtpx:hr>123</gpxtpx:hr></gpxtpx:TrackPointExtension></extensions></trkpt>
      <trkpt lat="49.26911" lon="-123.138596"><ele>14.4</ele><time>2026-06-11T04:34:16.000Z</time><extensions><gpxtpx:TrackPointExtension><gpxtpx:hr>123</gpxtpx:hr></gpxtpx:TrackPointExtension></extensions></trkpt>
      <trkpt lat="49.269093" lon="-123.138627"><ele>14.4</ele><time>2026-06-11T04:34:17.000Z</time><extensions><gpxtpx:TrackPointExtension><gpxtpx:hr>122</gpxtpx:hr></gpxtpx:TrackPointExtension></extensions></trkpt>
      <trkpt lat="49.26908" lon="-123.138648"><ele>14.4</ele><time>2026-06-11T04:34:18.000Z</time><extensions><gpxtpx:TrackPointExtension><gpxtpx:hr>123</gpxtpx:hr></gpxtpx:TrackPointExtension></extensions></trkpt>
      <trkpt lat="49.269063" lon="-123.138683"><ele>14.4</ele><time>2026-06-11T04:34:19.000Z</time><extensions><gpxtpx:TrackPointExtension><gpxtpx:hr>122</gpxtpx:hr></gpxtpx:TrackPointExtension></extensions></trkpt>
      <trkpt lat="49.269048" lon="-123.138703"><ele>14.4</ele><time>2026-06-11T04:34:20.000Z</time><extensions><gpxtpx:TrackPointExtension><gpxtpx:hr>122</gpxtpx:hr></gpxtpx:TrackPointExtension></extensions></trkpt>
      <trkpt lat="49.26903" lon="-123.138737"><ele>14.4</ele><time>2026-06-11T04:34:21.000Z</time><extensions><gpxtpx:TrackPointExtension><gpxtpx:hr>122</gpxtpx:hr></gpxtpx:TrackPointExtension></extensions></trkpt>
      <trkpt lat="49.269017" lon="-123.138759"><ele>14.4</ele><time>2026-06-11T04:34:22.000Z</time><extensions><gpxtpx:TrackPointExtension><gpxtpx:hr>123</gpxtpx:hr></gpxtpx:TrackPointExtension></extensions></trkpt>
      <trkpt lat="49.269" lon="-123.138791"><ele>14.4</ele><time>2026-06-11T04:34:23.000Z</time><extensions><gpxtpx:TrackPointExtension><gpxtpx:hr>122</gpxtpx:hr></gpxtpx:TrackPointExtension></extensions></trkpt>
      <trkpt lat="49.268985" lon="-123.138815"><ele>14.4</ele><time>2026-06-11T04:34:24.000Z</time><extensions><gpxtpx:TrackPointExtension><gpxtpx:hr>122</gpxtpx:hr></gpxtpx:TrackPointExtension></extensions></trkpt>
      <trkpt lat="49.268967" lon="-123.138849"><ele>14.4</ele><time>2026-06-11T04:34:25.000Z</time><extensions><gpxtpx:TrackPointExtension><gpxtpx:hr>122</gpxtpx:hr></gpxtpx:TrackPointExtension></extensions></trkpt>
      <trkpt lat="49.268952" lon="-123.138872"><ele>14.4</ele><time>2026-06-11T04:34:26.000Z</time><extensions><gpxtpx:TrackPointExtension><gpxtpx:hr>123</gpxtpx:hr></gpxtpx:TrackPointExtension></extensions></trkpt>
      <trkpt lat="49.268933" lon="-123.138906"><ele>14.4</ele><time>2026-06-11T04:34:27.000Z</time><extensions><gpxtpx:TrackPointExtension><gpxtpx:hr>122</gpxtpx:hr></gpxtpx:TrackPointExtension></extensions></trkpt>
      <trkpt lat="49.268917" lon="-123.138931"><ele>14.4</ele><time>2026-06-11T04:34:28.000Z</time><extensions><gpxtpx:TrackPointExtension><gpxtpx:hr>123</gpxtpx:hr></gpxtpx:TrackPointExtension></extensions></trkpt>
      <trkpt lat="49.268898" lon="-123.138961"><ele>14.4</ele><time>2026-06-11T04:34:29.000Z</time><extensions><gpxtpx:TrackPointExtension><gpxtpx:hr>123</gpxtpx:hr></gpxtpx:TrackPointExtension></extensions></trkpt>
      <trkpt lat="49.268884" lon="-123.13899"><ele>14.4</ele><time>2026-06-11T04:34:30.000Z</time><extensions><gpxtpx:TrackPointExtension><gpxtpx:hr>123</gpxtpx:hr></gpxtpx:TrackPointExtension></extensions></trkpt>
      <trkpt lat="49.268869" lon="-123.139014"><ele>14.4</ele><time>2026-06-11T04:34:31.000Z</time><extensions><gpxtpx:TrackPointExtension><gpxtpx:hr>124</gpxtpx:hr></gpxtpx:TrackPointExtension></extensions></trkpt>
      <trkpt lat="49.268855" lon="-123.139041"><ele>14.4</ele><time>2026-06-11T04:34:32.000Z</time><extensions><gpxtpx:TrackPointExtension><gpxtpx:hr>124</gpxtpx:hr></gpxtpx:TrackPointExtension></extensions></trkpt>
      <trkpt lat="49.268841" lon="-123.139065"><ele>14.2</ele><time>2026-06-11T04:34:33.000Z</time><extensions><gpxtpx:TrackPointExtension><gpxtpx:hr>124</gpxtpx:hr></gpxtpx:TrackPointExtension></extensions></trkpt>
      <trkpt lat="49.268827" lon="-123.139097"><ele>14.4</ele><time>2026-06-11T04:34:34.000Z</time><extensions><gpxtpx:TrackPointExtension><gpxtpx:hr>124</gpxtpx:hr></gpxtpx:TrackPointExtension></extensions></trkpt>
      <trkpt lat="49.268811" lon="-123.139119"><ele>14.4</ele><time>2026-06-11T04:34:35.000Z</time><extensions><gpxtpx:TrackPointExtension><gpxtpx:hr>124</gpxtpx:hr></gpxtpx:TrackPointExtension></extensions></trkpt>
      <trkpt lat="49.268795" lon="-123.13915"><ele>14.4</ele><time>2026-06-11T04:34:36.000Z</time><extensions><gpxtpx:TrackPointExtension><gpxtpx:hr>124</gpxtpx:hr></gpxtpx:TrackPointExtension></extensions></trkpt>
      <trkpt lat="49.268779" lon="-123.139173"><ele>14.4</ele><time>2026-06-11T04:34:37.000Z</time><extensions><gpxtpx:TrackPointExtension><gpxtpx:hr>124</gpxtpx:hr></gpxtpx:TrackPointExtension></extensions></trkpt>
      <trkpt lat="49.268763" lon="-123.139205"><ele>14.4</ele><time>2026-06-11T04:34:38.000Z</time><extensions><gpxtpx:TrackPointExtension><gpxtpx:hr>124</gpxtpx:hr></gpxtpx:TrackPointExtension></extensions></trkpt>
      <trkpt lat="49.268747" lon="-123.139227"><ele>14.2</ele><time>2026-06-11T04:34:39.000Z</time><extensions><gpxtpx:TrackPointExtension><gpxtpx:hr>125</gpxtpx:hr></gpxtpx:TrackPointExtension></extensions></trkpt>
      <trkpt lat="49.268732" lon="-123.139261"><ele>14.2</ele><time>2026-06-11T04:34:40.000Z</time><extensions><gpxtpx:TrackPointExtension><gpxtpx:hr>124</gpxtpx:hr></gpxtpx:TrackPointExtension></extensions></trkpt>
      <trkpt lat="49.268718" lon="-123.139282"><ele>14.2</ele><time>2026-06-11T04:34:41.000Z</time><extensions><gpxtpx:TrackPointExtension><gpxtpx:hr>124</gpxtpx:hr></gpxtpx:TrackPointExtension></extensions></trkpt>
      <trkpt lat="49.268701" lon="-123.139317"><ele>14.4</ele><time>2026-06-11T04:34:42.000Z</time><extensions><gpxtpx:TrackPointExtension><gpxtpx:hr>124</gpxtpx:hr></gpxtpx:TrackPointExtension></extensions></trkpt>
      <trkpt lat="49.268689" lon="-123.139338"><ele>14.4</ele><time>2026-06-11T04:34:43.000Z</time><extensions><gpxtpx:TrackPointExtension><gpxtpx:hr>123</gpxtpx:hr></gpxtpx:TrackPointExtension></extensions></trkpt>
      <trkpt lat="49.268673" lon="-123.139371"><ele>14.4</ele><time>2026-06-11T04:34:44.000Z</time><extensions><gpxtpx:TrackPointExtension><gpxtpx:hr>123</gpxtpx:hr></gpxtpx:TrackPointExtension></extensions></trkpt>
      <trkpt lat="49.268658" lon="-123.139391"><ele>14.4</ele><time>2026-06-11T04:34:45.000Z</time><extensions><gpxtpx:TrackPointExtension><gpxtpx:hr>123</gpxtpx:hr></gpxtpx:TrackPointExtension></extensions></trkpt>
      <trkpt lat="49.268643" lon="-123.139423"><ele>14.4</ele><time>2026-06-11T04:34:46.000Z</time><extensions><gpxtpx:TrackPointExtension><gpxtpx:hr>124</gpxtpx:hr></gpxtpx:TrackPointExtension></extensions></trkpt>
      <trkpt lat="49.26863" lon="-123.139441"><ele>14.4</ele><time>2026-06-11T04:34:47.000Z</time><extensions><gpxtpx:TrackPointExtension><gpxtpx:hr>123</gpxtpx:hr></gpxtpx:TrackPointExtension></extensions></trkpt>
      <trkpt lat="49.268616" lon="-123.139468"><ele>14.4</ele><time>2026-06-11T04:34:48.000Z</time><extensions><gpxtpx:TrackPointExtension><gpxtpx:hr>123</gpxtpx:hr></gpxtpx:TrackPointExtension></extensions></trkpt>
      <trkpt lat="49.268603" lon="-123.139498"><ele>14.4</ele><time>2026-06-11T04:34:49.000Z</time><extensions><gpxtpx:TrackPointExtension><gpxtpx:hr>124</gpxtpx:hr></gpxtpx:TrackPointExtension></extensions></trkpt>
      <trkpt lat="49.268591" lon="-123.139525"><ele>14.4</ele><time>2026-06-11T04:34:50.000Z</time><extensions><gpxtpx:TrackPointExtension><gpxtpx:hr>124</gpxtpx:hr></gpxtpx:TrackPointExtension></extensions></trkpt>
      <trkpt lat="49.268576" lon="-123.139553"><ele>14.6</ele><time>2026-06-11T04:34:51.000Z</time><extensions><gpxtpx:TrackPointExtension><gpxtpx:hr>124</gpxtpx:hr></gpxtpx:TrackPointExtension></extensions></trkpt>
      <trkpt lat="49.26856" lon="-123.139576"><ele>14.4</ele><time>2026-06-11T04:34:52.000Z</time><extensions><gpxtpx:TrackPointExtension><gpxtpx:hr>124</gpxtpx:hr></gpxtpx:TrackPointExtension></extensions></trkpt>
      <trkpt lat="49.268543" lon="-123.139599"><ele>14.4</ele><time>2026-06-11T04:34:53.000Z</time><extensions><gpxtpx:TrackPointExtension><gpxtpx:hr>124</gpxtpx:hr></gpxtpx:TrackPointExtension></extensions></trkpt>
      <trkpt lat="49.268531" lon="-123.139619"><ele>14.6</ele><time>2026-06-11T04:34:54.000Z</time><extensions><gpxtpx:TrackPointExtension><gpxtpx:hr>126</gpxtpx:hr></gpxtpx:TrackPointExtension></extensions></trkpt>
      <trkpt lat="49.268515" lon="-123.139654"><ele>14.6</ele><time>2026-06-11T04:34:55.000Z</time><extensions><gpxtpx:TrackPointExtension><gpxtpx:hr>126</gpxtpx:hr></gpxtpx:TrackPointExtension></extensions></trkpt>
      <trkpt lat="49.268499" lon="-123.139674"><ele>14.6</ele><time>2026-06-11T04:34:56.000Z</time><extensions><gpxtpx:TrackPointExtension><gpxtpx:hr>126</gpxtpx:hr></gpxtpx:TrackPointExtension></extensions></trkpt>
      <trkpt lat="49.268483" lon="-123.139709"><ele>14.6</ele><time>2026-06-11T04:34:57.000Z</time><extensions><gpxtpx:TrackPointExtension><gpxtpx:hr>126</gpxtpx:hr></gpxtpx:TrackPointExtension></extensions></trkpt>
      <trkpt lat="49.26847" lon="-123.139732"><ele>14.6</ele><time>2026-06-11T04:34:58.000Z</time><extensions><gpxtpx:TrackPointExtension><gpxtpx:hr>126</gpxtpx:hr></gpxtpx:TrackPointExtension></extensions></trkpt>
      <trkpt lat="49.268452" lon="-123.139767"><ele>14.6</ele><time>2026-06-11T04:34:59.000Z</time><extensions><gpxtpx:TrackPointExtension><gpxtpx:hr>127</gpxtpx:hr></gpxtpx:TrackPointExtension></extensions></trkpt>
      <trkpt lat="49.268439" lon="-123.139801"><ele>14.6</ele><time>2026-06-11T04:35:00.000Z</time><extensions><gpxtpx:TrackPointExtension><gpxtpx:hr>126</gpxtpx:hr></gpxtpx:TrackPointExtension></extensions></trkpt>
      <trkpt lat="49.268428" lon="-123.139831"><ele>14.6</ele><time>2026-06-11T04:35:01.000Z</time><extensions><gpxtpx:TrackPointExtension><gpxtpx:hr>127</gpxtpx:hr></gpxtpx:TrackPointExtension></extensions></trkpt>
      <trkpt lat="49.268417" lon="-123.139865"><ele>14.8</ele><time>2026-06-11T04:35:02.000Z</time><extensions><gpxtpx:TrackPointExtension><gpxtpx:hr>127</gpxtpx:hr></gpxtpx:TrackPointExtension></extensions></trkpt>
      <trkpt lat="49.268404" lon="-123.139888"><ele>14.8</ele><time>2026-06-11T04:35:03.000Z</time><extensions><gpxtpx:TrackPointExtension><gpxtpx:hr>127</gpxtpx:hr></gpxtpx:TrackPointExtension></extensions></trkpt>
      <trkpt lat="49.268395" lon="-123.139928"><ele>14.6</ele><time>2026-06-11T04:35:04.000Z</time><extensions><gpxtpx:TrackPointExtension><gpxtpx:hr>127</gpxtpx:hr></gpxtpx:TrackPointExtension></extensions></trkpt>
      <trkpt lat="49.268383" lon="-123.139954"><ele>14.6</ele><time>2026-06-11T04:35:05.000Z</time><extensions><gpxtpx:TrackPointExtension><gpxtpx:hr>127</gpxtpx:hr></gpxtpx:TrackPointExtension></extensions></trkpt>
      <trkpt lat="49.268371" lon="-123.139995"><ele>14.6</ele><time>2026-06-11T04:35:06.000Z</time><extensions><gpxtpx:TrackPointExtension><gpxtpx:hr>127</gpxtpx:hr></gpxtpx:TrackPointExtension></extensions></trkpt>
      <trkpt lat="49.268364" lon="-123.140026"><ele>14.6</ele><time>2026-06-11T04:35:07.000Z</time><extensions><gpxtpx:TrackPointExtension><gpxtpx:hr>127</gpxtpx:hr></gpxtpx:TrackPointExtension></extensions></trkpt>
      <trkpt lat="49.268355" lon="-123.140063"><ele>14.6</ele><time>2026-06-11T04:35:08.000Z</time><extensions><gpxtpx:TrackPointExtension><gpxtpx:hr>127</gpxtpx:hr></gpxtpx:TrackPointExtension></extensions></trkpt>
      <trkpt lat="49.268347" lon="-123.140099"><ele>14.6</ele><time>2026-06-11T04:35:09.000Z</time><extensions><gpxtpx:TrackPointExtension><gpxtpx:hr>127</gpxtpx:hr></gpxtpx:TrackPointExtension></extensions></trkpt>
      <trkpt lat="49.268341" lon="-123.14013"><ele>14.6</ele><time>2026-06-11T04:35:10.000Z</time><extensions><gpxtpx:TrackPointExtension><gpxtpx:hr>127</gpxtpx:hr></gpxtpx:TrackPointExtension></extensions></trkpt>
      <trkpt lat="49.268338" lon="-123.140172"><ele>14.4</ele><time>2026-06-11T04:35:11.000Z</time><extensions><gpxtpx:TrackPointExtension><gpxtpx:hr>127</gpxtpx:hr></gpxtpx:TrackPointExtension></extensions></trkpt>
      <trkpt lat="49.268333" lon="-123.140195"><ele>14.4</ele><time>2026-06-11T04:35:12.000Z</time><extensions><gpxtpx:TrackPointExtension><gpxtpx:hr>128</gpxtpx:hr></gpxtpx:TrackPointExtension></extensions></trkpt>
      <trkpt lat="49.268326" lon="-123.140236"><ele>14.4</ele><time>2026-06-11T04:35:13.000Z</time><extensions><gpxtpx:TrackPointExtension><gpxtpx:hr>129</gpxtpx:hr></gpxtpx:TrackPointExtension></extensions></trkpt>
      <trkpt lat="49.268318" lon="-123.140262"><ele>14.4</ele><time>2026-06-11T04:35:14.000Z</time><extensions><gpxtpx:TrackPointExtension><gpxtpx:hr>130</gpxtpx:hr></gpxtpx:TrackPointExtension></extensions></trkpt>
      <trkpt lat="49.268313" lon="-123.140302"><ele>14.2</ele><time>2026-06-11T04:35:15.000Z</time><extensions><gpxtpx:TrackPointExtension><gpxtpx:hr>130</gpxtpx:hr></gpxtpx:TrackPointExtension></extensions></trkpt>
      <trkpt lat="49.268311" lon="-123.140334"><ele>14</ele><time>2026-06-11T04:35:16.000Z</time><extensions><gpxtpx:TrackPointExtension><gpxtpx:hr>130</gpxtpx:hr></gpxtpx:TrackPointExtension></extensions></trkpt>
      <trkpt lat="49.268308" lon="-123.140366"><ele>14</ele><time>2026-06-11T04:35:17.000Z</time><extensions><gpxtpx:TrackPointExtension><gpxtpx:hr>130</gpxtpx:hr></gpxtpx:TrackPointExtension></extensions></trkpt>
      <trkpt lat="49.268308" lon="-123.14041"><ele>13.8</ele><time>2026-06-11T04:35:18.000Z</time><extensions><gpxtpx:TrackPointExtension><gpxtpx:hr>131</gpxtpx:hr></gpxtpx:TrackPointExtension></extensions></trkpt>
      <trkpt lat="49.268305" lon="-123.140437"><ele>13.8</ele><time>2026-06-11T04:35:19.000Z</time><extensions><gpxtpx:TrackPointExtension><gpxtpx:hr>130</gpxtpx:hr></gpxtpx:TrackPointExtension></extensions></trkpt>
      <trkpt lat="49.268307" lon="-123.140481"><ele>13.6</ele><time>2026-06-11T04:35:20.000Z</time><extensions><gpxtpx:TrackPointExtension><gpxtpx:hr>130</gpxtpx:hr></gpxtpx:TrackPointExtension></extensions></trkpt>
      <trkpt lat="49.268307" lon="-123.140519"><ele>13.4</ele><time>2026-06-11T04:35:21.000Z</time><extensions><gpxtpx:TrackPointExtension><gpxtpx:hr>130</gpxtpx:hr></gpxtpx:TrackPointExtension></extensions></trkpt>
      <trkpt lat="49.268306" lon="-123.140558"><ele>13.4</ele><time>2026-06-11T04:35:22.000Z</time><extensions><gpxtpx:TrackPointExtension><gpxtpx:hr>130</gpxtpx:hr></gpxtpx:TrackPointExtension></extensions></trkpt>
      <trkpt lat="49.268313" lon="-123.140602"><ele>13.2</ele><time>2026-06-11T04:35:23.000Z</time><extensions><gpxtpx:TrackPointExtension><gpxtpx:hr>129</gpxtpx:hr></gpxtpx:TrackPointExtension></extensions></trkpt>
      <trkpt lat="49.268309" lon="-123.140632"><ele>13</ele><time>2026-06-11T04:35:24.000Z</time><extensions><gpxtpx:TrackPointExtension><gpxtpx:hr>129</gpxtpx:hr></gpxtpx:TrackPointExtension></extensions></trkpt>
      <trkpt lat="49.268314" lon="-123.140676"><ele>13</ele><time>2026-06-11T04:35:25.000Z</time><extensions><gpxtpx:TrackPointExtension><gpxtpx:hr>129</gpxtpx:hr></gpxtpx:TrackPointExtension></extensions></trkpt>
      <trkpt lat="49.268311" lon="-123.140705"><ele>12.8</ele><time>2026-06-11T04:35:26.000Z</time><extensions><gpxtpx:TrackPointExtension><gpxtpx:hr>129</gpxtpx:hr></gpxtpx:TrackPointExtension></extensions></trkpt>
      <trkpt lat="49.268311" lon="-123.140745"><ele>12.8</ele><time>2026-06-11T04:35:27.000Z</time><extensions><gpxtpx:TrackPointExtension><gpxtpx:hr>128</gpxtpx:hr></gpxtpx:TrackPointExtension></extensions></trkpt>
      <trkpt lat="49.268312" lon="-123.140783"><ele>12.6</ele><time>2026-06-11T04:35:28.000Z</time><extensions><gpxtpx:TrackPointExtension><gpxtpx:hr>128</gpxtpx:hr></gpxtpx:TrackPointExtension></extensions></trkpt>
      <trkpt lat="49.268312" lon="-123.140816"><ele>12.6</ele><time>2026-06-11T04:35:29.000Z</time><extensions><gpxtpx:TrackPointExtension><gpxtpx:hr>128</gpxtpx:hr></gpxtpx:TrackPointExtension></extensions></trkpt>
      <trkpt lat="49.268316" lon="-123.140859"><ele>12.6</ele><time>2026-06-11T04:35:30.000Z</time><extensions><gpxtpx:TrackPointExtension><gpxtpx:hr>128</gpxtpx:hr></gpxtpx:TrackPointExtension></extensions></trkpt>
      <trkpt lat="49.268314" lon="-123.14089"><ele>12.4</ele><time>2026-06-11T04:35:31.000Z</time><extensions><gpxtpx:TrackPointExtension><gpxtpx:hr>128</gpxtpx:hr></gpxtpx:TrackPointExtension></extensions></trkpt>
      <trkpt lat="49.26832" lon="-123.140934"><ele>12.4</ele><time>2026-06-11T04:35:32.000Z</time><extensions><gpxtpx:TrackPointExtension><gpxtpx:hr>129</gpxtpx:hr></gpxtpx:TrackPointExtension></extensions></trkpt>
      <trkpt lat="49.268317" lon="-123.140969"><ele>12.2</ele><time>2026-06-11T04:35:33.000Z</time><extensions><gpxtpx:TrackPointExtension><gpxtpx:hr>128</gpxtpx:hr></gpxtpx:TrackPointExtension></extensions></trkpt>
      <trkpt lat="49.268322" lon="-123.141009"><ele>12.2</ele><time>2026-06-11T04:35:34.000Z</time><extensions><gpxtpx:TrackPointExtension><gpxtpx:hr>128</gpxtpx:hr></gpxtpx:TrackPointExtension></extensions></trkpt>
      <trkpt lat="49.26832" lon="-123.141047"><ele>12</ele><time>2026-06-11T04:35:35.000Z</time><extensions><gpxtpx:TrackPointExtension><gpxtpx:hr>128</gpxtpx:hr></gpxtpx:TrackPointExtension></extensions></trkpt>
      <trkpt lat="49.268321" lon="-123.141081"><ele>11.8</ele><time>2026-06-11T04:35:36.000Z</time><extensions><gpxtpx:TrackPointExtension><gpxtpx:hr>128</gpxtpx:hr></gpxtpx:TrackPointExtension></extensions></trkpt>
      <trkpt lat="49.268322" lon="-123.141121"><ele>11.8</ele><time>2026-06-11T04:35:37.000Z</time><extensions><gpxtpx:TrackPointExtension><gpxtpx:hr>128</gpxtpx:hr></gpxtpx:TrackPointExtension></extensions></trkpt>
      <trkpt lat="49.268322" lon="-123.14115"><ele>11.6</ele><time>2026-06-11T04:35:38.000Z</time><extensions><gpxtpx:TrackPointExtension><gpxtpx:hr>127</gpxtpx:hr></gpxtpx:TrackPointExtension></extensions></trkpt>
      <trkpt lat="49.268327" lon="-123.141191"><ele>11.6</ele><time>2026-06-11T04:35:39.000Z</time><extensions><gpxtpx:TrackPointExtension><gpxtpx:hr>127</gpxtpx:hr></gpxtpx:TrackPointExtension></extensions></trkpt>
      <trkpt lat="49.268325" lon="-123.141223"><ele>11.4</ele><time>2026-06-11T04:35:40.000Z</time><extensions><gpxtpx:TrackPointExtension><gpxtpx:hr>127</gpxtpx:hr></gpxtpx:TrackPointExtension></extensions></trkpt>
      <trkpt lat="49.268333" lon="-123.141267"><ele>11.2</ele><time>2026-06-11T04:35:41.000Z</time><extensions><gpxtpx:TrackPointExtension><gpxtpx:hr>127</gpxtpx:hr></gpxtpx:TrackPointExtension></extensions></trkpt>
      <trkpt lat="49.268329" lon="-123.141299"><ele>11.2</ele><time>2026-06-11T04:35:42.000Z</time><extensions><gpxtpx:TrackPointExtension><gpxtpx:hr>127</gpxtpx:hr></gpxtpx:TrackPointExtension></extensions></trkpt>
      <trkpt lat="49.268329" lon="-123.141342"><ele>11</ele><time>2026-06-11T04:35:43.000Z</time><extensions><gpxtpx:TrackPointExtension><gpxtpx:hr>127</gpxtpx:hr></gpxtpx:TrackPointExtension></extensions></trkpt>
      <trkpt lat="49.268328" lon="-123.141377"><ele>10.8</ele><time>2026-06-11T04:35:44.000Z</time><extensions><gpxtpx:TrackPointExtension><gpxtpx:hr>127</gpxtpx:hr></gpxtpx:TrackPointExtension></extensions></trkpt>
      <trkpt lat="49.268328" lon="-123.141413"><ele>10.8</ele><time>2026-06-11T04:35:45.000Z</time><extensions><gpxtpx:TrackPointExtension><gpxtpx:hr>126</gpxtpx:hr></gpxtpx:TrackPointExtension></extensions></trkpt>
      <trkpt lat="49.268332" lon="-123.14145"><ele>10.6</ele><time>2026-06-11T04:35:46.000Z</time><extensions><gpxtpx:TrackPointExtension><gpxtpx:hr>126</gpxtpx:hr></gpxtpx:TrackPointExtension></extensions></trkpt>
      <trkpt lat="49.268329" lon="-123.141485"><ele>10.4</ele><time>2026-06-11T04:35:47.000Z</time><extensions><gpxtpx:TrackPointExtension><gpxtpx:hr>126</gpxtpx:hr></gpxtpx:TrackPointExtension></extensions></trkpt>
      <trkpt lat="49.268334" lon="-123.141527"><ele>10.4</ele><time>2026-06-11T04:35:48.000Z</time><extensions><gpxtpx:TrackPointExtension><gpxtpx:hr>126</gpxtpx:hr></gpxtpx:TrackPointExtension></extensions></trkpt>
      <trkpt lat="49.268334" lon="-123.14156"><ele>10.4</ele><time>2026-06-11T04:35:49.000Z</time><extensions><gpxtpx:TrackPointExtension><gpxtpx:hr>125</gpxtpx:hr></gpxtpx:TrackPointExtension></extensions></trkpt>
      <trkpt lat="49.268335" lon="-123.141604"><ele>10.2</ele><time>2026-06-11T04:35:50.000Z</time><extensions><gpxtpx:TrackPointExtension><gpxtpx:hr>125</gpxtpx:hr></gpxtpx:TrackPointExtension></extensions></trkpt>
      <trkpt lat="49.268334" lon="-123.14164"><ele>10</ele><time>2026-06-11T04:35:51.000Z</time><extensions><gpxtpx:TrackPointExtension><gpxtpx:hr>125</gpxtpx:hr></gpxtpx:TrackPointExtension></extensions></trkpt>
      <trkpt lat="49.268332" lon="-123.141678"><ele>10</ele><time>2026-06-11T04:35:52.000Z</time><extensions><gpxtpx:TrackPointExtension><gpxtpx:hr>125</gpxtpx:hr></gpxtpx:TrackPointExtension></extensions></trkpt>
      <trkpt lat="49.268333" lon="-123.141721"><ele>9.8</ele><time>2026-06-11T04:35:53.000Z</time><extensions><gpxtpx:TrackPointExtension><gpxtpx:hr>125</gpxtpx:hr></gpxtpx:TrackPointExtension></extensions></trkpt>
      <trkpt lat="49.268328" lon="-123.141749"><ele>9.6</ele><time>2026-06-11T04:35:54.000Z</time><extensions><gpxtpx:TrackPointExtension><gpxtpx:hr>124</gpxtpx:hr></gpxtpx:TrackPointExtension></extensions></trkpt>
      <trkpt lat="49.268328" lon="-123.141795"><ele>9.6</ele><time>2026-06-11T04:35:55.000Z</time><extensions><gpxtpx:TrackPointExtension><gpxtpx:hr>124</gpxtpx:hr></gpxtpx:TrackPointExtension></extensions></trkpt>
      <trkpt lat="49.268324" lon="-123.141829"><ele>9.4</ele><time>2026-06-11T04:35:56.000Z</time><extensions><gpxtpx:TrackPointExtension><gpxtpx:hr>123</gpxtpx:hr></gpxtpx:TrackPointExtension></extensions></trkpt>
      <trkpt lat="49.268317" lon="-123.14187"><ele>9.4</ele><time>2026-06-11T04:35:57.000Z</time><extensions><gpxtpx:TrackPointExtension><gpxtpx:hr>123</gpxtpx:hr></gpxtpx:TrackPointExtension></extensions></trkpt>
      <trkpt lat="49.268313" lon="-123.141907"><ele>9.4</ele><time>2026-06-11T04:35:58.000Z</time><extensions><gpxtpx:TrackPointExtension><gpxtpx:hr>123</gpxtpx:hr></gpxtpx:TrackPointExtension></extensions></trkpt>
      <trkpt lat="49.268304" lon="-123.141932"><ele>9.2</ele><time>2026-06-11T04:35:59.000Z</time><extensions><gpxtpx:TrackPointExtension><gpxtpx:hr>123</gpxtpx:hr></gpxtpx:TrackPointExtension></extensions></trkpt>
      <trkpt lat="49.268293" lon="-123.141971"><ele>9.2</ele><time>2026-06-11T04:36:00.000Z</time><extensions><gpxtpx:TrackPointExtension><gpxtpx:hr>123</gpxtpx:hr></gpxtpx:TrackPointExtension></extensions></trkpt>
      <trkpt lat="49.268281" lon="-123.141999"><ele>9</ele><time>2026-06-11T04:36:01.000Z</time><extensions><gpxtpx:TrackPointExtension><gpxtpx:hr>122</gpxtpx:hr></gpxtpx:TrackPointExtension></extensions></trkpt>
      <trkpt lat="49.268266" lon="-123.142038"><ele>8.8</ele><time>2026-06-11T04:36:02.000Z</time><extensions><gpxtpx:TrackPointExtension><gpxtpx:hr>122</gpxtpx:hr></gpxtpx:TrackPointExtension></extensions></trkpt>
      <trkpt lat="49.268257" lon="-123.142069"><ele>8.6</ele><time>2026-06-11T04:36:03.000Z</time><extensions><gpxtpx:TrackPointExtension><gpxtpx:hr>122</gpxtpx:hr></gpxtpx:TrackPointExtension></extensions></trkpt>
      <trkpt lat="49.268243" lon="-123.142103"><ele>8.4</ele><time>2026-06-11T04:36:04.000Z</time><extensions><gpxtpx:TrackPointExtension><gpxtpx:hr>122</gpxtpx:hr></gpxtpx:TrackPointExtension></extensions></trkpt>
      <trkpt lat="49.268233" lon="-123.14214"><ele>8.2</ele><time>2026-06-11T04:36:05.000Z</time><extensions><gpxtpx:TrackPointExtension><gpxtpx:hr>122</gpxtpx:hr></gpxtpx:TrackPointExtension></extensions></trkpt>
      <trkpt lat="49.268219" lon="-123.142158"><ele>8</ele><time>2026-06-11T04:36:06.000Z</time><extensions><gpxtpx:TrackPointExtension><gpxtpx:hr>122</gpxtpx:hr></gpxtpx:TrackPointExtension></extensions></trkpt>
      <trkpt lat="49.268206" lon="-123.142198"><ele>7.8</ele><time>2026-06-11T04:36:07.000Z</time><extensions><gpxtpx:TrackPointExtension><gpxtpx:hr>121</gpxtpx:hr></gpxtpx:TrackPointExtension></extensions></trkpt>
      <trkpt lat="49.268198" lon="-123.142226"><ele>7.6</ele><time>2026-06-11T04:36:08.000Z</time><extensions><gpxtpx:TrackPointExtension><gpxtpx:hr>121</gpxtpx:hr></gpxtpx:TrackPointExtension></extensions></trkpt>
      <trkpt lat="49.268182" lon="-123.142259"><ele>7.6</ele><time>2026-06-11T04:36:09.000Z</time><extensions><gpxtpx:TrackPointExtension><gpxtpx:hr>121</gpxtpx:hr></gpxtpx:TrackPointExtension></extensions></trkpt>
      <trkpt lat="49.268169" lon="-123.142304"><ele>7.4</ele><time>2026-06-11T04:36:10.000Z</time><extensions><gpxtpx:TrackPointExtension><gpxtpx:hr>121</gpxtpx:hr></gpxtpx:TrackPointExtension></extensions></trkpt>
      <trkpt lat="49.268157" lon="-123.142334"><ele>7.2</ele><time>2026-06-11T04:36:11.000Z</time><extensions><gpxtpx:TrackPointExtension><gpxtpx:hr>122</gpxtpx:hr></gpxtpx:TrackPointExtension></extensions></trkpt>
      <trkpt lat="49.268146" lon="-123.142371"><ele>7.2</ele><time>2026-06-11T04:36:12.000Z</time><extensions><gpxtpx:TrackPointExtension><gpxtpx:hr>121</gpxtpx:hr></gpxtpx:TrackPointExtension></extensions></trkpt>
      <trkpt lat="49.268141" lon="-123.142404"><ele>7</ele><time>2026-06-11T04:36:13.000Z</time><extensions><gpxtpx:TrackPointExtension><gpxtpx:hr>121</gpxtpx:hr></gpxtpx:TrackPointExtension></extensions></trkpt>
      <trkpt lat="49.268136" lon="-123.142427"><ele>7</ele><time>2026-06-11T04:36:14.000Z</time><extensions><gpxtpx:TrackPointExtension><gpxtpx:hr>121</gpxtpx:hr></gpxtpx:TrackPointExtension></extensions></trkpt>
      <trkpt lat="49.268123" lon="-123.142467"><ele>7</ele><time>2026-06-11T04:36:15.000Z</time><extensions><gpxtpx:TrackPointExtension><gpxtpx:hr>122</gpxtpx:hr></gpxtpx:TrackPointExtension></extensions></trkpt>
      <trkpt lat="49.268112" lon="-123.142495"><ele>7</ele><time>2026-06-11T04:36:16.000Z</time><extensions><gpxtpx:TrackPointExtension><gpxtpx:hr>121</gpxtpx:hr></gpxtpx:TrackPointExtension></extensions></trkpt>
      <trkpt lat="49.268101" lon="-123.142529"><ele>6.8</ele><time>2026-06-11T04:36:17.000Z</time><extensions><gpxtpx:TrackPointExtension><gpxtpx:hr>121</gpxtpx:hr></gpxtpx:TrackPointExtension></extensions></trkpt>
      <trkpt lat="49.268094" lon="-123.142582"><ele>6.8</ele><time>2026-06-11T04:36:18.000Z</time><extensions><gpxtpx:TrackPointExtension><gpxtpx:hr>120</gpxtpx:hr></gpxtpx:TrackPointExtension></extensions></trkpt>
      <trkpt lat="49.26809" lon="-123.142622"><ele>6.8</ele><time>2026-06-11T04:36:19.000Z</time><extensions><gpxtpx:TrackPointExtension><gpxtpx:hr>120</gpxtpx:hr></gpxtpx:TrackPointExtension></extensions></trkpt>
      <trkpt lat="49.268086" lon="-123.142659"><ele>6.8</ele><time>2026-06-11T04:36:20.000Z</time><extensions><gpxtpx:TrackPointExtension><gpxtpx:hr>120</gpxtpx:hr></gpxtpx:TrackPointExtension></extensions></trkpt>
      <trkpt lat="49.268084" lon="-123.142693"><ele>6.8</ele><time>2026-06-11T04:36:21.000Z</time><extensions><gpxtpx:TrackPointExtension><gpxtpx:hr>120</gpxtpx:hr></gpxtpx:TrackPointExtension></extensions></trkpt>
      <trkpt lat="49.26808" lon="-123.142724"><ele>6.8</ele><time>2026-06-11T04:36:22.000Z</time><extensions><gpxtpx:TrackPointExtension><gpxtpx:hr>120</gpxtpx:hr></gpxtpx:TrackPointExtension></extensions></trkpt>
      <trkpt lat="49.268079" lon="-123.142767"><ele>6.8</ele><time>2026-06-11T04:36:23.000Z</time><extensions><gpxtpx:TrackPointExtension><gpxtpx:hr>120</gpxtpx:hr></gpxtpx:TrackPointExtension></extensions></trkpt>
      <trkpt lat="49.268076" lon="-123.142799"><ele>6.8</ele><time>2026-06-11T04:36:24.000Z</time><extensions><gpxtpx:TrackPointExtension><gpxtpx:hr>120</gpxtpx:hr></gpxtpx:TrackPointExtension></extensions></trkpt>
      <trkpt lat="49.268076" lon="-123.142841"><ele>6.8</ele><time>2026-06-11T04:36:25.000Z</time><extensions><gpxtpx:TrackPointExtension><gpxtpx:hr>120</gpxtpx:hr></gpxtpx:TrackPointExtension></extensions></trkpt>
      <trkpt lat="49.268079" lon="-123.142871"><ele>6.8</ele><time>2026-06-11T04:36:26.000Z</time><extensions><gpxtpx:TrackPointExtension><gpxtpx:hr>120</gpxtpx:hr></gpxtpx:TrackPointExtension></extensions></trkpt>
      <trkpt lat="49.268079" lon="-123.142906"><ele>7</ele><time>2026-06-11T04:36:27.000Z</time><extensions><gpxtpx:TrackPointExtension><gpxtpx:hr>120</gpxtpx:hr></gpxtpx:TrackPointExtension></extensions></trkpt>
      <trkpt lat="49.26808" lon="-123.142939"><ele>7</ele><time>2026-06-11T04:36:28.000Z</time><extensions><gpxtpx:TrackPointExtension><gpxtpx:hr>120</gpxtpx:hr></gpxtpx:TrackPointExtension></extensions></trkpt>
      <trkpt lat="49.268077" lon="-123.142972"><ele>7</ele><time>2026-06-11T04:36:29.000Z</time><extensions><gpxtpx:TrackPointExtension><gpxtpx:hr>120</gpxtpx:hr></gpxtpx:TrackPointExtension></extensions></trkpt>
      <trkpt lat="49.268074" lon="-123.143012"><ele>7.2</ele><time>2026-06-11T04:36:30.000Z</time><extensions><gpxtpx:TrackPointExtension><gpxtpx:hr>119</gpxtpx:hr></gpxtpx:TrackPointExtension></extensions></trkpt>
      <trkpt lat="49.268069" lon="-123.143039"><ele>7.2</ele><time>2026-06-11T04:36:31.000Z</time><extensions><gpxtpx:TrackPointExtension><gpxtpx:hr>120</gpxtpx:hr></gpxtpx:TrackPointExtension></extensions></trkpt>
      <trkpt lat="49.268071" lon="-123.143082"><ele>7.2</ele><time>2026-06-11T04:36:32.000Z</time><extensions><gpxtpx:TrackPointExtension><gpxtpx:hr>120</gpxtpx:hr></gpxtpx:TrackPointExtension></extensions></trkpt>
      <trkpt lat="49.268075" lon="-123.14312"><ele>7.2</ele><time>2026-06-11T04:36:33.000Z</time><extensions><gpxtpx:TrackPointExtension><gpxtpx:hr>120</gpxtpx:hr></gpxtpx:TrackPointExtension></extensions></trkpt>
      <trkpt lat="49.268094" lon="-123.143146"><ele>7.2</ele><time>2026-06-11T04:36:34.000Z</time><extensions><gpxtpx:TrackPointExtension><gpxtpx:hr>120</gpxtpx:hr></gpxtpx:TrackPointExtension></extensions></trkpt>
      <trkpt lat="49.268113" lon="-123.143152"><ele>7.2</ele><time>2026-06-11T04:36:35.000Z</time><extensions><gpxtpx:TrackPointExtension><gpxtpx:hr>120</gpxtpx:hr></gpxtpx:TrackPointExtension></extensions></trkpt>
      <trkpt lat="49.268128" lon="-123.143151"><ele>7.2</ele><time>2026-06-11T04:36:36.000Z</time><extensions><gpxtpx:TrackPointExtension><gpxtpx:hr>119</gpxtpx:hr></gpxtpx:TrackPointExtension></extensions></trkpt>
      <trkpt lat="49.268151" lon="-123.143149"><ele>7.2</ele><time>2026-06-11T04:36:37.000Z</time><extensions><gpxtpx:TrackPointExtension><gpxtpx:hr>119</gpxtpx:hr></gpxtpx:TrackPointExtension></extensions></trkpt>
      <trkpt lat="49.268174" lon="-123.143148"><ele>7.2</ele><time>2026-06-11T04:36:38.000Z</time><extensions><gpxtpx:TrackPointExtension><gpxtpx:hr>119</gpxtpx:hr></gpxtpx:TrackPointExtension></extensions></trkpt>
      <trkpt lat="49.268194" lon="-123.143154"><ele>7</ele><time>2026-06-11T04:36:39.000Z</time><extensions><gpxtpx:TrackPointExtension><gpxtpx:hr>119</gpxtpx:hr></gpxtpx:TrackPointExtension></extensions></trkpt>
      <trkpt lat="49.268221" lon="-123.143147"><ele>7</ele><time>2026-06-11T04:36:40.000Z</time><extensions><gpxtpx:TrackPointExtension><gpxtpx:hr>119</gpxtpx:hr></gpxtpx:TrackPointExtension></extensions></trkpt>
      <trkpt lat="49.268239" lon="-123.14315"><ele>7</ele><time>2026-06-11T04:36:41.000Z</time><extensions><gpxtpx:TrackPointExtension><gpxtpx:hr>119</gpxtpx:hr></gpxtpx:TrackPointExtension></extensions></trkpt>
      <trkpt lat="49.268267" lon="-123.143155"><ele>6.8</ele><time>2026-06-11T04:36:42.000Z</time><extensions><gpxtpx:TrackPointExtension><gpxtpx:hr>119</gpxtpx:hr></gpxtpx:TrackPointExtension></extensions></trkpt>
      <trkpt lat="49.268291" lon="-123.143158"><ele>6.8</ele><time>2026-06-11T04:36:43.000Z</time><extensions><gpxtpx:TrackPointExtension><gpxtpx:hr>119</gpxtpx:hr></gpxtpx:TrackPointExtension></extensions></trkpt>
      <trkpt lat="49.268317" lon="-123.143162"><ele>6.8</ele><time>2026-06-11T04:36:44.000Z</time><extensions><gpxtpx:TrackPointExtension><gpxtpx:hr>119</gpxtpx:hr></gpxtpx:TrackPointExtension></extensions></trkpt>
      <trkpt lat="49.268345" lon="-123.143153"><ele>6.6</ele><time>2026-06-11T04:36:45.000Z</time><extensions><gpxtpx:TrackPointExtension><gpxtpx:hr>119</gpxtpx:hr></gpxtpx:TrackPointExtension></extensions></trkpt>
      <trkpt lat="49.268368" lon="-123.143149"><ele>6.6</ele><time>2026-06-11T04:36:46.000Z</time><extensions><gpxtpx:TrackPointExtension><gpxtpx:hr>119</gpxtpx:hr></gpxtpx:TrackPointExtension></extensions></trkpt>
      <trkpt lat="49.268402" lon="-123.14314"><ele>6.4</ele><time>2026-06-11T04:36:47.000Z</time><extensions><gpxtpx:TrackPointExtension><gpxtpx:hr>119</gpxtpx:hr></gpxtpx:TrackPointExtension></extensions></trkpt>
      <trkpt lat="49.268421" lon="-123.143138"><ele>6.4</ele><time>2026-06-11T04:36:48.000Z</time><extensions><gpxtpx:TrackPointExtension><gpxtpx:hr>119</gpxtpx:hr></gpxtpx:TrackPointExtension></extensions></trkpt>
      <trkpt lat="49.268449" lon="-123.143142"><ele>6.4</ele><time>2026-06-11T04:36:49.000Z</time><extensions><gpxtpx:TrackPointExtension><gpxtpx:hr>119</gpxtpx:hr></gpxtpx:TrackPointExtension></extensions></trkpt>
      <trkpt lat="49.268474" lon="-123.143139"><ele>6.2</ele><time>2026-06-11T04:36:50.000Z</time><extensions><gpxtpx:TrackPointExtension><gpxtpx:hr>119</gpxtpx:hr></gpxtpx:TrackPointExtension></extensions></trkpt>
      <trkpt lat="49.268496" lon="-123.143142"><ele>6.2</ele><time>2026-06-11T04:36:51.000Z</time><extensions><gpxtpx:TrackPointExtension><gpxtpx:hr>119</gpxtpx:hr></gpxtpx:TrackPointExtension></extensions></trkpt>
      <trkpt lat="49.268524" lon="-123.143134"><ele>6.2</ele><time>2026-06-11T04:36:52.000Z</time><extensions><gpxtpx:TrackPointExtension><gpxtpx:hr>119</gpxtpx:hr></gpxtpx:TrackPointExtension></extensions></trkpt>
      <trkpt lat="49.268546" lon="-123.143139"><ele>6</ele><time>2026-06-11T04:36:53.000Z</time><extensions><gpxtpx:TrackPointExtension><gpxtpx:hr>119</gpxtpx:hr></gpxtpx:TrackPointExtension></extensions></trkpt>
      <trkpt lat="49.268576" lon="-123.14313"><ele>6</ele><time>2026-06-11T04:36:54.000Z</time><extensions><gpxtpx:TrackPointExtension><gpxtpx:hr>119</gpxtpx:hr></gpxtpx:TrackPointExtension></extensions></trkpt>
      <trkpt lat="49.268592" lon="-123.143135"><ele>6</ele><time>2026-06-11T04:36:55.000Z</time><extensions><gpxtpx:TrackPointExtension><gpxtpx:hr>119</gpxtpx:hr></gpxtpx:TrackPointExtension></extensions></trkpt>
      <trkpt lat="49.268621" lon="-123.143135"><ele>6</ele><time>2026-06-11T04:36:56.000Z</time><extensions><gpxtpx:TrackPointExtension><gpxtpx:hr>119</gpxtpx:hr></gpxtpx:TrackPointExtension></extensions></trkpt>
      <trkpt lat="49.26864" lon="-123.143138"><ele>6</ele><time>2026-06-11T04:36:57.000Z</time><extensions><gpxtpx:TrackPointExtension><gpxtpx:hr>120</gpxtpx:hr></gpxtpx:TrackPointExtension></extensions></trkpt>
      <trkpt lat="49.268668" lon="-123.143137"><ele>5.8</ele><time>2026-06-11T04:36:58.000Z</time><extensions><gpxtpx:TrackPointExtension><gpxtpx:hr>120</gpxtpx:hr></gpxtpx:TrackPointExtension></extensions></trkpt>
      <trkpt lat="49.268691" lon="-123.143134"><ele>5.8</ele><time>2026-06-11T04:36:59.000Z</time><extensions><gpxtpx:TrackPointExtension><gpxtpx:hr>121</gpxtpx:hr></gpxtpx:TrackPointExtension></extensions></trkpt>
      <trkpt lat="49.268713" lon="-123.143138"><ele>5.8</ele><time>2026-06-11T04:37:00.000Z</time><extensions><gpxtpx:TrackPointExtension><gpxtpx:hr>121</gpxtpx:hr></gpxtpx:TrackPointExtension></extensions></trkpt>
      <trkpt lat="49.26874" lon="-123.143125"><ele>5.6</ele><time>2026-06-11T04:37:01.000Z</time><extensions><gpxtpx:TrackPointExtension><gpxtpx:hr>121</gpxtpx:hr></gpxtpx:TrackPointExtension></extensions></trkpt>
      <trkpt lat="49.268758" lon="-123.14313"><ele>5.6</ele><time>2026-06-11T04:37:02.000Z</time><extensions><gpxtpx:TrackPointExtension><gpxtpx:hr>121</gpxtpx:hr></gpxtpx:TrackPointExtension></extensions></trkpt>
      <trkpt lat="49.26879" lon="-123.143128"><ele>5.6</ele><time>2026-06-11T04:37:03.000Z</time><extensions><gpxtpx:TrackPointExtension><gpxtpx:hr>121</gpxtpx:hr></gpxtpx:TrackPointExtension></extensions></trkpt>
      <trkpt lat="49.268812" lon="-123.143135"><ele>5.4</ele><time>2026-06-11T04:37:04.000Z</time><extensions><gpxtpx:TrackPointExtension><gpxtpx:hr>121</gpxtpx:hr></gpxtpx:TrackPointExtension></extensions></trkpt>
      <trkpt lat="49.268845" lon="-123.143136"><ele>5.4</ele><time>2026-06-11T04:37:05.000Z</time><extensions><gpxtpx:TrackPointExtension><gpxtpx:hr>121</gpxtpx:hr></gpxtpx:TrackPointExtension></extensions></trkpt>
      <trkpt lat="49.26887" lon="-123.143134"><ele>5.4</ele><time>2026-06-11T04:37:06.000Z</time><extensions><gpxtpx:TrackPointExtension><gpxtpx:hr>121</gpxtpx:hr></gpxtpx:TrackPointExtension></extensions></trkpt>
      <trkpt lat="49.268892" lon="-123.143139"><ele>5.4</ele><time>2026-06-11T04:37:07.000Z</time><extensions><gpxtpx:TrackPointExtension><gpxtpx:hr>121</gpxtpx:hr></gpxtpx:TrackPointExtension></extensions></trkpt>
      <trkpt lat="49.26893" lon="-123.143135"><ele>5.2</ele><time>2026-06-11T04:37:08.000Z</time><extensions><gpxtpx:TrackPointExtension><gpxtpx:hr>121</gpxtpx:hr></gpxtpx:TrackPointExtension></extensions></trkpt>
      <trkpt lat="49.268952" lon="-123.143132"><ele>5.2</ele><time>2026-06-11T04:37:09.000Z</time><extensions><gpxtpx:TrackPointExtension><gpxtpx:hr>121</gpxtpx:hr></gpxtpx:TrackPointExtension></extensions></trkpt>
      <trkpt lat="49.268974" lon="-123.143131"><ele>5.2</ele><time>2026-06-11T04:37:10.000Z</time><extensions><gpxtpx:TrackPointExtension><gpxtpx:hr>121</gpxtpx:hr></gpxtpx:TrackPointExtension></extensions></trkpt>
      <trkpt lat="49.269" lon="-123.143116"><ele>5.2</ele><time>2026-06-11T04:37:11.000Z</time><extensions><gpxtpx:TrackPointExtension><gpxtpx:hr>121</gpxtpx:hr></gpxtpx:TrackPointExtension></extensions></trkpt>
      <trkpt lat="49.269014" lon="-123.14312"><ele>5.2</ele><time>2026-06-11T04:37:12.000Z</time><extensions><gpxtpx:TrackPointExtension><gpxtpx:hr>121</gpxtpx:hr></gpxtpx:TrackPointExtension></extensions></trkpt>
      <trkpt lat="49.269043" lon="-123.143117"><ele>5.2</ele><time>2026-06-11T04:37:13.000Z</time><extensions><gpxtpx:TrackPointExtension><gpxtpx:hr>121</gpxtpx:hr></gpxtpx:TrackPointExtension></extensions></trkpt>
      <trkpt lat="49.26906" lon="-123.143113"><ele>5.2</ele><time>2026-06-11T04:37:14.000Z</time><extensions><gpxtpx:TrackPointExtension><gpxtpx:hr>121</gpxtpx:hr></gpxtpx:TrackPointExtension></extensions></trkpt>
      <trkpt lat="49.269086" lon="-123.143115"><ele>5.2</ele><time>2026-06-11T04:37:15.000Z</time><extensions><gpxtpx:TrackPointExtension><gpxtpx:hr>122</gpxtpx:hr></gpxtpx:TrackPointExtension></extensions></trkpt>
      <trkpt lat="49.269109" lon="-123.143112"><ele>5.2</ele><time>2026-06-11T04:37:16.000Z</time><extensions><gpxtpx:TrackPointExtension><gpxtpx:hr>121</gpxtpx:hr></gpxtpx:TrackPointExtension></extensions></trkpt>
      <trkpt lat="49.269128" lon="-123.143111"><ele>5.2</ele><time>2026-06-11T04:37:17.000Z</time><extensions><gpxtpx:TrackPointExtension><gpxtpx:hr>121</gpxtpx:hr></gpxtpx:TrackPointExtension></extensions></trkpt>
      <trkpt lat="49.269154" lon="-123.143097"><ele>5.2</ele><time>2026-06-11T04:37:18.000Z</time><extensions><gpxtpx:TrackPointExtension><gpxtpx:hr>121</gpxtpx:hr></gpxtpx:TrackPointExtension></extensions></trkpt>
      <trkpt lat="49.269169" lon="-123.143099"><ele>5.2</ele><time>2026-06-11T04:37:19.000Z</time><extensions><gpxtpx:TrackPointExtension><gpxtpx:hr>122</gpxtpx:hr></gpxtpx:TrackPointExtension></extensions></trkpt>
      <trkpt lat="49.269196" lon="-123.143095"><ele>5.2</ele><time>2026-06-11T04:37:20.000Z</time><extensions><gpxtpx:TrackPointExtension><gpxtpx:hr>121</gpxtpx:hr></gpxtpx:TrackPointExtension></extensions></trkpt>
      <trkpt lat="49.269213" lon="-123.143103"><ele>5.2</ele><time>2026-06-11T04:37:21.000Z</time><extensions><gpxtpx:TrackPointExtension><gpxtpx:hr>121</gpxtpx:hr></gpxtpx:TrackPointExtension></extensions></trkpt>
      <trkpt lat="49.269236" lon="-123.143109"><ele>5.2</ele><time>2026-06-11T04:37:22.000Z</time><extensions><gpxtpx:TrackPointExtension><gpxtpx:hr>121</gpxtpx:hr></gpxtpx:TrackPointExtension></extensions></trkpt>
      <trkpt lat="49.269254" lon="-123.143114"><ele>5.2</ele><time>2026-06-11T04:37:23.000Z</time><extensions><gpxtpx:TrackPointExtension><gpxtpx:hr>122</gpxtpx:hr></gpxtpx:TrackPointExtension></extensions></trkpt>
      <trkpt lat="49.269273" lon="-123.143124"><ele>5.2</ele><time>2026-06-11T04:37:24.000Z</time><extensions><gpxtpx:TrackPointExtension><gpxtpx:hr>122</gpxtpx:hr></gpxtpx:TrackPointExtension></extensions></trkpt>
      <trkpt lat="49.269297" lon="-123.143117"><ele>5.2</ele><time>2026-06-11T04:37:25.000Z</time><extensions><gpxtpx:TrackPointExtension><gpxtpx:hr>122</gpxtpx:hr></gpxtpx:TrackPointExtension></extensions></trkpt>
      <trkpt lat="49.269311" lon="-123.143121"><ele>5.2</ele><time>2026-06-11T04:37:26.000Z</time><extensions><gpxtpx:TrackPointExtension><gpxtpx:hr>122</gpxtpx:hr></gpxtpx:TrackPointExtension></extensions></trkpt>
      <trkpt lat="49.269339" lon="-123.143117"><ele>5.2</ele><time>2026-06-11T04:37:27.000Z</time><extensions><gpxtpx:TrackPointExtension><gpxtpx:hr>123</gpxtpx:hr></gpxtpx:TrackPointExtension></extensions></trkpt>
      <trkpt lat="49.269351" lon="-123.143124"><ele>5.2</ele><time>2026-06-11T04:37:28.000Z</time><extensions><gpxtpx:TrackPointExtension><gpxtpx:hr>123</gpxtpx:hr></gpxtpx:TrackPointExtension></extensions></trkpt>
      <trkpt lat="49.26938" lon="-123.143127"><ele>5.2</ele><time>2026-06-11T04:37:29.000Z</time><extensions><gpxtpx:TrackPointExtension><gpxtpx:hr>123</gpxtpx:hr></gpxtpx:TrackPointExtension></extensions></trkpt>
      <trkpt lat="49.269392" lon="-123.143132"><ele>5.2</ele><time>2026-06-11T04:37:30.000Z</time><extensions><gpxtpx:TrackPointExtension><gpxtpx:hr>123</gpxtpx:hr></gpxtpx:TrackPointExtension></extensions></trkpt>
      <trkpt lat="49.269415" lon="-123.143139"><ele>5.2</ele><time>2026-06-11T04:37:31.000Z</time><extensions><gpxtpx:TrackPointExtension><gpxtpx:hr>122</gpxtpx:hr></gpxtpx:TrackPointExtension></extensions></trkpt>
      <trkpt lat="49.269436" lon="-123.143133"><ele>5.2</ele><time>2026-06-11T04:37:32.000Z</time><extensions><gpxtpx:TrackPointExtension><gpxtpx:hr>123</gpxtpx:hr></gpxtpx:TrackPointExtension></extensions></trkpt>
      <trkpt lat="49.269455" lon="-123.143135"><ele>5</ele><time>2026-06-11T04:37:33.000Z</time><extensions><gpxtpx:TrackPointExtension><gpxtpx:hr>123</gpxtpx:hr></gpxtpx:TrackPointExtension></extensions></trkpt>
      <trkpt lat="49.26948" lon="-123.143129"><ele>5</ele><time>2026-06-11T04:37:34.000Z</time><extensions><gpxtpx:TrackPointExtension><gpxtpx:hr>122</gpxtpx:hr></gpxtpx:TrackPointExtension></extensions></trkpt>
      <trkpt lat="49.269496" lon="-123.143135"><ele>5</ele><time>2026-06-11T04:37:35.000Z</time><extensions><gpxtpx:TrackPointExtension><gpxtpx:hr>123</gpxtpx:hr></gpxtpx:TrackPointExtension></extensions></trkpt>
      <trkpt lat="49.269521" lon="-123.143134"><ele>5</ele><time>2026-06-11T04:37:36.000Z</time><extensions><gpxtpx:TrackPointExtension><gpxtpx:hr>123</gpxtpx:hr></gpxtpx:TrackPointExtension></extensions></trkpt>
      <trkpt lat="49.269533" lon="-123.143137"><ele>5</ele><time>2026-06-11T04:37:37.000Z</time><extensions><gpxtpx:TrackPointExtension><gpxtpx:hr>123</gpxtpx:hr></gpxtpx:TrackPointExtension></extensions></trkpt>
      <trkpt lat="49.269562" lon="-123.143128"><ele>5</ele><time>2026-06-11T04:37:38.000Z</time><extensions><gpxtpx:TrackPointExtension><gpxtpx:hr>123</gpxtpx:hr></gpxtpx:TrackPointExtension></extensions></trkpt>
      <trkpt lat="49.269577" lon="-123.143131"><ele>5</ele><time>2026-06-11T04:37:39.000Z</time><extensions><gpxtpx:TrackPointExtension><gpxtpx:hr>123</gpxtpx:hr></gpxtpx:TrackPointExtension></extensions></trkpt>
      <trkpt lat="49.269604" lon="-123.143128"><ele>5</ele><time>2026-06-11T04:37:40.000Z</time><extensions><gpxtpx:TrackPointExtension><gpxtpx:hr>123</gpxtpx:hr></gpxtpx:TrackPointExtension></extensions></trkpt>
      <trkpt lat="49.269627" lon="-123.143133"><ele>5</ele><time>2026-06-11T04:37:41.000Z</time><extensions><gpxtpx:TrackPointExtension><gpxtpx:hr>123</gpxtpx:hr></gpxtpx:TrackPointExtension></extensions></trkpt>
      <trkpt lat="49.269648" lon="-123.143131"><ele>5</ele><time>2026-06-11T04:37:42.000Z</time><extensions><gpxtpx:TrackPointExtension><gpxtpx:hr>123</gpxtpx:hr></gpxtpx:TrackPointExtension></extensions></trkpt>
      <trkpt lat="49.269677" lon="-123.143121"><ele>5.2</ele><time>2026-06-11T04:37:43.000Z</time><extensions><gpxtpx:TrackPointExtension><gpxtpx:hr>122</gpxtpx:hr></gpxtpx:TrackPointExtension></extensions></trkpt>
      <trkpt lat="49.269699" lon="-123.143122"><ele>5.2</ele><time>2026-06-11T04:37:44.000Z</time><extensions><gpxtpx:TrackPointExtension><gpxtpx:hr>123</gpxtpx:hr></gpxtpx:TrackPointExtension></extensions></trkpt>
      <trkpt lat="49.269726" lon="-123.143122"><ele>5.2</ele><time>2026-06-11T04:37:45.000Z</time><extensions><gpxtpx:TrackPointExtension><gpxtpx:hr>123</gpxtpx:hr></gpxtpx:TrackPointExtension></extensions></trkpt>
      <trkpt lat="49.26975" lon="-123.143117"><ele>5.2</ele><time>2026-06-11T04:37:46.000Z</time><extensions><gpxtpx:TrackPointExtension><gpxtpx:hr>123</gpxtpx:hr></gpxtpx:TrackPointExtension></extensions></trkpt>
      <trkpt lat="49.269768" lon="-123.143117"><ele>5.2</ele><time>2026-06-11T04:37:47.000Z</time><extensions><gpxtpx:TrackPointExtension><gpxtpx:hr>122</gpxtpx:hr></gpxtpx:TrackPointExtension></extensions></trkpt>
      <trkpt lat="49.269796" lon="-123.143104"><ele>5.2</ele><time>2026-06-11T04:37:48.000Z</time><extensions><gpxtpx:TrackPointExtension><gpxtpx:hr>123</gpxtpx:hr></gpxtpx:TrackPointExtension></extensions></trkpt>
      <trkpt lat="49.269814" lon="-123.143103"><ele>5.2</ele><time>2026-06-11T04:37:49.000Z</time><extensions><gpxtpx:TrackPointExtension><gpxtpx:hr>123</gpxtpx:hr></gpxtpx:TrackPointExtension></extensions></trkpt>
      <trkpt lat="49.26984" lon="-123.143102"><ele>5.2</ele><time>2026-06-11T04:37:50.000Z</time><extensions><gpxtpx:TrackPointExtension><gpxtpx:hr>123</gpxtpx:hr></gpxtpx:TrackPointExtension></extensions></trkpt>
      <trkpt lat="49.269856" lon="-123.143103"><ele>5.2</ele><time>2026-06-11T04:37:51.000Z</time><extensions><gpxtpx:TrackPointExtension><gpxtpx:hr>122</gpxtpx:hr></gpxtpx:TrackPointExtension></extensions></trkpt>
      <trkpt lat="49.26988" lon="-123.143102"><ele>5.2</ele><time>2026-06-11T04:37:52.000Z</time><extensions><gpxtpx:TrackPointExtension><gpxtpx:hr>123</gpxtpx:hr></gpxtpx:TrackPointExtension></extensions></trkpt>
      <trkpt lat="49.269903" lon="-123.143097"><ele>5.2</ele><time>2026-06-11T04:37:53.000Z</time><extensions><gpxtpx:TrackPointExtension><gpxtpx:hr>123</gpxtpx:hr></gpxtpx:TrackPointExtension></extensions></trkpt>
      <trkpt lat="49.269925" lon="-123.1431"><ele>5.2</ele><time>2026-06-11T04:37:54.000Z</time><extensions><gpxtpx:TrackPointExtension><gpxtpx:hr>123</gpxtpx:hr></gpxtpx:TrackPointExtension></extensions></trkpt>
      <trkpt lat="49.269951" lon="-123.143097"><ele>5.2</ele><time>2026-06-11T04:37:55.000Z</time><extensions><gpxtpx:TrackPointExtension><gpxtpx:hr>123</gpxtpx:hr></gpxtpx:TrackPointExtension></extensions></trkpt>
      <trkpt lat="49.269969" lon="-123.143101"><ele>5.2</ele><time>2026-06-11T04:37:56.000Z</time><extensions><gpxtpx:TrackPointExtension><gpxtpx:hr>123</gpxtpx:hr></gpxtpx:TrackPointExtension></extensions></trkpt>
      <trkpt lat="49.269995" lon="-123.143094"><ele>5.2</ele><time>2026-06-11T04:37:57.000Z</time><extensions><gpxtpx:TrackPointExtension><gpxtpx:hr>123</gpxtpx:hr></gpxtpx:TrackPointExtension></extensions></trkpt>
      <trkpt lat="49.27001" lon="-123.143098"><ele>5.2</ele><time>2026-06-11T04:37:58.000Z</time><extensions><gpxtpx:TrackPointExtension><gpxtpx:hr>123</gpxtpx:hr></gpxtpx:TrackPointExtension></extensions></trkpt>
      <trkpt lat="49.270034" lon="-123.143092"><ele>5.2</ele><time>2026-06-11T04:37:59.000Z</time><extensions><gpxtpx:TrackPointExtension><gpxtpx:hr>123</gpxtpx:hr></gpxtpx:TrackPointExtension></extensions></trkpt>
      <trkpt lat="49.270048" lon="-123.143091"><ele>5.4</ele><time>2026-06-11T04:38:00.000Z</time><extensions><gpxtpx:TrackPointExtension><gpxtpx:hr>123</gpxtpx:hr></gpxtpx:TrackPointExtension></extensions></trkpt>
      <trkpt lat="49.270073" lon="-123.143091"><ele>5.4</ele><time>2026-06-11T04:38:01.000Z</time><extensions><gpxtpx:TrackPointExtension><gpxtpx:hr>123</gpxtpx:hr></gpxtpx:TrackPointExtension></extensions></trkpt>
      <trkpt lat="49.270093" lon="-123.143084"><ele>5.4</ele><time>2026-06-11T04:38:02.000Z</time><extensions><gpxtpx:TrackPointExtension><gpxtpx:hr>123</gpxtpx:hr></gpxtpx:TrackPointExtension></extensions></trkpt>
      <trkpt lat="49.27011" lon="-123.143088"><ele>5.4</ele><time>2026-06-11T04:38:03.000Z</time><extensions><gpxtpx:TrackPointExtension><gpxtpx:hr>123</gpxtpx:hr></gpxtpx:TrackPointExtension></extensions></trkpt>
      <trkpt lat="49.270138" lon="-123.143084"><ele>5.6</ele><time>2026-06-11T04:38:04.000Z</time><extensions><gpxtpx:TrackPointExtension><gpxtpx:hr>123</gpxtpx:hr></gpxtpx:TrackPointExtension></extensions></trkpt>
      <trkpt lat="49.270151" lon="-123.143086"><ele>5.6</ele><time>2026-06-11T04:38:05.000Z</time><extensions><gpxtpx:TrackPointExtension><gpxtpx:hr>123</gpxtpx:hr></gpxtpx:TrackPointExtension></extensions></trkpt>
      <trkpt lat="49.270168" lon="-123.143088"><ele>5.6</ele><time>2026-06-11T04:38:06.000Z</time><extensions><gpxtpx:TrackPointExtension><gpxtpx:hr>123</gpxtpx:hr></gpxtpx:TrackPointExtension></extensions></trkpt>
      <trkpt lat="49.270193" lon="-123.143081"><ele>5.6</ele><time>2026-06-11T04:38:07.000Z</time><extensions><gpxtpx:TrackPointExtension><gpxtpx:hr>123</gpxtpx:hr></gpxtpx:TrackPointExtension></extensions></trkpt>
      <trkpt lat="49.270211" lon="-123.143079"><ele>5.6</ele><time>2026-06-11T04:38:08.000Z</time><extensions><gpxtpx:TrackPointExtension><gpxtpx:hr>123</gpxtpx:hr></gpxtpx:TrackPointExtension></extensions></trkpt>
      <trkpt lat="49.270232" lon="-123.143079"><ele>5.4</ele><time>2026-06-11T04:38:09.000Z</time><extensions><gpxtpx:TrackPointExtension><gpxtpx:hr>122</gpxtpx:hr></gpxtpx:TrackPointExtension></extensions></trkpt>
      <trkpt lat="49.270251" lon="-123.143074"><ele>5.4</ele><time>2026-06-11T04:38:10.000Z</time><extensions><gpxtpx:TrackPointExtension><gpxtpx:hr>123</gpxtpx:hr></gpxtpx:TrackPointExtension></extensions></trkpt>
      <trkpt lat="49.270276" lon="-123.143076"><ele>5.6</ele><time>2026-06-11T04:38:11.000Z</time><extensions><gpxtpx:TrackPointExtension><gpxtpx:hr>122</gpxtpx:hr></gpxtpx:TrackPointExtension></extensions></trkpt>
      <trkpt lat="49.270302" lon="-123.143072"><ele>5.6</ele><time>2026-06-11T04:38:12.000Z</time><extensions><gpxtpx:TrackPointExtension><gpxtpx:hr>122</gpxtpx:hr></gpxtpx:TrackPointExtension></extensions></trkpt>
      <trkpt lat="49.270323" lon="-123.143078"><ele>5.6</ele><time>2026-06-11T04:38:13.000Z</time><extensions><gpxtpx:TrackPointExtension><gpxtpx:hr>122</gpxtpx:hr></gpxtpx:TrackPointExtension></extensions></trkpt>
      <trkpt lat="49.270353" lon="-123.143076"><ele>5.6</ele><time>2026-06-11T04:38:14.000Z</time><extensions><gpxtpx:TrackPointExtension><gpxtpx:hr>122</gpxtpx:hr></gpxtpx:TrackPointExtension></extensions></trkpt>
      <trkpt lat="49.270368" lon="-123.143081"><ele>5.6</ele><time>2026-06-11T04:38:15.000Z</time><extensions><gpxtpx:TrackPointExtension><gpxtpx:hr>122</gpxtpx:hr></gpxtpx:TrackPointExtension></extensions></trkpt>
      <trkpt lat="49.270392" lon="-123.143078"><ele>5.6</ele><time>2026-06-11T04:38:16.000Z</time><extensions><gpxtpx:TrackPointExtension><gpxtpx:hr>122</gpxtpx:hr></gpxtpx:TrackPointExtension></extensions></trkpt>
      <trkpt lat="49.270405" lon="-123.143081"><ele>5.6</ele><time>2026-06-11T04:38:17.000Z</time><extensions><gpxtpx:TrackPointExtension><gpxtpx:hr>122</gpxtpx:hr></gpxtpx:TrackPointExtension></extensions></trkpt>
      <trkpt lat="49.270428" lon="-123.143084"><ele>5.8</ele><time>2026-06-11T04:38:18.000Z</time><extensions><gpxtpx:TrackPointExtension><gpxtpx:hr>122</gpxtpx:hr></gpxtpx:TrackPointExtension></extensions></trkpt>
      <trkpt lat="49.270444" lon="-123.143084"><ele>5.8</ele><time>2026-06-11T04:38:19.000Z</time><extensions><gpxtpx:TrackPointExtension><gpxtpx:hr>122</gpxtpx:hr></gpxtpx:TrackPointExtension></extensions></trkpt>
      <trkpt lat="49.270463" lon="-123.143086"><ele>6</ele><time>2026-06-11T04:38:20.000Z</time><extensions><gpxtpx:TrackPointExtension><gpxtpx:hr>122</gpxtpx:hr></gpxtpx:TrackPointExtension></extensions></trkpt>
      <trkpt lat="49.270485" lon="-123.143086"><ele>6</ele><time>2026-06-11T04:38:21.000Z</time><extensions><gpxtpx:TrackPointExtension><gpxtpx:hr>122</gpxtpx:hr></gpxtpx:TrackPointExtension></extensions></trkpt>
      <trkpt lat="49.27051" lon="-123.143086"><ele>6</ele><time>2026-06-11T04:38:22.000Z</time><extensions><gpxtpx:TrackPointExtension><gpxtpx:hr>123</gpxtpx:hr></gpxtpx:TrackPointExtension></extensions></trkpt>
      <trkpt lat="49.270536" lon="-123.143063"><ele>6</ele><time>2026-06-11T04:38:23.000Z</time><extensions><gpxtpx:TrackPointExtension><gpxtpx:hr>123</gpxtpx:hr></gpxtpx:TrackPointExtension></extensions></trkpt>
      <trkpt lat="49.270551" lon="-123.143027"><ele>6</ele><time>2026-06-11T04:38:24.000Z</time><extensions><gpxtpx:TrackPointExtension><gpxtpx:hr>123</gpxtpx:hr></gpxtpx:TrackPointExtension></extensions></trkpt>
      <trkpt lat="49.270558" lon="-123.142988"><ele>6</ele><time>2026-06-11T04:38:25.000Z</time><extensions><gpxtpx:TrackPointExtension><gpxtpx:hr>123</gpxtpx:hr></gpxtpx:TrackPointExtension></extensions></trkpt>
      <trkpt lat="49.270557" lon="-123.142943"><ele>6</ele><time>2026-06-11T04:38:26.000Z</time><extensions><gpxtpx:TrackPointExtension><gpxtpx:hr>123</gpxtpx:hr></gpxtpx:TrackPointExtension></extensions></trkpt>
      <trkpt lat="49.270563" lon="-123.14291"><ele>6</ele><time>2026-06-11T04:38:27.000Z</time><extensions><gpxtpx:TrackPointExtension><gpxtpx:hr>123</gpxtpx:hr></gpxtpx:TrackPointExtension></extensions></trkpt>
      <trkpt lat="49.270566" lon="-123.14287"><ele>6</ele><time>2026-06-11T04:38:28.000Z</time><extensions><gpxtpx:TrackPointExtension><gpxtpx:hr>122</gpxtpx:hr></gpxtpx:TrackPointExtension></extensions></trkpt>
      <trkpt lat="49.270569" lon="-123.142836"><ele>6</ele><time>2026-06-11T04:38:29.000Z</time><extensions><gpxtpx:TrackPointExtension><gpxtpx:hr>123</gpxtpx:hr></gpxtpx:TrackPointExtension></extensions></trkpt>
      <trkpt lat="49.270577" lon="-123.142797"><ele>6</ele><time>2026-06-11T04:38:30.000Z</time><extensions><gpxtpx:TrackPointExtension><gpxtpx:hr>123</gpxtpx:hr></gpxtpx:TrackPointExtension></extensions></trkpt>
      <trkpt lat="49.270577" lon="-123.142766"><ele>6</ele><time>2026-06-11T04:38:31.000Z</time><extensions><gpxtpx:TrackPointExtension><gpxtpx:hr>123</gpxtpx:hr></gpxtpx:TrackPointExtension></extensions></trkpt>
      <trkpt lat="49.270579" lon="-123.142735"><ele>6</ele><time>2026-06-11T04:38:32.000Z</time><extensions><gpxtpx:TrackPointExtension><gpxtpx:hr>123</gpxtpx:hr></gpxtpx:TrackPointExtension></extensions></trkpt>
      <trkpt lat="49.270575" lon="-123.142697"><ele>6.2</ele><time>2026-06-11T04:38:33.000Z</time><extensions><gpxtpx:TrackPointExtension><gpxtpx:hr>123</gpxtpx:hr></gpxtpx:TrackPointExtension></extensions></trkpt>
      <trkpt lat="49.270579" lon="-123.142664"><ele>6.2</ele><time>2026-06-11T04:38:34.000Z</time><extensions><gpxtpx:TrackPointExtension><gpxtpx:hr>123</gpxtpx:hr></gpxtpx:TrackPointExtension></extensions></trkpt>
      <trkpt lat="49.27058" lon="-123.142622"><ele>6.2</ele><time>2026-06-11T04:38:35.000Z</time><extensions><gpxtpx:TrackPointExtension><gpxtpx:hr>123</gpxtpx:hr></gpxtpx:TrackPointExtension></extensions></trkpt>
      <trkpt lat="49.270582" lon="-123.14259"><ele>6.2</ele><time>2026-06-11T04:38:36.000Z</time><extensions><gpxtpx:TrackPointExtension><gpxtpx:hr>124</gpxtpx:hr></gpxtpx:TrackPointExtension></extensions></trkpt>
      <trkpt lat="49.270578" lon="-123.142545"><ele>6.2</ele><time>2026-06-11T04:38:37.000Z</time><extensions><gpxtpx:TrackPointExtension><gpxtpx:hr>124</gpxtpx:hr></gpxtpx:TrackPointExtension></extensions></trkpt>
      <trkpt lat="49.270577" lon="-123.142513"><ele>6.2</ele><time>2026-06-11T04:38:38.000Z</time><extensions><gpxtpx:TrackPointExtension><gpxtpx:hr>124</gpxtpx:hr></gpxtpx:TrackPointExtension></extensions></trkpt>
      <trkpt lat="49.270576" lon="-123.142471"><ele>6.2</ele><time>2026-06-11T04:38:39.000Z</time><extensions><gpxtpx:TrackPointExtension><gpxtpx:hr>124</gpxtpx:hr></gpxtpx:TrackPointExtension></extensions></trkpt>
      <trkpt lat="49.270577" lon="-123.142431"><ele>6.2</ele><time>2026-06-11T04:38:40.000Z</time><extensions><gpxtpx:TrackPointExtension><gpxtpx:hr>124</gpxtpx:hr></gpxtpx:TrackPointExtension></extensions></trkpt>
      <trkpt lat="49.270579" lon="-123.142406"><ele>6.2</ele><time>2026-06-11T04:38:41.000Z</time><extensions><gpxtpx:TrackPointExtension><gpxtpx:hr>124</gpxtpx:hr></gpxtpx:TrackPointExtension></extensions></trkpt>
      <trkpt lat="49.270572" lon="-123.14236"><ele>6.2</ele><time>2026-06-11T04:38:42.000Z</time><extensions><gpxtpx:TrackPointExtension><gpxtpx:hr>124</gpxtpx:hr></gpxtpx:TrackPointExtension></extensions></trkpt>
      <trkpt lat="49.270568" lon="-123.142335"><ele>6.2</ele><time>2026-06-11T04:38:43.000Z</time><extensions><gpxtpx:TrackPointExtension><gpxtpx:hr>124</gpxtpx:hr></gpxtpx:TrackPointExtension></extensions></trkpt>
      <trkpt lat="49.270565" lon="-123.142299"><ele>6.2</ele><time>2026-06-11T04:38:44.000Z</time><extensions><gpxtpx:TrackPointExtension><gpxtpx:hr>125</gpxtpx:hr></gpxtpx:TrackPointExtension></extensions></trkpt>
      <trkpt lat="49.270562" lon="-123.14227"><ele>6</ele><time>2026-06-11T04:38:45.000Z</time><extensions><gpxtpx:TrackPointExtension><gpxtpx:hr>125</gpxtpx:hr></gpxtpx:TrackPointExtension></extensions></trkpt>
      <trkpt lat="49.270562" lon="-123.14223"><ele>6</ele><time>2026-06-11T04:38:46.000Z</time><extensions><gpxtpx:TrackPointExtension><gpxtpx:hr>125</gpxtpx:hr></gpxtpx:TrackPointExtension></extensions></trkpt>
      <trkpt lat="49.270558" lon="-123.142195"><ele>6</ele><time>2026-06-11T04:38:47.000Z</time><extensions><gpxtpx:TrackPointExtension><gpxtpx:hr>125</gpxtpx:hr></gpxtpx:TrackPointExtension></extensions></trkpt>
      <trkpt lat="49.270557" lon="-123.142161"><ele>6</ele><time>2026-06-11T04:38:48.000Z</time><extensions><gpxtpx:TrackPointExtension><gpxtpx:hr>124</gpxtpx:hr></gpxtpx:TrackPointExtension></extensions></trkpt>
      <trkpt lat="49.270552" lon="-123.142125"><ele>6.2</ele><time>2026-06-11T04:38:49.000Z</time><extensions><gpxtpx:TrackPointExtension><gpxtpx:hr>125</gpxtpx:hr></gpxtpx:TrackPointExtension></extensions></trkpt>
      <trkpt lat="49.270553" lon="-123.142094"><ele>6.2</ele><time>2026-06-11T04:38:50.000Z</time><extensions><gpxtpx:TrackPointExtension><gpxtpx:hr>125</gpxtpx:hr></gpxtpx:TrackPointExtension></extensions></trkpt>
      <trkpt lat="49.270555" lon="-123.142052"><ele>6.2</ele><time>2026-06-11T04:38:51.000Z</time><extensions><gpxtpx:TrackPointExtension><gpxtpx:hr>125</gpxtpx:hr></gpxtpx:TrackPointExtension></extensions></trkpt>
      <trkpt lat="49.270561" lon="-123.14203"><ele>6.4</ele><time>2026-06-11T04:38:52.000Z</time><extensions><gpxtpx:TrackPointExtension><gpxtpx:hr>124</gpxtpx:hr></gpxtpx:TrackPointExtension></extensions></trkpt>
      <trkpt lat="49.270561" lon="-123.141987"><ele>6.4</ele><time>2026-06-11T04:38:53.000Z</time><extensions><gpxtpx:TrackPointExtension><gpxtpx:hr>125</gpxtpx:hr></gpxtpx:TrackPointExtension></extensions></trkpt>
      <trkpt lat="49.270568" lon="-123.141957"><ele>6.6</ele><time>2026-06-11T04:38:54.000Z</time><extensions><gpxtpx:TrackPointExtension><gpxtpx:hr>125</gpxtpx:hr></gpxtpx:TrackPointExtension></extensions></trkpt>
      <trkpt lat="49.270564" lon="-123.141921"><ele>6.6</ele><time>2026-06-11T04:38:55.000Z</time><extensions><gpxtpx:TrackPointExtension><gpxtpx:hr>125</gpxtpx:hr></gpxtpx:TrackPointExtension></extensions></trkpt>
      <trkpt lat="49.27056" lon="-123.141891"><ele>6.6</ele><time>2026-06-11T04:38:56.000Z</time><extensions><gpxtpx:TrackPointExtension><gpxtpx:hr>125</gpxtpx:hr></gpxtpx:TrackPointExtension></extensions></trkpt>
      <trkpt lat="49.270563" lon="-123.141859"><ele>6.6</ele><time>2026-06-11T04:38:57.000Z</time><extensions><gpxtpx:TrackPointExtension><gpxtpx:hr>125</gpxtpx:hr></gpxtpx:TrackPointExtension></extensions></trkpt>
      <trkpt lat="49.270561" lon="-123.14182"><ele>6.6</ele><time>2026-06-11T04:38:58.000Z</time><extensions><gpxtpx:TrackPointExtension><gpxtpx:hr>125</gpxtpx:hr></gpxtpx:TrackPointExtension></extensions></trkpt>
      <trkpt lat="49.270563" lon="-123.141792"><ele>6.6</ele><time>2026-06-11T04:38:59.000Z</time><extensions><gpxtpx:TrackPointExtension><gpxtpx:hr>125</gpxtpx:hr></gpxtpx:TrackPointExtension></extensions></trkpt>
      <trkpt lat="49.270558" lon="-123.141748"><ele>6.6</ele><time>2026-06-11T04:39:00.000Z</time><extensions><gpxtpx:TrackPointExtension><gpxtpx:hr>125</gpxtpx:hr></gpxtpx:TrackPointExtension></extensions></trkpt>
      <trkpt lat="49.27056" lon="-123.141711"><ele>6.6</ele><time>2026-06-11T04:39:01.000Z</time><extensions><gpxtpx:TrackPointExtension><gpxtpx:hr>125</gpxtpx:hr></gpxtpx:TrackPointExtension></extensions></trkpt>
      <trkpt lat="49.270555" lon="-123.141668"><ele>6.8</ele><time>2026-06-11T04:39:02.000Z</time><extensions><gpxtpx:TrackPointExtension><gpxtpx:hr>125</gpxtpx:hr></gpxtpx:TrackPointExtension></extensions></trkpt>
      <trkpt lat="49.270563" lon="-123.141638"><ele>6.8</ele><time>2026-06-11T04:39:03.000Z</time><extensions><gpxtpx:TrackPointExtension><gpxtpx:hr>125</gpxtpx:hr></gpxtpx:TrackPointExtension></extensions></trkpt>
      <trkpt lat="49.270563" lon="-123.141602"><ele>6.8</ele><time>2026-06-11T04:39:04.000Z</time><extensions><gpxtpx:TrackPointExtension><gpxtpx:hr>125</gpxtpx:hr></gpxtpx:TrackPointExtension></extensions></trkpt>
      <trkpt lat="49.27056" lon="-123.141564"><ele>7</ele><time>2026-06-11T04:39:05.000Z</time><extensions><gpxtpx:TrackPointExtension><gpxtpx:hr>126</gpxtpx:hr></gpxtpx:TrackPointExtension></extensions></trkpt>
      <trkpt lat="49.270568" lon="-123.14153"><ele>7</ele><time>2026-06-11T04:39:06.000Z</time><extensions><gpxtpx:TrackPointExtension><gpxtpx:hr>125</gpxtpx:hr></gpxtpx:TrackPointExtension></extensions></trkpt>
      <trkpt lat="49.270567" lon="-123.141487"><ele>6.8</ele><time>2026-06-11T04:39:07.000Z</time><extensions><gpxtpx:TrackPointExtension><gpxtpx:hr>125</gpxtpx:hr></gpxtpx:TrackPointExtension></extensions></trkpt>
      <trkpt lat="49.270563" lon="-123.141468"><ele>7</ele><time>2026-06-11T04:39:08.000Z</time><extensions><gpxtpx:TrackPointExtension><gpxtpx:hr>126</gpxtpx:hr></gpxtpx:TrackPointExtension></extensions></trkpt>
      <trkpt lat="49.270554" lon="-123.141427"><ele>7</ele><time>2026-06-11T04:39:09.000Z</time><extensions><gpxtpx:TrackPointExtension><gpxtpx:hr>126</gpxtpx:hr></gpxtpx:TrackPointExtension></extensions></trkpt>
      <trkpt lat="49.270554" lon="-123.141397"><ele>7</ele><time>2026-06-11T04:39:10.000Z</time><extensions><gpxtpx:TrackPointExtension><gpxtpx:hr>126</gpxtpx:hr></gpxtpx:TrackPointExtension></extensions></trkpt>
      <trkpt lat="49.270551" lon="-123.141363"><ele>7</ele><time>2026-06-11T04:39:11.000Z</time><extensions><gpxtpx:TrackPointExtension><gpxtpx:hr>126</gpxtpx:hr></gpxtpx:TrackPointExtension></extensions></trkpt>
      <trkpt lat="49.270545" lon="-123.141333"><ele>7</ele><time>2026-06-11T04:39:12.000Z</time><extensions><gpxtpx:TrackPointExtension><gpxtpx:hr>126</gpxtpx:hr></gpxtpx:TrackPointExtension></extensions></trkpt>
      <trkpt lat="49.270544" lon="-123.141301"><ele>7</ele><time>2026-06-11T04:39:13.000Z</time><extensions><gpxtpx:TrackPointExtension><gpxtpx:hr>126</gpxtpx:hr></gpxtpx:TrackPointExtension></extensions></trkpt>
      <trkpt lat="49.27054" lon="-123.141266"><ele>7</ele><time>2026-06-11T04:39:14.000Z</time><extensions><gpxtpx:TrackPointExtension><gpxtpx:hr>126</gpxtpx:hr></gpxtpx:TrackPointExtension></extensions></trkpt>
      <trkpt lat="49.27054" lon="-123.141232"><ele>7.2</ele><time>2026-06-11T04:39:15.000Z</time><extensions><gpxtpx:TrackPointExtension><gpxtpx:hr>127</gpxtpx:hr></gpxtpx:TrackPointExtension></extensions></trkpt>
      <trkpt lat="49.270543" lon="-123.141199"><ele>7</ele><time>2026-06-11T04:39:16.000Z</time><extensions><gpxtpx:TrackPointExtension><gpxtpx:hr>127</gpxtpx:hr></gpxtpx:TrackPointExtension></extensions></trkpt>
      <trkpt lat="49.270549" lon="-123.14118"><ele>7.2</ele><time>2026-06-11T04:39:17.000Z</time><extensions><gpxtpx:TrackPointExtension><gpxtpx:hr>127</gpxtpx:hr></gpxtpx:TrackPointExtension></extensions></trkpt>
      <trkpt lat="49.270558" lon="-123.14118"><ele>7</ele><time>2026-06-11T04:39:18.000Z</time><extensions><gpxtpx:TrackPointExtension><gpxtpx:hr>127</gpxtpx:hr></gpxtpx:TrackPointExtension></extensions></trkpt>
      <trkpt lat="49.270574" lon="-123.141165"><ele>7</ele><time>2026-06-11T04:39:19.000Z</time><extensions><gpxtpx:TrackPointExtension><gpxtpx:hr>127</gpxtpx:hr></gpxtpx:TrackPointExtension></extensions></trkpt>
      <trkpt lat="49.270588" lon="-123.141147"><ele>7</ele><time>2026-06-11T04:39:20.000Z</time><extensions><gpxtpx:TrackPointExtension><gpxtpx:hr>127</gpxtpx:hr></gpxtpx:TrackPointExtension></extensions></trkpt>
      <trkpt lat="49.270606" lon="-123.141145"><ele>7</ele><time>2026-06-11T04:39:21.000Z</time><extensions><gpxtpx:TrackPointExtension><gpxtpx:hr>127</gpxtpx:hr></gpxtpx:TrackPointExtension></extensions></trkpt>
      <trkpt lat="49.27063" lon="-123.141143"><ele>7</ele><time>2026-06-11T04:39:22.000Z</time><extensions><gpxtpx:TrackPointExtension><gpxtpx:hr>127</gpxtpx:hr></gpxtpx:TrackPointExtension></extensions></trkpt>
      <trkpt lat="49.270647" lon="-123.141156"><ele>7</ele><time>2026-06-11T04:39:23.000Z</time><extensions><gpxtpx:TrackPointExtension><gpxtpx:hr>127</gpxtpx:hr></gpxtpx:TrackPointExtension></extensions></trkpt>
      <trkpt lat="49.270678" lon="-123.141178"><ele>7</ele><time>2026-06-11T04:39:24.000Z</time><extensions><gpxtpx:TrackPointExtension><gpxtpx:hr>127</gpxtpx:hr></gpxtpx:TrackPointExtension></extensions></trkpt>
      <trkpt lat="49.270701" lon="-123.141196"><ele>7</ele><time>2026-06-11T04:39:25.000Z</time><extensions><gpxtpx:TrackPointExtension><gpxtpx:hr>127</gpxtpx:hr></gpxtpx:TrackPointExtension></extensions></trkpt>
      <trkpt lat="49.270723" lon="-123.141216"><ele>6.8</ele><time>2026-06-11T04:39:26.000Z</time><extensions><gpxtpx:TrackPointExtension><gpxtpx:hr>127</gpxtpx:hr></gpxtpx:TrackPointExtension></extensions></trkpt>
      <trkpt lat="49.270745" lon="-123.141243"><ele>6.8</ele><time>2026-06-11T04:39:27.000Z</time><extensions><gpxtpx:TrackPointExtension><gpxtpx:hr>126</gpxtpx:hr></gpxtpx:TrackPointExtension></extensions></trkpt>
      <trkpt lat="49.270767" lon="-123.141264"><ele>6.8</ele><time>2026-06-11T04:39:28.000Z</time><extensions><gpxtpx:TrackPointExtension><gpxtpx:hr>127</gpxtpx:hr></gpxtpx:TrackPointExtension></extensions></trkpt>
      <trkpt lat="49.270791" lon="-123.141289"><ele>6.8</ele><time>2026-06-11T04:39:29.000Z</time><extensions><gpxtpx:TrackPointExtension><gpxtpx:hr>127</gpxtpx:hr></gpxtpx:TrackPointExtension></extensions></trkpt>
      <trkpt lat="49.270806" lon="-123.141308"><ele>6.8</ele><time>2026-06-11T04:39:30.000Z</time><extensions><gpxtpx:TrackPointExtension><gpxtpx:hr>128</gpxtpx:hr></gpxtpx:TrackPointExtension></extensions></trkpt>
      <trkpt lat="49.270829" lon="-123.141312"><ele>6.8</ele><time>2026-06-11T04:39:31.000Z</time><extensions><gpxtpx:TrackPointExtension><gpxtpx:hr>128</gpxtpx:hr></gpxtpx:TrackPointExtension></extensions></trkpt>
      <trkpt lat="49.270849" lon="-123.141297"><ele>6.8</ele><time>2026-06-11T04:39:32.000Z</time><extensions><gpxtpx:TrackPointExtension><gpxtpx:hr>128</gpxtpx:hr></gpxtpx:TrackPointExtension></extensions></trkpt>
      <trkpt lat="49.270868" lon="-123.141288"><ele>6.8</ele><time>2026-06-11T04:39:33.000Z</time><extensions><gpxtpx:TrackPointExtension><gpxtpx:hr>128</gpxtpx:hr></gpxtpx:TrackPointExtension></extensions></trkpt>
      <trkpt lat="49.270892" lon="-123.141265"><ele>6.8</ele><time>2026-06-11T04:39:34.000Z</time><extensions><gpxtpx:TrackPointExtension><gpxtpx:hr>127</gpxtpx:hr></gpxtpx:TrackPointExtension></extensions></trkpt>
      <trkpt lat="49.270914" lon="-123.141242"><ele>6.6</ele><time>2026-06-11T04:39:35.000Z</time><extensions><gpxtpx:TrackPointExtension><gpxtpx:hr>128</gpxtpx:hr></gpxtpx:TrackPointExtension></extensions></trkpt>
      <trkpt lat="49.270927" lon="-123.141224"><ele>6.6</ele><time>2026-06-11T04:39:36.000Z</time><extensions><gpxtpx:TrackPointExtension><gpxtpx:hr>128</gpxtpx:hr></gpxtpx:TrackPointExtension></extensions></trkpt>
      <trkpt lat="49.270946" lon="-123.141193"><ele>6.6</ele><time>2026-06-11T04:39:37.000Z</time><extensions><gpxtpx:TrackPointExtension><gpxtpx:hr>127</gpxtpx:hr></gpxtpx:TrackPointExtension></extensions></trkpt>
      <trkpt lat="49.270962" lon="-123.141169"><ele>6.6</ele><time>2026-06-11T04:39:38.000Z</time><extensions><gpxtpx:TrackPointExtension><gpxtpx:hr>128</gpxtpx:hr></gpxtpx:TrackPointExtension></extensions></trkpt>
      <trkpt lat="49.270977" lon="-123.141162"><ele>6.6</ele><time>2026-06-11T04:39:39.000Z</time><extensions><gpxtpx:TrackPointExtension><gpxtpx:hr>128</gpxtpx:hr></gpxtpx:TrackPointExtension></extensions></trkpt>
      <trkpt lat="49.270991" lon="-123.141157"><ele>6.6</ele><time>2026-06-11T04:39:40.000Z</time><extensions><gpxtpx:TrackPointExtension><gpxtpx:hr>128</gpxtpx:hr></gpxtpx:TrackPointExtension></extensions></trkpt>
      <trkpt lat="49.271001" lon="-123.141155"><ele>6.6</ele><time>2026-06-11T04:39:41.000Z</time><extensions><gpxtpx:TrackPointExtension><gpxtpx:hr>128</gpxtpx:hr></gpxtpx:TrackPointExtension></extensions></trkpt>
      <trkpt lat="49.271016" lon="-123.141141"><ele>6.4</ele><time>2026-06-11T04:39:42.000Z</time><extensions><gpxtpx:TrackPointExtension><gpxtpx:hr>128</gpxtpx:hr></gpxtpx:TrackPointExtension></extensions></trkpt>
      <trkpt lat="49.271032" lon="-123.141117"><ele>6.4</ele><time>2026-06-11T04:39:43.000Z</time><extensions><gpxtpx:TrackPointExtension><gpxtpx:hr>128</gpxtpx:hr></gpxtpx:TrackPointExtension></extensions></trkpt>
      <trkpt lat="49.27104" lon="-123.141096"><ele>6.2</ele><time>2026-06-11T04:39:44.000Z</time><extensions><gpxtpx:TrackPointExtension><gpxtpx:hr>127</gpxtpx:hr></gpxtpx:TrackPointExtension></extensions></trkpt>
      <trkpt lat="49.271061" lon="-123.141078"><ele>6.2</ele><time>2026-06-11T04:39:45.000Z</time><extensions><gpxtpx:TrackPointExtension><gpxtpx:hr>128</gpxtpx:hr></gpxtpx:TrackPointExtension></extensions></trkpt>
      <trkpt lat="49.271076" lon="-123.14108"><ele>6</ele><time>2026-06-11T04:39:46.000Z</time><extensions><gpxtpx:TrackPointExtension><gpxtpx:hr>128</gpxtpx:hr></gpxtpx:TrackPointExtension></extensions></trkpt>
      <trkpt lat="49.271094" lon="-123.141094"><ele>6</ele><time>2026-06-11T04:39:47.000Z</time><extensions><gpxtpx:TrackPointExtension><gpxtpx:hr>127</gpxtpx:hr></gpxtpx:TrackPointExtension></extensions></trkpt>
      <trkpt lat="49.271116" lon="-123.141114"><ele>6</ele><time>2026-06-11T04:39:48.000Z</time><extensions><gpxtpx:TrackPointExtension><gpxtpx:hr>127</gpxtpx:hr></gpxtpx:TrackPointExtension></extensions></trkpt>
      <trkpt lat="49.271136" lon="-123.141129"><ele>6</ele><time>2026-06-11T04:39:49.000Z</time><extensions><gpxtpx:TrackPointExtension><gpxtpx:hr>127</gpxtpx:hr></gpxtpx:TrackPointExtension></extensions></trkpt>
      <trkpt lat="49.271158" lon="-123.141146"><ele>6</ele><time>2026-06-11T04:39:50.000Z</time><extensions><gpxtpx:TrackPointExtension><gpxtpx:hr>127</gpxtpx:hr></gpxtpx:TrackPointExtension></extensions></trkpt>
      <trkpt lat="49.271181" lon="-123.141163"><ele>6.2</ele><time>2026-06-11T04:39:51.000Z</time><extensions><gpxtpx:TrackPointExtension><gpxtpx:hr>128</gpxtpx:hr></gpxtpx:TrackPointExtension></extensions></trkpt>
      <trkpt lat="49.271195" lon="-123.141186"><ele>6.2</ele><time>2026-06-11T04:39:52.000Z</time><extensions><gpxtpx:TrackPointExtension><gpxtpx:hr>127</gpxtpx:hr></gpxtpx:TrackPointExtension></extensions></trkpt>
      <trkpt lat="49.271221" lon="-123.141206"><ele>6.2</ele><time>2026-06-11T04:39:53.000Z</time><extensions><gpxtpx:TrackPointExtension><gpxtpx:hr>127</gpxtpx:hr></gpxtpx:TrackPointExtension></extensions></trkpt>
      <trkpt lat="49.271243" lon="-123.141221"><ele>6.2</ele><time>2026-06-11T04:39:54.000Z</time><extensions><gpxtpx:TrackPointExtension><gpxtpx:hr>127</gpxtpx:hr></gpxtpx:TrackPointExtension></extensions></trkpt>
      <trkpt lat="49.271261" lon="-123.141236"><ele>6.2</ele><time>2026-06-11T04:39:55.000Z</time><extensions><gpxtpx:TrackPointExtension><gpxtpx:hr>127</gpxtpx:hr></gpxtpx:TrackPointExtension></extensions></trkpt>
      <trkpt lat="49.271288" lon="-123.141254"><ele>6.2</ele><time>2026-06-11T04:39:56.000Z</time><extensions><gpxtpx:TrackPointExtension><gpxtpx:hr>128</gpxtpx:hr></gpxtpx:TrackPointExtension></extensions></trkpt>
      <trkpt lat="49.271301" lon="-123.14127"><ele>6.2</ele><time>2026-06-11T04:39:57.000Z</time><extensions><gpxtpx:TrackPointExtension><gpxtpx:hr>127</gpxtpx:hr></gpxtpx:TrackPointExtension></extensions></trkpt>
      <trkpt lat="49.271323" lon="-123.141296"><ele>6.2</ele><time>2026-06-11T04:39:58.000Z</time><extensions><gpxtpx:TrackPointExtension><gpxtpx:hr>127</gpxtpx:hr></gpxtpx:TrackPointExtension></extensions></trkpt>
      <trkpt lat="49.271346" lon="-123.141312"><ele>6.2</ele><time>2026-06-11T04:39:59.000Z</time><extensions><gpxtpx:TrackPointExtension><gpxtpx:hr>127</gpxtpx:hr></gpxtpx:TrackPointExtension></extensions></trkpt>
      <trkpt lat="49.271361" lon="-123.141332"><ele>6</ele><time>2026-06-11T04:40:00.000Z</time><extensions><gpxtpx:TrackPointExtension><gpxtpx:hr>128</gpxtpx:hr></gpxtpx:TrackPointExtension></extensions></trkpt>
      <trkpt lat="49.271389" lon="-123.141348"><ele>6</ele><time>2026-06-11T04:40:01.000Z</time><extensions><gpxtpx:TrackPointExtension><gpxtpx:hr>127</gpxtpx:hr></gpxtpx:TrackPointExtension></extensions></trkpt>
      <trkpt lat="49.271403" lon="-123.141365"><ele>6</ele><time>2026-06-11T04:40:02.000Z</time><extensions><gpxtpx:TrackPointExtension><gpxtpx:hr>127</gpxtpx:hr></gpxtpx:TrackPointExtension></extensions></trkpt>
      <trkpt lat="49.271428" lon="-123.141382"><ele>6</ele><time>2026-06-11T04:40:03.000Z</time><extensions><gpxtpx:TrackPointExtension><gpxtpx:hr>127</gpxtpx:hr></gpxtpx:TrackPointExtension></extensions></trkpt>
      <trkpt lat="49.271448" lon="-123.141396"><ele>6</ele><time>2026-06-11T04:40:04.000Z</time><extensions><gpxtpx:TrackPointExtension><gpxtpx:hr>128</gpxtpx:hr></gpxtpx:TrackPointExtension></extensions></trkpt>
      <trkpt lat="49.271466" lon="-123.14142"><ele>6</ele><time>2026-06-11T04:40:05.000Z</time><extensions><gpxtpx:TrackPointExtension><gpxtpx:hr>127</gpxtpx:hr></gpxtpx:TrackPointExtension></extensions></trkpt>
      <trkpt lat="49.271491" lon="-123.141442"><ele>6</ele><time>2026-06-11T04:40:06.000Z</time><extensions><gpxtpx:TrackPointExtension><gpxtpx:hr>128</gpxtpx:hr></gpxtpx:TrackPointExtension></extensions></trkpt>
      <trkpt lat="49.271505" lon="-123.141465"><ele>6</ele><time>2026-06-11T04:40:07.000Z</time><extensions><gpxtpx:TrackPointExtension><gpxtpx:hr>128</gpxtpx:hr></gpxtpx:TrackPointExtension></extensions></trkpt>
      <trkpt lat="49.271533" lon="-123.141481"><ele>6</ele><time>2026-06-11T04:40:08.000Z</time><extensions><gpxtpx:TrackPointExtension><gpxtpx:hr>128</gpxtpx:hr></gpxtpx:TrackPointExtension></extensions></trkpt>
      <trkpt lat="49.271545" lon="-123.141498"><ele>6</ele><time>2026-06-11T04:40:09.000Z</time><extensions><gpxtpx:TrackPointExtension><gpxtpx:hr>127</gpxtpx:hr></gpxtpx:TrackPointExtension></extensions></trkpt>
      <trkpt lat="49.271566" lon="-123.141519"><ele>6</ele><time>2026-06-11T04:40:10.000Z</time><extensions><gpxtpx:TrackPointExtension><gpxtpx:hr>128</gpxtpx:hr></gpxtpx:TrackPointExtension></extensions></trkpt>
      <trkpt lat="49.27159" lon="-123.141534"><ele>6</ele><time>2026-06-11T04:40:11.000Z</time><extensions><gpxtpx:TrackPointExtension><gpxtpx:hr>128</gpxtpx:hr></gpxtpx:TrackPointExtension></extensions></trkpt>
      <trkpt lat="49.271608" lon="-123.141546"><ele>6</ele><time>2026-06-11T04:40:12.000Z</time><extensions><gpxtpx:TrackPointExtension><gpxtpx:hr>128</gpxtpx:hr></gpxtpx:TrackPointExtension></extensions></trkpt>
      <trkpt lat="49.271635" lon="-123.141563"><ele>6</ele><time>2026-06-11T04:40:13.000Z</time><extensions><gpxtpx:TrackPointExtension><gpxtpx:hr>128</gpxtpx:hr></gpxtpx:TrackPointExtension></extensions></trkpt>
      <trkpt lat="49.271652" lon="-123.141582"><ele>6</ele><time>2026-06-11T04:40:14.000Z</time><extensions><gpxtpx:TrackPointExtension><gpxtpx:hr>128</gpxtpx:hr></gpxtpx:TrackPointExtension></extensions></trkpt>
      <trkpt lat="49.271671" lon="-123.141603"><ele>6</ele><time>2026-06-11T04:40:15.000Z</time><extensions><gpxtpx:TrackPointExtension><gpxtpx:hr>128</gpxtpx:hr></gpxtpx:TrackPointExtension></extensions></trkpt>
      <trkpt lat="49.271696" lon="-123.141619"><ele>6.2</ele><time>2026-06-11T04:40:16.000Z</time><extensions><gpxtpx:TrackPointExtension><gpxtpx:hr>128</gpxtpx:hr></gpxtpx:TrackPointExtension></extensions></trkpt>
      <trkpt lat="49.271708" lon="-123.141636"><ele>6.2</ele><time>2026-06-11T04:40:17.000Z</time><extensions><gpxtpx:TrackPointExtension><gpxtpx:hr>128</gpxtpx:hr></gpxtpx:TrackPointExtension></extensions></trkpt>
      <trkpt lat="49.271732" lon="-123.141655"><ele>6.4</ele><time>2026-06-11T04:40:18.000Z</time><extensions><gpxtpx:TrackPointExtension><gpxtpx:hr>128</gpxtpx:hr></gpxtpx:TrackPointExtension></extensions></trkpt>
      <trkpt lat="49.271746" lon="-123.141673"><ele>6.4</ele><time>2026-06-11T04:40:19.000Z</time><extensions><gpxtpx:TrackPointExtension><gpxtpx:hr>128</gpxtpx:hr></gpxtpx:TrackPointExtension></extensions></trkpt>
      <trkpt lat="49.271766" lon="-123.141698"><ele>6.4</ele><time>2026-06-11T04:40:20.000Z</time><extensions><gpxtpx:TrackPointExtension><gpxtpx:hr>128</gpxtpx:hr></gpxtpx:TrackPointExtension></extensions></trkpt>
      <trkpt lat="49.271787" lon="-123.141722"><ele>6.4</ele><time>2026-06-11T04:40:21.000Z</time><extensions><gpxtpx:TrackPointExtension><gpxtpx:hr>128</gpxtpx:hr></gpxtpx:TrackPointExtension></extensions></trkpt>
      <trkpt lat="49.271804" lon="-123.141744"><ele>6.4</ele><time>2026-06-11T04:40:22.000Z</time><extensions><gpxtpx:TrackPointExtension><gpxtpx:hr>128</gpxtpx:hr></gpxtpx:TrackPointExtension></extensions></trkpt>
      <trkpt lat="49.271833" lon="-123.141756"><ele>6.4</ele><time>2026-06-11T04:40:23.000Z</time><extensions><gpxtpx:TrackPointExtension><gpxtpx:hr>128</gpxtpx:hr></gpxtpx:TrackPointExtension></extensions></trkpt>
      <trkpt lat="49.271849" lon="-123.141771"><ele>6.2</ele><time>2026-06-11T04:40:24.000Z</time><extensions><gpxtpx:TrackPointExtension><gpxtpx:hr>128</gpxtpx:hr></gpxtpx:TrackPointExtension></extensions></trkpt>
      <trkpt lat="49.271879" lon="-123.141792"><ele>6.2</ele><time>2026-06-11T04:40:25.000Z</time><extensions><gpxtpx:TrackPointExtension><gpxtpx:hr>128</gpxtpx:hr></gpxtpx:TrackPointExtension></extensions></trkpt>
      <trkpt lat="49.271895" lon="-123.141811"><ele>6.2</ele><time>2026-06-11T04:40:26.000Z</time><extensions><gpxtpx:TrackPointExtension><gpxtpx:hr>128</gpxtpx:hr></gpxtpx:TrackPointExtension></extensions></trkpt>
      <trkpt lat="49.271918" lon="-123.141827"><ele>6.4</ele><time>2026-06-11T04:40:27.000Z</time><extensions><gpxtpx:TrackPointExtension><gpxtpx:hr>127</gpxtpx:hr></gpxtpx:TrackPointExtension></extensions></trkpt>
      <trkpt lat="49.271941" lon="-123.141843"><ele>6.2</ele><time>2026-06-11T04:40:28.000Z</time><extensions><gpxtpx:TrackPointExtension><gpxtpx:hr>127</gpxtpx:hr></gpxtpx:TrackPointExtension></extensions></trkpt>
      <trkpt lat="49.271962" lon="-123.141855"><ele>6.2</ele><time>2026-06-11T04:40:29.000Z</time><extensions><gpxtpx:TrackPointExtension><gpxtpx:hr>127</gpxtpx:hr></gpxtpx:TrackPointExtension></extensions></trkpt>
      <trkpt lat="49.271992" lon="-123.141858"><ele>6.2</ele><time>2026-06-11T04:40:30.000Z</time><extensions><gpxtpx:TrackPointExtension><gpxtpx:hr>127</gpxtpx:hr></gpxtpx:TrackPointExtension></extensions></trkpt>
      <trkpt lat="49.272009" lon="-123.141867"><ele>6.2</ele><time>2026-06-11T04:40:31.000Z</time><extensions><gpxtpx:TrackPointExtension><gpxtpx:hr>127</gpxtpx:hr></gpxtpx:TrackPointExtension></extensions></trkpt>
      <trkpt lat="49.272035" lon="-123.141877"><ele>6.2</ele><time>2026-06-11T04:40:32.000Z</time><extensions><gpxtpx:TrackPointExtension><gpxtpx:hr>127</gpxtpx:hr></gpxtpx:TrackPointExtension></extensions></trkpt>
      <trkpt lat="49.272055" lon="-123.14189"><ele>6.4</ele><time>2026-06-11T04:40:33.000Z</time><extensions><gpxtpx:TrackPointExtension><gpxtpx:hr>127</gpxtpx:hr></gpxtpx:TrackPointExtension></extensions></trkpt>
      <trkpt lat="49.272076" lon="-123.141903"><ele>6.4</ele><time>2026-06-11T04:40:34.000Z</time><extensions><gpxtpx:TrackPointExtension><gpxtpx:hr>127</gpxtpx:hr></gpxtpx:TrackPointExtension></extensions></trkpt>
      <trkpt lat="49.272104" lon="-123.14191"><ele>6.6</ele><time>2026-06-11T04:40:35.000Z</time><extensions><gpxtpx:TrackPointExtension><gpxtpx:hr>127</gpxtpx:hr></gpxtpx:TrackPointExtension></extensions></trkpt>
      <trkpt lat="49.272123" lon="-123.141918"><ele>6.6</ele><time>2026-06-11T04:40:36.000Z</time><extensions><gpxtpx:TrackPointExtension><gpxtpx:hr>127</gpxtpx:hr></gpxtpx:TrackPointExtension></extensions></trkpt>
      <trkpt lat="49.27215" lon="-123.141931"><ele>6.6</ele><time>2026-06-11T04:40:37.000Z</time><extensions><gpxtpx:TrackPointExtension><gpxtpx:hr>127</gpxtpx:hr></gpxtpx:TrackPointExtension></extensions></trkpt>
      <trkpt lat="49.272167" lon="-123.141942"><ele>6.4</ele><time>2026-06-11T04:40:38.000Z</time><extensions><gpxtpx:TrackPointExtension><gpxtpx:hr>127</gpxtpx:hr></gpxtpx:TrackPointExtension></extensions></trkpt>
      <trkpt lat="49.272188" lon="-123.141957"><ele>6.4</ele><time>2026-06-11T04:40:39.000Z</time><extensions><gpxtpx:TrackPointExtension><gpxtpx:hr>127</gpxtpx:hr></gpxtpx:TrackPointExtension></extensions></trkpt>
      <trkpt lat="49.272212" lon="-123.141971"><ele>6.4</ele><time>2026-06-11T04:40:40.000Z</time><extensions><gpxtpx:TrackPointExtension><gpxtpx:hr>127</gpxtpx:hr></gpxtpx:TrackPointExtension></extensions></trkpt>
      <trkpt lat="49.272232" lon="-123.141984"><ele>6.4</ele><time>2026-06-11T04:40:41.000Z</time><extensions><gpxtpx:TrackPointExtension><gpxtpx:hr>127</gpxtpx:hr></gpxtpx:TrackPointExtension></extensions></trkpt>
      <trkpt lat="49.272262" lon="-123.14198"><ele>6.4</ele><time>2026-06-11T04:40:42.000Z</time><extensions><gpxtpx:TrackPointExtension><gpxtpx:hr>128</gpxtpx:hr></gpxtpx:TrackPointExtension></extensions></trkpt>
      <trkpt lat="49.272279" lon="-123.141987"><ele>6.4</ele><time>2026-06-11T04:40:43.000Z</time><extensions><gpxtpx:TrackPointExtension><gpxtpx:hr>128</gpxtpx:hr></gpxtpx:TrackPointExtension></extensions></trkpt>
      <trkpt lat="49.272309" lon="-123.141994"><ele>6.4</ele><time>2026-06-11T04:40:44.000Z</time><extensions><gpxtpx:TrackPointExtension><gpxtpx:hr>128</gpxtpx:hr></gpxtpx:TrackPointExtension></extensions></trkpt>
      <trkpt lat="49.272328" lon="-123.141998"><ele>6.4</ele><time>2026-06-11T04:40:45.000Z</time><extensions><gpxtpx:TrackPointExtension><gpxtpx:hr>128</gpxtpx:hr></gpxtpx:TrackPointExtension></extensions></trkpt>
      <trkpt lat="49.272353" lon="-123.142006"><ele>6.4</ele><time>2026-06-11T04:40:46.000Z</time><extensions><gpxtpx:TrackPointExtension><gpxtpx:hr>127</gpxtpx:hr></gpxtpx:TrackPointExtension></extensions></trkpt>
      <trkpt lat="49.272379" lon="-123.142006"><ele>6.4</ele><time>2026-06-11T04:40:47.000Z</time><extensions><gpxtpx:TrackPointExtension><gpxtpx:hr>128</gpxtpx:hr></gpxtpx:TrackPointExtension></extensions></trkpt>
      <trkpt lat="49.272402" lon="-123.142008"><ele>6.2</ele><time>2026-06-11T04:40:48.000Z</time><extensions><gpxtpx:TrackPointExtension><gpxtpx:hr>128</gpxtpx:hr></gpxtpx:TrackPointExtension></extensions></trkpt>
      <trkpt lat="49.272428" lon="-123.142001"><ele>6.2</ele><time>2026-06-11T04:40:49.000Z</time><extensions><gpxtpx:TrackPointExtension><gpxtpx:hr>128</gpxtpx:hr></gpxtpx:TrackPointExtension></extensions></trkpt>
      <trkpt lat="49.272448" lon="-123.142001"><ele>6.2</ele><time>2026-06-11T04:40:50.000Z</time><extensions><gpxtpx:TrackPointExtension><gpxtpx:hr>128</gpxtpx:hr></gpxtpx:TrackPointExtension></extensions></trkpt>
      <trkpt lat="49.272476" lon="-123.141993"><ele>6.2</ele><time>2026-06-11T04:40:51.000Z</time><extensions><gpxtpx:TrackPointExtension><gpxtpx:hr>128</gpxtpx:hr></gpxtpx:TrackPointExtension></extensions></trkpt>
      <trkpt lat="49.272496" lon="-123.141993"><ele>6.2</ele><time>2026-06-11T04:40:52.000Z</time><extensions><gpxtpx:TrackPointExtension><gpxtpx:hr>128</gpxtpx:hr></gpxtpx:TrackPointExtension></extensions></trkpt>
      <trkpt lat="49.272524" lon="-123.141975"><ele>6.2</ele><time>2026-06-11T04:40:53.000Z</time><extensions><gpxtpx:TrackPointExtension><gpxtpx:hr>128</gpxtpx:hr></gpxtpx:TrackPointExtension></extensions></trkpt>
      <trkpt lat="49.272541" lon="-123.141971"><ele>6.2</ele><time>2026-06-11T04:40:54.000Z</time><extensions><gpxtpx:TrackPointExtension><gpxtpx:hr>128</gpxtpx:hr></gpxtpx:TrackPointExtension></extensions></trkpt>
      <trkpt lat="49.272569" lon="-123.14196"><ele>6.2</ele><time>2026-06-11T04:40:55.000Z</time><extensions><gpxtpx:TrackPointExtension><gpxtpx:hr>129</gpxtpx:hr></gpxtpx:TrackPointExtension></extensions></trkpt>
      <trkpt lat="49.272589" lon="-123.141955"><ele>6.2</ele><time>2026-06-11T04:40:56.000Z</time><extensions><gpxtpx:TrackPointExtension><gpxtpx:hr>129</gpxtpx:hr></gpxtpx:TrackPointExtension></extensions></trkpt>
      <trkpt lat="49.272618" lon="-123.14195"><ele>6</ele><time>2026-06-11T04:40:57.000Z</time><extensions><gpxtpx:TrackPointExtension><gpxtpx:hr>129</gpxtpx:hr></gpxtpx:TrackPointExtension></extensions></trkpt>
      <trkpt lat="49.272644" lon="-123.14194"><ele>6</ele><time>2026-06-11T04:40:58.000Z</time><extensions><gpxtpx:TrackPointExtension><gpxtpx:hr>129</gpxtpx:hr></gpxtpx:TrackPointExtension></extensions></trkpt>
      <trkpt lat="49.272665" lon="-123.141933"><ele>6</ele><time>2026-06-11T04:40:59.000Z</time><extensions><gpxtpx:TrackPointExtension><gpxtpx:hr>129</gpxtpx:hr></gpxtpx:TrackPointExtension></extensions></trkpt>
      <trkpt lat="49.272696" lon="-123.141916"><ele>6</ele><time>2026-06-11T04:41:00.000Z</time><extensions><gpxtpx:TrackPointExtension><gpxtpx:hr>129</gpxtpx:hr></gpxtpx:TrackPointExtension></extensions></trkpt>
      <trkpt lat="49.272714" lon="-123.141913"><ele>5.8</ele><time>2026-06-11T04:41:01.000Z</time><extensions><gpxtpx:TrackPointExtension><gpxtpx:hr>129</gpxtpx:hr></gpxtpx:TrackPointExtension></extensions></trkpt>
      <trkpt lat="49.272748" lon="-123.141912"><ele>5.8</ele><time>2026-06-11T04:41:02.000Z</time><extensions><gpxtpx:TrackPointExtension><gpxtpx:hr>129</gpxtpx:hr></gpxtpx:TrackPointExtension></extensions></trkpt>
      <trkpt lat="49.272769" lon="-123.141911"><ele>5.6</ele><time>2026-06-11T04:41:03.000Z</time><extensions><gpxtpx:TrackPointExtension><gpxtpx:hr>130</gpxtpx:hr></gpxtpx:TrackPointExtension></extensions></trkpt>
      <trkpt lat="49.272793" lon="-123.141904"><ele>5.4</ele><time>2026-06-11T04:41:04.000Z</time><extensions><gpxtpx:TrackPointExtension><gpxtpx:hr>130</gpxtpx:hr></gpxtpx:TrackPointExtension></extensions></trkpt>
      <trkpt lat="49.272816" lon="-123.141891"><ele>5.2</ele><time>2026-06-11T04:41:05.000Z</time><extensions><gpxtpx:TrackPointExtension><gpxtpx:hr>130</gpxtpx:hr></gpxtpx:TrackPointExtension></extensions></trkpt>
      <trkpt lat="49.27284" lon="-123.141881"><ele>5</ele><time>2026-06-11T04:41:06.000Z</time><extensions><gpxtpx:TrackPointExtension><gpxtpx:hr>130</gpxtpx:hr></gpxtpx:TrackPointExtension></extensions></trkpt>
      <trkpt lat="49.272868" lon="-123.14185"><ele>4.8</ele><time>2026-06-11T04:41:07.000Z</time><extensions><gpxtpx:TrackPointExtension><gpxtpx:hr>130</gpxtpx:hr></gpxtpx:TrackPointExtension></extensions></trkpt>
      <trkpt lat="49.272893" lon="-123.141847"><ele>4.6</ele><time>2026-06-11T04:41:08.000Z</time><extensions><gpxtpx:TrackPointExtension><gpxtpx:hr>130</gpxtpx:hr></gpxtpx:TrackPointExtension></extensions></trkpt>
      <trkpt lat="49.272924" lon="-123.141823"><ele>4.6</ele><time>2026-06-11T04:41:09.000Z</time><extensions><gpxtpx:TrackPointExtension><gpxtpx:hr>130</gpxtpx:hr></gpxtpx:TrackPointExtension></extensions></trkpt>
      <trkpt lat="49.272947" lon="-123.141811"><ele>4.4</ele><time>2026-06-11T04:41:10.000Z</time><extensions><gpxtpx:TrackPointExtension><gpxtpx:hr>129</gpxtpx:hr></gpxtpx:TrackPointExtension></extensions></trkpt>
      <trkpt lat="49.272965" lon="-123.14178"><ele>4.4</ele><time>2026-06-11T04:41:11.000Z</time><extensions><gpxtpx:TrackPointExtension><gpxtpx:hr>129</gpxtpx:hr></gpxtpx:TrackPointExtension></extensions></trkpt>
      <trkpt lat="49.272975" lon="-123.141746"><ele>4.4</ele><time>2026-06-11T04:41:12.000Z</time><extensions><gpxtpx:TrackPointExtension><gpxtpx:hr>128</gpxtpx:hr></gpxtpx:TrackPointExtension></extensions></trkpt>
      <trkpt lat="49.272984" lon="-123.141712"><ele>4.4</ele><time>2026-06-11T04:41:13.000Z</time><extensions><gpxtpx:TrackPointExtension><gpxtpx:hr>128</gpxtpx:hr></gpxtpx:TrackPointExtension></extensions></trkpt>
      <trkpt lat="49.272988" lon="-123.141671"><ele>4.4</ele><time>2026-06-11T04:41:14.000Z</time><extensions><gpxtpx:TrackPointExtension><gpxtpx:hr>127</gpxtpx:hr></gpxtpx:TrackPointExtension></extensions></trkpt>
      <trkpt lat="49.272984" lon="-123.141636"><ele>4.4</ele><time>2026-06-11T04:41:15.000Z</time><extensions><gpxtpx:TrackPointExtension><gpxtpx:hr>127</gpxtpx:hr></gpxtpx:TrackPointExtension></extensions></trkpt>
      <trkpt lat="49.272972" lon="-123.141596"><ele>4.4</ele><time>2026-06-11T04:41:16.000Z</time><extensions><gpxtpx:TrackPointExtension><gpxtpx:hr>127</gpxtpx:hr></gpxtpx:TrackPointExtension></extensions></trkpt>
      <trkpt lat="49.272962" lon="-123.141563"><ele>4.6</ele><time>2026-06-11T04:41:17.000Z</time><extensions><gpxtpx:TrackPointExtension><gpxtpx:hr>127</gpxtpx:hr></gpxtpx:TrackPointExtension></extensions></trkpt>
      <trkpt lat="49.272952" lon="-123.141533"><ele>4.8</ele><time>2026-06-11T04:41:18.000Z</time><extensions><gpxtpx:TrackPointExtension><gpxtpx:hr>127</gpxtpx:hr></gpxtpx:TrackPointExtension></extensions></trkpt>
      <trkpt lat="49.272936" lon="-123.141497"><ele>5</ele><time>2026-06-11T04:41:19.000Z</time><extensions><gpxtpx:TrackPointExtension><gpxtpx:hr>127</gpxtpx:hr></gpxtpx:TrackPointExtension></extensions></trkpt>
      <trkpt lat="49.272923" lon="-123.141474"><ele>5.4</ele><time>2026-06-11T04:41:20.000Z</time><extensions><gpxtpx:TrackPointExtension><gpxtpx:hr>126</gpxtpx:hr></gpxtpx:TrackPointExtension></extensions></trkpt>
      <trkpt lat="49.272909" lon="-123.141452"><ele>5.6</ele><time>2026-06-11T04:41:21.000Z</time><extensions><gpxtpx:TrackPointExtension><gpxtpx:hr>126</gpxtpx:hr></gpxtpx:TrackPointExtension></extensions></trkpt>
      <trkpt lat="49.272893" lon="-123.141429"><ele>5.8</ele><time>2026-06-11T04:41:22.000Z</time><extensions><gpxtpx:TrackPointExtension><gpxtpx:hr>126</gpxtpx:hr></gpxtpx:TrackPointExtension></extensions></trkpt>
      <trkpt lat="49.27288" lon="-123.141409"><ele>5.8</ele><time>2026-06-11T04:41:23.000Z</time><extensions><gpxtpx:TrackPointExtension><gpxtpx:hr>126</gpxtpx:hr></gpxtpx:TrackPointExtension></extensions></trkpt>
      <trkpt lat="49.272867" lon="-123.141375"><ele>6</ele><time>2026-06-11T04:41:24.000Z</time><extensions><gpxtpx:TrackPointExtension><gpxtpx:hr>127</gpxtpx:hr></gpxtpx:TrackPointExtension></extensions></trkpt>
      <trkpt lat="49.272855" lon="-123.141344"><ele>6</ele><time>2026-06-11T04:41:25.000Z</time><extensions><gpxtpx:TrackPointExtension><gpxtpx:hr>126</gpxtpx:hr></gpxtpx:TrackPointExtension></extensions></trkpt>
      <trkpt lat="49.27285" lon="-123.141308"><ele>6</ele><time>2026-06-11T04:41:26.000Z</time><extensions><gpxtpx:TrackPointExtension><gpxtpx:hr>126</gpxtpx:hr></gpxtpx:TrackPointExtension></extensions></trkpt>
      <trkpt lat="49.272835" lon="-123.141278"><ele>5.8</ele><time>2026-06-11T04:41:27.000Z</time><extensions><gpxtpx:TrackPointExtension><gpxtpx:hr>127</gpxtpx:hr></gpxtpx:TrackPointExtension></extensions></trkpt>
      <trkpt lat="49.272833" lon="-123.141251"><ele>5.8</ele><time>2026-06-11T04:41:28.000Z</time><extensions><gpxtpx:TrackPointExtension><gpxtpx:hr>126</gpxtpx:hr></gpxtpx:TrackPointExtension></extensions></trkpt>
      <trkpt lat="49.272821" lon="-123.141218"><ele>5.8</ele><time>2026-06-11T04:41:29.000Z</time><extensions><gpxtpx:TrackPointExtension><gpxtpx:hr>126</gpxtpx:hr></gpxtpx:TrackPointExtension></extensions></trkpt>
      <trkpt lat="49.272813" lon="-123.141187"><ele>5.8</ele><time>2026-06-11T04:41:30.000Z</time><extensions><gpxtpx:TrackPointExtension><gpxtpx:hr>127</gpxtpx:hr></gpxtpx:TrackPointExtension></extensions></trkpt>
      <trkpt lat="49.272804" lon="-123.141154"><ele>6</ele><time>2026-06-11T04:41:31.000Z</time><extensions><gpxtpx:TrackPointExtension><gpxtpx:hr>127</gpxtpx:hr></gpxtpx:TrackPointExtension></extensions></trkpt>
      <trkpt lat="49.272792" lon="-123.141119"><ele>6</ele><time>2026-06-11T04:41:32.000Z</time><extensions><gpxtpx:TrackPointExtension><gpxtpx:hr>127</gpxtpx:hr></gpxtpx:TrackPointExtension></extensions></trkpt>
      <trkpt lat="49.272786" lon="-123.14109"><ele>5.8</ele><time>2026-06-11T04:41:33.000Z</time><extensions><gpxtpx:TrackPointExtension><gpxtpx:hr>127</gpxtpx:hr></gpxtpx:TrackPointExtension></extensions></trkpt>
      <trkpt lat="49.272774" lon="-123.14105"><ele>5.8</ele><time>2026-06-11T04:41:34.000Z</time><extensions><gpxtpx:TrackPointExtension><gpxtpx:hr>127</gpxtpx:hr></gpxtpx:TrackPointExtension></extensions></trkpt>
      <trkpt lat="49.272768" lon="-123.141019"><ele>5.8</ele><time>2026-06-11T04:41:35.000Z</time><extensions><gpxtpx:TrackPointExtension><gpxtpx:hr>126</gpxtpx:hr></gpxtpx:TrackPointExtension></extensions></trkpt>
      <trkpt lat="49.272761" lon="-123.140983"><ele>5.8</ele><time>2026-06-11T04:41:36.000Z</time><extensions><gpxtpx:TrackPointExtension><gpxtpx:hr>127</gpxtpx:hr></gpxtpx:TrackPointExtension></extensions></trkpt>
      <trkpt lat="49.27275" lon="-123.140957"><ele>5.6</ele><time>2026-06-11T04:41:37.000Z</time><extensions><gpxtpx:TrackPointExtension><gpxtpx:hr>127</gpxtpx:hr></gpxtpx:TrackPointExtension></extensions></trkpt>
      <trkpt lat="49.272741" lon="-123.140924"><ele>5.6</ele><time>2026-06-11T04:41:38.000Z</time><extensions><gpxtpx:TrackPointExtension><gpxtpx:hr>127</gpxtpx:hr></gpxtpx:TrackPointExtension></extensions></trkpt>
      <trkpt lat="49.272724" lon="-123.140876"><ele>5.6</ele><time>2026-06-11T04:41:39.000Z</time><extensions><gpxtpx:TrackPointExtension><gpxtpx:hr>127</gpxtpx:hr></gpxtpx:TrackPointExtension></extensions></trkpt>
      <trkpt lat="49.272721" lon="-123.140846"><ele>5.6</ele><time>2026-06-11T04:41:40.000Z</time><extensions><gpxtpx:TrackPointExtension><gpxtpx:hr>127</gpxtpx:hr></gpxtpx:TrackPointExtension></extensions></trkpt>
      <trkpt lat="49.272725" lon="-123.140853"><ele>5.6</ele><time>2026-06-11T04:41:41.000Z</time><extensions><gpxtpx:TrackPointExtension><gpxtpx:hr>127</gpxtpx:hr></gpxtpx:TrackPointExtension></extensions></trkpt>
      <trkpt lat="49.272738" lon="-123.140858"><ele>5.8</ele><time>2026-06-11T04:41:42.000Z</time><extensions><gpxtpx:TrackPointExtension><gpxtpx:hr>127</gpxtpx:hr></gpxtpx:TrackPointExtension></extensions></trkpt>
      <trkpt lat="49.272753" lon="-123.140852"><ele>5.8</ele><time>2026-06-11T04:41:43.000Z</time><extensions><gpxtpx:TrackPointExtension><gpxtpx:hr>128</gpxtpx:hr></gpxtpx:TrackPointExtension></extensions></trkpt>
      <trkpt lat="49.272769" lon="-123.140854"><ele>5.8</ele><time>2026-06-11T04:41:44.000Z</time><extensions><gpxtpx:TrackPointExtension><gpxtpx:hr>127</gpxtpx:hr></gpxtpx:TrackPointExtension></extensions></trkpt>
      <trkpt lat="49.272786" lon="-123.140856"><ele>5.8</ele><time>2026-06-11T04:41:45.000Z</time><extensions><gpxtpx:TrackPointExtension><gpxtpx:hr>127</gpxtpx:hr></gpxtpx:TrackPointExtension></extensions></trkpt>
      <trkpt lat="49.272807" lon="-123.140855"><ele>6</ele><time>2026-06-11T04:41:46.000Z</time><extensions><gpxtpx:TrackPointExtension><gpxtpx:hr>128</gpxtpx:hr></gpxtpx:TrackPointExtension></extensions></trkpt>
      <trkpt lat="49.272833" lon="-123.140845"><ele>6</ele><time>2026-06-11T04:41:47.000Z</time><extensions><gpxtpx:TrackPointExtension><gpxtpx:hr>128</gpxtpx:hr></gpxtpx:TrackPointExtension></extensions></trkpt>
      <trkpt lat="49.272861" lon="-123.140829"><ele>6</ele><time>2026-06-11T04:41:48.000Z</time><extensions><gpxtpx:TrackPointExtension><gpxtpx:hr>128</gpxtpx:hr></gpxtpx:TrackPointExtension></extensions></trkpt>
      <trkpt lat="49.272885" lon="-123.140812"><ele>6.2</ele><time>2026-06-11T04:41:49.000Z</time><extensions><gpxtpx:TrackPointExtension><gpxtpx:hr>127</gpxtpx:hr></gpxtpx:TrackPointExtension></extensions></trkpt>
      <trkpt lat="49.272907" lon="-123.140784"><ele>6</ele><time>2026-06-11T04:41:50.000Z</time><extensions><gpxtpx:TrackPointExtension><gpxtpx:hr>127</gpxtpx:hr></gpxtpx:TrackPointExtension></extensions></trkpt>
      <trkpt lat="49.272928" lon="-123.140753"><ele>6</ele><time>2026-06-11T04:41:51.000Z</time><extensions><gpxtpx:TrackPointExtension><gpxtpx:hr>127</gpxtpx:hr></gpxtpx:TrackPointExtension></extensions></trkpt>
      <trkpt lat="49.272946" lon="-123.140712"><ele>6</ele><time>2026-06-11T04:41:52.000Z</time><extensions><gpxtpx:TrackPointExtension><gpxtpx:hr>127</gpxtpx:hr></gpxtpx:TrackPointExtension></extensions></trkpt>
      <trkpt lat="49.272948" lon="-123.140678"><ele>6</ele><time>2026-06-11T04:41:53.000Z</time><extensions><gpxtpx:TrackPointExtension><gpxtpx:hr>128</gpxtpx:hr></gpxtpx:TrackPointExtension></extensions></trkpt>
      <trkpt lat="49.272945" lon="-123.140642"><ele>6</ele><time>2026-06-11T04:41:54.000Z</time><extensions><gpxtpx:TrackPointExtension><gpxtpx:hr>128</gpxtpx:hr></gpxtpx:TrackPointExtension></extensions></trkpt>
      <trkpt lat="49.272936" lon="-123.140604"><ele>6.2</ele><time>2026-06-11T04:41:55.000Z</time><extensions><gpxtpx:TrackPointExtension><gpxtpx:hr>129</gpxtpx:hr></gpxtpx:TrackPointExtension></extensions></trkpt>
      <trkpt lat="49.272928" lon="-123.14057"><ele>6.4</ele><time>2026-06-11T04:41:56.000Z</time><extensions><gpxtpx:TrackPointExtension><gpxtpx:hr>130</gpxtpx:hr></gpxtpx:TrackPointExtension></extensions></trkpt>
      <trkpt lat="49.272921" lon="-123.140533"><ele>6.6</ele><time>2026-06-11T04:41:57.000Z</time><extensions><gpxtpx:TrackPointExtension><gpxtpx:hr>130</gpxtpx:hr></gpxtpx:TrackPointExtension></extensions></trkpt>
      <trkpt lat="49.27291" lon="-123.140494"><ele>6.6</ele><time>2026-06-11T04:41:58.000Z</time><extensions><gpxtpx:TrackPointExtension><gpxtpx:hr>130</gpxtpx:hr></gpxtpx:TrackPointExtension></extensions></trkpt>
      <trkpt lat="49.272906" lon="-123.140461"><ele>6.6</ele><time>2026-06-11T04:41:59.000Z</time><extensions><gpxtpx:TrackPointExtension><gpxtpx:hr>130</gpxtpx:hr></gpxtpx:TrackPointExtension></extensions></trkpt>
      <trkpt lat="49.272886" lon="-123.140433"><ele>6.6</ele><time>2026-06-11T04:42:00.000Z</time><extensions><gpxtpx:TrackPointExtension><gpxtpx:hr>129</gpxtpx:hr></gpxtpx:TrackPointExtension></extensions></trkpt>
      <trkpt lat="49.272872" lon="-123.140409"><ele>6.6</ele><time>2026-06-11T04:42:01.000Z</time><extensions><gpxtpx:TrackPointExtension><gpxtpx:hr>130</gpxtpx:hr></gpxtpx:TrackPointExtension></extensions></trkpt>
      <trkpt lat="49.27285" lon="-123.140392"><ele>6.8</ele><time>2026-06-11T04:42:02.000Z</time><extensions><gpxtpx:TrackPointExtension><gpxtpx:hr>130</gpxtpx:hr></gpxtpx:TrackPointExtension></extensions></trkpt>
      <trkpt lat="49.272827" lon="-123.14038"><ele>6.8</ele><time>2026-06-11T04:42:03.000Z</time><extensions><gpxtpx:TrackPointExtension><gpxtpx:hr>130</gpxtpx:hr></gpxtpx:TrackPointExtension></extensions></trkpt>
      <trkpt lat="49.272804" lon="-123.140371"><ele>7</ele><time>2026-06-11T04:42:04.000Z</time><extensions><gpxtpx:TrackPointExtension><gpxtpx:hr>130</gpxtpx:hr></gpxtpx:TrackPointExtension></extensions></trkpt>
      <trkpt lat="49.272779" lon="-123.140352"><ele>7</ele><time>2026-06-11T04:42:05.000Z</time><extensions><gpxtpx:TrackPointExtension><gpxtpx:hr>130</gpxtpx:hr></gpxtpx:TrackPointExtension></extensions></trkpt>
      <trkpt lat="49.272768" lon="-123.140329"><ele>7</ele><time>2026-06-11T04:42:06.000Z</time><extensions><gpxtpx:TrackPointExtension><gpxtpx:hr>131</gpxtpx:hr></gpxtpx:TrackPointExtension></extensions></trkpt>
      <trkpt lat="49.272768" lon="-123.140304"><ele>7</ele><time>2026-06-11T04:42:07.000Z</time><extensions><gpxtpx:TrackPointExtension><gpxtpx:hr>131</gpxtpx:hr></gpxtpx:TrackPointExtension></extensions></trkpt>
      <trkpt lat="49.272779" lon="-123.140279"><ele>6.8</ele><time>2026-06-11T04:42:08.000Z</time><extensions><gpxtpx:TrackPointExtension><gpxtpx:hr>131</gpxtpx:hr></gpxtpx:TrackPointExtension></extensions></trkpt>
      <trkpt lat="49.272795" lon="-123.140265"><ele>6.8</ele><time>2026-06-11T04:42:09.000Z</time><extensions><gpxtpx:TrackPointExtension><gpxtpx:hr>131</gpxtpx:hr></gpxtpx:TrackPointExtension></extensions></trkpt>
      <trkpt lat="49.272816" lon="-123.140248"><ele>6.8</ele><time>2026-06-11T04:42:10.000Z</time><extensions><gpxtpx:TrackPointExtension><gpxtpx:hr>131</gpxtpx:hr></gpxtpx:TrackPointExtension></extensions></trkpt>
      <trkpt lat="49.272828" lon="-123.140247"><ele>6.8</ele><time>2026-06-11T04:42:11.000Z</time><extensions><gpxtpx:TrackPointExtension><gpxtpx:hr>130</gpxtpx:hr></gpxtpx:TrackPointExtension></extensions></trkpt>
      <trkpt lat="49.272851" lon="-123.140234"><ele>6.8</ele><time>2026-06-11T04:42:12.000Z</time><extensions><gpxtpx:TrackPointExtension><gpxtpx:hr>131</gpxtpx:hr></gpxtpx:TrackPointExtension></extensions></trkpt>
      <trkpt lat="49.272863" lon="-123.140234"><ele>6.8</ele><time>2026-06-11T04:42:13.000Z</time><extensions><gpxtpx:TrackPointExtension><gpxtpx:hr>131</gpxtpx:hr></gpxtpx:TrackPointExtension></extensions></trkpt>
      <trkpt lat="49.272884" lon="-123.140229"><ele>6.8</ele><time>2026-06-11T04:42:14.000Z</time><extensions><gpxtpx:TrackPointExtension><gpxtpx:hr>131</gpxtpx:hr></gpxtpx:TrackPointExtension></extensions></trkpt>
      <trkpt lat="49.272901" lon="-123.140223"><ele>6.8</ele><time>2026-06-11T04:42:15.000Z</time><extensions><gpxtpx:TrackPointExtension><gpxtpx:hr>130</gpxtpx:hr></gpxtpx:TrackPointExtension></extensions></trkpt>
      <trkpt lat="49.272921" lon="-123.140214"><ele>6.8</ele><time>2026-06-11T04:42:16.000Z</time><extensions><gpxtpx:TrackPointExtension><gpxtpx:hr>131</gpxtpx:hr></gpxtpx:TrackPointExtension></extensions></trkpt>
      <trkpt lat="49.272942" lon="-123.140205"><ele>7</ele><time>2026-06-11T04:42:17.000Z</time><extensions><gpxtpx:TrackPointExtension><gpxtpx:hr>131</gpxtpx:hr></gpxtpx:TrackPointExtension></extensions></trkpt>
      <trkpt lat="49.27296" lon="-123.140201"><ele>7</ele><time>2026-06-11T04:42:18.000Z</time><extensions><gpxtpx:TrackPointExtension><gpxtpx:hr>130</gpxtpx:hr></gpxtpx:TrackPointExtension></extensions></trkpt>
      <trkpt lat="49.272988" lon="-123.140189"><ele>7</ele><time>2026-06-11T04:42:19.000Z</time><extensions><gpxtpx:TrackPointExtension><gpxtpx:hr>130</gpxtpx:hr></gpxtpx:TrackPointExtension></extensions></trkpt>
      <trkpt lat="49.273004" lon="-123.140183"><ele>7</ele><time>2026-06-11T04:42:20.000Z</time><extensions><gpxtpx:TrackPointExtension><gpxtpx:hr>130</gpxtpx:hr></gpxtpx:TrackPointExtension></extensions></trkpt>
      <trkpt lat="49.273022" lon="-123.140179"><ele>7</ele><time>2026-06-11T04:42:21.000Z</time><extensions><gpxtpx:TrackPointExtension><gpxtpx:hr>130</gpxtpx:hr></gpxtpx:TrackPointExtension></extensions></trkpt>
      <trkpt lat="49.273037" lon="-123.140181"><ele>6.8</ele><time>2026-06-11T04:42:22.000Z</time><extensions><gpxtpx:TrackPointExtension><gpxtpx:hr>130</gpxtpx:hr></gpxtpx:TrackPointExtension></extensions></trkpt>
      <trkpt lat="49.273042" lon="-123.140182"><ele>6.8</ele><time>2026-06-11T04:42:23.000Z</time><extensions><gpxtpx:TrackPointExtension><gpxtpx:hr>130</gpxtpx:hr></gpxtpx:TrackPointExtension></extensions></trkpt>
      <trkpt lat="49.273053" lon="-123.14018"><ele>6.6</ele><time>2026-06-11T04:42:24.000Z</time><extensions><gpxtpx:TrackPointExtension><gpxtpx:hr>130</gpxtpx:hr></gpxtpx:TrackPointExtension></extensions></trkpt>
      <trkpt lat="49.273058" lon="-123.140178"><ele>6.4</ele><time>2026-06-11T04:42:25.000Z</time><extensions><gpxtpx:TrackPointExtension><gpxtpx:hr>130</gpxtpx:hr></gpxtpx:TrackPointExtension></extensions></trkpt>
      <trkpt lat="49.273068" lon="-123.140175"><ele>6</ele><time>2026-06-11T04:42:26.000Z</time><extensions><gpxtpx:TrackPointExtension><gpxtpx:hr>130</gpxtpx:hr></gpxtpx:TrackPointExtension></extensions></trkpt>
      <trkpt lat="49.273084" lon="-123.140178"><ele>5.4</ele><time>2026-06-11T04:42:27.000Z</time><extensions><gpxtpx:TrackPointExtension><gpxtpx:hr>129</gpxtpx:hr></gpxtpx:TrackPointExtension></extensions></trkpt>
      <trkpt lat="49.2731" lon="-123.140175"><ele>5</ele><time>2026-06-11T04:42:28.000Z</time><extensions><gpxtpx:TrackPointExtension><gpxtpx:hr>129</gpxtpx:hr></gpxtpx:TrackPointExtension></extensions></trkpt>
      <trkpt lat="49.27312" lon="-123.140159"><ele>4.6</ele><time>2026-06-11T04:42:29.000Z</time><extensions><gpxtpx:TrackPointExtension><gpxtpx:hr>129</gpxtpx:hr></gpxtpx:TrackPointExtension></extensions></trkpt>
      <trkpt lat="49.273143" lon="-123.140145"><ele>4.2</ele><time>2026-06-11T04:42:30.000Z</time><extensions><gpxtpx:TrackPointExtension><gpxtpx:hr>128</gpxtpx:hr></gpxtpx:TrackPointExtension></extensions></trkpt>
      <trkpt lat="49.273162" lon="-123.140131"><ele>4</ele><time>2026-06-11T04:42:31.000Z</time><extensions><gpxtpx:TrackPointExtension><gpxtpx:hr>127</gpxtpx:hr></gpxtpx:TrackPointExtension></extensions></trkpt>
      <trkpt lat="49.273187" lon="-123.140121"><ele>4</ele><time>2026-06-11T04:42:32.000Z</time><extensions><gpxtpx:TrackPointExtension><gpxtpx:hr>127</gpxtpx:hr></gpxtpx:TrackPointExtension></extensions></trkpt>
      <trkpt lat="49.273206" lon="-123.140111"><ele>4</ele><time>2026-06-11T04:42:33.000Z</time><extensions><gpxtpx:TrackPointExtension><gpxtpx:hr>127</gpxtpx:hr></gpxtpx:TrackPointExtension></extensions></trkpt>
      <trkpt lat="49.273229" lon="-123.1401"><ele>4</ele><time>2026-06-11T04:42:34.000Z</time><extensions><gpxtpx:TrackPointExtension><gpxtpx:hr>127</gpxtpx:hr></gpxtpx:TrackPointExtension></extensions></trkpt>
      <trkpt lat="49.273246" lon="-123.140097"><ele>4</ele><time>2026-06-11T04:42:35.000Z</time><extensions><gpxtpx:TrackPointExtension><gpxtpx:hr>127</gpxtpx:hr></gpxtpx:TrackPointExtension></extensions></trkpt>
      <trkpt lat="49.273268" lon="-123.140089"><ele>4</ele><time>2026-06-11T04:42:36.000Z</time><extensions><gpxtpx:TrackPointExtension><gpxtpx:hr>127</gpxtpx:hr></gpxtpx:TrackPointExtension></extensions></trkpt>
      <trkpt lat="49.273287" lon="-123.140092"><ele>4</ele><time>2026-06-11T04:42:37.000Z</time><extensions><gpxtpx:TrackPointExtension><gpxtpx:hr>127</gpxtpx:hr></gpxtpx:TrackPointExtension></extensions></trkpt>
      <trkpt lat="49.273307" lon="-123.140093"><ele>4</ele><time>2026-06-11T04:42:38.000Z</time><extensions><gpxtpx:TrackPointExtension><gpxtpx:hr>127</gpxtpx:hr></gpxtpx:TrackPointExtension></extensions></trkpt>
      <trkpt lat="49.273331" lon="-123.140094"><ele>4</ele><time>2026-06-11T04:42:39.000Z</time><extensions><gpxtpx:TrackPointExtension><gpxtpx:hr>128</gpxtpx:hr></gpxtpx:TrackPointExtension></extensions></trkpt>
      <trkpt lat="49.273352" lon="-123.140095"><ele>4</ele><time>2026-06-11T04:42:40.000Z</time><extensions><gpxtpx:TrackPointExtension><gpxtpx:hr>128</gpxtpx:hr></gpxtpx:TrackPointExtension></extensions></trkpt>
      <trkpt lat="49.273377" lon="-123.140089"><ele>4</ele><time>2026-06-11T04:42:41.000Z</time><extensions><gpxtpx:TrackPointExtension><gpxtpx:hr>128</gpxtpx:hr></gpxtpx:TrackPointExtension></extensions></trkpt>
      <trkpt lat="49.273396" lon="-123.140084"><ele>4</ele><time>2026-06-11T04:42:42.000Z</time><extensions><gpxtpx:TrackPointExtension><gpxtpx:hr>128</gpxtpx:hr></gpxtpx:TrackPointExtension></extensions></trkpt>
      <trkpt lat="49.273421" lon="-123.14008"><ele>4</ele><time>2026-06-11T04:42:43.000Z</time><extensions><gpxtpx:TrackPointExtension><gpxtpx:hr>128</gpxtpx:hr></gpxtpx:TrackPointExtension></extensions></trkpt>
      <trkpt lat="49.27344" lon="-123.140074"><ele>4</ele><time>2026-06-11T04:42:44.000Z</time><extensions><gpxtpx:TrackPointExtension><gpxtpx:hr>129</gpxtpx:hr></gpxtpx:TrackPointExtension></extensions></trkpt>
      <trkpt lat="49.273466" lon="-123.140065"><ele>4</ele><time>2026-06-11T04:42:45.000Z</time><extensions><gpxtpx:TrackPointExtension><gpxtpx:hr>128</gpxtpx:hr></gpxtpx:TrackPointExtension></extensions></trkpt>
      <trkpt lat="49.273484" lon="-123.140061"><ele>4</ele><time>2026-06-11T04:42:46.000Z</time><extensions><gpxtpx:TrackPointExtension><gpxtpx:hr>128</gpxtpx:hr></gpxtpx:TrackPointExtension></extensions></trkpt>
      <trkpt lat="49.273507" lon="-123.140047"><ele>4</ele><time>2026-06-11T04:42:47.000Z</time><extensions><gpxtpx:TrackPointExtension><gpxtpx:hr>129</gpxtpx:hr></gpxtpx:TrackPointExtension></extensions></trkpt>
      <trkpt lat="49.273526" lon="-123.14004"><ele>4</ele><time>2026-06-11T04:42:48.000Z</time><extensions><gpxtpx:TrackPointExtension><gpxtpx:hr>128</gpxtpx:hr></gpxtpx:TrackPointExtension></extensions></trkpt>
      <trkpt lat="49.273552" lon="-123.140035"><ele>4</ele><time>2026-06-11T04:42:49.000Z</time><extensions><gpxtpx:TrackPointExtension><gpxtpx:hr>128</gpxtpx:hr></gpxtpx:TrackPointExtension></extensions></trkpt>
      <trkpt lat="49.273572" lon="-123.140025"><ele>4</ele><time>2026-06-11T04:42:50.000Z</time><extensions><gpxtpx:TrackPointExtension><gpxtpx:hr>129</gpxtpx:hr></gpxtpx:TrackPointExtension></extensions></trkpt>
      <trkpt lat="49.273595" lon="-123.140014"><ele>4</ele><time>2026-06-11T04:42:51.000Z</time><extensions><gpxtpx:TrackPointExtension><gpxtpx:hr>129</gpxtpx:hr></gpxtpx:TrackPointExtension></extensions></trkpt>
      <trkpt lat="49.273613" lon="-123.140008"><ele>4</ele><time>2026-06-11T04:42:52.000Z</time><extensions><gpxtpx:TrackPointExtension><gpxtpx:hr>129</gpxtpx:hr></gpxtpx:TrackPointExtension></extensions></trkpt>
      <trkpt lat="49.273635" lon="-123.139996"><ele>4</ele><time>2026-06-11T04:42:53.000Z</time><extensions><gpxtpx:TrackPointExtension><gpxtpx:hr>129</gpxtpx:hr></gpxtpx:TrackPointExtension></extensions></trkpt>
      <trkpt lat="49.273653" lon="-123.139983"><ele>4</ele><time>2026-06-11T04:42:54.000Z</time><extensions><gpxtpx:TrackPointExtension><gpxtpx:hr>129</gpxtpx:hr></gpxtpx:TrackPointExtension></extensions></trkpt>
      <trkpt lat="49.273673" lon="-123.139975"><ele>4</ele><time>2026-06-11T04:42:55.000Z</time><extensions><gpxtpx:TrackPointExtension><gpxtpx:hr>129</gpxtpx:hr></gpxtpx:TrackPointExtension></extensions></trkpt>
      <trkpt lat="49.273698" lon="-123.13997"><ele>4</ele><time>2026-06-11T04:42:56.000Z</time><extensions><gpxtpx:TrackPointExtension><gpxtpx:hr>128</gpxtpx:hr></gpxtpx:TrackPointExtension></extensions></trkpt>
      <trkpt lat="49.273721" lon="-123.139966"><ele>4</ele><time>2026-06-11T04:42:57.000Z</time><extensions><gpxtpx:TrackPointExtension><gpxtpx:hr>129</gpxtpx:hr></gpxtpx:TrackPointExtension></extensions></trkpt>
      <trkpt lat="49.273751" lon="-123.139952"><ele>4</ele><time>2026-06-11T04:42:58.000Z</time><extensions><gpxtpx:TrackPointExtension><gpxtpx:hr>129</gpxtpx:hr></gpxtpx:TrackPointExtension></extensions></trkpt>
      <trkpt lat="49.273767" lon="-123.139951"><ele>4</ele><time>2026-06-11T04:42:59.000Z</time><extensions><gpxtpx:TrackPointExtension><gpxtpx:hr>128</gpxtpx:hr></gpxtpx:TrackPointExtension></extensions></trkpt>
      <trkpt lat="49.273791" lon="-123.139963"><ele>4</ele><time>2026-06-11T04:43:00.000Z</time><extensions><gpxtpx:TrackPointExtension><gpxtpx:hr>128</gpxtpx:hr></gpxtpx:TrackPointExtension></extensions></trkpt>
      <trkpt lat="49.273802" lon="-123.139963"><ele>4</ele><time>2026-06-11T04:43:01.000Z</time><extensions><gpxtpx:TrackPointExtension><gpxtpx:hr>128</gpxtpx:hr></gpxtpx:TrackPointExtension></extensions></trkpt>
      <trkpt lat="49.273815" lon="-123.139963"><ele>3.8</ele><time>2026-06-11T04:43:02.000Z</time><extensions><gpxtpx:TrackPointExtension><gpxtpx:hr>128</gpxtpx:hr></gpxtpx:TrackPointExtension></extensions></trkpt>
      <trkpt lat="49.273823" lon="-123.139957"><ele>3.4</ele><time>2026-06-11T04:43:03.000Z</time><extensions><gpxtpx:TrackPointExtension><gpxtpx:hr>128</gpxtpx:hr></gpxtpx:TrackPointExtension></extensions></trkpt>
      <trkpt lat="49.273834" lon="-123.139931"><ele>3</ele><time>2026-06-11T04:43:04.000Z</time><extensions><gpxtpx:TrackPointExtension><gpxtpx:hr>127</gpxtpx:hr></gpxtpx:TrackPointExtension></extensions></trkpt>
      <trkpt lat="49.27384" lon="-123.139894"><ele>2.6</ele><time>2026-06-11T04:43:05.000Z</time><extensions><gpxtpx:TrackPointExtension><gpxtpx:hr>127</gpxtpx:hr></gpxtpx:TrackPointExtension></extensions></trkpt>
      <trkpt lat="49.273848" lon="-123.139858"><ele>2.4</ele><time>2026-06-11T04:43:06.000Z</time><extensions><gpxtpx:TrackPointExtension><gpxtpx:hr>127</gpxtpx:hr></gpxtpx:TrackPointExtension></extensions></trkpt>
      <trkpt lat="49.273848" lon="-123.139811"><ele>2.2</ele><time>2026-06-11T04:43:07.000Z</time><extensions><gpxtpx:TrackPointExtension><gpxtpx:hr>127</gpxtpx:hr></gpxtpx:TrackPointExtension></extensions></trkpt>
      <trkpt lat="49.273853" lon="-123.139779"><ele>2</ele><time>2026-06-11T04:43:08.000Z</time><extensions><gpxtpx:TrackPointExtension><gpxtpx:hr>127</gpxtpx:hr></gpxtpx:TrackPointExtension></extensions></trkpt>
      <trkpt lat="49.273857" lon="-123.139736"><ele>2</ele><time>2026-06-11T04:43:09.000Z</time><extensions><gpxtpx:TrackPointExtension><gpxtpx:hr>127</gpxtpx:hr></gpxtpx:TrackPointExtension></extensions></trkpt>
      <trkpt lat="49.273863" lon="-123.139699"><ele>2</ele><time>2026-06-11T04:43:10.000Z</time><extensions><gpxtpx:TrackPointExtension><gpxtpx:hr>127</gpxtpx:hr></gpxtpx:TrackPointExtension></extensions></trkpt>
      <trkpt lat="49.273874" lon="-123.139663"><ele>1.8</ele><time>2026-06-11T04:43:11.000Z</time><extensions><gpxtpx:TrackPointExtension><gpxtpx:hr>126</gpxtpx:hr></gpxtpx:TrackPointExtension></extensions></trkpt>
      <trkpt lat="49.27389" lon="-123.139621"><ele>1.8</ele><time>2026-06-11T04:43:12.000Z</time><extensions><gpxtpx:TrackPointExtension><gpxtpx:hr>127</gpxtpx:hr></gpxtpx:TrackPointExtension></extensions></trkpt>
      <trkpt lat="49.273908" lon="-123.139598"><ele>1.6</ele><time>2026-06-11T04:43:13.000Z</time><extensions><gpxtpx:TrackPointExtension><gpxtpx:hr>127</gpxtpx:hr></gpxtpx:TrackPointExtension></extensions></trkpt>
      <trkpt lat="49.273931" lon="-123.139565"><ele>1.6</ele><time>2026-06-11T04:43:14.000Z</time><extensions><gpxtpx:TrackPointExtension><gpxtpx:hr>127</gpxtpx:hr></gpxtpx:TrackPointExtension></extensions></trkpt>
      <trkpt lat="49.273949" lon="-123.13955"><ele>1.6</ele><time>2026-06-11T04:43:15.000Z</time><extensions><gpxtpx:TrackPointExtension><gpxtpx:hr>127</gpxtpx:hr></gpxtpx:TrackPointExtension></extensions></trkpt>
      <trkpt lat="49.273974" lon="-123.139523"><ele>1.6</ele><time>2026-06-11T04:43:16.000Z</time><extensions><gpxtpx:TrackPointExtension><gpxtpx:hr>127</gpxtpx:hr></gpxtpx:TrackPointExtension></extensions></trkpt>
      <trkpt lat="49.273994" lon="-123.139515"><ele>1.6</ele><time>2026-06-11T04:43:17.000Z</time><extensions><gpxtpx:TrackPointExtension><gpxtpx:hr>126</gpxtpx:hr></gpxtpx:TrackPointExtension></extensions></trkpt>
      <trkpt lat="49.27402" lon="-123.139498"><ele>1.6</ele><time>2026-06-11T04:43:18.000Z</time><extensions><gpxtpx:TrackPointExtension><gpxtpx:hr>127</gpxtpx:hr></gpxtpx:TrackPointExtension></extensions></trkpt>
      <trkpt lat="49.274039" lon="-123.139497"><ele>1.6</ele><time>2026-06-11T04:43:19.000Z</time><extensions><gpxtpx:TrackPointExtension><gpxtpx:hr>127</gpxtpx:hr></gpxtpx:TrackPointExtension></extensions></trkpt>
      <trkpt lat="49.274068" lon="-123.139488"><ele>1.6</ele><time>2026-06-11T04:43:20.000Z</time><extensions><gpxtpx:TrackPointExtension><gpxtpx:hr>127</gpxtpx:hr></gpxtpx:TrackPointExtension></extensions></trkpt>
      <trkpt lat="49.274087" lon="-123.139491"><ele>1.6</ele><time>2026-06-11T04:43:21.000Z</time><extensions><gpxtpx:TrackPointExtension><gpxtpx:hr>127</gpxtpx:hr></gpxtpx:TrackPointExtension></extensions></trkpt>
      <trkpt lat="49.274116" lon="-123.139494"><ele>1.4</ele><time>2026-06-11T04:43:22.000Z</time><extensions><gpxtpx:TrackPointExtension><gpxtpx:hr>127</gpxtpx:hr></gpxtpx:TrackPointExtension></extensions></trkpt>
      <trkpt lat="49.274133" lon="-123.139499"><ele>1.4</ele><time>2026-06-11T04:43:23.000Z</time><extensions><gpxtpx:TrackPointExtension><gpxtpx:hr>126</gpxtpx:hr></gpxtpx:TrackPointExtension></extensions></trkpt>
      <trkpt lat="49.274158" lon="-123.1395"><ele>1.2</ele><time>2026-06-11T04:43:24.000Z</time><extensions><gpxtpx:TrackPointExtension><gpxtpx:hr>127</gpxtpx:hr></gpxtpx:TrackPointExtension></extensions></trkpt>
      <trkpt lat="49.274175" lon="-123.13951"><ele>1.4</ele><time>2026-06-11T04:43:25.000Z</time><extensions><gpxtpx:TrackPointExtension><gpxtpx:hr>127</gpxtpx:hr></gpxtpx:TrackPointExtension></extensions></trkpt>
      <trkpt lat="49.274199" lon="-123.139514"><ele>1.2</ele><time>2026-06-11T04:43:26.000Z</time><extensions><gpxtpx:TrackPointExtension><gpxtpx:hr>127</gpxtpx:hr></gpxtpx:TrackPointExtension></extensions></trkpt>
      <trkpt lat="49.274218" lon="-123.139519"><ele>1.2</ele><time>2026-06-11T04:43:27.000Z</time><extensions><gpxtpx:TrackPointExtension><gpxtpx:hr>126</gpxtpx:hr></gpxtpx:TrackPointExtension></extensions></trkpt>
      <trkpt lat="49.274247" lon="-123.139523"><ele>1.2</ele><time>2026-06-11T04:43:28.000Z</time><extensions><gpxtpx:TrackPointExtension><gpxtpx:hr>127</gpxtpx:hr></gpxtpx:TrackPointExtension></extensions></trkpt>
      <trkpt lat="49.274266" lon="-123.139531"><ele>1.2</ele><time>2026-06-11T04:43:29.000Z</time><extensions><gpxtpx:TrackPointExtension><gpxtpx:hr>127</gpxtpx:hr></gpxtpx:TrackPointExtension></extensions></trkpt>
      <trkpt lat="49.274295" lon="-123.139536"><ele>1.2</ele><time>2026-06-11T04:43:30.000Z</time><extensions><gpxtpx:TrackPointExtension><gpxtpx:hr>126</gpxtpx:hr></gpxtpx:TrackPointExtension></extensions></trkpt>
      <trkpt lat="49.274314" lon="-123.139538"><ele>1.2</ele><time>2026-06-11T04:43:31.000Z</time><extensions><gpxtpx:TrackPointExtension><gpxtpx:hr>127</gpxtpx:hr></gpxtpx:TrackPointExtension></extensions></trkpt>
      <trkpt lat="49.274336" lon="-123.139543"><ele>1.2</ele><time>2026-06-11T04:43:32.000Z</time><extensions><gpxtpx:TrackPointExtension><gpxtpx:hr>127</gpxtpx:hr></gpxtpx:TrackPointExtension></extensions></trkpt>
      <trkpt lat="49.274357" lon="-123.139546"><ele>1.2</ele><time>2026-06-11T04:43:33.000Z</time><extensions><gpxtpx:TrackPointExtension><gpxtpx:hr>126</gpxtpx:hr></gpxtpx:TrackPointExtension></extensions></trkpt>
      <trkpt lat="49.274379" lon="-123.139555"><ele>1.2</ele><time>2026-06-11T04:43:34.000Z</time><extensions><gpxtpx:TrackPointExtension><gpxtpx:hr>126</gpxtpx:hr></gpxtpx:TrackPointExtension></extensions></trkpt>
      <trkpt lat="49.274408" lon="-123.139561"><ele>1.2</ele><time>2026-06-11T04:43:35.000Z</time><extensions><gpxtpx:TrackPointExtension><gpxtpx:hr>126</gpxtpx:hr></gpxtpx:TrackPointExtension></extensions></trkpt>
      <trkpt lat="49.274427" lon="-123.139566"><ele>1.2</ele><time>2026-06-11T04:43:36.000Z</time><extensions><gpxtpx:TrackPointExtension><gpxtpx:hr>126</gpxtpx:hr></gpxtpx:TrackPointExtension></extensions></trkpt>
      <trkpt lat="49.274455" lon="-123.13958"><ele>1.2</ele><time>2026-06-11T04:43:37.000Z</time><extensions><gpxtpx:TrackPointExtension><gpxtpx:hr>126</gpxtpx:hr></gpxtpx:TrackPointExtension></extensions></trkpt>
      <trkpt lat="49.27447" lon="-123.139596"><ele>1.2</ele><time>2026-06-11T04:43:38.000Z</time><extensions><gpxtpx:TrackPointExtension><gpxtpx:hr>126</gpxtpx:hr></gpxtpx:TrackPointExtension></extensions></trkpt>
      <trkpt lat="49.274493" lon="-123.139618"><ele>1.4</ele><time>2026-06-11T04:43:39.000Z</time><extensions><gpxtpx:TrackPointExtension><gpxtpx:hr>126</gpxtpx:hr></gpxtpx:TrackPointExtension></extensions></trkpt>
      <trkpt lat="49.274514" lon="-123.139633"><ele>1.4</ele><time>2026-06-11T04:43:40.000Z</time><extensions><gpxtpx:TrackPointExtension><gpxtpx:hr>125</gpxtpx:hr></gpxtpx:TrackPointExtension></extensions></trkpt>
      <trkpt lat="49.274538" lon="-123.13965"><ele>1.4</ele><time>2026-06-11T04:43:41.000Z</time><extensions><gpxtpx:TrackPointExtension><gpxtpx:hr>125</gpxtpx:hr></gpxtpx:TrackPointExtension></extensions></trkpt>
      <trkpt lat="49.274563" lon="-123.13967"><ele>1.6</ele><time>2026-06-11T04:43:42.000Z</time><extensions><gpxtpx:TrackPointExtension><gpxtpx:hr>125</gpxtpx:hr></gpxtpx:TrackPointExtension></extensions></trkpt>
      <trkpt lat="49.274583" lon="-123.139694"><ele>1.6</ele><time>2026-06-11T04:43:43.000Z</time><extensions><gpxtpx:TrackPointExtension><gpxtpx:hr>125</gpxtpx:hr></gpxtpx:TrackPointExtension></extensions></trkpt>
      <trkpt lat="49.274605" lon="-123.139718"><ele>1.6</ele><time>2026-06-11T04:43:44.000Z</time><extensions><gpxtpx:TrackPointExtension><gpxtpx:hr>125</gpxtpx:hr></gpxtpx:TrackPointExtension></extensions></trkpt>
      <trkpt lat="49.274626" lon="-123.13974"><ele>1.6</ele><time>2026-06-11T04:43:45.000Z</time><extensions><gpxtpx:TrackPointExtension><gpxtpx:hr>125</gpxtpx:hr></gpxtpx:TrackPointExtension></extensions></trkpt>
      <trkpt lat="49.274649" lon="-123.139755"><ele>1.6</ele><time>2026-06-11T04:43:46.000Z</time><extensions><gpxtpx:TrackPointExtension><gpxtpx:hr>125</gpxtpx:hr></gpxtpx:TrackPointExtension></extensions></trkpt>
      <trkpt lat="49.27467" lon="-123.139771"><ele>1.6</ele><time>2026-06-11T04:43:47.000Z</time><extensions><gpxtpx:TrackPointExtension><gpxtpx:hr>125</gpxtpx:hr></gpxtpx:TrackPointExtension></extensions></trkpt>
      <trkpt lat="49.274693" lon="-123.139787"><ele>1.8</ele><time>2026-06-11T04:43:48.000Z</time><extensions><gpxtpx:TrackPointExtension><gpxtpx:hr>125</gpxtpx:hr></gpxtpx:TrackPointExtension></extensions></trkpt>
      <trkpt lat="49.274712" lon="-123.139797"><ele>1.8</ele><time>2026-06-11T04:43:49.000Z</time><extensions><gpxtpx:TrackPointExtension><gpxtpx:hr>125</gpxtpx:hr></gpxtpx:TrackPointExtension></extensions></trkpt>
      <trkpt lat="49.274741" lon="-123.139812"><ele>1.8</ele><time>2026-06-11T04:43:50.000Z</time><extensions><gpxtpx:TrackPointExtension><gpxtpx:hr>125</gpxtpx:hr></gpxtpx:TrackPointExtension></extensions></trkpt>
      <trkpt lat="49.274757" lon="-123.139825"><ele>1.8</ele><time>2026-06-11T04:43:51.000Z</time><extensions><gpxtpx:TrackPointExtension><gpxtpx:hr>126</gpxtpx:hr></gpxtpx:TrackPointExtension></extensions></trkpt>
      <trkpt lat="49.274771" lon="-123.139837"><ele>1.8</ele><time>2026-06-11T04:43:52.000Z</time><extensions><gpxtpx:TrackPointExtension><gpxtpx:hr>126</gpxtpx:hr></gpxtpx:TrackPointExtension></extensions></trkpt>
      <trkpt lat="49.274791" lon="-123.139835"><ele>1.8</ele><time>2026-06-11T04:43:53.000Z</time><extensions><gpxtpx:TrackPointExtension><gpxtpx:hr>126</gpxtpx:hr></gpxtpx:TrackPointExtension></extensions></trkpt>
      <trkpt lat="49.274806" lon="-123.139836"><ele>1.8</ele><time>2026-06-11T04:43:54.000Z</time><extensions><gpxtpx:TrackPointExtension><gpxtpx:hr>126</gpxtpx:hr></gpxtpx:TrackPointExtension></extensions></trkpt>
      <trkpt lat="49.274829" lon="-123.139835"><ele>1.8</ele><time>2026-06-11T04:43:55.000Z</time><extensions><gpxtpx:TrackPointExtension><gpxtpx:hr>126</gpxtpx:hr></gpxtpx:TrackPointExtension></extensions></trkpt>
      <trkpt lat="49.274852" lon="-123.139826"><ele>1.6</ele><time>2026-06-11T04:43:56.000Z</time><extensions><gpxtpx:TrackPointExtension><gpxtpx:hr>126</gpxtpx:hr></gpxtpx:TrackPointExtension></extensions></trkpt>
      <trkpt lat="49.274873" lon="-123.139821"><ele>1.6</ele><time>2026-06-11T04:43:57.000Z</time><extensions><gpxtpx:TrackPointExtension><gpxtpx:hr>126</gpxtpx:hr></gpxtpx:TrackPointExtension></extensions></trkpt>
      <trkpt lat="49.274903" lon="-123.139801"><ele>1.6</ele><time>2026-06-11T04:43:58.000Z</time><extensions><gpxtpx:TrackPointExtension><gpxtpx:hr>126</gpxtpx:hr></gpxtpx:TrackPointExtension></extensions></trkpt>
      <trkpt lat="49.274923" lon="-123.139791"><ele>1.6</ele><time>2026-06-11T04:43:59.000Z</time><extensions><gpxtpx:TrackPointExtension><gpxtpx:hr>127</gpxtpx:hr></gpxtpx:TrackPointExtension></extensions></trkpt>
      <trkpt lat="49.274948" lon="-123.139782"><ele>1.8</ele><time>2026-06-11T04:44:00.000Z</time><extensions><gpxtpx:TrackPointExtension><gpxtpx:hr>126</gpxtpx:hr></gpxtpx:TrackPointExtension></extensions></trkpt>
      <trkpt lat="49.274972" lon="-123.139776"><ele>1.6</ele><time>2026-06-11T04:44:01.000Z</time><extensions><gpxtpx:TrackPointExtension><gpxtpx:hr>126</gpxtpx:hr></gpxtpx:TrackPointExtension></extensions></trkpt>
      <trkpt lat="49.274993" lon="-123.139782"><ele>1.6</ele><time>2026-06-11T04:44:02.000Z</time><extensions><gpxtpx:TrackPointExtension><gpxtpx:hr>127</gpxtpx:hr></gpxtpx:TrackPointExtension></extensions></trkpt>
      <trkpt lat="49.275024" lon="-123.139785"><ele>1.6</ele><time>2026-06-11T04:44:03.000Z</time><extensions><gpxtpx:TrackPointExtension><gpxtpx:hr>127</gpxtpx:hr></gpxtpx:TrackPointExtension></extensions></trkpt>
      <trkpt lat="49.275036" lon="-123.139796"><ele>1.6</ele><time>2026-06-11T04:44:04.000Z</time><extensions><gpxtpx:TrackPointExtension><gpxtpx:hr>127</gpxtpx:hr></gpxtpx:TrackPointExtension></extensions></trkpt>
      <trkpt lat="49.275058" lon="-123.139812"><ele>1.6</ele><time>2026-06-11T04:44:05.000Z</time><extensions><gpxtpx:TrackPointExtension><gpxtpx:hr>127</gpxtpx:hr></gpxtpx:TrackPointExtension></extensions></trkpt>
      <trkpt lat="49.275078" lon="-123.139824"><ele>1.8</ele><time>2026-06-11T04:44:06.000Z</time><extensions><gpxtpx:TrackPointExtension><gpxtpx:hr>127</gpxtpx:hr></gpxtpx:TrackPointExtension></extensions></trkpt>
      <trkpt lat="49.275094" lon="-123.139839"><ele>1.8</ele><time>2026-06-11T04:44:07.000Z</time><extensions><gpxtpx:TrackPointExtension><gpxtpx:hr>127</gpxtpx:hr></gpxtpx:TrackPointExtension></extensions></trkpt>
      <trkpt lat="49.275119" lon="-123.139856"><ele>1.8</ele><time>2026-06-11T04:44:08.000Z</time><extensions><gpxtpx:TrackPointExtension><gpxtpx:hr>128</gpxtpx:hr></gpxtpx:TrackPointExtension></extensions></trkpt>
      <trkpt lat="49.275134" lon="-123.139874"><ele>2</ele><time>2026-06-11T04:44:09.000Z</time><extensions><gpxtpx:TrackPointExtension><gpxtpx:hr>127</gpxtpx:hr></gpxtpx:TrackPointExtension></extensions></trkpt>
      <trkpt lat="49.275162" lon="-123.139894"><ele>2</ele><time>2026-06-11T04:44:10.000Z</time><extensions><gpxtpx:TrackPointExtension><gpxtpx:hr>127</gpxtpx:hr></gpxtpx:TrackPointExtension></extensions></trkpt>
      <trkpt lat="49.275178" lon="-123.139913"><ele>2</ele><time>2026-06-11T04:44:11.000Z</time><extensions><gpxtpx:TrackPointExtension><gpxtpx:hr>127</gpxtpx:hr></gpxtpx:TrackPointExtension></extensions></trkpt>
      <trkpt lat="49.275196" lon="-123.139941"><ele>2</ele><time>2026-06-11T04:44:12.000Z</time><extensions><gpxtpx:TrackPointExtension><gpxtpx:hr>127</gpxtpx:hr></gpxtpx:TrackPointExtension></extensions></trkpt>
      <trkpt lat="49.275217" lon="-123.139959"><ele>2.2</ele><time>2026-06-11T04:44:13.000Z</time><extensions><gpxtpx:TrackPointExtension><gpxtpx:hr>127</gpxtpx:hr></gpxtpx:TrackPointExtension></extensions></trkpt>
      <trkpt lat="49.275237" lon="-123.139977"><ele>2.2</ele><time>2026-06-11T04:44:14.000Z</time><extensions><gpxtpx:TrackPointExtension><gpxtpx:hr>127</gpxtpx:hr></gpxtpx:TrackPointExtension></extensions></trkpt>
      <trkpt lat="49.275264" lon="-123.13999"><ele>2.2</ele><time>2026-06-11T04:44:15.000Z</time><extensions><gpxtpx:TrackPointExtension><gpxtpx:hr>127</gpxtpx:hr></gpxtpx:TrackPointExtension></extensions></trkpt>
      <trkpt lat="49.275281" lon="-123.14"><ele>2.2</ele><time>2026-06-11T04:44:16.000Z</time><extensions><gpxtpx:TrackPointExtension><gpxtpx:hr>127</gpxtpx:hr></gpxtpx:TrackPointExtension></extensions></trkpt>
      <trkpt lat="49.275307" lon="-123.140003"><ele>2.2</ele><time>2026-06-11T04:44:17.000Z</time><extensions><gpxtpx:TrackPointExtension><gpxtpx:hr>127</gpxtpx:hr></gpxtpx:TrackPointExtension></extensions></trkpt>
      <trkpt lat="49.275325" lon="-123.140003"><ele>2.2</ele><time>2026-06-11T04:44:18.000Z</time><extensions><gpxtpx:TrackPointExtension><gpxtpx:hr>128</gpxtpx:hr></gpxtpx:TrackPointExtension></extensions></trkpt>
      <trkpt lat="49.27535" lon="-123.14001"><ele>2.2</ele><time>2026-06-11T04:44:19.000Z</time><extensions><gpxtpx:TrackPointExtension><gpxtpx:hr>127</gpxtpx:hr></gpxtpx:TrackPointExtension></extensions></trkpt>
      <trkpt lat="49.275375" lon="-123.140012"><ele>2.2</ele><time>2026-06-11T04:44:20.000Z</time><extensions><gpxtpx:TrackPointExtension><gpxtpx:hr>127</gpxtpx:hr></gpxtpx:TrackPointExtension></extensions></trkpt>
      <trkpt lat="49.275398" lon="-123.140018"><ele>2.2</ele><time>2026-06-11T04:44:21.000Z</time><extensions><gpxtpx:TrackPointExtension><gpxtpx:hr>127</gpxtpx:hr></gpxtpx:TrackPointExtension></extensions></trkpt>
      <trkpt lat="49.275426" lon="-123.140021"><ele>2.2</ele><time>2026-06-11T04:44:22.000Z</time><extensions><gpxtpx:TrackPointExtension><gpxtpx:hr>127</gpxtpx:hr></gpxtpx:TrackPointExtension></extensions></trkpt>
      <trkpt lat="49.275445" lon="-123.140029"><ele>2.2</ele><time>2026-06-11T04:44:23.000Z</time><extensions><gpxtpx:TrackPointExtension><gpxtpx:hr>127</gpxtpx:hr></gpxtpx:TrackPointExtension></extensions></trkpt>
      <trkpt lat="49.275476" lon="-123.140025"><ele>2.2</ele><time>2026-06-11T04:44:24.000Z</time><extensions><gpxtpx:TrackPointExtension><gpxtpx:hr>127</gpxtpx:hr></gpxtpx:TrackPointExtension></extensions></trkpt>
      <trkpt lat="49.275492" lon="-123.140032"><ele>2.2</ele><time>2026-06-11T04:44:25.000Z</time><extensions><gpxtpx:TrackPointExtension><gpxtpx:hr>127</gpxtpx:hr></gpxtpx:TrackPointExtension></extensions></trkpt>
      <trkpt lat="49.275521" lon="-123.140041"><ele>2.2</ele><time>2026-06-11T04:44:26.000Z</time><extensions><gpxtpx:TrackPointExtension><gpxtpx:hr>127</gpxtpx:hr></gpxtpx:TrackPointExtension></extensions></trkpt>
      <trkpt lat="49.27554" lon="-123.140053"><ele>2</ele><time>2026-06-11T04:44:27.000Z</time><extensions><gpxtpx:TrackPointExtension><gpxtpx:hr>128</gpxtpx:hr></gpxtpx:TrackPointExtension></extensions></trkpt>
      <trkpt lat="49.275565" lon="-123.140067"><ele>2</ele><time>2026-06-11T04:44:28.000Z</time><extensions><gpxtpx:TrackPointExtension><gpxtpx:hr>127</gpxtpx:hr></gpxtpx:TrackPointExtension></extensions></trkpt>
      <trkpt lat="49.275592" lon="-123.14006"><ele>2.2</ele><time>2026-06-11T04:44:29.000Z</time><extensions><gpxtpx:TrackPointExtension><gpxtpx:hr>127</gpxtpx:hr></gpxtpx:TrackPointExtension></extensions></trkpt>
      <trkpt lat="49.275609" lon="-123.140066"><ele>2.2</ele><time>2026-06-11T04:44:30.000Z</time><extensions><gpxtpx:TrackPointExtension><gpxtpx:hr>127</gpxtpx:hr></gpxtpx:TrackPointExtension></extensions></trkpt>
      <trkpt lat="49.275635" lon="-123.140069"><ele>2.2</ele><time>2026-06-11T04:44:31.000Z</time><extensions><gpxtpx:TrackPointExtension><gpxtpx:hr>127</gpxtpx:hr></gpxtpx:TrackPointExtension></extensions></trkpt>
      <trkpt lat="49.275659" lon="-123.140068"><ele>2.2</ele><time>2026-06-11T04:44:32.000Z</time><extensions><gpxtpx:TrackPointExtension><gpxtpx:hr>127</gpxtpx:hr></gpxtpx:TrackPointExtension></extensions></trkpt>
      <trkpt lat="49.275683" lon="-123.140071"><ele>2.2</ele><time>2026-06-11T04:44:33.000Z</time><extensions><gpxtpx:TrackPointExtension><gpxtpx:hr>128</gpxtpx:hr></gpxtpx:TrackPointExtension></extensions></trkpt>
      <trkpt lat="49.275715" lon="-123.140057"><ele>2.2</ele><time>2026-06-11T04:44:34.000Z</time><extensions><gpxtpx:TrackPointExtension><gpxtpx:hr>128</gpxtpx:hr></gpxtpx:TrackPointExtension></extensions></trkpt>
      <trkpt lat="49.275736" lon="-123.140053"><ele>2.2</ele><time>2026-06-11T04:44:35.000Z</time><extensions><gpxtpx:TrackPointExtension><gpxtpx:hr>128</gpxtpx:hr></gpxtpx:TrackPointExtension></extensions></trkpt>
      <trkpt lat="49.275765" lon="-123.14005"><ele>2.2</ele><time>2026-06-11T04:44:36.000Z</time><extensions><gpxtpx:TrackPointExtension><gpxtpx:hr>128</gpxtpx:hr></gpxtpx:TrackPointExtension></extensions></trkpt>
      <trkpt lat="49.275789" lon="-123.140054"><ele>2</ele><time>2026-06-11T04:44:37.000Z</time><extensions><gpxtpx:TrackPointExtension><gpxtpx:hr>128</gpxtpx:hr></gpxtpx:TrackPointExtension></extensions></trkpt>
      <trkpt lat="49.275809" lon="-123.140064"><ele>2</ele><time>2026-06-11T04:44:38.000Z</time><extensions><gpxtpx:TrackPointExtension><gpxtpx:hr>128</gpxtpx:hr></gpxtpx:TrackPointExtension></extensions></trkpt>
      <trkpt lat="49.275833" lon="-123.140075"><ele>2</ele><time>2026-06-11T04:44:39.000Z</time><extensions><gpxtpx:TrackPointExtension><gpxtpx:hr>128</gpxtpx:hr></gpxtpx:TrackPointExtension></extensions></trkpt>
      <trkpt lat="49.275854" lon="-123.140086"><ele>2</ele><time>2026-06-11T04:44:40.000Z</time><extensions><gpxtpx:TrackPointExtension><gpxtpx:hr>128</gpxtpx:hr></gpxtpx:TrackPointExtension></extensions></trkpt>
      <trkpt lat="49.275881" lon="-123.140103"><ele>2</ele><time>2026-06-11T04:44:41.000Z</time><extensions><gpxtpx:TrackPointExtension><gpxtpx:hr>128</gpxtpx:hr></gpxtpx:TrackPointExtension></extensions></trkpt>
      <trkpt lat="49.275896" lon="-123.140116"><ele>2</ele><time>2026-06-11T04:44:42.000Z</time><extensions><gpxtpx:TrackPointExtension><gpxtpx:hr>129</gpxtpx:hr></gpxtpx:TrackPointExtension></extensions></trkpt>
      <trkpt lat="49.275914" lon="-123.140136"><ele>2</ele><time>2026-06-11T04:44:43.000Z</time><extensions><gpxtpx:TrackPointExtension><gpxtpx:hr>129</gpxtpx:hr></gpxtpx:TrackPointExtension></extensions></trkpt>
      <trkpt lat="49.275934" lon="-123.140149"><ele>2</ele><time>2026-06-11T04:44:44.000Z</time><extensions><gpxtpx:TrackPointExtension><gpxtpx:hr>129</gpxtpx:hr></gpxtpx:TrackPointExtension></extensions></trkpt>
      <trkpt lat="49.275952" lon="-123.140165"><ele>2</ele><time>2026-06-11T04:44:45.000Z</time><extensions><gpxtpx:TrackPointExtension><gpxtpx:hr>129</gpxtpx:hr></gpxtpx:TrackPointExtension></extensions></trkpt>
      <trkpt lat="49.27598" lon="-123.140183"><ele>2</ele><time>2026-06-11T04:44:46.000Z</time><extensions><gpxtpx:TrackPointExtension><gpxtpx:hr>130</gpxtpx:hr></gpxtpx:TrackPointExtension></extensions></trkpt>
      <trkpt lat="49.275993" lon="-123.140197"><ele>2</ele><time>2026-06-11T04:44:47.000Z</time><extensions><gpxtpx:TrackPointExtension><gpxtpx:hr>130</gpxtpx:hr></gpxtpx:TrackPointExtension></extensions></trkpt>
      <trkpt lat="49.27602" lon="-123.140215"><ele>2</ele><time>2026-06-11T04:44:48.000Z</time><extensions><gpxtpx:TrackPointExtension><gpxtpx:hr>130</gpxtpx:hr></gpxtpx:TrackPointExtension></extensions></trkpt>
      <trkpt lat="49.276035" lon="-123.14023"><ele>2</ele><time>2026-06-11T04:44:49.000Z</time><extensions><gpxtpx:TrackPointExtension><gpxtpx:hr>130</gpxtpx:hr></gpxtpx:TrackPointExtension></extensions></trkpt>
      <trkpt lat="49.276056" lon="-123.140246"><ele>2</ele><time>2026-06-11T04:44:50.000Z</time><extensions><gpxtpx:TrackPointExtension><gpxtpx:hr>130</gpxtpx:hr></gpxtpx:TrackPointExtension></extensions></trkpt>
      <trkpt lat="49.276078" lon="-123.140258"><ele>2</ele><time>2026-06-11T04:44:51.000Z</time><extensions><gpxtpx:TrackPointExtension><gpxtpx:hr>130</gpxtpx:hr></gpxtpx:TrackPointExtension></extensions></trkpt>
      <trkpt lat="49.276097" lon="-123.140273"><ele>2</ele><time>2026-06-11T04:44:52.000Z</time><extensions><gpxtpx:TrackPointExtension><gpxtpx:hr>131</gpxtpx:hr></gpxtpx:TrackPointExtension></extensions></trkpt>
      <trkpt lat="49.27612" lon="-123.140294"><ele>2</ele><time>2026-06-11T04:44:53.000Z</time><extensions><gpxtpx:TrackPointExtension><gpxtpx:hr>132</gpxtpx:hr></gpxtpx:TrackPointExtension></extensions></trkpt>
      <trkpt lat="49.276134" lon="-123.140311"><ele>2</ele><time>2026-06-11T04:44:54.000Z</time><extensions><gpxtpx:TrackPointExtension><gpxtpx:hr>132</gpxtpx:hr></gpxtpx:TrackPointExtension></extensions></trkpt>
      <trkpt lat="49.276154" lon="-123.14034"><ele>2</ele><time>2026-06-11T04:44:55.000Z</time><extensions><gpxtpx:TrackPointExtension><gpxtpx:hr>132</gpxtpx:hr></gpxtpx:TrackPointExtension></extensions></trkpt>
      <trkpt lat="49.276171" lon="-123.140361"><ele>2</ele><time>2026-06-11T04:44:56.000Z</time><extensions><gpxtpx:TrackPointExtension><gpxtpx:hr>133</gpxtpx:hr></gpxtpx:TrackPointExtension></extensions></trkpt>
      <trkpt lat="49.276189" lon="-123.140379"><ele>2</ele><time>2026-06-11T04:44:57.000Z</time><extensions><gpxtpx:TrackPointExtension><gpxtpx:hr>133</gpxtpx:hr></gpxtpx:TrackPointExtension></extensions></trkpt>
      <trkpt lat="49.276212" lon="-123.140398"><ele>2.2</ele><time>2026-06-11T04:44:58.000Z</time><extensions><gpxtpx:TrackPointExtension><gpxtpx:hr>133</gpxtpx:hr></gpxtpx:TrackPointExtension></extensions></trkpt>
      <trkpt lat="49.276224" lon="-123.14041"><ele>2.2</ele><time>2026-06-11T04:44:59.000Z</time><extensions><gpxtpx:TrackPointExtension><gpxtpx:hr>132</gpxtpx:hr></gpxtpx:TrackPointExtension></extensions></trkpt>
      <trkpt lat="49.276242" lon="-123.140428"><ele>2.2</ele><time>2026-06-11T04:45:00.000Z</time><extensions><gpxtpx:TrackPointExtension><gpxtpx:hr>132</gpxtpx:hr></gpxtpx:TrackPointExtension></extensions></trkpt>
      <trkpt lat="49.276263" lon="-123.140428"><ele>2.2</ele><time>2026-06-11T04:45:01.000Z</time><extensions><gpxtpx:TrackPointExtension><gpxtpx:hr>132</gpxtpx:hr></gpxtpx:TrackPointExtension></extensions></trkpt>
      <trkpt lat="49.276282" lon="-123.140425"><ele>2.2</ele><time>2026-06-11T04:45:02.000Z</time><extensions><gpxtpx:TrackPointExtension><gpxtpx:hr>132</gpxtpx:hr></gpxtpx:TrackPointExtension></extensions></trkpt>
      <trkpt lat="49.276305" lon="-123.140426"><ele>2</ele><time>2026-06-11T04:45:03.000Z</time><extensions><gpxtpx:TrackPointExtension><gpxtpx:hr>133</gpxtpx:hr></gpxtpx:TrackPointExtension></extensions></trkpt>
      <trkpt lat="49.276325" lon="-123.140437"><ele>2</ele><time>2026-06-11T04:45:04.000Z</time><extensions><gpxtpx:TrackPointExtension><gpxtpx:hr>132</gpxtpx:hr></gpxtpx:TrackPointExtension></extensions></trkpt>
      <trkpt lat="49.276345" lon="-123.140443"><ele>2</ele><time>2026-06-11T04:45:05.000Z</time><extensions><gpxtpx:TrackPointExtension><gpxtpx:hr>132</gpxtpx:hr></gpxtpx:TrackPointExtension></extensions></trkpt>
      <trkpt lat="49.276372" lon="-123.14045"><ele>2</ele><time>2026-06-11T04:45:06.000Z</time><extensions><gpxtpx:TrackPointExtension><gpxtpx:hr>132</gpxtpx:hr></gpxtpx:TrackPointExtension></extensions></trkpt>
      <trkpt lat="49.276395" lon="-123.140453"><ele>2</ele><time>2026-06-11T04:45:07.000Z</time><extensions><gpxtpx:TrackPointExtension><gpxtpx:hr>132</gpxtpx:hr></gpxtpx:TrackPointExtension></extensions></trkpt>
      <trkpt lat="49.276415" lon="-123.140462"><ele>1.8</ele><time>2026-06-11T04:45:08.000Z</time><extensions><gpxtpx:TrackPointExtension><gpxtpx:hr>132</gpxtpx:hr></gpxtpx:TrackPointExtension></extensions></trkpt>
      <trkpt lat="49.276441" lon="-123.140466"><ele>1.8</ele><time>2026-06-11T04:45:09.000Z</time><extensions><gpxtpx:TrackPointExtension><gpxtpx:hr>133</gpxtpx:hr></gpxtpx:TrackPointExtension></extensions></trkpt>
      <trkpt lat="49.276461" lon="-123.140473"><ele>1.8</ele><time>2026-06-11T04:45:10.000Z</time><extensions><gpxtpx:TrackPointExtension><gpxtpx:hr>132</gpxtpx:hr></gpxtpx:TrackPointExtension></extensions></trkpt>
      <trkpt lat="49.276488" lon="-123.140488"><ele>1.6</ele><time>2026-06-11T04:45:11.000Z</time><extensions><gpxtpx:TrackPointExtension><gpxtpx:hr>132</gpxtpx:hr></gpxtpx:TrackPointExtension></extensions></trkpt>
      <trkpt lat="49.276508" lon="-123.140498"><ele>1.6</ele><time>2026-06-11T04:45:12.000Z</time><extensions><gpxtpx:TrackPointExtension><gpxtpx:hr>132</gpxtpx:hr></gpxtpx:TrackPointExtension></extensions></trkpt>
      <trkpt lat="49.27653" lon="-123.140514"><ele>1.4</ele><time>2026-06-11T04:45:13.000Z</time><extensions><gpxtpx:TrackPointExtension><gpxtpx:hr>132</gpxtpx:hr></gpxtpx:TrackPointExtension></extensions></trkpt>
      <trkpt lat="49.27655" lon="-123.140526"><ele>1.4</ele><time>2026-06-11T04:45:14.000Z</time><extensions><gpxtpx:TrackPointExtension><gpxtpx:hr>132</gpxtpx:hr></gpxtpx:TrackPointExtension></extensions></trkpt>
      <trkpt lat="49.276569" lon="-123.140535"><ele>1.2</ele><time>2026-06-11T04:45:15.000Z</time><extensions><gpxtpx:TrackPointExtension><gpxtpx:hr>132</gpxtpx:hr></gpxtpx:TrackPointExtension></extensions></trkpt>
      <trkpt lat="49.276596" lon="-123.140549"><ele>1.2</ele><time>2026-06-11T04:45:16.000Z</time><extensions><gpxtpx:TrackPointExtension><gpxtpx:hr>132</gpxtpx:hr></gpxtpx:TrackPointExtension></extensions></trkpt>
      <trkpt lat="49.276614" lon="-123.14056"><ele>1</ele><time>2026-06-11T04:45:17.000Z</time><extensions><gpxtpx:TrackPointExtension><gpxtpx:hr>132</gpxtpx:hr></gpxtpx:TrackPointExtension></extensions></trkpt>
      <trkpt lat="49.276639" lon="-123.140577"><ele>0.8</ele><time>2026-06-11T04:45:18.000Z</time><extensions><gpxtpx:TrackPointExtension><gpxtpx:hr>132</gpxtpx:hr></gpxtpx:TrackPointExtension></extensions></trkpt>
      <trkpt lat="49.276669" lon="-123.14059"><ele>0.8</ele><time>2026-06-11T04:45:19.000Z</time><extensions><gpxtpx:TrackPointExtension><gpxtpx:hr>132</gpxtpx:hr></gpxtpx:TrackPointExtension></extensions></trkpt>
      <trkpt lat="49.276689" lon="-123.140613"><ele>0.8</ele><time>2026-06-11T04:45:20.000Z</time><extensions><gpxtpx:TrackPointExtension><gpxtpx:hr>133</gpxtpx:hr></gpxtpx:TrackPointExtension></extensions></trkpt>
      <trkpt lat="49.276716" lon="-123.140635"><ele>0.8</ele><time>2026-06-11T04:45:21.000Z</time><extensions><gpxtpx:TrackPointExtension><gpxtpx:hr>132</gpxtpx:hr></gpxtpx:TrackPointExtension></extensions></trkpt>
      <trkpt lat="49.276738" lon="-123.140652"><ele>0.8</ele><time>2026-06-11T04:45:22.000Z</time><extensions><gpxtpx:TrackPointExtension><gpxtpx:hr>132</gpxtpx:hr></gpxtpx:TrackPointExtension></extensions></trkpt>
      <trkpt lat="49.27676" lon="-123.140673"><ele>0.8</ele><time>2026-06-11T04:45:23.000Z</time><extensions><gpxtpx:TrackPointExtension><gpxtpx:hr>133</gpxtpx:hr></gpxtpx:TrackPointExtension></extensions></trkpt>
      <trkpt lat="49.276783" lon="-123.14069"><ele>0.8</ele><time>2026-06-11T04:45:24.000Z</time><extensions><gpxtpx:TrackPointExtension><gpxtpx:hr>132</gpxtpx:hr></gpxtpx:TrackPointExtension></extensions></trkpt>
      <trkpt lat="49.276803" lon="-123.140703"><ele>0.8</ele><time>2026-06-11T04:45:25.000Z</time><extensions><gpxtpx:TrackPointExtension><gpxtpx:hr>132</gpxtpx:hr></gpxtpx:TrackPointExtension></extensions></trkpt>
      <trkpt lat="49.276833" lon="-123.14071"><ele>0.8</ele><time>2026-06-11T04:45:26.000Z</time><extensions><gpxtpx:TrackPointExtension><gpxtpx:hr>133</gpxtpx:hr></gpxtpx:TrackPointExtension></extensions></trkpt>
      <trkpt lat="49.276852" lon="-123.140717"><ele>0.8</ele><time>2026-06-11T04:45:27.000Z</time><extensions><gpxtpx:TrackPointExtension><gpxtpx:hr>132</gpxtpx:hr></gpxtpx:TrackPointExtension></extensions></trkpt>
      <trkpt lat="49.276875" lon="-123.140727"><ele>0.8</ele><time>2026-06-11T04:45:28.000Z</time><extensions><gpxtpx:TrackPointExtension><gpxtpx:hr>132</gpxtpx:hr></gpxtpx:TrackPointExtension></extensions></trkpt>
      <trkpt lat="49.276899" lon="-123.140739"><ele>0.8</ele><time>2026-06-11T04:45:29.000Z</time><extensions><gpxtpx:TrackPointExtension><gpxtpx:hr>132</gpxtpx:hr></gpxtpx:TrackPointExtension></extensions></trkpt>
      <trkpt lat="49.276919" lon="-123.140755"><ele>0.8</ele><time>2026-06-11T04:45:30.000Z</time><extensions><gpxtpx:TrackPointExtension><gpxtpx:hr>133</gpxtpx:hr></gpxtpx:TrackPointExtension></extensions></trkpt>
      <trkpt lat="49.276948" lon="-123.140765"><ele>0.8</ele><time>2026-06-11T04:45:31.000Z</time><extensions><gpxtpx:TrackPointExtension><gpxtpx:hr>132</gpxtpx:hr></gpxtpx:TrackPointExtension></extensions></trkpt>
      <trkpt lat="49.276965" lon="-123.140777"><ele>0.8</ele><time>2026-06-11T04:45:32.000Z</time><extensions><gpxtpx:TrackPointExtension><gpxtpx:hr>132</gpxtpx:hr></gpxtpx:TrackPointExtension></extensions></trkpt>
      <trkpt lat="49.276987" lon="-123.140792"><ele>0.8</ele><time>2026-06-11T04:45:33.000Z</time><extensions><gpxtpx:TrackPointExtension><gpxtpx:hr>132</gpxtpx:hr></gpxtpx:TrackPointExtension></extensions></trkpt>
      <trkpt lat="49.277006" lon="-123.140803"><ele>1</ele><time>2026-06-11T04:45:34.000Z</time><extensions><gpxtpx:TrackPointExtension><gpxtpx:hr>132</gpxtpx:hr></gpxtpx:TrackPointExtension></extensions></trkpt>
      <trkpt lat="49.277027" lon="-123.140816"><ele>1</ele><time>2026-06-11T04:45:35.000Z</time><extensions><gpxtpx:TrackPointExtension><gpxtpx:hr>133</gpxtpx:hr></gpxtpx:TrackPointExtension></extensions></trkpt>
      <trkpt lat="49.277054" lon="-123.140829"><ele>1.2</ele><time>2026-06-11T04:45:36.000Z</time><extensions><gpxtpx:TrackPointExtension><gpxtpx:hr>132</gpxtpx:hr></gpxtpx:TrackPointExtension></extensions></trkpt>
      <trkpt lat="49.27707" lon="-123.140846"><ele>1.2</ele><time>2026-06-11T04:45:37.000Z</time><extensions><gpxtpx:TrackPointExtension><gpxtpx:hr>132</gpxtpx:hr></gpxtpx:TrackPointExtension></extensions></trkpt>
      <trkpt lat="49.277099" lon="-123.140865"><ele>1.2</ele><time>2026-06-11T04:45:38.000Z</time><extensions><gpxtpx:TrackPointExtension><gpxtpx:hr>133</gpxtpx:hr></gpxtpx:TrackPointExtension></extensions></trkpt>
      <trkpt lat="49.277125" lon="-123.140878"><ele>1.2</ele><time>2026-06-11T04:45:39.000Z</time><extensions><gpxtpx:TrackPointExtension><gpxtpx:hr>132</gpxtpx:hr></gpxtpx:TrackPointExtension></extensions></trkpt>
      <trkpt lat="49.277147" lon="-123.14089"><ele>1.2</ele><time>2026-06-11T04:45:40.000Z</time><extensions><gpxtpx:TrackPointExtension><gpxtpx:hr>133</gpxtpx:hr></gpxtpx:TrackPointExtension></extensions></trkpt>
      <trkpt lat="49.277178" lon="-123.140877"><ele>1.2</ele><time>2026-06-11T04:45:41.000Z</time><extensions><gpxtpx:TrackPointExtension><gpxtpx:hr>133</gpxtpx:hr></gpxtpx:TrackPointExtension></extensions></trkpt>
      <trkpt lat="49.277191" lon="-123.140845"><ele>1.2</ele><time>2026-06-11T04:45:42.000Z</time><extensions><gpxtpx:TrackPointExtension><gpxtpx:hr>133</gpxtpx:hr></gpxtpx:TrackPointExtension></extensions></trkpt>
      <trkpt lat="49.277199" lon="-123.140805"><ele>1</ele><time>2026-06-11T04:45:43.000Z</time><extensions><gpxtpx:TrackPointExtension><gpxtpx:hr>132</gpxtpx:hr></gpxtpx:TrackPointExtension></extensions></trkpt>
      <trkpt lat="49.277203" lon="-123.140759"><ele>1</ele><time>2026-06-11T04:45:44.000Z</time><extensions><gpxtpx:TrackPointExtension><gpxtpx:hr>133</gpxtpx:hr></gpxtpx:TrackPointExtension></extensions></trkpt>
      <trkpt lat="49.27721" lon="-123.140725"><ele>1</ele><time>2026-06-11T04:45:45.000Z</time><extensions><gpxtpx:TrackPointExtension><gpxtpx:hr>133</gpxtpx:hr></gpxtpx:TrackPointExtension></extensions></trkpt>
      <trkpt lat="49.277211" lon="-123.140678"><ele>0.8</ele><time>2026-06-11T04:45:46.000Z</time><extensions><gpxtpx:TrackPointExtension><gpxtpx:hr>133</gpxtpx:hr></gpxtpx:TrackPointExtension></extensions></trkpt>
      <trkpt lat="49.27721" lon="-123.140637"><ele>0.8</ele><time>2026-06-11T04:45:47.000Z</time><extensions><gpxtpx:TrackPointExtension><gpxtpx:hr>132</gpxtpx:hr></gpxtpx:TrackPointExtension></extensions></trkpt>
      <trkpt lat="49.277213" lon="-123.140596"><ele>0.8</ele><time>2026-06-11T04:45:48.000Z</time><extensions><gpxtpx:TrackPointExtension><gpxtpx:hr>133</gpxtpx:hr></gpxtpx:TrackPointExtension></extensions></trkpt>
      <trkpt lat="49.277212" lon="-123.140546"><ele>0.6</ele><time>2026-06-11T04:45:49.000Z</time><extensions><gpxtpx:TrackPointExtension><gpxtpx:hr>133</gpxtpx:hr></gpxtpx:TrackPointExtension></extensions></trkpt>
      <trkpt lat="49.277215" lon="-123.140512"><ele>0.6</ele><time>2026-06-11T04:45:50.000Z</time><extensions><gpxtpx:TrackPointExtension><gpxtpx:hr>133</gpxtpx:hr></gpxtpx:TrackPointExtension></extensions></trkpt>
      <trkpt lat="49.277216" lon="-123.140479"><ele>0.4</ele><time>2026-06-11T04:45:51.000Z</time><extensions><gpxtpx:TrackPointExtension><gpxtpx:hr>133</gpxtpx:hr></gpxtpx:TrackPointExtension></extensions></trkpt>
      <trkpt lat="49.277219" lon="-123.140432"><ele>0.4</ele><time>2026-06-11T04:45:52.000Z</time><extensions><gpxtpx:TrackPointExtension><gpxtpx:hr>133</gpxtpx:hr></gpxtpx:TrackPointExtension></extensions></trkpt>
      <trkpt lat="49.277232" lon="-123.140412"><ele>0.2</ele><time>2026-06-11T04:45:53.000Z</time><extensions><gpxtpx:TrackPointExtension><gpxtpx:hr>133</gpxtpx:hr></gpxtpx:TrackPointExtension></extensions></trkpt>
      <trkpt lat="49.27725" lon="-123.140417"><ele>0.2</ele><time>2026-06-11T04:45:54.000Z</time><extensions><gpxtpx:TrackPointExtension><gpxtpx:hr>133</gpxtpx:hr></gpxtpx:TrackPointExtension></extensions></trkpt>
      <trkpt lat="49.277265" lon="-123.140438"><ele>0</ele><time>2026-06-11T04:45:55.000Z</time><extensions><gpxtpx:TrackPointExtension><gpxtpx:hr>133</gpxtpx:hr></gpxtpx:TrackPointExtension></extensions></trkpt>
      <trkpt lat="49.277267" lon="-123.140463"><ele>0</ele><time>2026-06-11T04:45:56.000Z</time><extensions><gpxtpx:TrackPointExtension><gpxtpx:hr>133</gpxtpx:hr></gpxtpx:TrackPointExtension></extensions></trkpt>
      <trkpt lat="49.277268" lon="-123.140496"><ele>0</ele><time>2026-06-11T04:45:57.000Z</time><extensions><gpxtpx:TrackPointExtension><gpxtpx:hr>134</gpxtpx:hr></gpxtpx:TrackPointExtension></extensions></trkpt>
      <trkpt lat="49.277276" lon="-123.140518"><ele>0.2</ele><time>2026-06-11T04:45:58.000Z</time><extensions><gpxtpx:TrackPointExtension><gpxtpx:hr>133</gpxtpx:hr></gpxtpx:TrackPointExtension></extensions></trkpt>
      <trkpt lat="49.277272" lon="-123.140571"><ele>1</ele><time>2026-06-11T04:46:09.000Z</time><extensions><gpxtpx:TrackPointExtension><gpxtpx:hr>133</gpxtpx:hr></gpxtpx:TrackPointExtension></extensions></trkpt>
      <trkpt lat="49.27727" lon="-123.140594"><ele>0.8</ele><time>2026-06-11T04:46:10.000Z</time><extensions><gpxtpx:TrackPointExtension><gpxtpx:hr>134</gpxtpx:hr></gpxtpx:TrackPointExtension></extensions></trkpt>
      <trkpt lat="49.27725" lon="-123.140704"><ele>0.6</ele><time>2026-06-11T04:46:13.000Z</time><extensions><gpxtpx:TrackPointExtension><gpxtpx:hr>134</gpxtpx:hr></gpxtpx:TrackPointExtension></extensions></trkpt>
      <trkpt lat="49.277243" lon="-123.140732"><ele>0.6</ele><time>2026-06-11T04:46:14.000Z</time><extensions><gpxtpx:TrackPointExtension><gpxtpx:hr>134</gpxtpx:hr></gpxtpx:TrackPointExtension></extensions></trkpt>
      <trkpt lat="49.277238" lon="-123.14077"><ele>0.8</ele><time>2026-06-11T04:46:15.000Z</time><extensions><gpxtpx:TrackPointExtension><gpxtpx:hr>134</gpxtpx:hr></gpxtpx:TrackPointExtension></extensions></trkpt>
      <trkpt lat="49.277235" lon="-123.140803"><ele>0.8</ele><time>2026-06-11T04:46:16.000Z</time><extensions><gpxtpx:TrackPointExtension><gpxtpx:hr>134</gpxtpx:hr></gpxtpx:TrackPointExtension></extensions></trkpt>
      <trkpt lat="49.277231" lon="-123.140835"><ele>0.8</ele><time>2026-06-11T04:46:17.000Z</time><extensions><gpxtpx:TrackPointExtension><gpxtpx:hr>135</gpxtpx:hr></gpxtpx:TrackPointExtension></extensions></trkpt>
      <trkpt lat="49.277232" lon="-123.140874"><ele>1</ele><time>2026-06-11T04:46:18.000Z</time><extensions><gpxtpx:TrackPointExtension><gpxtpx:hr>135</gpxtpx:hr></gpxtpx:TrackPointExtension></extensions></trkpt>
      <trkpt lat="49.277229" lon="-123.140902"><ele>1</ele><time>2026-06-11T04:46:19.000Z</time><extensions><gpxtpx:TrackPointExtension><gpxtpx:hr>135</gpxtpx:hr></gpxtpx:TrackPointExtension></extensions></trkpt>
      <trkpt lat="49.277249" lon="-123.140932"><ele>1</ele><time>2026-06-11T04:46:20.000Z</time><extensions><gpxtpx:TrackPointExtension><gpxtpx:hr>134</gpxtpx:hr></gpxtpx:TrackPointExtension></extensions></trkpt>
      <trkpt lat="49.277262" lon="-123.140949"><ele>1</ele><time>2026-06-11T04:46:21.000Z</time><extensions><gpxtpx:TrackPointExtension><gpxtpx:hr>134</gpxtpx:hr></gpxtpx:TrackPointExtension></extensions></trkpt>
      <trkpt lat="49.277285" lon="-123.140966"><ele>1</ele><time>2026-06-11T04:46:22.000Z</time><extensions><gpxtpx:TrackPointExtension><gpxtpx:hr>134</gpxtpx:hr></gpxtpx:TrackPointExtension></extensions></trkpt>
      <trkpt lat="49.277302" lon="-123.14098"><ele>1</ele><time>2026-06-11T04:46:23.000Z</time><extensions><gpxtpx:TrackPointExtension><gpxtpx:hr>133</gpxtpx:hr></gpxtpx:TrackPointExtension></extensions></trkpt>
      <trkpt lat="49.277324" lon="-123.140997"><ele>1</ele><time>2026-06-11T04:46:24.000Z</time><extensions><gpxtpx:TrackPointExtension><gpxtpx:hr>133</gpxtpx:hr></gpxtpx:TrackPointExtension></extensions></trkpt>
      <trkpt lat="49.277346" lon="-123.141005"><ele>1</ele><time>2026-06-11T04:46:25.000Z</time><extensions><gpxtpx:TrackPointExtension><gpxtpx:hr>133</gpxtpx:hr></gpxtpx:TrackPointExtension></extensions></trkpt>
      <trkpt lat="49.277366" lon="-123.14102"><ele>1</ele><time>2026-06-11T04:46:26.000Z</time><extensions><gpxtpx:TrackPointExtension><gpxtpx:hr>132</gpxtpx:hr></gpxtpx:TrackPointExtension></extensions></trkpt>
      <trkpt lat="49.277393" lon="-123.141034"><ele>1</ele><time>2026-06-11T04:46:27.000Z</time><extensions><gpxtpx:TrackPointExtension><gpxtpx:hr>131</gpxtpx:hr></gpxtpx:TrackPointExtension></extensions></trkpt>
      <trkpt lat="49.277413" lon="-123.141049"><ele>1</ele><time>2026-06-11T04:46:28.000Z</time><extensions><gpxtpx:TrackPointExtension><gpxtpx:hr>130</gpxtpx:hr></gpxtpx:TrackPointExtension></extensions></trkpt>
      <trkpt lat="49.27744" lon="-123.141069"><ele>1</ele><time>2026-06-11T04:46:29.000Z</time><extensions><gpxtpx:TrackPointExtension><gpxtpx:hr>129</gpxtpx:hr></gpxtpx:TrackPointExtension></extensions></trkpt>
      <trkpt lat="49.27746" lon="-123.141083"><ele>1</ele><time>2026-06-11T04:46:30.000Z</time><extensions><gpxtpx:TrackPointExtension><gpxtpx:hr>129</gpxtpx:hr></gpxtpx:TrackPointExtension></extensions></trkpt>
      <trkpt lat="49.27748" lon="-123.141106"><ele>1</ele><time>2026-06-11T04:46:31.000Z</time><extensions><gpxtpx:TrackPointExtension><gpxtpx:hr>129</gpxtpx:hr></gpxtpx:TrackPointExtension></extensions></trkpt>
      <trkpt lat="49.277505" lon="-123.141129"><ele>1</ele><time>2026-06-11T04:46:32.000Z</time><extensions><gpxtpx:TrackPointExtension><gpxtpx:hr>129</gpxtpx:hr></gpxtpx:TrackPointExtension></extensions></trkpt>
      <trkpt lat="49.277518" lon="-123.141153"><ele>0.8</ele><time>2026-06-11T04:46:33.000Z</time><extensions><gpxtpx:TrackPointExtension><gpxtpx:hr>129</gpxtpx:hr></gpxtpx:TrackPointExtension></extensions></trkpt>
      <trkpt lat="49.277541" lon="-123.141184"><ele>0.8</ele><time>2026-06-11T04:46:34.000Z</time><extensions><gpxtpx:TrackPointExtension><gpxtpx:hr>129</gpxtpx:hr></gpxtpx:TrackPointExtension></extensions></trkpt>
      <trkpt lat="49.277555" lon="-123.141201"><ele>1</ele><time>2026-06-11T04:46:35.000Z</time><extensions><gpxtpx:TrackPointExtension><gpxtpx:hr>129</gpxtpx:hr></gpxtpx:TrackPointExtension></extensions></trkpt>
      <trkpt lat="49.277571" lon="-123.141227"><ele>1</ele><time>2026-06-11T04:46:36.000Z</time><extensions><gpxtpx:TrackPointExtension><gpxtpx:hr>130</gpxtpx:hr></gpxtpx:TrackPointExtension></extensions></trkpt>
      <trkpt lat="49.27759" lon="-123.141253"><ele>1</ele><time>2026-06-11T04:46:37.000Z</time><extensions><gpxtpx:TrackPointExtension><gpxtpx:hr>130</gpxtpx:hr></gpxtpx:TrackPointExtension></extensions></trkpt>
      <trkpt lat="49.277601" lon="-123.141283"><ele>1</ele><time>2026-06-11T04:46:38.000Z</time><extensions><gpxtpx:TrackPointExtension><gpxtpx:hr>130</gpxtpx:hr></gpxtpx:TrackPointExtension></extensions></trkpt>
      <trkpt lat="49.277617" lon="-123.141313"><ele>1</ele><time>2026-06-11T04:46:39.000Z</time><extensions><gpxtpx:TrackPointExtension><gpxtpx:hr>130</gpxtpx:hr></gpxtpx:TrackPointExtension></extensions></trkpt>
      <trkpt lat="49.277626" lon="-123.14134"><ele>1</ele><time>2026-06-11T04:46:40.000Z</time><extensions><gpxtpx:TrackPointExtension><gpxtpx:hr>130</gpxtpx:hr></gpxtpx:TrackPointExtension></extensions></trkpt>
      <trkpt lat="49.277639" lon="-123.14137"><ele>1</ele><time>2026-06-11T04:46:41.000Z</time><extensions><gpxtpx:TrackPointExtension><gpxtpx:hr>130</gpxtpx:hr></gpxtpx:TrackPointExtension></extensions></trkpt>
      <trkpt lat="49.277659" lon="-123.141395"><ele>1</ele><time>2026-06-11T04:46:42.000Z</time><extensions><gpxtpx:TrackPointExtension><gpxtpx:hr>130</gpxtpx:hr></gpxtpx:TrackPointExtension></extensions></trkpt>
      <trkpt lat="49.27767" lon="-123.141411"><ele>1.2</ele><time>2026-06-11T04:46:43.000Z</time><extensions><gpxtpx:TrackPointExtension><gpxtpx:hr>130</gpxtpx:hr></gpxtpx:TrackPointExtension></extensions></trkpt>
      <trkpt lat="49.277677" lon="-123.141422"><ele>1.4</ele><time>2026-06-11T04:46:44.000Z</time><extensions><gpxtpx:TrackPointExtension><gpxtpx:hr>131</gpxtpx:hr></gpxtpx:TrackPointExtension></extensions></trkpt>
      <trkpt lat="49.27768" lon="-123.141433"><ele>1.4</ele><time>2026-06-11T04:46:45.000Z</time><extensions><gpxtpx:TrackPointExtension><gpxtpx:hr>131</gpxtpx:hr></gpxtpx:TrackPointExtension></extensions></trkpt>
      <trkpt lat="49.277686" lon="-123.141453"><ele>1.6</ele><time>2026-06-11T04:46:46.000Z</time><extensions><gpxtpx:TrackPointExtension><gpxtpx:hr>131</gpxtpx:hr></gpxtpx:TrackPointExtension></extensions></trkpt>
      <trkpt lat="49.277694" lon="-123.141479"><ele>1.6</ele><time>2026-06-11T04:46:47.000Z</time><extensions><gpxtpx:TrackPointExtension><gpxtpx:hr>131</gpxtpx:hr></gpxtpx:TrackPointExtension></extensions></trkpt>
      <trkpt lat="49.277713" lon="-123.141507"><ele>1.4</ele><time>2026-06-11T04:46:48.000Z</time><extensions><gpxtpx:TrackPointExtension><gpxtpx:hr>131</gpxtpx:hr></gpxtpx:TrackPointExtension></extensions></trkpt>
      <trkpt lat="49.277722" lon="-123.141539"><ele>1.4</ele><time>2026-06-11T04:46:49.000Z</time><extensions><gpxtpx:TrackPointExtension><gpxtpx:hr>130</gpxtpx:hr></gpxtpx:TrackPointExtension></extensions></trkpt>
      <trkpt lat="49.277738" lon="-123.141572"><ele>1.4</ele><time>2026-06-11T04:46:50.000Z</time><extensions><gpxtpx:TrackPointExtension><gpxtpx:hr>131</gpxtpx:hr></gpxtpx:TrackPointExtension></extensions></trkpt>
      <trkpt lat="49.27775" lon="-123.141603"><ele>1.4</ele><time>2026-06-11T04:46:51.000Z</time><extensions><gpxtpx:TrackPointExtension><gpxtpx:hr>130</gpxtpx:hr></gpxtpx:TrackPointExtension></extensions></trkpt>
      <trkpt lat="49.277769" lon="-123.141634"><ele>1.4</ele><time>2026-06-11T04:46:52.000Z</time><extensions><gpxtpx:TrackPointExtension><gpxtpx:hr>130</gpxtpx:hr></gpxtpx:TrackPointExtension></extensions></trkpt>
      <trkpt lat="49.277787" lon="-123.141664"><ele>1.4</ele><time>2026-06-11T04:46:53.000Z</time><extensions><gpxtpx:TrackPointExtension><gpxtpx:hr>130</gpxtpx:hr></gpxtpx:TrackPointExtension></extensions></trkpt>
      <trkpt lat="49.277801" lon="-123.141691"><ele>1.4</ele><time>2026-06-11T04:46:54.000Z</time><extensions><gpxtpx:TrackPointExtension><gpxtpx:hr>130</gpxtpx:hr></gpxtpx:TrackPointExtension></extensions></trkpt>
      <trkpt lat="49.277821" lon="-123.141723"><ele>1.4</ele><time>2026-06-11T04:46:55.000Z</time><extensions><gpxtpx:TrackPointExtension><gpxtpx:hr>129</gpxtpx:hr></gpxtpx:TrackPointExtension></extensions></trkpt>
      <trkpt lat="49.277833" lon="-123.141752"><ele>1.4</ele><time>2026-06-11T04:46:56.000Z</time><extensions><gpxtpx:TrackPointExtension><gpxtpx:hr>129</gpxtpx:hr></gpxtpx:TrackPointExtension></extensions></trkpt>
      <trkpt lat="49.277854" lon="-123.141781"><ele>1.4</ele><time>2026-06-11T04:46:57.000Z</time><extensions><gpxtpx:TrackPointExtension><gpxtpx:hr>130</gpxtpx:hr></gpxtpx:TrackPointExtension></extensions></trkpt>
      <trkpt lat="49.277867" lon="-123.141809"><ele>1.4</ele><time>2026-06-11T04:46:58.000Z</time><extensions><gpxtpx:TrackPointExtension><gpxtpx:hr>130</gpxtpx:hr></gpxtpx:TrackPointExtension></extensions></trkpt>
      <trkpt lat="49.277888" lon="-123.141834"><ele>1.4</ele><time>2026-06-11T04:46:59.000Z</time><extensions><gpxtpx:TrackPointExtension><gpxtpx:hr>130</gpxtpx:hr></gpxtpx:TrackPointExtension></extensions></trkpt>
      <trkpt lat="49.277901" lon="-123.141855"><ele>1.6</ele><time>2026-06-11T04:47:00.000Z</time><extensions><gpxtpx:TrackPointExtension><gpxtpx:hr>130</gpxtpx:hr></gpxtpx:TrackPointExtension></extensions></trkpt>
      <trkpt lat="49.277924" lon="-123.141883"><ele>1.6</ele><time>2026-06-11T04:47:01.000Z</time><extensions><gpxtpx:TrackPointExtension><gpxtpx:hr>130</gpxtpx:hr></gpxtpx:TrackPointExtension></extensions></trkpt>
      <trkpt lat="49.277939" lon="-123.141901"><ele>1.6</ele><time>2026-06-11T04:47:02.000Z</time><extensions><gpxtpx:TrackPointExtension><gpxtpx:hr>130</gpxtpx:hr></gpxtpx:TrackPointExtension></extensions></trkpt>
      <trkpt lat="49.277963" lon="-123.141926"><ele>1.6</ele><time>2026-06-11T04:47:03.000Z</time><extensions><gpxtpx:TrackPointExtension><gpxtpx:hr>130</gpxtpx:hr></gpxtpx:TrackPointExtension></extensions></trkpt>
      <trkpt lat="49.277979" lon="-123.141951"><ele>1.6</ele><time>2026-06-11T04:47:04.000Z</time><extensions><gpxtpx:TrackPointExtension><gpxtpx:hr>131</gpxtpx:hr></gpxtpx:TrackPointExtension></extensions></trkpt>
      <trkpt lat="49.278004" lon="-123.14198"><ele>1.6</ele><time>2026-06-11T04:47:05.000Z</time><extensions><gpxtpx:TrackPointExtension><gpxtpx:hr>131</gpxtpx:hr></gpxtpx:TrackPointExtension></extensions></trkpt>
      <trkpt lat="49.278019" lon="-123.142001"><ele>1.6</ele><time>2026-06-11T04:47:06.000Z</time><extensions><gpxtpx:TrackPointExtension><gpxtpx:hr>131</gpxtpx:hr></gpxtpx:TrackPointExtension></extensions></trkpt>
      <trkpt lat="49.278043" lon="-123.142027"><ele>1.6</ele><time>2026-06-11T04:47:07.000Z</time><extensions><gpxtpx:TrackPointExtension><gpxtpx:hr>132</gpxtpx:hr></gpxtpx:TrackPointExtension></extensions></trkpt>
      <trkpt lat="49.278059" lon="-123.142048"><ele>1.8</ele><time>2026-06-11T04:47:08.000Z</time><extensions><gpxtpx:TrackPointExtension><gpxtpx:hr>132</gpxtpx:hr></gpxtpx:TrackPointExtension></extensions></trkpt>
      <trkpt lat="49.278082" lon="-123.142074"><ele>1.8</ele><time>2026-06-11T04:47:09.000Z</time><extensions><gpxtpx:TrackPointExtension><gpxtpx:hr>133</gpxtpx:hr></gpxtpx:TrackPointExtension></extensions></trkpt>
      <trkpt lat="49.2781" lon="-123.142093"><ele>1.6</ele><time>2026-06-11T04:47:10.000Z</time><extensions><gpxtpx:TrackPointExtension><gpxtpx:hr>133</gpxtpx:hr></gpxtpx:TrackPointExtension></extensions></trkpt>
      <trkpt lat="49.278118" lon="-123.142116"><ele>1.6</ele><time>2026-06-11T04:47:11.000Z</time><extensions><gpxtpx:TrackPointExtension><gpxtpx:hr>134</gpxtpx:hr></gpxtpx:TrackPointExtension></extensions></trkpt>
      <trkpt lat="49.27814" lon="-123.142137"><ele>1.8</ele><time>2026-06-11T04:47:12.000Z</time><extensions><gpxtpx:TrackPointExtension><gpxtpx:hr>133</gpxtpx:hr></gpxtpx:TrackPointExtension></extensions></trkpt>
      <trkpt lat="49.278158" lon="-123.142161"><ele>1.8</ele><time>2026-06-11T04:47:13.000Z</time><extensions><gpxtpx:TrackPointExtension><gpxtpx:hr>133</gpxtpx:hr></gpxtpx:TrackPointExtension></extensions></trkpt>
      <trkpt lat="49.278182" lon="-123.142179"><ele>1.8</ele><time>2026-06-11T04:47:14.000Z</time><extensions><gpxtpx:TrackPointExtension><gpxtpx:hr>133</gpxtpx:hr></gpxtpx:TrackPointExtension></extensions></trkpt>
      <trkpt lat="49.278198" lon="-123.142201"><ele>1.8</ele><time>2026-06-11T04:47:15.000Z</time><extensions><gpxtpx:TrackPointExtension><gpxtpx:hr>133</gpxtpx:hr></gpxtpx:TrackPointExtension></extensions></trkpt>
      <trkpt lat="49.27822" lon="-123.142227"><ele>1.8</ele><time>2026-06-11T04:47:16.000Z</time><extensions><gpxtpx:TrackPointExtension><gpxtpx:hr>134</gpxtpx:hr></gpxtpx:TrackPointExtension></extensions></trkpt>
      <trkpt lat="49.278232" lon="-123.142252"><ele>1.8</ele><time>2026-06-11T04:47:17.000Z</time><extensions><gpxtpx:TrackPointExtension><gpxtpx:hr>134</gpxtpx:hr></gpxtpx:TrackPointExtension></extensions></trkpt>
      <trkpt lat="49.278254" lon="-123.14228"><ele>1.8</ele><time>2026-06-11T04:47:18.000Z</time><extensions><gpxtpx:TrackPointExtension><gpxtpx:hr>134</gpxtpx:hr></gpxtpx:TrackPointExtension></extensions></trkpt>
      <trkpt lat="49.278264" lon="-123.142307"><ele>2</ele><time>2026-06-11T04:47:19.000Z</time><extensions><gpxtpx:TrackPointExtension><gpxtpx:hr>134</gpxtpx:hr></gpxtpx:TrackPointExtension></extensions></trkpt>
      <trkpt lat="49.278283" lon="-123.142338"><ele>2</ele><time>2026-06-11T04:47:20.000Z</time><extensions><gpxtpx:TrackPointExtension><gpxtpx:hr>133</gpxtpx:hr></gpxtpx:TrackPointExtension></extensions></trkpt>
      <trkpt lat="49.278295" lon="-123.142361"><ele>2</ele><time>2026-06-11T04:47:21.000Z</time><extensions><gpxtpx:TrackPointExtension><gpxtpx:hr>134</gpxtpx:hr></gpxtpx:TrackPointExtension></extensions></trkpt>
      <trkpt lat="49.278314" lon="-123.142393"><ele>2</ele><time>2026-06-11T04:47:22.000Z</time><extensions><gpxtpx:TrackPointExtension><gpxtpx:hr>134</gpxtpx:hr></gpxtpx:TrackPointExtension></extensions></trkpt>
      <trkpt lat="49.278328" lon="-123.142415"><ele>2</ele><time>2026-06-11T04:47:23.000Z</time><extensions><gpxtpx:TrackPointExtension><gpxtpx:hr>134</gpxtpx:hr></gpxtpx:TrackPointExtension></extensions></trkpt>
      <trkpt lat="49.278347" lon="-123.142444"><ele>2</ele><time>2026-06-11T04:47:24.000Z</time><extensions><gpxtpx:TrackPointExtension><gpxtpx:hr>134</gpxtpx:hr></gpxtpx:TrackPointExtension></extensions></trkpt>
      <trkpt lat="49.27836" lon="-123.142467"><ele>2</ele><time>2026-06-11T04:47:25.000Z</time><extensions><gpxtpx:TrackPointExtension><gpxtpx:hr>133</gpxtpx:hr></gpxtpx:TrackPointExtension></extensions></trkpt>
      <trkpt lat="49.278373" lon="-123.142498"><ele>2</ele><time>2026-06-11T04:47:26.000Z</time><extensions><gpxtpx:TrackPointExtension><gpxtpx:hr>134</gpxtpx:hr></gpxtpx:TrackPointExtension></extensions></trkpt>
      <trkpt lat="49.278385" lon="-123.142525"><ele>2.2</ele><time>2026-06-11T04:47:27.000Z</time><extensions><gpxtpx:TrackPointExtension><gpxtpx:hr>134</gpxtpx:hr></gpxtpx:TrackPointExtension></extensions></trkpt>
      <trkpt lat="49.278397" lon="-123.142551"><ele>2.2</ele><time>2026-06-11T04:47:28.000Z</time><extensions><gpxtpx:TrackPointExtension><gpxtpx:hr>133</gpxtpx:hr></gpxtpx:TrackPointExtension></extensions></trkpt>
      <trkpt lat="49.278414" lon="-123.142583"><ele>2.2</ele><time>2026-06-11T04:47:29.000Z</time><extensions><gpxtpx:TrackPointExtension><gpxtpx:hr>134</gpxtpx:hr></gpxtpx:TrackPointExtension></extensions></trkpt>
      <trkpt lat="49.278421" lon="-123.142615"><ele>2.4</ele><time>2026-06-11T04:47:30.000Z</time><extensions><gpxtpx:TrackPointExtension><gpxtpx:hr>134</gpxtpx:hr></gpxtpx:TrackPointExtension></extensions></trkpt>
      <trkpt lat="49.278436" lon="-123.142655"><ele>2.4</ele><time>2026-06-11T04:47:31.000Z</time><extensions><gpxtpx:TrackPointExtension><gpxtpx:hr>133</gpxtpx:hr></gpxtpx:TrackPointExtension></extensions></trkpt>
      <trkpt lat="49.278441" lon="-123.142685"><ele>2.4</ele><time>2026-06-11T04:47:32.000Z</time><extensions><gpxtpx:TrackPointExtension><gpxtpx:hr>134</gpxtpx:hr></gpxtpx:TrackPointExtension></extensions></trkpt>
      <trkpt lat="49.278455" lon="-123.142723"><ele>2.4</ele><time>2026-06-11T04:47:33.000Z</time><extensions><gpxtpx:TrackPointExtension><gpxtpx:hr>134</gpxtpx:hr></gpxtpx:TrackPointExtension></extensions></trkpt>
      <trkpt lat="49.278459" lon="-123.142752"><ele>2.2</ele><time>2026-06-11T04:47:34.000Z</time><extensions><gpxtpx:TrackPointExtension><gpxtpx:hr>134</gpxtpx:hr></gpxtpx:TrackPointExtension></extensions></trkpt>
      <trkpt lat="49.278468" lon="-123.142786"><ele>2.2</ele><time>2026-06-11T04:47:35.000Z</time><extensions><gpxtpx:TrackPointExtension><gpxtpx:hr>133</gpxtpx:hr></gpxtpx:TrackPointExtension></extensions></trkpt>
      <trkpt lat="49.278479" lon="-123.142822"><ele>2.2</ele><time>2026-06-11T04:47:36.000Z</time><extensions><gpxtpx:TrackPointExtension><gpxtpx:hr>134</gpxtpx:hr></gpxtpx:TrackPointExtension></extensions></trkpt>
      <trkpt lat="49.278485" lon="-123.142852"><ele>2.2</ele><time>2026-06-11T04:47:37.000Z</time><extensions><gpxtpx:TrackPointExtension><gpxtpx:hr>134</gpxtpx:hr></gpxtpx:TrackPointExtension></extensions></trkpt>
      <trkpt lat="49.278499" lon="-123.142891"><ele>2.4</ele><time>2026-06-11T04:47:38.000Z</time><extensions><gpxtpx:TrackPointExtension><gpxtpx:hr>134</gpxtpx:hr></gpxtpx:TrackPointExtension></extensions></trkpt>
      <trkpt lat="49.278502" lon="-123.142921"><ele>2.4</ele><time>2026-06-11T04:47:39.000Z</time><extensions><gpxtpx:TrackPointExtension><gpxtpx:hr>134</gpxtpx:hr></gpxtpx:TrackPointExtension></extensions></trkpt>
      <trkpt lat="49.278514" lon="-123.142959"><ele>2.4</ele><time>2026-06-11T04:47:40.000Z</time><extensions><gpxtpx:TrackPointExtension><gpxtpx:hr>134</gpxtpx:hr></gpxtpx:TrackPointExtension></extensions></trkpt>
      <trkpt lat="49.278517" lon="-123.142987"><ele>2.4</ele><time>2026-06-11T04:47:41.000Z</time><extensions><gpxtpx:TrackPointExtension><gpxtpx:hr>134</gpxtpx:hr></gpxtpx:TrackPointExtension></extensions></trkpt>
      <trkpt lat="49.278528" lon="-123.143022"><ele>2.2</ele><time>2026-06-11T04:47:42.000Z</time><extensions><gpxtpx:TrackPointExtension><gpxtpx:hr>134</gpxtpx:hr></gpxtpx:TrackPointExtension></extensions></trkpt>
      <trkpt lat="49.278538" lon="-123.14305"><ele>2.2</ele><time>2026-06-11T04:47:43.000Z</time><extensions><gpxtpx:TrackPointExtension><gpxtpx:hr>134</gpxtpx:hr></gpxtpx:TrackPointExtension></extensions></trkpt>
      <trkpt lat="49.27855" lon="-123.143086"><ele>2.2</ele><time>2026-06-11T04:47:44.000Z</time><extensions><gpxtpx:TrackPointExtension><gpxtpx:hr>134</gpxtpx:hr></gpxtpx:TrackPointExtension></extensions></trkpt>
      <trkpt lat="49.27856" lon="-123.143115"><ele>2.2</ele><time>2026-06-11T04:47:45.000Z</time><extensions><gpxtpx:TrackPointExtension><gpxtpx:hr>134</gpxtpx:hr></gpxtpx:TrackPointExtension></extensions></trkpt>
      <trkpt lat="49.278567" lon="-123.143151"><ele>2.2</ele><time>2026-06-11T04:47:46.000Z</time><extensions><gpxtpx:TrackPointExtension><gpxtpx:hr>134</gpxtpx:hr></gpxtpx:TrackPointExtension></extensions></trkpt>
      <trkpt lat="49.278575" lon="-123.143185"><ele>2</ele><time>2026-06-11T04:47:47.000Z</time><extensions><gpxtpx:TrackPointExtension><gpxtpx:hr>133</gpxtpx:hr></gpxtpx:TrackPointExtension></extensions></trkpt>
      <trkpt lat="49.27858" lon="-123.14322"><ele>2</ele><time>2026-06-11T04:47:48.000Z</time><extensions><gpxtpx:TrackPointExtension><gpxtpx:hr>133</gpxtpx:hr></gpxtpx:TrackPointExtension></extensions></trkpt>
      <trkpt lat="49.278588" lon="-123.143254"><ele>2</ele><time>2026-06-11T04:47:49.000Z</time><extensions><gpxtpx:TrackPointExtension><gpxtpx:hr>133</gpxtpx:hr></gpxtpx:TrackPointExtension></extensions></trkpt>
      <trkpt lat="49.278593" lon="-123.14329"><ele>2</ele><time>2026-06-11T04:47:50.000Z</time><extensions><gpxtpx:TrackPointExtension><gpxtpx:hr>133</gpxtpx:hr></gpxtpx:TrackPointExtension></extensions></trkpt>
      <trkpt lat="49.2786" lon="-123.143327"><ele>1.8</ele><time>2026-06-11T04:47:51.000Z</time><extensions><gpxtpx:TrackPointExtension><gpxtpx:hr>133</gpxtpx:hr></gpxtpx:TrackPointExtension></extensions></trkpt>
      <trkpt lat="49.278605" lon="-123.143358"><ele>2</ele><time>2026-06-11T04:47:52.000Z</time><extensions><gpxtpx:TrackPointExtension><gpxtpx:hr>133</gpxtpx:hr></gpxtpx:TrackPointExtension></extensions></trkpt>
      <trkpt lat="49.278614" lon="-123.143391"><ele>2</ele><time>2026-06-11T04:47:53.000Z</time><extensions><gpxtpx:TrackPointExtension><gpxtpx:hr>132</gpxtpx:hr></gpxtpx:TrackPointExtension></extensions></trkpt>
      <trkpt lat="49.278618" lon="-123.143426"><ele>2</ele><time>2026-06-11T04:47:54.000Z</time><extensions><gpxtpx:TrackPointExtension><gpxtpx:hr>133</gpxtpx:hr></gpxtpx:TrackPointExtension></extensions></trkpt>
      <trkpt lat="49.278626" lon="-123.143464"><ele>2</ele><time>2026-06-11T04:47:55.000Z</time><extensions><gpxtpx:TrackPointExtension><gpxtpx:hr>133</gpxtpx:hr></gpxtpx:TrackPointExtension></extensions></trkpt>
      <trkpt lat="49.278631" lon="-123.143494"><ele>2.2</ele><time>2026-06-11T04:47:56.000Z</time><extensions><gpxtpx:TrackPointExtension><gpxtpx:hr>132</gpxtpx:hr></gpxtpx:TrackPointExtension></extensions></trkpt>
      <trkpt lat="49.27864" lon="-123.143534"><ele>2.2</ele><time>2026-06-11T04:47:57.000Z</time><extensions><gpxtpx:TrackPointExtension><gpxtpx:hr>133</gpxtpx:hr></gpxtpx:TrackPointExtension></extensions></trkpt>
      <trkpt lat="49.278643" lon="-123.143563"><ele>2.2</ele><time>2026-06-11T04:47:58.000Z</time><extensions><gpxtpx:TrackPointExtension><gpxtpx:hr>133</gpxtpx:hr></gpxtpx:TrackPointExtension></extensions></trkpt>
      <trkpt lat="49.278655" lon="-123.1436"><ele>2.2</ele><time>2026-06-11T04:47:59.000Z</time><extensions><gpxtpx:TrackPointExtension><gpxtpx:hr>132</gpxtpx:hr></gpxtpx:TrackPointExtension></extensions></trkpt>
      <trkpt lat="49.278662" lon="-123.143629"><ele>2</ele><time>2026-06-11T04:48:00.000Z</time><extensions><gpxtpx:TrackPointExtension><gpxtpx:hr>133</gpxtpx:hr></gpxtpx:TrackPointExtension></extensions></trkpt>
      <trkpt lat="49.278669" lon="-123.143666"><ele>2</ele><time>2026-06-11T04:48:01.000Z</time><extensions><gpxtpx:TrackPointExtension><gpxtpx:hr>133</gpxtpx:hr></gpxtpx:TrackPointExtension></extensions></trkpt>
      <trkpt lat="49.278677" lon="-123.143699"><ele>2</ele><time>2026-06-11T04:48:02.000Z</time><extensions><gpxtpx:TrackPointExtension><gpxtpx:hr>132</gpxtpx:hr></gpxtpx:TrackPointExtension></extensions></trkpt>
      <trkpt lat="49.278683" lon="-123.143734"><ele>2</ele><time>2026-06-11T04:48:03.000Z</time><extensions><gpxtpx:TrackPointExtension><gpxtpx:hr>133</gpxtpx:hr></gpxtpx:TrackPointExtension></extensions></trkpt>
      <trkpt lat="49.278694" lon="-123.143766"><ele>2</ele><time>2026-06-11T04:48:04.000Z</time><extensions><gpxtpx:TrackPointExtension><gpxtpx:hr>133</gpxtpx:hr></gpxtpx:TrackPointExtension></extensions></trkpt>
      <trkpt lat="49.278695" lon="-123.1438"><ele>2</ele><time>2026-06-11T04:48:05.000Z</time><extensions><gpxtpx:TrackPointExtension><gpxtpx:hr>133</gpxtpx:hr></gpxtpx:TrackPointExtension></extensions></trkpt>
      <trkpt lat="49.278702" lon="-123.143839"><ele>2.2</ele><time>2026-06-11T04:48:06.000Z</time><extensions><gpxtpx:TrackPointExtension><gpxtpx:hr>132</gpxtpx:hr></gpxtpx:TrackPointExtension></extensions></trkpt>
      <trkpt lat="49.278706" lon="-123.143878"><ele>2.2</ele><time>2026-06-11T04:48:07.000Z</time><extensions><gpxtpx:TrackPointExtension><gpxtpx:hr>133</gpxtpx:hr></gpxtpx:TrackPointExtension></extensions></trkpt>
      <trkpt lat="49.278715" lon="-123.143923"><ele>2</ele><time>2026-06-11T04:48:08.000Z</time><extensions><gpxtpx:TrackPointExtension><gpxtpx:hr>133</gpxtpx:hr></gpxtpx:TrackPointExtension></extensions></trkpt>
      <trkpt lat="49.278721" lon="-123.143958"><ele>2</ele><time>2026-06-11T04:48:09.000Z</time><extensions><gpxtpx:TrackPointExtension><gpxtpx:hr>133</gpxtpx:hr></gpxtpx:TrackPointExtension></extensions></trkpt>
      <trkpt lat="49.278728" lon="-123.143996"><ele>2</ele><time>2026-06-11T04:48:10.000Z</time><extensions><gpxtpx:TrackPointExtension><gpxtpx:hr>133</gpxtpx:hr></gpxtpx:TrackPointExtension></extensions></trkpt>
      <trkpt lat="49.278735" lon="-123.144035"><ele>2</ele><time>2026-06-11T04:48:11.000Z</time><extensions><gpxtpx:TrackPointExtension><gpxtpx:hr>133</gpxtpx:hr></gpxtpx:TrackPointExtension></extensions></trkpt>
      <trkpt lat="49.278737" lon="-123.144071"><ele>2</ele><time>2026-06-11T04:48:12.000Z</time><extensions><gpxtpx:TrackPointExtension><gpxtpx:hr>133</gpxtpx:hr></gpxtpx:TrackPointExtension></extensions></trkpt>
      <trkpt lat="49.278745" lon="-123.144115"><ele>2.2</ele><time>2026-06-11T04:48:13.000Z</time><extensions><gpxtpx:TrackPointExtension><gpxtpx:hr>133</gpxtpx:hr></gpxtpx:TrackPointExtension></extensions></trkpt>
      <trkpt lat="49.278745" lon="-123.144153"><ele>2.2</ele><time>2026-06-11T04:48:14.000Z</time><extensions><gpxtpx:TrackPointExtension><gpxtpx:hr>133</gpxtpx:hr></gpxtpx:TrackPointExtension></extensions></trkpt>
      <trkpt lat="49.278748" lon="-123.144197"><ele>2.2</ele><time>2026-06-11T04:48:15.000Z</time><extensions><gpxtpx:TrackPointExtension><gpxtpx:hr>133</gpxtpx:hr></gpxtpx:TrackPointExtension></extensions></trkpt>
      <trkpt lat="49.278749" lon="-123.144235"><ele>2.2</ele><time>2026-06-11T04:48:16.000Z</time><extensions><gpxtpx:TrackPointExtension><gpxtpx:hr>133</gpxtpx:hr></gpxtpx:TrackPointExtension></extensions></trkpt>
      <trkpt lat="49.278746" lon="-123.144272"><ele>2</ele><time>2026-06-11T04:48:17.000Z</time><extensions><gpxtpx:TrackPointExtension><gpxtpx:hr>134</gpxtpx:hr></gpxtpx:TrackPointExtension></extensions></trkpt>
      <trkpt lat="49.278748" lon="-123.144316"><ele>2</ele><time>2026-06-11T04:48:18.000Z</time><extensions><gpxtpx:TrackPointExtension><gpxtpx:hr>133</gpxtpx:hr></gpxtpx:TrackPointExtension></extensions></trkpt>
      <trkpt lat="49.278744" lon="-123.144346"><ele>2</ele><time>2026-06-11T04:48:19.000Z</time><extensions><gpxtpx:TrackPointExtension><gpxtpx:hr>133</gpxtpx:hr></gpxtpx:TrackPointExtension></extensions></trkpt>
      <trkpt lat="49.27875" lon="-123.144385"><ele>2</ele><time>2026-06-11T04:48:20.000Z</time><extensions><gpxtpx:TrackPointExtension><gpxtpx:hr>133</gpxtpx:hr></gpxtpx:TrackPointExtension></extensions></trkpt>
      <trkpt lat="49.278746" lon="-123.144415"><ele>2</ele><time>2026-06-11T04:48:21.000Z</time><extensions><gpxtpx:TrackPointExtension><gpxtpx:hr>133</gpxtpx:hr></gpxtpx:TrackPointExtension></extensions></trkpt>
      <trkpt lat="49.278747" lon="-123.144458"><ele>2</ele><time>2026-06-11T04:48:22.000Z</time><extensions><gpxtpx:TrackPointExtension><gpxtpx:hr>134</gpxtpx:hr></gpxtpx:TrackPointExtension></extensions></trkpt>
      <trkpt lat="49.278741" lon="-123.144492"><ele>2.2</ele><time>2026-06-11T04:48:23.000Z</time><extensions><gpxtpx:TrackPointExtension><gpxtpx:hr>134</gpxtpx:hr></gpxtpx:TrackPointExtension></extensions></trkpt>
      <trkpt lat="49.278743" lon="-123.144536"><ele>2.2</ele><time>2026-06-11T04:48:24.000Z</time><extensions><gpxtpx:TrackPointExtension><gpxtpx:hr>134</gpxtpx:hr></gpxtpx:TrackPointExtension></extensions></trkpt>
      <trkpt lat="49.27874" lon="-123.144569"><ele>2.2</ele><time>2026-06-11T04:48:25.000Z</time><extensions><gpxtpx:TrackPointExtension><gpxtpx:hr>135</gpxtpx:hr></gpxtpx:TrackPointExtension></extensions></trkpt>
      <trkpt lat="49.27874" lon="-123.14461"><ele>2.2</ele><time>2026-06-11T04:48:26.000Z</time><extensions><gpxtpx:TrackPointExtension><gpxtpx:hr>135</gpxtpx:hr></gpxtpx:TrackPointExtension></extensions></trkpt>
      <trkpt lat="49.278734" lon="-123.144641"><ele>2.2</ele><time>2026-06-11T04:48:27.000Z</time><extensions><gpxtpx:TrackPointExtension><gpxtpx:hr>135</gpxtpx:hr></gpxtpx:TrackPointExtension></extensions></trkpt>
      <trkpt lat="49.278728" lon="-123.14468"><ele>2.2</ele><time>2026-06-11T04:48:28.000Z</time><extensions><gpxtpx:TrackPointExtension><gpxtpx:hr>135</gpxtpx:hr></gpxtpx:TrackPointExtension></extensions></trkpt>
      <trkpt lat="49.278722" lon="-123.144713"><ele>2</ele><time>2026-06-11T04:48:29.000Z</time><extensions><gpxtpx:TrackPointExtension><gpxtpx:hr>135</gpxtpx:hr></gpxtpx:TrackPointExtension></extensions></trkpt>
      <trkpt lat="49.278719" lon="-123.144751"><ele>2</ele><time>2026-06-11T04:48:30.000Z</time><extensions><gpxtpx:TrackPointExtension><gpxtpx:hr>135</gpxtpx:hr></gpxtpx:TrackPointExtension></extensions></trkpt>
      <trkpt lat="49.278714" lon="-123.144785"><ele>2</ele><time>2026-06-11T04:48:31.000Z</time><extensions><gpxtpx:TrackPointExtension><gpxtpx:hr>134</gpxtpx:hr></gpxtpx:TrackPointExtension></extensions></trkpt>
      <trkpt lat="49.278706" lon="-123.144811"><ele>1.8</ele><time>2026-06-11T04:48:32.000Z</time><extensions><gpxtpx:TrackPointExtension><gpxtpx:hr>133</gpxtpx:hr></gpxtpx:TrackPointExtension></extensions></trkpt>
      <trkpt lat="49.278703" lon="-123.14485"><ele>1.8</ele><time>2026-06-11T04:48:33.000Z</time><extensions><gpxtpx:TrackPointExtension><gpxtpx:hr>133</gpxtpx:hr></gpxtpx:TrackPointExtension></extensions></trkpt>
      <trkpt lat="49.2787" lon="-123.14488"><ele>1.8</ele><time>2026-06-11T04:48:34.000Z</time><extensions><gpxtpx:TrackPointExtension><gpxtpx:hr>133</gpxtpx:hr></gpxtpx:TrackPointExtension></extensions></trkpt>
      <trkpt lat="49.278744" lon="-123.144947"><ele>0.4</ele><time>2026-06-11T04:50:01.000Z</time><extensions><gpxtpx:TrackPointExtension><gpxtpx:hr>96</gpxtpx:hr></gpxtpx:TrackPointExtension></extensions></trkpt>
      <trkpt lat="49.278733" lon="-123.144951"><ele>0.4</ele><time>2026-06-11T04:50:02.000Z</time><extensions><gpxtpx:TrackPointExtension><gpxtpx:hr>96</gpxtpx:hr></gpxtpx:TrackPointExtension></extensions></trkpt>
      <trkpt lat="49.278649" lon="-123.145039"><ele>0.4</ele><time>2026-06-11T04:50:06.000Z</time><extensions><gpxtpx:TrackPointExtension><gpxtpx:hr>95</gpxtpx:hr></gpxtpx:TrackPointExtension></extensions></trkpt>
      <trkpt lat="49.278635" lon="-123.14507"><ele>0.4</ele><time>2026-06-11T04:50:07.000Z</time><extensions><gpxtpx:TrackPointExtension><gpxtpx:hr>96</gpxtpx:hr></gpxtpx:TrackPointExtension></extensions></trkpt>
      <trkpt lat="49.27862" lon="-123.145097"><ele>0.4</ele><time>2026-06-11T04:50:08.000Z</time><extensions><gpxtpx:TrackPointExtension><gpxtpx:hr>96</gpxtpx:hr></gpxtpx:TrackPointExtension></extensions></trkpt>
      <trkpt lat="49.278604" lon="-123.145131"><ele>0.4</ele><time>2026-06-11T04:50:09.000Z</time><extensions><gpxtpx:TrackPointExtension><gpxtpx:hr>97</gpxtpx:hr></gpxtpx:TrackPointExtension></extensions></trkpt>
      <trkpt lat="49.278591" lon="-123.145161"><ele>0.4</ele><time>2026-06-11T04:50:10.000Z</time><extensions><gpxtpx:TrackPointExtension><gpxtpx:hr>98</gpxtpx:hr></gpxtpx:TrackPointExtension></extensions></trkpt>
      <trkpt lat="49.278569" lon="-123.145187"><ele>0.4</ele><time>2026-06-11T04:50:11.000Z</time><extensions><gpxtpx:TrackPointExtension><gpxtpx:hr>98</gpxtpx:hr></gpxtpx:TrackPointExtension></extensions></trkpt>
      <trkpt lat="49.278549" lon="-123.145208"><ele>0.4</ele><time>2026-06-11T04:50:12.000Z</time><extensions><gpxtpx:TrackPointExtension><gpxtpx:hr>99</gpxtpx:hr></gpxtpx:TrackPointExtension></extensions></trkpt>
      <trkpt lat="49.278531" lon="-123.145214"><ele>0.4</ele><time>2026-06-11T04:50:13.000Z</time><extensions><gpxtpx:TrackPointExtension><gpxtpx:hr>99</gpxtpx:hr></gpxtpx:TrackPointExtension></extensions></trkpt>
      <trkpt lat="49.278506" lon="-123.145239"><ele>0.2</ele><time>2026-06-11T04:50:14.000Z</time><extensions><gpxtpx:TrackPointExtension><gpxtpx:hr>99</gpxtpx:hr></gpxtpx:TrackPointExtension></extensions></trkpt>
      <trkpt lat="49.27849" lon="-123.145251"><ele>0.2</ele><time>2026-06-11T04:50:15.000Z</time><extensions><gpxtpx:TrackPointExtension><gpxtpx:hr>100</gpxtpx:hr></gpxtpx:TrackPointExtension></extensions></trkpt>
      <trkpt lat="49.278469" lon="-123.145265"><ele>0.2</ele><time>2026-06-11T04:50:16.000Z</time><extensions><gpxtpx:TrackPointExtension><gpxtpx:hr>100</gpxtpx:hr></gpxtpx:TrackPointExtension></extensions></trkpt>
      <trkpt lat="49.278445" lon="-123.145281"><ele>0.2</ele><time>2026-06-11T04:50:17.000Z</time><extensions><gpxtpx:TrackPointExtension><gpxtpx:hr>100</gpxtpx:hr></gpxtpx:TrackPointExtension></extensions></trkpt>
      <trkpt lat="49.278421" lon="-123.145284"><ele>0.2</ele><time>2026-06-11T04:50:18.000Z</time><extensions><gpxtpx:TrackPointExtension><gpxtpx:hr>101</gpxtpx:hr></gpxtpx:TrackPointExtension></extensions></trkpt>
      <trkpt lat="49.278395" lon="-123.145299"><ele>0.2</ele><time>2026-06-11T04:50:19.000Z</time><extensions><gpxtpx:TrackPointExtension><gpxtpx:hr>101</gpxtpx:hr></gpxtpx:TrackPointExtension></extensions></trkpt>
      <trkpt lat="49.278374" lon="-123.145305"><ele>0.2</ele><time>2026-06-11T04:50:20.000Z</time><extensions><gpxtpx:TrackPointExtension><gpxtpx:hr>102</gpxtpx:hr></gpxtpx:TrackPointExtension></extensions></trkpt>
      <trkpt lat="49.278347" lon="-123.145322"><ele>0.2</ele><time>2026-06-11T04:50:21.000Z</time><extensions><gpxtpx:TrackPointExtension><gpxtpx:hr>104</gpxtpx:hr></gpxtpx:TrackPointExtension></extensions></trkpt>
      <trkpt lat="49.278327" lon="-123.145336"><ele>0.2</ele><time>2026-06-11T04:50:22.000Z</time><extensions><gpxtpx:TrackPointExtension><gpxtpx:hr>104</gpxtpx:hr></gpxtpx:TrackPointExtension></extensions></trkpt>
      <trkpt lat="49.278299" lon="-123.145349"><ele>0.2</ele><time>2026-06-11T04:50:23.000Z</time><extensions><gpxtpx:TrackPointExtension><gpxtpx:hr>105</gpxtpx:hr></gpxtpx:TrackPointExtension></extensions></trkpt>
      <trkpt lat="49.278278" lon="-123.145367"><ele>0.2</ele><time>2026-06-11T04:50:24.000Z</time><extensions><gpxtpx:TrackPointExtension><gpxtpx:hr>105</gpxtpx:hr></gpxtpx:TrackPointExtension></extensions></trkpt>
      <trkpt lat="49.278255" lon="-123.145372"><ele>0.2</ele><time>2026-06-11T04:50:25.000Z</time><extensions><gpxtpx:TrackPointExtension><gpxtpx:hr>105</gpxtpx:hr></gpxtpx:TrackPointExtension></extensions></trkpt>
      <trkpt lat="49.278232" lon="-123.145389"><ele>0.2</ele><time>2026-06-11T04:50:26.000Z</time><extensions><gpxtpx:TrackPointExtension><gpxtpx:hr>106</gpxtpx:hr></gpxtpx:TrackPointExtension></extensions></trkpt>
      <trkpt lat="49.27821" lon="-123.145397"><ele>0.4</ele><time>2026-06-11T04:50:27.000Z</time><extensions><gpxtpx:TrackPointExtension><gpxtpx:hr>106</gpxtpx:hr></gpxtpx:TrackPointExtension></extensions></trkpt>
      <trkpt lat="49.278183" lon="-123.145411"><ele>0.4</ele><time>2026-06-11T04:50:28.000Z</time><extensions><gpxtpx:TrackPointExtension><gpxtpx:hr>106</gpxtpx:hr></gpxtpx:TrackPointExtension></extensions></trkpt>
      <trkpt lat="49.278165" lon="-123.145413"><ele>0.4</ele><time>2026-06-11T04:50:29.000Z</time><extensions><gpxtpx:TrackPointExtension><gpxtpx:hr>106</gpxtpx:hr></gpxtpx:TrackPointExtension></extensions></trkpt>
      <trkpt lat="49.27814" lon="-123.14543"><ele>0.4</ele><time>2026-06-11T04:50:30.000Z</time><extensions><gpxtpx:TrackPointExtension><gpxtpx:hr>107</gpxtpx:hr></gpxtpx:TrackPointExtension></extensions></trkpt>
      <trkpt lat="49.278123" lon="-123.145435"><ele>0.4</ele><time>2026-06-11T04:50:31.000Z</time><extensions><gpxtpx:TrackPointExtension><gpxtpx:hr>107</gpxtpx:hr></gpxtpx:TrackPointExtension></extensions></trkpt>
      <trkpt lat="49.278098" lon="-123.145445"><ele>0.4</ele><time>2026-06-11T04:50:32.000Z</time><extensions><gpxtpx:TrackPointExtension><gpxtpx:hr>107</gpxtpx:hr></gpxtpx:TrackPointExtension></extensions></trkpt>
      <trkpt lat="49.278078" lon="-123.145442"><ele>0.4</ele><time>2026-06-11T04:50:33.000Z</time><extensions><gpxtpx:TrackPointExtension><gpxtpx:hr>108</gpxtpx:hr></gpxtpx:TrackPointExtension></extensions></trkpt>
      <trkpt lat="49.278054" lon="-123.145458"><ele>0.4</ele><time>2026-06-11T04:50:34.000Z</time><extensions><gpxtpx:TrackPointExtension><gpxtpx:hr>108</gpxtpx:hr></gpxtpx:TrackPointExtension></extensions></trkpt>
      <trkpt lat="49.278037" lon="-123.145475"><ele>0.4</ele><time>2026-06-11T04:50:35.000Z</time><extensions><gpxtpx:TrackPointExtension><gpxtpx:hr>108</gpxtpx:hr></gpxtpx:TrackPointExtension></extensions></trkpt>
      <trkpt lat="49.278012" lon="-123.145497"><ele>0.6</ele><time>2026-06-11T04:50:36.000Z</time><extensions><gpxtpx:TrackPointExtension><gpxtpx:hr>109</gpxtpx:hr></gpxtpx:TrackPointExtension></extensions></trkpt>
      <trkpt lat="49.277993" lon="-123.145515"><ele>0.4</ele><time>2026-06-11T04:50:37.000Z</time><extensions><gpxtpx:TrackPointExtension><gpxtpx:hr>109</gpxtpx:hr></gpxtpx:TrackPointExtension></extensions></trkpt>
      <trkpt lat="49.27797" lon="-123.145533"><ele>0.4</ele><time>2026-06-11T04:50:38.000Z</time><extensions><gpxtpx:TrackPointExtension><gpxtpx:hr>110</gpxtpx:hr></gpxtpx:TrackPointExtension></extensions></trkpt>
      <trkpt lat="49.277951" lon="-123.145546"><ele>0.4</ele><time>2026-06-11T04:50:39.000Z</time><extensions><gpxtpx:TrackPointExtension><gpxtpx:hr>110</gpxtpx:hr></gpxtpx:TrackPointExtension></extensions></trkpt>
      <trkpt lat="49.277929" lon="-123.145556"><ele>0.4</ele><time>2026-06-11T04:50:40.000Z</time><extensions><gpxtpx:TrackPointExtension><gpxtpx:hr>110</gpxtpx:hr></gpxtpx:TrackPointExtension></extensions></trkpt>
      <trkpt lat="49.277909" lon="-123.145573"><ele>0.2</ele><time>2026-06-11T04:50:41.000Z</time><extensions><gpxtpx:TrackPointExtension><gpxtpx:hr>111</gpxtpx:hr></gpxtpx:TrackPointExtension></extensions></trkpt>
      <trkpt lat="49.277886" lon="-123.145582"><ele>0.2</ele><time>2026-06-11T04:50:42.000Z</time><extensions><gpxtpx:TrackPointExtension><gpxtpx:hr>111</gpxtpx:hr></gpxtpx:TrackPointExtension></extensions></trkpt>
      <trkpt lat="49.277863" lon="-123.145595"><ele>0.2</ele><time>2026-06-11T04:50:43.000Z</time><extensions><gpxtpx:TrackPointExtension><gpxtpx:hr>111</gpxtpx:hr></gpxtpx:TrackPointExtension></extensions></trkpt>
      <trkpt lat="49.277841" lon="-123.145602"><ele>0.2</ele><time>2026-06-11T04:50:44.000Z</time><extensions><gpxtpx:TrackPointExtension><gpxtpx:hr>111</gpxtpx:hr></gpxtpx:TrackPointExtension></extensions></trkpt>
      <trkpt lat="49.277815" lon="-123.145621"><ele>0.2</ele><time>2026-06-11T04:50:45.000Z</time><extensions><gpxtpx:TrackPointExtension><gpxtpx:hr>111</gpxtpx:hr></gpxtpx:TrackPointExtension></extensions></trkpt>
      <trkpt lat="49.277795" lon="-123.145624"><ele>0.2</ele><time>2026-06-11T04:50:46.000Z</time><extensions><gpxtpx:TrackPointExtension><gpxtpx:hr>111</gpxtpx:hr></gpxtpx:TrackPointExtension></extensions></trkpt>
      <trkpt lat="49.277768" lon="-123.145635"><ele>0.4</ele><time>2026-06-11T04:50:47.000Z</time><extensions><gpxtpx:TrackPointExtension><gpxtpx:hr>111</gpxtpx:hr></gpxtpx:TrackPointExtension></extensions></trkpt>
      <trkpt lat="49.277746" lon="-123.145642"><ele>0.4</ele><time>2026-06-11T04:50:48.000Z</time><extensions><gpxtpx:TrackPointExtension><gpxtpx:hr>111</gpxtpx:hr></gpxtpx:TrackPointExtension></extensions></trkpt>
      <trkpt lat="49.277724" lon="-123.145645"><ele>0.4</ele><time>2026-06-11T04:50:49.000Z</time><extensions><gpxtpx:TrackPointExtension><gpxtpx:hr>111</gpxtpx:hr></gpxtpx:TrackPointExtension></extensions></trkpt>
      <trkpt lat="49.277699" lon="-123.14566"><ele>0.4</ele><time>2026-06-11T04:50:50.000Z</time><extensions><gpxtpx:TrackPointExtension><gpxtpx:hr>111</gpxtpx:hr></gpxtpx:TrackPointExtension></extensions></trkpt>
      <trkpt lat="49.277685" lon="-123.14566"><ele>0.6</ele><time>2026-06-11T04:50:51.000Z</time><extensions><gpxtpx:TrackPointExtension><gpxtpx:hr>111</gpxtpx:hr></gpxtpx:TrackPointExtension></extensions></trkpt>
      <trkpt lat="49.277661" lon="-123.145676"><ele>0.6</ele><time>2026-06-11T04:50:52.000Z</time><extensions><gpxtpx:TrackPointExtension><gpxtpx:hr>112</gpxtpx:hr></gpxtpx:TrackPointExtension></extensions></trkpt>
      <trkpt lat="49.277642" lon="-123.145689"><ele>0.6</ele><time>2026-06-11T04:50:53.000Z</time><extensions><gpxtpx:TrackPointExtension><gpxtpx:hr>112</gpxtpx:hr></gpxtpx:TrackPointExtension></extensions></trkpt>
      <trkpt lat="49.277622" lon="-123.145693"><ele>0.6</ele><time>2026-06-11T04:50:54.000Z</time><extensions><gpxtpx:TrackPointExtension><gpxtpx:hr>112</gpxtpx:hr></gpxtpx:TrackPointExtension></extensions></trkpt>
      <trkpt lat="49.277599" lon="-123.145717"><ele>0.8</ele><time>2026-06-11T04:50:55.000Z</time><extensions><gpxtpx:TrackPointExtension><gpxtpx:hr>112</gpxtpx:hr></gpxtpx:TrackPointExtension></extensions></trkpt>
      <trkpt lat="49.277584" lon="-123.145721"><ele>0.8</ele><time>2026-06-11T04:50:56.000Z</time><extensions><gpxtpx:TrackPointExtension><gpxtpx:hr>112</gpxtpx:hr></gpxtpx:TrackPointExtension></extensions></trkpt>
      <trkpt lat="49.27756" lon="-123.14573"><ele>0.8</ele><time>2026-06-11T04:50:57.000Z</time><extensions><gpxtpx:TrackPointExtension><gpxtpx:hr>113</gpxtpx:hr></gpxtpx:TrackPointExtension></extensions></trkpt>
      <trkpt lat="49.277542" lon="-123.145747"><ele>1</ele><time>2026-06-11T04:50:58.000Z</time><extensions><gpxtpx:TrackPointExtension><gpxtpx:hr>113</gpxtpx:hr></gpxtpx:TrackPointExtension></extensions></trkpt>
      <trkpt lat="49.277522" lon="-123.145765"><ele>1</ele><time>2026-06-11T04:50:59.000Z</time><extensions><gpxtpx:TrackPointExtension><gpxtpx:hr>112</gpxtpx:hr></gpxtpx:TrackPointExtension></extensions></trkpt>
      <trkpt lat="49.277506" lon="-123.145794"><ele>1.2</ele><time>2026-06-11T04:51:00.000Z</time><extensions><gpxtpx:TrackPointExtension><gpxtpx:hr>112</gpxtpx:hr></gpxtpx:TrackPointExtension></extensions></trkpt>
      <trkpt lat="49.277488" lon="-123.145804"><ele>1.2</ele><time>2026-06-11T04:51:01.000Z</time><extensions><gpxtpx:TrackPointExtension><gpxtpx:hr>112</gpxtpx:hr></gpxtpx:TrackPointExtension></extensions></trkpt>
      <trkpt lat="49.277469" lon="-123.145831"><ele>1.2</ele><time>2026-06-11T04:51:02.000Z</time><extensions><gpxtpx:TrackPointExtension><gpxtpx:hr>112</gpxtpx:hr></gpxtpx:TrackPointExtension></extensions></trkpt>
      <trkpt lat="49.277457" lon="-123.145853"><ele>1.4</ele><time>2026-06-11T04:51:03.000Z</time><extensions><gpxtpx:TrackPointExtension><gpxtpx:hr>112</gpxtpx:hr></gpxtpx:TrackPointExtension></extensions></trkpt>
      <trkpt lat="49.27744" lon="-123.145879"><ele>1.4</ele><time>2026-06-11T04:51:04.000Z</time><extensions><gpxtpx:TrackPointExtension><gpxtpx:hr>112</gpxtpx:hr></gpxtpx:TrackPointExtension></extensions></trkpt>
      <trkpt lat="49.277422" lon="-123.145911"><ele>1.4</ele><time>2026-06-11T04:51:05.000Z</time><extensions><gpxtpx:TrackPointExtension><gpxtpx:hr>112</gpxtpx:hr></gpxtpx:TrackPointExtension></extensions></trkpt>
      <trkpt lat="49.277407" lon="-123.145929"><ele>1.4</ele><time>2026-06-11T04:51:06.000Z</time><extensions><gpxtpx:TrackPointExtension><gpxtpx:hr>112</gpxtpx:hr></gpxtpx:TrackPointExtension></extensions></trkpt>
      <trkpt lat="49.277386" lon="-123.145959"><ele>1.4</ele><time>2026-06-11T04:51:07.000Z</time><extensions><gpxtpx:TrackPointExtension><gpxtpx:hr>112</gpxtpx:hr></gpxtpx:TrackPointExtension></extensions></trkpt>
      <trkpt lat="49.277372" lon="-123.145975"><ele>1.4</ele><time>2026-06-11T04:51:08.000Z</time><extensions><gpxtpx:TrackPointExtension><gpxtpx:hr>112</gpxtpx:hr></gpxtpx:TrackPointExtension></extensions></trkpt>
      <trkpt lat="49.277351" lon="-123.145995"><ele>1.4</ele><time>2026-06-11T04:51:09.000Z</time><extensions><gpxtpx:TrackPointExtension><gpxtpx:hr>112</gpxtpx:hr></gpxtpx:TrackPointExtension></extensions></trkpt>
      <trkpt lat="49.277335" lon="-123.146018"><ele>1.4</ele><time>2026-06-11T04:51:10.000Z</time><extensions><gpxtpx:TrackPointExtension><gpxtpx:hr>113</gpxtpx:hr></gpxtpx:TrackPointExtension></extensions></trkpt>
      <trkpt lat="49.277322" lon="-123.146037"><ele>1.6</ele><time>2026-06-11T04:51:11.000Z</time><extensions><gpxtpx:TrackPointExtension><gpxtpx:hr>113</gpxtpx:hr></gpxtpx:TrackPointExtension></extensions></trkpt>
      <trkpt lat="49.277303" lon="-123.146065"><ele>1.6</ele><time>2026-06-11T04:51:12.000Z</time><extensions><gpxtpx:TrackPointExtension><gpxtpx:hr>113</gpxtpx:hr></gpxtpx:TrackPointExtension></extensions></trkpt>
      <trkpt lat="49.277287" lon="-123.146095"><ele>1.8</ele><time>2026-06-11T04:51:13.000Z</time><extensions><gpxtpx:TrackPointExtension><gpxtpx:hr>113</gpxtpx:hr></gpxtpx:TrackPointExtension></extensions></trkpt>
      <trkpt lat="49.277273" lon="-123.14611"><ele>1.8</ele><time>2026-06-11T04:51:14.000Z</time><extensions><gpxtpx:TrackPointExtension><gpxtpx:hr>114</gpxtpx:hr></gpxtpx:TrackPointExtension></extensions></trkpt>
      <trkpt lat="49.277251" lon="-123.146116"><ele>1.8</ele><time>2026-06-11T04:51:15.000Z</time><extensions><gpxtpx:TrackPointExtension><gpxtpx:hr>114</gpxtpx:hr></gpxtpx:TrackPointExtension></extensions></trkpt>
      <trkpt lat="49.277223" lon="-123.146116"><ele>1.8</ele><time>2026-06-11T04:51:16.000Z</time><extensions><gpxtpx:TrackPointExtension><gpxtpx:hr>114</gpxtpx:hr></gpxtpx:TrackPointExtension></extensions></trkpt>
      <trkpt lat="49.277205" lon="-123.146112"><ele>2</ele><time>2026-06-11T04:51:17.000Z</time><extensions><gpxtpx:TrackPointExtension><gpxtpx:hr>114</gpxtpx:hr></gpxtpx:TrackPointExtension></extensions></trkpt>
      <trkpt lat="49.277185" lon="-123.146113"><ele>2.2</ele><time>2026-06-11T04:51:18.000Z</time><extensions><gpxtpx:TrackPointExtension><gpxtpx:hr>115</gpxtpx:hr></gpxtpx:TrackPointExtension></extensions></trkpt>
      <trkpt lat="49.277161" lon="-123.146117"><ele>2.4</ele><time>2026-06-11T04:51:19.000Z</time><extensions><gpxtpx:TrackPointExtension><gpxtpx:hr>115</gpxtpx:hr></gpxtpx:TrackPointExtension></extensions></trkpt>
      <trkpt lat="49.277146" lon="-123.146117"><ele>2.6</ele><time>2026-06-11T04:51:20.000Z</time><extensions><gpxtpx:TrackPointExtension><gpxtpx:hr>115</gpxtpx:hr></gpxtpx:TrackPointExtension></extensions></trkpt>
      <trkpt lat="49.277123" lon="-123.14612"><ele>2.8</ele><time>2026-06-11T04:51:21.000Z</time><extensions><gpxtpx:TrackPointExtension><gpxtpx:hr>116</gpxtpx:hr></gpxtpx:TrackPointExtension></extensions></trkpt>
      <trkpt lat="49.277105" lon="-123.146121"><ele>3</ele><time>2026-06-11T04:51:22.000Z</time><extensions><gpxtpx:TrackPointExtension><gpxtpx:hr>116</gpxtpx:hr></gpxtpx:TrackPointExtension></extensions></trkpt>
      <trkpt lat="49.27709" lon="-123.146119"><ele>3</ele><time>2026-06-11T04:51:23.000Z</time><extensions><gpxtpx:TrackPointExtension><gpxtpx:hr>116</gpxtpx:hr></gpxtpx:TrackPointExtension></extensions></trkpt>
      <trkpt lat="49.27707" lon="-123.146119"><ele>3.2</ele><time>2026-06-11T04:51:24.000Z</time><extensions><gpxtpx:TrackPointExtension><gpxtpx:hr>117</gpxtpx:hr></gpxtpx:TrackPointExtension></extensions></trkpt>
      <trkpt lat="49.277057" lon="-123.146112"><ele>3.4</ele><time>2026-06-11T04:51:25.000Z</time><extensions><gpxtpx:TrackPointExtension><gpxtpx:hr>117</gpxtpx:hr></gpxtpx:TrackPointExtension></extensions></trkpt>
      <trkpt lat="49.277036" lon="-123.146109"><ele>3.6</ele><time>2026-06-11T04:51:26.000Z</time><extensions><gpxtpx:TrackPointExtension><gpxtpx:hr>118</gpxtpx:hr></gpxtpx:TrackPointExtension></extensions></trkpt>
      <trkpt lat="49.277017" lon="-123.146109"><ele>3.8</ele><time>2026-06-11T04:51:27.000Z</time><extensions><gpxtpx:TrackPointExtension><gpxtpx:hr>118</gpxtpx:hr></gpxtpx:TrackPointExtension></extensions></trkpt>
      <trkpt lat="49.277005" lon="-123.146104"><ele>3.8</ele><time>2026-06-11T04:51:28.000Z</time><extensions><gpxtpx:TrackPointExtension><gpxtpx:hr>119</gpxtpx:hr></gpxtpx:TrackPointExtension></extensions></trkpt>
      <trkpt lat="49.276984" lon="-123.146108"><ele>4</ele><time>2026-06-11T04:51:29.000Z</time><extensions><gpxtpx:TrackPointExtension><gpxtpx:hr>119</gpxtpx:hr></gpxtpx:TrackPointExtension></extensions></trkpt>
      <trkpt lat="49.276973" lon="-123.146103"><ele>4.2</ele><time>2026-06-11T04:51:30.000Z</time><extensions><gpxtpx:TrackPointExtension><gpxtpx:hr>120</gpxtpx:hr></gpxtpx:TrackPointExtension></extensions></trkpt>
      <trkpt lat="49.276951" lon="-123.146103"><ele>4.2</ele><time>2026-06-11T04:51:31.000Z</time><extensions><gpxtpx:TrackPointExtension><gpxtpx:hr>120</gpxtpx:hr></gpxtpx:TrackPointExtension></extensions></trkpt>
      <trkpt lat="49.276933" lon="-123.146109"><ele>4.4</ele><time>2026-06-11T04:51:32.000Z</time><extensions><gpxtpx:TrackPointExtension><gpxtpx:hr>120</gpxtpx:hr></gpxtpx:TrackPointExtension></extensions></trkpt>
      <trkpt lat="49.276917" lon="-123.146108"><ele>4.6</ele><time>2026-06-11T04:51:33.000Z</time><extensions><gpxtpx:TrackPointExtension><gpxtpx:hr>120</gpxtpx:hr></gpxtpx:TrackPointExtension></extensions></trkpt>
      <trkpt lat="49.276896" lon="-123.146107"><ele>4.6</ele><time>2026-06-11T04:51:34.000Z</time><extensions><gpxtpx:TrackPointExtension><gpxtpx:hr>121</gpxtpx:hr></gpxtpx:TrackPointExtension></extensions></trkpt>
      <trkpt lat="49.276884" lon="-123.146103"><ele>4.8</ele><time>2026-06-11T04:51:35.000Z</time><extensions><gpxtpx:TrackPointExtension><gpxtpx:hr>121</gpxtpx:hr></gpxtpx:TrackPointExtension></extensions></trkpt>
      <trkpt lat="49.27686" lon="-123.146099"><ele>5</ele><time>2026-06-11T04:51:36.000Z</time><extensions><gpxtpx:TrackPointExtension><gpxtpx:hr>121</gpxtpx:hr></gpxtpx:TrackPointExtension></extensions></trkpt>
      <trkpt lat="49.276842" lon="-123.146093"><ele>5</ele><time>2026-06-11T04:51:37.000Z</time><extensions><gpxtpx:TrackPointExtension><gpxtpx:hr>121</gpxtpx:hr></gpxtpx:TrackPointExtension></extensions></trkpt>
      <trkpt lat="49.276822" lon="-123.146088"><ele>5.2</ele><time>2026-06-11T04:51:38.000Z</time><extensions><gpxtpx:TrackPointExtension><gpxtpx:hr>121</gpxtpx:hr></gpxtpx:TrackPointExtension></extensions></trkpt>
      <trkpt lat="49.276802" lon="-123.146085"><ele>5.4</ele><time>2026-06-11T04:51:39.000Z</time><extensions><gpxtpx:TrackPointExtension><gpxtpx:hr>122</gpxtpx:hr></gpxtpx:TrackPointExtension></extensions></trkpt>
      <trkpt lat="49.276783" lon="-123.146084"><ele>5.6</ele><time>2026-06-11T04:51:40.000Z</time><extensions><gpxtpx:TrackPointExtension><gpxtpx:hr>122</gpxtpx:hr></gpxtpx:TrackPointExtension></extensions></trkpt>
      <trkpt lat="49.276757" lon="-123.146093"><ele>5.8</ele><time>2026-06-11T04:51:41.000Z</time><extensions><gpxtpx:TrackPointExtension><gpxtpx:hr>122</gpxtpx:hr></gpxtpx:TrackPointExtension></extensions></trkpt>
      <trkpt lat="49.276739" lon="-123.146096"><ele>5.8</ele><time>2026-06-11T04:51:42.000Z</time><extensions><gpxtpx:TrackPointExtension><gpxtpx:hr>123</gpxtpx:hr></gpxtpx:TrackPointExtension></extensions></trkpt>
      <trkpt lat="49.276719" lon="-123.1461"><ele>6</ele><time>2026-06-11T04:51:43.000Z</time><extensions><gpxtpx:TrackPointExtension><gpxtpx:hr>123</gpxtpx:hr></gpxtpx:TrackPointExtension></extensions></trkpt>
      <trkpt lat="49.276699" lon="-123.146099"><ele>6.2</ele><time>2026-06-11T04:51:44.000Z</time><extensions><gpxtpx:TrackPointExtension><gpxtpx:hr>123</gpxtpx:hr></gpxtpx:TrackPointExtension></extensions></trkpt>
      <trkpt lat="49.276672" lon="-123.146098"><ele>6</ele><time>2026-06-11T04:51:45.000Z</time><extensions><gpxtpx:TrackPointExtension><gpxtpx:hr>124</gpxtpx:hr></gpxtpx:TrackPointExtension></extensions></trkpt>
      <trkpt lat="49.276652" lon="-123.146099"><ele>6.2</ele><time>2026-06-11T04:51:46.000Z</time><extensions><gpxtpx:TrackPointExtension><gpxtpx:hr>124</gpxtpx:hr></gpxtpx:TrackPointExtension></extensions></trkpt>
      <trkpt lat="49.276628" lon="-123.146104"><ele>6.2</ele><time>2026-06-11T04:51:47.000Z</time><extensions><gpxtpx:TrackPointExtension><gpxtpx:hr>124</gpxtpx:hr></gpxtpx:TrackPointExtension></extensions></trkpt>
      <trkpt lat="49.276604" lon="-123.146107"><ele>6.4</ele><time>2026-06-11T04:51:48.000Z</time><extensions><gpxtpx:TrackPointExtension><gpxtpx:hr>125</gpxtpx:hr></gpxtpx:TrackPointExtension></extensions></trkpt>
      <trkpt lat="49.276581" lon="-123.146102"><ele>6.4</ele><time>2026-06-11T04:51:49.000Z</time><extensions><gpxtpx:TrackPointExtension><gpxtpx:hr>125</gpxtpx:hr></gpxtpx:TrackPointExtension></extensions></trkpt>
      <trkpt lat="49.276565" lon="-123.146104"><ele>6.4</ele><time>2026-06-11T04:51:50.000Z</time><extensions><gpxtpx:TrackPointExtension><gpxtpx:hr>125</gpxtpx:hr></gpxtpx:TrackPointExtension></extensions></trkpt>
      <trkpt lat="49.276541" lon="-123.1461"><ele>6.6</ele><time>2026-06-11T04:51:51.000Z</time><extensions><gpxtpx:TrackPointExtension><gpxtpx:hr>126</gpxtpx:hr></gpxtpx:TrackPointExtension></extensions></trkpt>
      <trkpt lat="49.27652" lon="-123.146103"><ele>6.6</ele><time>2026-06-11T04:51:52.000Z</time><extensions><gpxtpx:TrackPointExtension><gpxtpx:hr>126</gpxtpx:hr></gpxtpx:TrackPointExtension></extensions></trkpt>
      <trkpt lat="49.276496" lon="-123.146103"><ele>6.6</ele><time>2026-06-11T04:51:53.000Z</time><extensions><gpxtpx:TrackPointExtension><gpxtpx:hr>126</gpxtpx:hr></gpxtpx:TrackPointExtension></extensions></trkpt>
      <trkpt lat="49.27647" lon="-123.146106"><ele>6.6</ele><time>2026-06-11T04:51:54.000Z</time><extensions><gpxtpx:TrackPointExtension><gpxtpx:hr>126</gpxtpx:hr></gpxtpx:TrackPointExtension></extensions></trkpt>
      <trkpt lat="49.276445" lon="-123.146105"><ele>6.6</ele><time>2026-06-11T04:51:55.000Z</time><extensions><gpxtpx:TrackPointExtension><gpxtpx:hr>126</gpxtpx:hr></gpxtpx:TrackPointExtension></extensions></trkpt>
      <trkpt lat="49.27642" lon="-123.146107"><ele>6.8</ele><time>2026-06-11T04:51:56.000Z</time><extensions><gpxtpx:TrackPointExtension><gpxtpx:hr>127</gpxtpx:hr></gpxtpx:TrackPointExtension></extensions></trkpt>
      <trkpt lat="49.276396" lon="-123.146105"><ele>6.8</ele><time>2026-06-11T04:51:57.000Z</time><extensions><gpxtpx:TrackPointExtension><gpxtpx:hr>127</gpxtpx:hr></gpxtpx:TrackPointExtension></extensions></trkpt>
      <trkpt lat="49.276368" lon="-123.146104"><ele>6.8</ele><time>2026-06-11T04:51:58.000Z</time><extensions><gpxtpx:TrackPointExtension><gpxtpx:hr>127</gpxtpx:hr></gpxtpx:TrackPointExtension></extensions></trkpt>
      <trkpt lat="49.276344" lon="-123.146103"><ele>7</ele><time>2026-06-11T04:51:59.000Z</time><extensions><gpxtpx:TrackPointExtension><gpxtpx:hr>127</gpxtpx:hr></gpxtpx:TrackPointExtension></extensions></trkpt>
      <trkpt lat="49.276313" lon="-123.146107"><ele>7</ele><time>2026-06-11T04:52:00.000Z</time><extensions><gpxtpx:TrackPointExtension><gpxtpx:hr>127</gpxtpx:hr></gpxtpx:TrackPointExtension></extensions></trkpt>
      <trkpt lat="49.276284" lon="-123.146104"><ele>7.2</ele><time>2026-06-11T04:52:01.000Z</time><extensions><gpxtpx:TrackPointExtension><gpxtpx:hr>127</gpxtpx:hr></gpxtpx:TrackPointExtension></extensions></trkpt>
      <trkpt lat="49.276256" lon="-123.146108"><ele>7.2</ele><time>2026-06-11T04:52:02.000Z</time><extensions><gpxtpx:TrackPointExtension><gpxtpx:hr>127</gpxtpx:hr></gpxtpx:TrackPointExtension></extensions></trkpt>
      <trkpt lat="49.276229" lon="-123.146112"><ele>7.4</ele><time>2026-06-11T04:52:03.000Z</time><extensions><gpxtpx:TrackPointExtension><gpxtpx:hr>127</gpxtpx:hr></gpxtpx:TrackPointExtension></extensions></trkpt>
      <trkpt lat="49.276209" lon="-123.146111"><ele>7.4</ele><time>2026-06-11T04:52:04.000Z</time><extensions><gpxtpx:TrackPointExtension><gpxtpx:hr>127</gpxtpx:hr></gpxtpx:TrackPointExtension></extensions></trkpt>
      <trkpt lat="49.276181" lon="-123.146115"><ele>7.4</ele><time>2026-06-11T04:52:05.000Z</time><extensions><gpxtpx:TrackPointExtension><gpxtpx:hr>128</gpxtpx:hr></gpxtpx:TrackPointExtension></extensions></trkpt>
      <trkpt lat="49.276159" lon="-123.146115"><ele>7.4</ele><time>2026-06-11T04:52:06.000Z</time><extensions><gpxtpx:TrackPointExtension><gpxtpx:hr>128</gpxtpx:hr></gpxtpx:TrackPointExtension></extensions></trkpt>
      <trkpt lat="49.276136" lon="-123.146118"><ele>7.4</ele><time>2026-06-11T04:52:07.000Z</time><extensions><gpxtpx:TrackPointExtension><gpxtpx:hr>128</gpxtpx:hr></gpxtpx:TrackPointExtension></extensions></trkpt>
      <trkpt lat="49.27612" lon="-123.146111"><ele>7.6</ele><time>2026-06-11T04:52:08.000Z</time><extensions><gpxtpx:TrackPointExtension><gpxtpx:hr>128</gpxtpx:hr></gpxtpx:TrackPointExtension></extensions></trkpt>
      <trkpt lat="49.276096" lon="-123.146105"><ele>7.6</ele><time>2026-06-11T04:52:09.000Z</time><extensions><gpxtpx:TrackPointExtension><gpxtpx:hr>128</gpxtpx:hr></gpxtpx:TrackPointExtension></extensions></trkpt>
      <trkpt lat="49.276072" lon="-123.146103"><ele>7.6</ele><time>2026-06-11T04:52:10.000Z</time><extensions><gpxtpx:TrackPointExtension><gpxtpx:hr>129</gpxtpx:hr></gpxtpx:TrackPointExtension></extensions></trkpt>
      <trkpt lat="49.276044" lon="-123.146102"><ele>7.6</ele><time>2026-06-11T04:52:11.000Z</time><extensions><gpxtpx:TrackPointExtension><gpxtpx:hr>129</gpxtpx:hr></gpxtpx:TrackPointExtension></extensions></trkpt>
      <trkpt lat="49.276018" lon="-123.146112"><ele>7.8</ele><time>2026-06-11T04:52:12.000Z</time><extensions><gpxtpx:TrackPointExtension><gpxtpx:hr>129</gpxtpx:hr></gpxtpx:TrackPointExtension></extensions></trkpt>
      <trkpt lat="49.275996" lon="-123.146119"><ele>7.8</ele><time>2026-06-11T04:52:13.000Z</time><extensions><gpxtpx:TrackPointExtension><gpxtpx:hr>129</gpxtpx:hr></gpxtpx:TrackPointExtension></extensions></trkpt>
      <trkpt lat="49.27597" lon="-123.14613"><ele>7.8</ele><time>2026-06-11T04:52:14.000Z</time><extensions><gpxtpx:TrackPointExtension><gpxtpx:hr>129</gpxtpx:hr></gpxtpx:TrackPointExtension></extensions></trkpt>
      <trkpt lat="49.275949" lon="-123.146135"><ele>7.8</ele><time>2026-06-11T04:52:15.000Z</time><extensions><gpxtpx:TrackPointExtension><gpxtpx:hr>129</gpxtpx:hr></gpxtpx:TrackPointExtension></extensions></trkpt>
      <trkpt lat="49.275924" lon="-123.146142"><ele>7.8</ele><time>2026-06-11T04:52:16.000Z</time><extensions><gpxtpx:TrackPointExtension><gpxtpx:hr>130</gpxtpx:hr></gpxtpx:TrackPointExtension></extensions></trkpt>
      <trkpt lat="49.2759" lon="-123.146141"><ele>7.8</ele><time>2026-06-11T04:52:17.000Z</time><extensions><gpxtpx:TrackPointExtension><gpxtpx:hr>130</gpxtpx:hr></gpxtpx:TrackPointExtension></extensions></trkpt>
      <trkpt lat="49.275878" lon="-123.146134"><ele>7.8</ele><time>2026-06-11T04:52:18.000Z</time><extensions><gpxtpx:TrackPointExtension><gpxtpx:hr>130</gpxtpx:hr></gpxtpx:TrackPointExtension></extensions></trkpt>
      <trkpt lat="49.275855" lon="-123.146141"><ele>7.8</ele><time>2026-06-11T04:52:19.000Z</time><extensions><gpxtpx:TrackPointExtension><gpxtpx:hr>129</gpxtpx:hr></gpxtpx:TrackPointExtension></extensions></trkpt>
      <trkpt lat="49.275833" lon="-123.146145"><ele>7.8</ele><time>2026-06-11T04:52:20.000Z</time><extensions><gpxtpx:TrackPointExtension><gpxtpx:hr>129</gpxtpx:hr></gpxtpx:TrackPointExtension></extensions></trkpt>
      <trkpt lat="49.275808" lon="-123.146146"><ele>7.8</ele><time>2026-06-11T04:52:21.000Z</time><extensions><gpxtpx:TrackPointExtension><gpxtpx:hr>130</gpxtpx:hr></gpxtpx:TrackPointExtension></extensions></trkpt>
      <trkpt lat="49.275791" lon="-123.146146"><ele>8</ele><time>2026-06-11T04:52:22.000Z</time><extensions><gpxtpx:TrackPointExtension><gpxtpx:hr>130</gpxtpx:hr></gpxtpx:TrackPointExtension></extensions></trkpt>
      <trkpt lat="49.275768" lon="-123.146147"><ele>8</ele><time>2026-06-11T04:52:23.000Z</time><extensions><gpxtpx:TrackPointExtension><gpxtpx:hr>130</gpxtpx:hr></gpxtpx:TrackPointExtension></extensions></trkpt>
      <trkpt lat="49.275747" lon="-123.146148"><ele>8.2</ele><time>2026-06-11T04:52:24.000Z</time><extensions><gpxtpx:TrackPointExtension><gpxtpx:hr>129</gpxtpx:hr></gpxtpx:TrackPointExtension></extensions></trkpt>
      <trkpt lat="49.275721" lon="-123.146149"><ele>8.2</ele><time>2026-06-11T04:52:25.000Z</time><extensions><gpxtpx:TrackPointExtension><gpxtpx:hr>130</gpxtpx:hr></gpxtpx:TrackPointExtension></extensions></trkpt>
      <trkpt lat="49.275699" lon="-123.146153"><ele>8.2</ele><time>2026-06-11T04:52:26.000Z</time><extensions><gpxtpx:TrackPointExtension><gpxtpx:hr>130</gpxtpx:hr></gpxtpx:TrackPointExtension></extensions></trkpt>
      <trkpt lat="49.275681" lon="-123.146149"><ele>8.2</ele><time>2026-06-11T04:52:27.000Z</time><extensions><gpxtpx:TrackPointExtension><gpxtpx:hr>130</gpxtpx:hr></gpxtpx:TrackPointExtension></extensions></trkpt>
      <trkpt lat="49.275657" lon="-123.146148"><ele>8.2</ele><time>2026-06-11T04:52:28.000Z</time><extensions><gpxtpx:TrackPointExtension><gpxtpx:hr>130</gpxtpx:hr></gpxtpx:TrackPointExtension></extensions></trkpt>
      <trkpt lat="49.275637" lon="-123.146145"><ele>8.2</ele><time>2026-06-11T04:52:29.000Z</time><extensions><gpxtpx:TrackPointExtension><gpxtpx:hr>130</gpxtpx:hr></gpxtpx:TrackPointExtension></extensions></trkpt>
      <trkpt lat="49.275619" lon="-123.146146"><ele>8</ele><time>2026-06-11T04:52:30.000Z</time><extensions><gpxtpx:TrackPointExtension><gpxtpx:hr>130</gpxtpx:hr></gpxtpx:TrackPointExtension></extensions></trkpt>
      <trkpt lat="49.2756" lon="-123.14615"><ele>8</ele><time>2026-06-11T04:52:31.000Z</time><extensions><gpxtpx:TrackPointExtension><gpxtpx:hr>130</gpxtpx:hr></gpxtpx:TrackPointExtension></extensions></trkpt>
      <trkpt lat="49.275577" lon="-123.146157"><ele>8</ele><time>2026-06-11T04:52:32.000Z</time><extensions><gpxtpx:TrackPointExtension><gpxtpx:hr>130</gpxtpx:hr></gpxtpx:TrackPointExtension></extensions></trkpt>
      <trkpt lat="49.275557" lon="-123.146159"><ele>8</ele><time>2026-06-11T04:52:33.000Z</time><extensions><gpxtpx:TrackPointExtension><gpxtpx:hr>130</gpxtpx:hr></gpxtpx:TrackPointExtension></extensions></trkpt>
      <trkpt lat="49.275528" lon="-123.146162"><ele>8</ele><time>2026-06-11T04:52:34.000Z</time><extensions><gpxtpx:TrackPointExtension><gpxtpx:hr>130</gpxtpx:hr></gpxtpx:TrackPointExtension></extensions></trkpt>
      <trkpt lat="49.275507" lon="-123.146161"><ele>8</ele><time>2026-06-11T04:52:35.000Z</time><extensions><gpxtpx:TrackPointExtension><gpxtpx:hr>130</gpxtpx:hr></gpxtpx:TrackPointExtension></extensions></trkpt>
      <trkpt lat="49.275479" lon="-123.146163"><ele>8.2</ele><time>2026-06-11T04:52:36.000Z</time><extensions><gpxtpx:TrackPointExtension><gpxtpx:hr>130</gpxtpx:hr></gpxtpx:TrackPointExtension></extensions></trkpt>
      <trkpt lat="49.275454" lon="-123.146165"><ele>8.2</ele><time>2026-06-11T04:52:37.000Z</time><extensions><gpxtpx:TrackPointExtension><gpxtpx:hr>130</gpxtpx:hr></gpxtpx:TrackPointExtension></extensions></trkpt>
      <trkpt lat="49.275426" lon="-123.146164"><ele>8.4</ele><time>2026-06-11T04:52:38.000Z</time><extensions><gpxtpx:TrackPointExtension><gpxtpx:hr>130</gpxtpx:hr></gpxtpx:TrackPointExtension></extensions></trkpt>
      <trkpt lat="49.275403" lon="-123.146161"><ele>8.4</ele><time>2026-06-11T04:52:39.000Z</time><extensions><gpxtpx:TrackPointExtension><gpxtpx:hr>130</gpxtpx:hr></gpxtpx:TrackPointExtension></extensions></trkpt>
      <trkpt lat="49.275374" lon="-123.146162"><ele>8.4</ele><time>2026-06-11T04:52:40.000Z</time><extensions><gpxtpx:TrackPointExtension><gpxtpx:hr>132</gpxtpx:hr></gpxtpx:TrackPointExtension></extensions></trkpt>
      <trkpt lat="49.275352" lon="-123.146162"><ele>8.4</ele><time>2026-06-11T04:52:41.000Z</time><extensions><gpxtpx:TrackPointExtension><gpxtpx:hr>133</gpxtpx:hr></gpxtpx:TrackPointExtension></extensions></trkpt>
      <trkpt lat="49.275325" lon="-123.146165"><ele>8.6</ele><time>2026-06-11T04:52:42.000Z</time><extensions><gpxtpx:TrackPointExtension><gpxtpx:hr>133</gpxtpx:hr></gpxtpx:TrackPointExtension></extensions></trkpt>
      <trkpt lat="49.275299" lon="-123.14617"><ele>8.6</ele><time>2026-06-11T04:52:43.000Z</time><extensions><gpxtpx:TrackPointExtension><gpxtpx:hr>133</gpxtpx:hr></gpxtpx:TrackPointExtension></extensions></trkpt>
      <trkpt lat="49.275272" lon="-123.146172"><ele>8.6</ele><time>2026-06-11T04:52:44.000Z</time><extensions><gpxtpx:TrackPointExtension><gpxtpx:hr>133</gpxtpx:hr></gpxtpx:TrackPointExtension></extensions></trkpt>
      <trkpt lat="49.275245" lon="-123.146172"><ele>8.6</ele><time>2026-06-11T04:52:45.000Z</time><extensions><gpxtpx:TrackPointExtension><gpxtpx:hr>134</gpxtpx:hr></gpxtpx:TrackPointExtension></extensions></trkpt>
      <trkpt lat="49.275221" lon="-123.146169"><ele>8.6</ele><time>2026-06-11T04:52:46.000Z</time><extensions><gpxtpx:TrackPointExtension><gpxtpx:hr>133</gpxtpx:hr></gpxtpx:TrackPointExtension></extensions></trkpt>
      <trkpt lat="49.275198" lon="-123.146168"><ele>8.6</ele><time>2026-06-11T04:52:47.000Z</time><extensions><gpxtpx:TrackPointExtension><gpxtpx:hr>133</gpxtpx:hr></gpxtpx:TrackPointExtension></extensions></trkpt>
      <trkpt lat="49.275174" lon="-123.146167"><ele>8.6</ele><time>2026-06-11T04:52:48.000Z</time><extensions><gpxtpx:TrackPointExtension><gpxtpx:hr>134</gpxtpx:hr></gpxtpx:TrackPointExtension></extensions></trkpt>
      <trkpt lat="49.275149" lon="-123.146171"><ele>8.6</ele><time>2026-06-11T04:52:49.000Z</time><extensions><gpxtpx:TrackPointExtension><gpxtpx:hr>133</gpxtpx:hr></gpxtpx:TrackPointExtension></extensions></trkpt>
      <trkpt lat="49.275122" lon="-123.146172"><ele>8.4</ele><time>2026-06-11T04:52:50.000Z</time><extensions><gpxtpx:TrackPointExtension><gpxtpx:hr>133</gpxtpx:hr></gpxtpx:TrackPointExtension></extensions></trkpt>
      <trkpt lat="49.275094" lon="-123.146177"><ele>8.4</ele><time>2026-06-11T04:52:51.000Z</time><extensions><gpxtpx:TrackPointExtension><gpxtpx:hr>134</gpxtpx:hr></gpxtpx:TrackPointExtension></extensions></trkpt>
      <trkpt lat="49.275067" lon="-123.146179"><ele>8.4</ele><time>2026-06-11T04:52:52.000Z</time><extensions><gpxtpx:TrackPointExtension><gpxtpx:hr>134</gpxtpx:hr></gpxtpx:TrackPointExtension></extensions></trkpt>
      <trkpt lat="49.275038" lon="-123.146186"><ele>8.4</ele><time>2026-06-11T04:52:53.000Z</time><extensions><gpxtpx:TrackPointExtension><gpxtpx:hr>134</gpxtpx:hr></gpxtpx:TrackPointExtension></extensions></trkpt>
      <trkpt lat="49.27501" lon="-123.146185"><ele>8.4</ele><time>2026-06-11T04:52:54.000Z</time><extensions><gpxtpx:TrackPointExtension><gpxtpx:hr>134</gpxtpx:hr></gpxtpx:TrackPointExtension></extensions></trkpt>
      <trkpt lat="49.274977" lon="-123.146192"><ele>8.4</ele><time>2026-06-11T04:52:55.000Z</time><extensions><gpxtpx:TrackPointExtension><gpxtpx:hr>134</gpxtpx:hr></gpxtpx:TrackPointExtension></extensions></trkpt>
      <trkpt lat="49.274952" lon="-123.146193"><ele>8.4</ele><time>2026-06-11T04:52:56.000Z</time><extensions><gpxtpx:TrackPointExtension><gpxtpx:hr>134</gpxtpx:hr></gpxtpx:TrackPointExtension></extensions></trkpt>
      <trkpt lat="49.274917" lon="-123.146202"><ele>8.4</ele><time>2026-06-11T04:52:57.000Z</time><extensions><gpxtpx:TrackPointExtension><gpxtpx:hr>134</gpxtpx:hr></gpxtpx:TrackPointExtension></extensions></trkpt>
      <trkpt lat="49.274894" lon="-123.146205"><ele>8.4</ele><time>2026-06-11T04:52:58.000Z</time><extensions><gpxtpx:TrackPointExtension><gpxtpx:hr>134</gpxtpx:hr></gpxtpx:TrackPointExtension></extensions></trkpt>
      <trkpt lat="49.27486" lon="-123.146205"><ele>8.4</ele><time>2026-06-11T04:52:59.000Z</time><extensions><gpxtpx:TrackPointExtension><gpxtpx:hr>135</gpxtpx:hr></gpxtpx:TrackPointExtension></extensions></trkpt>
      <trkpt lat="49.274837" lon="-123.146206"><ele>8.4</ele><time>2026-06-11T04:53:00.000Z</time><extensions><gpxtpx:TrackPointExtension><gpxtpx:hr>135</gpxtpx:hr></gpxtpx:TrackPointExtension></extensions></trkpt>
      <trkpt lat="49.274807" lon="-123.14621"><ele>8.4</ele><time>2026-06-11T04:53:01.000Z</time><extensions><gpxtpx:TrackPointExtension><gpxtpx:hr>135</gpxtpx:hr></gpxtpx:TrackPointExtension></extensions></trkpt>
      <trkpt lat="49.274777" lon="-123.14621"><ele>8.4</ele><time>2026-06-11T04:53:02.000Z</time><extensions><gpxtpx:TrackPointExtension><gpxtpx:hr>135</gpxtpx:hr></gpxtpx:TrackPointExtension></extensions></trkpt>
      <trkpt lat="49.274749" lon="-123.146204"><ele>8.2</ele><time>2026-06-11T04:53:03.000Z</time><extensions><gpxtpx:TrackPointExtension><gpxtpx:hr>136</gpxtpx:hr></gpxtpx:TrackPointExtension></extensions></trkpt>
      <trkpt lat="49.274714" lon="-123.146206"><ele>8.2</ele><time>2026-06-11T04:53:04.000Z</time><extensions><gpxtpx:TrackPointExtension><gpxtpx:hr>136</gpxtpx:hr></gpxtpx:TrackPointExtension></extensions></trkpt>
      <trkpt lat="49.274692" lon="-123.146203"><ele>8.2</ele><time>2026-06-11T04:53:05.000Z</time><extensions><gpxtpx:TrackPointExtension><gpxtpx:hr>136</gpxtpx:hr></gpxtpx:TrackPointExtension></extensions></trkpt>
      <trkpt lat="49.274657" lon="-123.14621"><ele>8.2</ele><time>2026-06-11T04:53:06.000Z</time><extensions><gpxtpx:TrackPointExtension><gpxtpx:hr>136</gpxtpx:hr></gpxtpx:TrackPointExtension></extensions></trkpt>
      <trkpt lat="49.274637" lon="-123.146208"><ele>8.2</ele><time>2026-06-11T04:53:07.000Z</time><extensions><gpxtpx:TrackPointExtension><gpxtpx:hr>136</gpxtpx:hr></gpxtpx:TrackPointExtension></extensions></trkpt>
      <trkpt lat="49.274609" lon="-123.146212"><ele>8.2</ele><time>2026-06-11T04:53:08.000Z</time><extensions><gpxtpx:TrackPointExtension><gpxtpx:hr>137</gpxtpx:hr></gpxtpx:TrackPointExtension></extensions></trkpt>
      <trkpt lat="49.274588" lon="-123.146209"><ele>8.2</ele><time>2026-06-11T04:53:09.000Z</time><extensions><gpxtpx:TrackPointExtension><gpxtpx:hr>137</gpxtpx:hr></gpxtpx:TrackPointExtension></extensions></trkpt>
      <trkpt lat="49.274559" lon="-123.146208"><ele>8.2</ele><time>2026-06-11T04:53:10.000Z</time><extensions><gpxtpx:TrackPointExtension><gpxtpx:hr>137</gpxtpx:hr></gpxtpx:TrackPointExtension></extensions></trkpt>
      <trkpt lat="49.274537" lon="-123.146212"><ele>8</ele><time>2026-06-11T04:53:11.000Z</time><extensions><gpxtpx:TrackPointExtension><gpxtpx:hr>138</gpxtpx:hr></gpxtpx:TrackPointExtension></extensions></trkpt>
      <trkpt lat="49.274507" lon="-123.146218"><ele>8</ele><time>2026-06-11T04:53:12.000Z</time><extensions><gpxtpx:TrackPointExtension><gpxtpx:hr>138</gpxtpx:hr></gpxtpx:TrackPointExtension></extensions></trkpt>
      <trkpt lat="49.27448" lon="-123.146222"><ele>8</ele><time>2026-06-11T04:53:13.000Z</time><extensions><gpxtpx:TrackPointExtension><gpxtpx:hr>138</gpxtpx:hr></gpxtpx:TrackPointExtension></extensions></trkpt>
      <trkpt lat="49.274457" lon="-123.146216"><ele>8</ele><time>2026-06-11T04:53:14.000Z</time><extensions><gpxtpx:TrackPointExtension><gpxtpx:hr>138</gpxtpx:hr></gpxtpx:TrackPointExtension></extensions></trkpt>
      <trkpt lat="49.274435" lon="-123.146216"><ele>8</ele><time>2026-06-11T04:53:15.000Z</time><extensions><gpxtpx:TrackPointExtension><gpxtpx:hr>138</gpxtpx:hr></gpxtpx:TrackPointExtension></extensions></trkpt>
      <trkpt lat="49.274412" lon="-123.146215"><ele>8</ele><time>2026-06-11T04:53:16.000Z</time><extensions><gpxtpx:TrackPointExtension><gpxtpx:hr>138</gpxtpx:hr></gpxtpx:TrackPointExtension></extensions></trkpt>
      <trkpt lat="49.274386" lon="-123.146224"><ele>8</ele><time>2026-06-11T04:53:17.000Z</time><extensions><gpxtpx:TrackPointExtension><gpxtpx:hr>138</gpxtpx:hr></gpxtpx:TrackPointExtension></extensions></trkpt>
      <trkpt lat="49.274365" lon="-123.146219"><ele>7.8</ele><time>2026-06-11T04:53:18.000Z</time><extensions><gpxtpx:TrackPointExtension><gpxtpx:hr>138</gpxtpx:hr></gpxtpx:TrackPointExtension></extensions></trkpt>
      <trkpt lat="49.274337" lon="-123.146217"><ele>7.8</ele><time>2026-06-11T04:53:19.000Z</time><extensions><gpxtpx:TrackPointExtension><gpxtpx:hr>138</gpxtpx:hr></gpxtpx:TrackPointExtension></extensions></trkpt>
      <trkpt lat="49.27432" lon="-123.146211"><ele>7.8</ele><time>2026-06-11T04:53:20.000Z</time><extensions><gpxtpx:TrackPointExtension><gpxtpx:hr>138</gpxtpx:hr></gpxtpx:TrackPointExtension></extensions></trkpt>
      <trkpt lat="49.274291" lon="-123.146218"><ele>7.8</ele><time>2026-06-11T04:53:21.000Z</time><extensions><gpxtpx:TrackPointExtension><gpxtpx:hr>138</gpxtpx:hr></gpxtpx:TrackPointExtension></extensions></trkpt>
      <trkpt lat="49.274268" lon="-123.146216"><ele>7.6</ele><time>2026-06-11T04:53:22.000Z</time><extensions><gpxtpx:TrackPointExtension><gpxtpx:hr>138</gpxtpx:hr></gpxtpx:TrackPointExtension></extensions></trkpt>
      <trkpt lat="49.274241" lon="-123.146219"><ele>7.8</ele><time>2026-06-11T04:53:23.000Z</time><extensions><gpxtpx:TrackPointExtension><gpxtpx:hr>139</gpxtpx:hr></gpxtpx:TrackPointExtension></extensions></trkpt>
      <trkpt lat="49.274221" lon="-123.146224"><ele>7.6</ele><time>2026-06-11T04:53:24.000Z</time><extensions><gpxtpx:TrackPointExtension><gpxtpx:hr>138</gpxtpx:hr></gpxtpx:TrackPointExtension></extensions></trkpt>
      <trkpt lat="49.274193" lon="-123.146227"><ele>7.6</ele><time>2026-06-11T04:53:25.000Z</time><extensions><gpxtpx:TrackPointExtension><gpxtpx:hr>138</gpxtpx:hr></gpxtpx:TrackPointExtension></extensions></trkpt>
      <trkpt lat="49.274166" lon="-123.146231"><ele>7.6</ele><time>2026-06-11T04:53:26.000Z</time><extensions><gpxtpx:TrackPointExtension><gpxtpx:hr>139</gpxtpx:hr></gpxtpx:TrackPointExtension></extensions></trkpt>
      <trkpt lat="49.274145" lon="-123.146233"><ele>7.6</ele><time>2026-06-11T04:53:27.000Z</time><extensions><gpxtpx:TrackPointExtension><gpxtpx:hr>138</gpxtpx:hr></gpxtpx:TrackPointExtension></extensions></trkpt>
      <trkpt lat="49.274115" lon="-123.146239"><ele>7.6</ele><time>2026-06-11T04:53:28.000Z</time><extensions><gpxtpx:TrackPointExtension><gpxtpx:hr>138</gpxtpx:hr></gpxtpx:TrackPointExtension></extensions></trkpt>
      <trkpt lat="49.274088" lon="-123.146243"><ele>7.6</ele><time>2026-06-11T04:53:29.000Z</time><extensions><gpxtpx:TrackPointExtension><gpxtpx:hr>138</gpxtpx:hr></gpxtpx:TrackPointExtension></extensions></trkpt>
      <trkpt lat="49.274057" lon="-123.146245"><ele>7.6</ele><time>2026-06-11T04:53:30.000Z</time><extensions><gpxtpx:TrackPointExtension><gpxtpx:hr>138</gpxtpx:hr></gpxtpx:TrackPointExtension></extensions></trkpt>
      <trkpt lat="49.274031" lon="-123.146237"><ele>7.6</ele><time>2026-06-11T04:53:31.000Z</time><extensions><gpxtpx:TrackPointExtension><gpxtpx:hr>138</gpxtpx:hr></gpxtpx:TrackPointExtension></extensions></trkpt>
      <trkpt lat="49.273997" lon="-123.14623"><ele>7.4</ele><time>2026-06-11T04:53:32.000Z</time><extensions><gpxtpx:TrackPointExtension><gpxtpx:hr>138</gpxtpx:hr></gpxtpx:TrackPointExtension></extensions></trkpt>
      <trkpt lat="49.273974" lon="-123.146219"><ele>7.4</ele><time>2026-06-11T04:53:33.000Z</time><extensions><gpxtpx:TrackPointExtension><gpxtpx:hr>138</gpxtpx:hr></gpxtpx:TrackPointExtension></extensions></trkpt>
      <trkpt lat="49.273946" lon="-123.146216"><ele>7.2</ele><time>2026-06-11T04:53:34.000Z</time><extensions><gpxtpx:TrackPointExtension><gpxtpx:hr>137</gpxtpx:hr></gpxtpx:TrackPointExtension></extensions></trkpt>
      <trkpt lat="49.273921" lon="-123.146221"><ele>7</ele><time>2026-06-11T04:53:35.000Z</time><extensions><gpxtpx:TrackPointExtension><gpxtpx:hr>137</gpxtpx:hr></gpxtpx:TrackPointExtension></extensions></trkpt>
      <trkpt lat="49.273898" lon="-123.146218"><ele>7</ele><time>2026-06-11T04:53:36.000Z</time><extensions><gpxtpx:TrackPointExtension><gpxtpx:hr>137</gpxtpx:hr></gpxtpx:TrackPointExtension></extensions></trkpt>
      <trkpt lat="49.273869" lon="-123.146226"><ele>7</ele><time>2026-06-11T04:53:37.000Z</time><extensions><gpxtpx:TrackPointExtension><gpxtpx:hr>137</gpxtpx:hr></gpxtpx:TrackPointExtension></extensions></trkpt>
      <trkpt lat="49.27385" lon="-123.146224"><ele>7</ele><time>2026-06-11T04:53:38.000Z</time><extensions><gpxtpx:TrackPointExtension><gpxtpx:hr>137</gpxtpx:hr></gpxtpx:TrackPointExtension></extensions></trkpt>
      <trkpt lat="49.273821" lon="-123.146231"><ele>7</ele><time>2026-06-11T04:53:39.000Z</time><extensions><gpxtpx:TrackPointExtension><gpxtpx:hr>136</gpxtpx:hr></gpxtpx:TrackPointExtension></extensions></trkpt>
      <trkpt lat="49.273803" lon="-123.146229"><ele>7</ele><time>2026-06-11T04:53:40.000Z</time><extensions><gpxtpx:TrackPointExtension><gpxtpx:hr>135</gpxtpx:hr></gpxtpx:TrackPointExtension></extensions></trkpt>
      <trkpt lat="49.273774" lon="-123.14623"><ele>6.8</ele><time>2026-06-11T04:53:41.000Z</time><extensions><gpxtpx:TrackPointExtension><gpxtpx:hr>135</gpxtpx:hr></gpxtpx:TrackPointExtension></extensions></trkpt>
      <trkpt lat="49.273753" lon="-123.146228"><ele>6.8</ele><time>2026-06-11T04:53:42.000Z</time><extensions><gpxtpx:TrackPointExtension><gpxtpx:hr>135</gpxtpx:hr></gpxtpx:TrackPointExtension></extensions></trkpt>
      <trkpt lat="49.273729" lon="-123.14623"><ele>6.8</ele><time>2026-06-11T04:53:43.000Z</time><extensions><gpxtpx:TrackPointExtension><gpxtpx:hr>134</gpxtpx:hr></gpxtpx:TrackPointExtension></extensions></trkpt>
      <trkpt lat="49.273704" lon="-123.14623"><ele>6.8</ele><time>2026-06-11T04:53:44.000Z</time><extensions><gpxtpx:TrackPointExtension><gpxtpx:hr>134</gpxtpx:hr></gpxtpx:TrackPointExtension></extensions></trkpt>
      <trkpt lat="49.273681" lon="-123.146228"><ele>6.8</ele><time>2026-06-11T04:53:45.000Z</time><extensions><gpxtpx:TrackPointExtension><gpxtpx:hr>134</gpxtpx:hr></gpxtpx:TrackPointExtension></extensions></trkpt>
      <trkpt lat="49.273655" lon="-123.146234"><ele>6.8</ele><time>2026-06-11T04:53:46.000Z</time><extensions><gpxtpx:TrackPointExtension><gpxtpx:hr>134</gpxtpx:hr></gpxtpx:TrackPointExtension></extensions></trkpt>
      <trkpt lat="49.273638" lon="-123.146228"><ele>6.8</ele><time>2026-06-11T04:53:47.000Z</time><extensions><gpxtpx:TrackPointExtension><gpxtpx:hr>134</gpxtpx:hr></gpxtpx:TrackPointExtension></extensions></trkpt>
      <trkpt lat="49.273609" lon="-123.146225"><ele>6.6</ele><time>2026-06-11T04:53:48.000Z</time><extensions><gpxtpx:TrackPointExtension><gpxtpx:hr>133</gpxtpx:hr></gpxtpx:TrackPointExtension></extensions></trkpt>
      <trkpt lat="49.273594" lon="-123.146224"><ele>6.8</ele><time>2026-06-11T04:53:49.000Z</time><extensions><gpxtpx:TrackPointExtension><gpxtpx:hr>133</gpxtpx:hr></gpxtpx:TrackPointExtension></extensions></trkpt>
      <trkpt lat="49.27357" lon="-123.146231"><ele>6.8</ele><time>2026-06-11T04:53:50.000Z</time><extensions><gpxtpx:TrackPointExtension><gpxtpx:hr>132</gpxtpx:hr></gpxtpx:TrackPointExtension></extensions></trkpt>
      <trkpt lat="49.273551" lon="-123.146239"><ele>6.8</ele><time>2026-06-11T04:53:51.000Z</time><extensions><gpxtpx:TrackPointExtension><gpxtpx:hr>132</gpxtpx:hr></gpxtpx:TrackPointExtension></extensions></trkpt>
      <trkpt lat="49.273526" lon="-123.146246"><ele>6.8</ele><time>2026-06-11T04:53:52.000Z</time><extensions><gpxtpx:TrackPointExtension><gpxtpx:hr>132</gpxtpx:hr></gpxtpx:TrackPointExtension></extensions></trkpt>
      <trkpt lat="49.273503" lon="-123.146261"><ele>6.8</ele><time>2026-06-11T04:53:53.000Z</time><extensions><gpxtpx:TrackPointExtension><gpxtpx:hr>131</gpxtpx:hr></gpxtpx:TrackPointExtension></extensions></trkpt>
      <trkpt lat="49.273484" lon="-123.146272"><ele>6.8</ele><time>2026-06-11T04:53:54.000Z</time><extensions><gpxtpx:TrackPointExtension><gpxtpx:hr>131</gpxtpx:hr></gpxtpx:TrackPointExtension></extensions></trkpt>
      <trkpt lat="49.273457" lon="-123.14628"><ele>6.8</ele><time>2026-06-11T04:53:55.000Z</time><extensions><gpxtpx:TrackPointExtension><gpxtpx:hr>131</gpxtpx:hr></gpxtpx:TrackPointExtension></extensions></trkpt>
      <trkpt lat="49.273441" lon="-123.146273"><ele>6.8</ele><time>2026-06-11T04:53:56.000Z</time><extensions><gpxtpx:TrackPointExtension><gpxtpx:hr>131</gpxtpx:hr></gpxtpx:TrackPointExtension></extensions></trkpt>
      <trkpt lat="49.273413" lon="-123.146275"><ele>6.8</ele><time>2026-06-11T04:53:57.000Z</time><extensions><gpxtpx:TrackPointExtension><gpxtpx:hr>131</gpxtpx:hr></gpxtpx:TrackPointExtension></extensions></trkpt>
      <trkpt lat="49.273398" lon="-123.146275"><ele>6.8</ele><time>2026-06-11T04:53:58.000Z</time><extensions><gpxtpx:TrackPointExtension><gpxtpx:hr>131</gpxtpx:hr></gpxtpx:TrackPointExtension></extensions></trkpt>
      <trkpt lat="49.273376" lon="-123.146273"><ele>7</ele><time>2026-06-11T04:53:59.000Z</time><extensions><gpxtpx:TrackPointExtension><gpxtpx:hr>131</gpxtpx:hr></gpxtpx:TrackPointExtension></extensions></trkpt>
      <trkpt lat="49.273356" lon="-123.146275"><ele>7</ele><time>2026-06-11T04:54:00.000Z</time><extensions><gpxtpx:TrackPointExtension><gpxtpx:hr>130</gpxtpx:hr></gpxtpx:TrackPointExtension></extensions></trkpt>
      <trkpt lat="49.273331" lon="-123.146272"><ele>7</ele><time>2026-06-11T04:54:01.000Z</time><extensions><gpxtpx:TrackPointExtension><gpxtpx:hr>130</gpxtpx:hr></gpxtpx:TrackPointExtension></extensions></trkpt>
      <trkpt lat="49.273308" lon="-123.146271"><ele>6.8</ele><time>2026-06-11T04:54:02.000Z</time><extensions><gpxtpx:TrackPointExtension><gpxtpx:hr>130</gpxtpx:hr></gpxtpx:TrackPointExtension></extensions></trkpt>
      <trkpt lat="49.273289" lon="-123.146271"><ele>6.8</ele><time>2026-06-11T04:54:03.000Z</time><extensions><gpxtpx:TrackPointExtension><gpxtpx:hr>130</gpxtpx:hr></gpxtpx:TrackPointExtension></extensions></trkpt>
      <trkpt lat="49.273264" lon="-123.146271"><ele>6.8</ele><time>2026-06-11T04:54:04.000Z</time><extensions><gpxtpx:TrackPointExtension><gpxtpx:hr>131</gpxtpx:hr></gpxtpx:TrackPointExtension></extensions></trkpt>
      <trkpt lat="49.273247" lon="-123.146269"><ele>6.8</ele><time>2026-06-11T04:54:05.000Z</time><extensions><gpxtpx:TrackPointExtension><gpxtpx:hr>130</gpxtpx:hr></gpxtpx:TrackPointExtension></extensions></trkpt>
      <trkpt lat="49.273221" lon="-123.146276"><ele>6.8</ele><time>2026-06-11T04:54:06.000Z</time><extensions><gpxtpx:TrackPointExtension><gpxtpx:hr>130</gpxtpx:hr></gpxtpx:TrackPointExtension></extensions></trkpt>
      <trkpt lat="49.273203" lon="-123.146277"><ele>6.8</ele><time>2026-06-11T04:54:07.000Z</time><extensions><gpxtpx:TrackPointExtension><gpxtpx:hr>130</gpxtpx:hr></gpxtpx:TrackPointExtension></extensions></trkpt>
      <trkpt lat="49.273183" lon="-123.146278"><ele>6.8</ele><time>2026-06-11T04:54:08.000Z</time><extensions><gpxtpx:TrackPointExtension><gpxtpx:hr>130</gpxtpx:hr></gpxtpx:TrackPointExtension></extensions></trkpt>
      <trkpt lat="49.273166" lon="-123.146281"><ele>6.6</ele><time>2026-06-11T04:54:09.000Z</time><extensions><gpxtpx:TrackPointExtension><gpxtpx:hr>130</gpxtpx:hr></gpxtpx:TrackPointExtension></extensions></trkpt>
      <trkpt lat="49.273145" lon="-123.14628"><ele>6.6</ele><time>2026-06-11T04:54:10.000Z</time><extensions><gpxtpx:TrackPointExtension><gpxtpx:hr>130</gpxtpx:hr></gpxtpx:TrackPointExtension></extensions></trkpt>
      <trkpt lat="49.273121" lon="-123.146281"><ele>6.6</ele><time>2026-06-11T04:54:11.000Z</time><extensions><gpxtpx:TrackPointExtension><gpxtpx:hr>130</gpxtpx:hr></gpxtpx:TrackPointExtension></extensions></trkpt>
      <trkpt lat="49.273101" lon="-123.146281"><ele>6.6</ele><time>2026-06-11T04:54:12.000Z</time><extensions><gpxtpx:TrackPointExtension><gpxtpx:hr>129</gpxtpx:hr></gpxtpx:TrackPointExtension></extensions></trkpt>
      <trkpt lat="49.273077" lon="-123.146277"><ele>6.4</ele><time>2026-06-11T04:54:13.000Z</time><extensions><gpxtpx:TrackPointExtension><gpxtpx:hr>130</gpxtpx:hr></gpxtpx:TrackPointExtension></extensions></trkpt>
      <trkpt lat="49.273053" lon="-123.146278"><ele>6.4</ele><time>2026-06-11T04:54:14.000Z</time><extensions><gpxtpx:TrackPointExtension><gpxtpx:hr>130</gpxtpx:hr></gpxtpx:TrackPointExtension></extensions></trkpt>
      <trkpt lat="49.273031" lon="-123.146276"><ele>6.4</ele><time>2026-06-11T04:54:15.000Z</time><extensions><gpxtpx:TrackPointExtension><gpxtpx:hr>131</gpxtpx:hr></gpxtpx:TrackPointExtension></extensions></trkpt>
      <trkpt lat="49.273004" lon="-123.146286"><ele>6.4</ele><time>2026-06-11T04:54:16.000Z</time><extensions><gpxtpx:TrackPointExtension><gpxtpx:hr>131</gpxtpx:hr></gpxtpx:TrackPointExtension></extensions></trkpt>
      <trkpt lat="49.272978" lon="-123.146292"><ele>6.4</ele><time>2026-06-11T04:54:17.000Z</time><extensions><gpxtpx:TrackPointExtension><gpxtpx:hr>131</gpxtpx:hr></gpxtpx:TrackPointExtension></extensions></trkpt>
      <trkpt lat="49.272947" lon="-123.146296"><ele>6.4</ele><time>2026-06-11T04:54:18.000Z</time><extensions><gpxtpx:TrackPointExtension><gpxtpx:hr>131</gpxtpx:hr></gpxtpx:TrackPointExtension></extensions></trkpt>
      <trkpt lat="49.272922" lon="-123.146293"><ele>6.4</ele><time>2026-06-11T04:54:19.000Z</time><extensions><gpxtpx:TrackPointExtension><gpxtpx:hr>130</gpxtpx:hr></gpxtpx:TrackPointExtension></extensions></trkpt>
      <trkpt lat="49.272897" lon="-123.146292"><ele>6.4</ele><time>2026-06-11T04:54:20.000Z</time><extensions><gpxtpx:TrackPointExtension><gpxtpx:hr>131</gpxtpx:hr></gpxtpx:TrackPointExtension></extensions></trkpt>
      <trkpt lat="49.272872" lon="-123.146293"><ele>6.4</ele><time>2026-06-11T04:54:21.000Z</time><extensions><gpxtpx:TrackPointExtension><gpxtpx:hr>130</gpxtpx:hr></gpxtpx:TrackPointExtension></extensions></trkpt>
      <trkpt lat="49.27285" lon="-123.146295"><ele>6.4</ele><time>2026-06-11T04:54:22.000Z</time><extensions><gpxtpx:TrackPointExtension><gpxtpx:hr>131</gpxtpx:hr></gpxtpx:TrackPointExtension></extensions></trkpt>
      <trkpt lat="49.272823" lon="-123.146298"><ele>6.4</ele><time>2026-06-11T04:54:23.000Z</time><extensions><gpxtpx:TrackPointExtension><gpxtpx:hr>130</gpxtpx:hr></gpxtpx:TrackPointExtension></extensions></trkpt>
      <trkpt lat="49.272801" lon="-123.146296"><ele>6.6</ele><time>2026-06-11T04:54:24.000Z</time><extensions><gpxtpx:TrackPointExtension><gpxtpx:hr>130</gpxtpx:hr></gpxtpx:TrackPointExtension></extensions></trkpt>
      <trkpt lat="49.272777" lon="-123.146303"><ele>6.6</ele><time>2026-06-11T04:54:25.000Z</time><extensions><gpxtpx:TrackPointExtension><gpxtpx:hr>130</gpxtpx:hr></gpxtpx:TrackPointExtension></extensions></trkpt>
      <trkpt lat="49.272764" lon="-123.146311"><ele>6.6</ele><time>2026-06-11T04:54:26.000Z</time><extensions><gpxtpx:TrackPointExtension><gpxtpx:hr>131</gpxtpx:hr></gpxtpx:TrackPointExtension></extensions></trkpt>
      <trkpt lat="49.272736" lon="-123.146313"><ele>6.6</ele><time>2026-06-11T04:54:27.000Z</time><extensions><gpxtpx:TrackPointExtension><gpxtpx:hr>130</gpxtpx:hr></gpxtpx:TrackPointExtension></extensions></trkpt>
      <trkpt lat="49.272719" lon="-123.146313"><ele>6.6</ele><time>2026-06-11T04:54:28.000Z</time><extensions><gpxtpx:TrackPointExtension><gpxtpx:hr>131</gpxtpx:hr></gpxtpx:TrackPointExtension></extensions></trkpt>
      <trkpt lat="49.272696" lon="-123.146307"><ele>6.8</ele><time>2026-06-11T04:54:29.000Z</time><extensions><gpxtpx:TrackPointExtension><gpxtpx:hr>131</gpxtpx:hr></gpxtpx:TrackPointExtension></extensions></trkpt>
      <trkpt lat="49.272677" lon="-123.146296"><ele>6.8</ele><time>2026-06-11T04:54:30.000Z</time><extensions><gpxtpx:TrackPointExtension><gpxtpx:hr>131</gpxtpx:hr></gpxtpx:TrackPointExtension></extensions></trkpt>
      <trkpt lat="49.27266" lon="-123.14628"><ele>7</ele><time>2026-06-11T04:54:31.000Z</time><extensions><gpxtpx:TrackPointExtension><gpxtpx:hr>130</gpxtpx:hr></gpxtpx:TrackPointExtension></extensions></trkpt>
      <trkpt lat="49.272641" lon="-123.146258"><ele>7.2</ele><time>2026-06-11T04:54:32.000Z</time><extensions><gpxtpx:TrackPointExtension><gpxtpx:hr>130</gpxtpx:hr></gpxtpx:TrackPointExtension></extensions></trkpt>
      <trkpt lat="49.272632" lon="-123.146236"><ele>7.4</ele><time>2026-06-11T04:54:33.000Z</time><extensions><gpxtpx:TrackPointExtension><gpxtpx:hr>130</gpxtpx:hr></gpxtpx:TrackPointExtension></extensions></trkpt>
      <trkpt lat="49.272618" lon="-123.1462"><ele>7.6</ele><time>2026-06-11T04:54:34.000Z</time><extensions><gpxtpx:TrackPointExtension><gpxtpx:hr>130</gpxtpx:hr></gpxtpx:TrackPointExtension></extensions></trkpt>
      <trkpt lat="49.272613" lon="-123.146172"><ele>7.6</ele><time>2026-06-11T04:54:35.000Z</time><extensions><gpxtpx:TrackPointExtension><gpxtpx:hr>130</gpxtpx:hr></gpxtpx:TrackPointExtension></extensions></trkpt>
      <trkpt lat="49.272611" lon="-123.146143"><ele>7.8</ele><time>2026-06-11T04:54:36.000Z</time><extensions><gpxtpx:TrackPointExtension><gpxtpx:hr>131</gpxtpx:hr></gpxtpx:TrackPointExtension></extensions></trkpt>
      <trkpt lat="49.272612" lon="-123.146103"><ele>8</ele><time>2026-06-11T04:54:37.000Z</time><extensions><gpxtpx:TrackPointExtension><gpxtpx:hr>131</gpxtpx:hr></gpxtpx:TrackPointExtension></extensions></trkpt>
      <trkpt lat="49.272617" lon="-123.146072"><ele>8.2</ele><time>2026-06-11T04:54:38.000Z</time><extensions><gpxtpx:TrackPointExtension><gpxtpx:hr>131</gpxtpx:hr></gpxtpx:TrackPointExtension></extensions></trkpt>
      <trkpt lat="49.272616" lon="-123.14603"><ele>8.2</ele><time>2026-06-11T04:54:39.000Z</time><extensions><gpxtpx:TrackPointExtension><gpxtpx:hr>131</gpxtpx:hr></gpxtpx:TrackPointExtension></extensions></trkpt>
      <trkpt lat="49.272619" lon="-123.146"><ele>8.4</ele><time>2026-06-11T04:54:40.000Z</time><extensions><gpxtpx:TrackPointExtension><gpxtpx:hr>131</gpxtpx:hr></gpxtpx:TrackPointExtension></extensions></trkpt>
      <trkpt lat="49.272618" lon="-123.145961"><ele>8.6</ele><time>2026-06-11T04:54:41.000Z</time><extensions><gpxtpx:TrackPointExtension><gpxtpx:hr>131</gpxtpx:hr></gpxtpx:TrackPointExtension></extensions></trkpt>
      <trkpt lat="49.272619" lon="-123.145933"><ele>8.6</ele><time>2026-06-11T04:54:42.000Z</time><extensions><gpxtpx:TrackPointExtension><gpxtpx:hr>131</gpxtpx:hr></gpxtpx:TrackPointExtension></extensions></trkpt>
      <trkpt lat="49.272621" lon="-123.145894"><ele>8.8</ele><time>2026-06-11T04:54:43.000Z</time><extensions><gpxtpx:TrackPointExtension><gpxtpx:hr>132</gpxtpx:hr></gpxtpx:TrackPointExtension></extensions></trkpt>
      <trkpt lat="49.272624" lon="-123.145864"><ele>9</ele><time>2026-06-11T04:54:44.000Z</time><extensions><gpxtpx:TrackPointExtension><gpxtpx:hr>133</gpxtpx:hr></gpxtpx:TrackPointExtension></extensions></trkpt>
      <trkpt lat="49.272629" lon="-123.14583"><ele>9</ele><time>2026-06-11T04:54:45.000Z</time><extensions><gpxtpx:TrackPointExtension><gpxtpx:hr>133</gpxtpx:hr></gpxtpx:TrackPointExtension></extensions></trkpt>
      <trkpt lat="49.27263" lon="-123.145793"><ele>9.2</ele><time>2026-06-11T04:54:46.000Z</time><extensions><gpxtpx:TrackPointExtension><gpxtpx:hr>135</gpxtpx:hr></gpxtpx:TrackPointExtension></extensions></trkpt>
      <trkpt lat="49.272635" lon="-123.145761"><ele>9.2</ele><time>2026-06-11T04:54:47.000Z</time><extensions><gpxtpx:TrackPointExtension><gpxtpx:hr>135</gpxtpx:hr></gpxtpx:TrackPointExtension></extensions></trkpt>
      <trkpt lat="49.272637" lon="-123.145725"><ele>9.4</ele><time>2026-06-11T04:54:48.000Z</time><extensions><gpxtpx:TrackPointExtension><gpxtpx:hr>136</gpxtpx:hr></gpxtpx:TrackPointExtension></extensions></trkpt>
      <trkpt lat="49.272641" lon="-123.145695"><ele>9.6</ele><time>2026-06-11T04:54:49.000Z</time><extensions><gpxtpx:TrackPointExtension><gpxtpx:hr>136</gpxtpx:hr></gpxtpx:TrackPointExtension></extensions></trkpt>
      <trkpt lat="49.272645" lon="-123.145653"><ele>9.6</ele><time>2026-06-11T04:54:50.000Z</time><extensions><gpxtpx:TrackPointExtension><gpxtpx:hr>136</gpxtpx:hr></gpxtpx:TrackPointExtension></extensions></trkpt>
      <trkpt lat="49.27265" lon="-123.145623"><ele>9.8</ele><time>2026-06-11T04:54:51.000Z</time><extensions><gpxtpx:TrackPointExtension><gpxtpx:hr>136</gpxtpx:hr></gpxtpx:TrackPointExtension></extensions></trkpt>
      <trkpt lat="49.272651" lon="-123.145583"><ele>10</ele><time>2026-06-11T04:54:52.000Z</time><extensions><gpxtpx:TrackPointExtension><gpxtpx:hr>136</gpxtpx:hr></gpxtpx:TrackPointExtension></extensions></trkpt>
      <trkpt lat="49.272656" lon="-123.145553"><ele>10</ele><time>2026-06-11T04:54:53.000Z</time><extensions><gpxtpx:TrackPointExtension><gpxtpx:hr>136</gpxtpx:hr></gpxtpx:TrackPointExtension></extensions></trkpt>
      <trkpt lat="49.272661" lon="-123.145518"><ele>10.2</ele><time>2026-06-11T04:54:54.000Z</time><extensions><gpxtpx:TrackPointExtension><gpxtpx:hr>136</gpxtpx:hr></gpxtpx:TrackPointExtension></extensions></trkpt>
      <trkpt lat="49.272667" lon="-123.145491"><ele>10.2</ele><time>2026-06-11T04:54:55.000Z</time><extensions><gpxtpx:TrackPointExtension><gpxtpx:hr>137</gpxtpx:hr></gpxtpx:TrackPointExtension></extensions></trkpt>
      <trkpt lat="49.272676" lon="-123.145458"><ele>10.4</ele><time>2026-06-11T04:54:56.000Z</time><extensions><gpxtpx:TrackPointExtension><gpxtpx:hr>137</gpxtpx:hr></gpxtpx:TrackPointExtension></extensions></trkpt>
      <trkpt lat="49.272685" lon="-123.145429"><ele>10.4</ele><time>2026-06-11T04:54:57.000Z</time><extensions><gpxtpx:TrackPointExtension><gpxtpx:hr>137</gpxtpx:hr></gpxtpx:TrackPointExtension></extensions></trkpt>
      <trkpt lat="49.272698" lon="-123.145398"><ele>10.4</ele><time>2026-06-11T04:54:58.000Z</time><extensions><gpxtpx:TrackPointExtension><gpxtpx:hr>137</gpxtpx:hr></gpxtpx:TrackPointExtension></extensions></trkpt>
      <trkpt lat="49.272709" lon="-123.145372"><ele>10.4</ele><time>2026-06-11T04:54:59.000Z</time><extensions><gpxtpx:TrackPointExtension><gpxtpx:hr>137</gpxtpx:hr></gpxtpx:TrackPointExtension></extensions></trkpt>
      <trkpt lat="49.272726" lon="-123.14535"><ele>10.4</ele><time>2026-06-11T04:55:00.000Z</time><extensions><gpxtpx:TrackPointExtension><gpxtpx:hr>137</gpxtpx:hr></gpxtpx:TrackPointExtension></extensions></trkpt>
      <trkpt lat="49.272742" lon="-123.145329"><ele>10.6</ele><time>2026-06-11T04:55:01.000Z</time><extensions><gpxtpx:TrackPointExtension><gpxtpx:hr>137</gpxtpx:hr></gpxtpx:TrackPointExtension></extensions></trkpt>
      <trkpt lat="49.272762" lon="-123.145312"><ele>10.6</ele><time>2026-06-11T04:55:02.000Z</time><extensions><gpxtpx:TrackPointExtension><gpxtpx:hr>136</gpxtpx:hr></gpxtpx:TrackPointExtension></extensions></trkpt>
      <trkpt lat="49.27278" lon="-123.145295"><ele>10.8</ele><time>2026-06-11T04:55:03.000Z</time><extensions><gpxtpx:TrackPointExtension><gpxtpx:hr>137</gpxtpx:hr></gpxtpx:TrackPointExtension></extensions></trkpt>
      <trkpt lat="49.272796" lon="-123.145281"><ele>10.8</ele><time>2026-06-11T04:55:04.000Z</time><extensions><gpxtpx:TrackPointExtension><gpxtpx:hr>137</gpxtpx:hr></gpxtpx:TrackPointExtension></extensions></trkpt>
      <trkpt lat="49.272816" lon="-123.145256"><ele>11</ele><time>2026-06-11T04:55:05.000Z</time><extensions><gpxtpx:TrackPointExtension><gpxtpx:hr>137</gpxtpx:hr></gpxtpx:TrackPointExtension></extensions></trkpt>
      <trkpt lat="49.272833" lon="-123.145237"><ele>11</ele><time>2026-06-11T04:55:06.000Z</time><extensions><gpxtpx:TrackPointExtension><gpxtpx:hr>137</gpxtpx:hr></gpxtpx:TrackPointExtension></extensions></trkpt>
      <trkpt lat="49.272858" lon="-123.145208"><ele>11.2</ele><time>2026-06-11T04:55:07.000Z</time><extensions><gpxtpx:TrackPointExtension><gpxtpx:hr>138</gpxtpx:hr></gpxtpx:TrackPointExtension></extensions></trkpt>
      <trkpt lat="49.272871" lon="-123.145191"><ele>11.2</ele><time>2026-06-11T04:55:08.000Z</time><extensions><gpxtpx:TrackPointExtension><gpxtpx:hr>137</gpxtpx:hr></gpxtpx:TrackPointExtension></extensions></trkpt>
      <trkpt lat="49.272891" lon="-123.145158"><ele>11.4</ele><time>2026-06-11T04:55:09.000Z</time><extensions><gpxtpx:TrackPointExtension><gpxtpx:hr>137</gpxtpx:hr></gpxtpx:TrackPointExtension></extensions></trkpt>
      <trkpt lat="49.272905" lon="-123.14514"><ele>11.4</ele><time>2026-06-11T04:55:10.000Z</time><extensions><gpxtpx:TrackPointExtension><gpxtpx:hr>137</gpxtpx:hr></gpxtpx:TrackPointExtension></extensions></trkpt>
      <trkpt lat="49.272925" lon="-123.145113"><ele>11.4</ele><time>2026-06-11T04:55:11.000Z</time><extensions><gpxtpx:TrackPointExtension><gpxtpx:hr>137</gpxtpx:hr></gpxtpx:TrackPointExtension></extensions></trkpt>
      <trkpt lat="49.272941" lon="-123.145092"><ele>11.4</ele><time>2026-06-11T04:55:12.000Z</time><extensions><gpxtpx:TrackPointExtension><gpxtpx:hr>137</gpxtpx:hr></gpxtpx:TrackPointExtension></extensions></trkpt>
      <trkpt lat="49.272958" lon="-123.145066"><ele>11.4</ele><time>2026-06-11T04:55:13.000Z</time><extensions><gpxtpx:TrackPointExtension><gpxtpx:hr>137</gpxtpx:hr></gpxtpx:TrackPointExtension></extensions></trkpt>
      <trkpt lat="49.272979" lon="-123.145035"><ele>11.6</ele><time>2026-06-11T04:55:14.000Z</time><extensions><gpxtpx:TrackPointExtension><gpxtpx:hr>137</gpxtpx:hr></gpxtpx:TrackPointExtension></extensions></trkpt>
      <trkpt lat="49.272996" lon="-123.145011"><ele>11.6</ele><time>2026-06-11T04:55:15.000Z</time><extensions><gpxtpx:TrackPointExtension><gpxtpx:hr>137</gpxtpx:hr></gpxtpx:TrackPointExtension></extensions></trkpt>
      <trkpt lat="49.273015" lon="-123.144978"><ele>11.6</ele><time>2026-06-11T04:55:16.000Z</time><extensions><gpxtpx:TrackPointExtension><gpxtpx:hr>137</gpxtpx:hr></gpxtpx:TrackPointExtension></extensions></trkpt>
      <trkpt lat="49.273031" lon="-123.144952"><ele>11.6</ele><time>2026-06-11T04:55:17.000Z</time><extensions><gpxtpx:TrackPointExtension><gpxtpx:hr>137</gpxtpx:hr></gpxtpx:TrackPointExtension></extensions></trkpt>
      <trkpt lat="49.273047" lon="-123.144913"><ele>11.6</ele><time>2026-06-11T04:55:18.000Z</time><extensions><gpxtpx:TrackPointExtension><gpxtpx:hr>138</gpxtpx:hr></gpxtpx:TrackPointExtension></extensions></trkpt>
      <trkpt lat="49.27306" lon="-123.144886"><ele>11.6</ele><time>2026-06-11T04:55:19.000Z</time><extensions><gpxtpx:TrackPointExtension><gpxtpx:hr>138</gpxtpx:hr></gpxtpx:TrackPointExtension></extensions></trkpt>
      <trkpt lat="49.273076" lon="-123.144845"><ele>11.4</ele><time>2026-06-11T04:55:20.000Z</time><extensions><gpxtpx:TrackPointExtension><gpxtpx:hr>138</gpxtpx:hr></gpxtpx:TrackPointExtension></extensions></trkpt>
      <trkpt lat="49.273091" lon="-123.144818"><ele>11.4</ele><time>2026-06-11T04:55:21.000Z</time><extensions><gpxtpx:TrackPointExtension><gpxtpx:hr>138</gpxtpx:hr></gpxtpx:TrackPointExtension></extensions></trkpt>
      <trkpt lat="49.273105" lon="-123.144782"><ele>11.6</ele><time>2026-06-11T04:55:22.000Z</time><extensions><gpxtpx:TrackPointExtension><gpxtpx:hr>138</gpxtpx:hr></gpxtpx:TrackPointExtension></extensions></trkpt>
      <trkpt lat="49.273115" lon="-123.144746"><ele>11.8</ele><time>2026-06-11T04:55:23.000Z</time><extensions><gpxtpx:TrackPointExtension><gpxtpx:hr>138</gpxtpx:hr></gpxtpx:TrackPointExtension></extensions></trkpt>
      <trkpt lat="49.273126" lon="-123.144719"><ele>12</ele><time>2026-06-11T04:55:24.000Z</time><extensions><gpxtpx:TrackPointExtension><gpxtpx:hr>138</gpxtpx:hr></gpxtpx:TrackPointExtension></extensions></trkpt>
      <trkpt lat="49.273134" lon="-123.144682"><ele>12.2</ele><time>2026-06-11T04:55:25.000Z</time><extensions><gpxtpx:TrackPointExtension><gpxtpx:hr>138</gpxtpx:hr></gpxtpx:TrackPointExtension></extensions></trkpt>
      <trkpt lat="49.273147" lon="-123.144661"><ele>12.4</ele><time>2026-06-11T04:55:26.000Z</time><extensions><gpxtpx:TrackPointExtension><gpxtpx:hr>139</gpxtpx:hr></gpxtpx:TrackPointExtension></extensions></trkpt>
      <trkpt lat="49.273157" lon="-123.144623"><ele>12.4</ele><time>2026-06-11T04:55:27.000Z</time><extensions><gpxtpx:TrackPointExtension><gpxtpx:hr>139</gpxtpx:hr></gpxtpx:TrackPointExtension></extensions></trkpt>
      <trkpt lat="49.273166" lon="-123.144595"><ele>12.6</ele><time>2026-06-11T04:55:28.000Z</time><extensions><gpxtpx:TrackPointExtension><gpxtpx:hr>139</gpxtpx:hr></gpxtpx:TrackPointExtension></extensions></trkpt>
      <trkpt lat="49.273182" lon="-123.144571"><ele>12.6</ele><time>2026-06-11T04:55:29.000Z</time><extensions><gpxtpx:TrackPointExtension><gpxtpx:hr>139</gpxtpx:hr></gpxtpx:TrackPointExtension></extensions></trkpt>
      <trkpt lat="49.273199" lon="-123.144535"><ele>12.8</ele><time>2026-06-11T04:55:30.000Z</time><extensions><gpxtpx:TrackPointExtension><gpxtpx:hr>139</gpxtpx:hr></gpxtpx:TrackPointExtension></extensions></trkpt>
      <trkpt lat="49.273211" lon="-123.144508"><ele>12.8</ele><time>2026-06-11T04:55:31.000Z</time><extensions><gpxtpx:TrackPointExtension><gpxtpx:hr>139</gpxtpx:hr></gpxtpx:TrackPointExtension></extensions></trkpt>
      <trkpt lat="49.27322" lon="-123.144465"><ele>13</ele><time>2026-06-11T04:55:32.000Z</time><extensions><gpxtpx:TrackPointExtension><gpxtpx:hr>140</gpxtpx:hr></gpxtpx:TrackPointExtension></extensions></trkpt>
      <trkpt lat="49.273232" lon="-123.144439"><ele>13.2</ele><time>2026-06-11T04:55:33.000Z</time><extensions><gpxtpx:TrackPointExtension><gpxtpx:hr>140</gpxtpx:hr></gpxtpx:TrackPointExtension></extensions></trkpt>
      <trkpt lat="49.273244" lon="-123.144397"><ele>13.2</ele><time>2026-06-11T04:55:34.000Z</time><extensions><gpxtpx:TrackPointExtension><gpxtpx:hr>140</gpxtpx:hr></gpxtpx:TrackPointExtension></extensions></trkpt>
      <trkpt lat="49.273252" lon="-123.144367"><ele>13.4</ele><time>2026-06-11T04:55:35.000Z</time><extensions><gpxtpx:TrackPointExtension><gpxtpx:hr>140</gpxtpx:hr></gpxtpx:TrackPointExtension></extensions></trkpt>
      <trkpt lat="49.273264" lon="-123.144326"><ele>13.4</ele><time>2026-06-11T04:55:36.000Z</time><extensions><gpxtpx:TrackPointExtension><gpxtpx:hr>140</gpxtpx:hr></gpxtpx:TrackPointExtension></extensions></trkpt>
      <trkpt lat="49.273275" lon="-123.144294"><ele>13.4</ele><time>2026-06-11T04:55:37.000Z</time><extensions><gpxtpx:TrackPointExtension><gpxtpx:hr>139</gpxtpx:hr></gpxtpx:TrackPointExtension></extensions></trkpt>
      <trkpt lat="49.273286" lon="-123.144259"><ele>13.4</ele><time>2026-06-11T04:55:38.000Z</time><extensions><gpxtpx:TrackPointExtension><gpxtpx:hr>140</gpxtpx:hr></gpxtpx:TrackPointExtension></extensions></trkpt>
      <trkpt lat="49.273298" lon="-123.14422"><ele>13.6</ele><time>2026-06-11T04:55:39.000Z</time><extensions><gpxtpx:TrackPointExtension><gpxtpx:hr>140</gpxtpx:hr></gpxtpx:TrackPointExtension></extensions></trkpt>
      <trkpt lat="49.273306" lon="-123.144189"><ele>13.6</ele><time>2026-06-11T04:55:40.000Z</time><extensions><gpxtpx:TrackPointExtension><gpxtpx:hr>140</gpxtpx:hr></gpxtpx:TrackPointExtension></extensions></trkpt>
      <trkpt lat="49.273311" lon="-123.144155"><ele>13.8</ele><time>2026-06-11T04:55:41.000Z</time><extensions><gpxtpx:TrackPointExtension><gpxtpx:hr>140</gpxtpx:hr></gpxtpx:TrackPointExtension></extensions></trkpt>
      <trkpt lat="49.273317" lon="-123.144128"><ele>14</ele><time>2026-06-11T04:55:42.000Z</time><extensions><gpxtpx:TrackPointExtension><gpxtpx:hr>140</gpxtpx:hr></gpxtpx:TrackPointExtension></extensions></trkpt>
      <trkpt lat="49.273327" lon="-123.144088"><ele>14</ele><time>2026-06-11T04:55:43.000Z</time><extensions><gpxtpx:TrackPointExtension><gpxtpx:hr>141</gpxtpx:hr></gpxtpx:TrackPointExtension></extensions></trkpt>
      <trkpt lat="49.273335" lon="-123.144053"><ele>14</ele><time>2026-06-11T04:55:44.000Z</time><extensions><gpxtpx:TrackPointExtension><gpxtpx:hr>140</gpxtpx:hr></gpxtpx:TrackPointExtension></extensions></trkpt>
      <trkpt lat="49.273344" lon="-123.144015"><ele>14.2</ele><time>2026-06-11T04:55:45.000Z</time><extensions><gpxtpx:TrackPointExtension><gpxtpx:hr>141</gpxtpx:hr></gpxtpx:TrackPointExtension></extensions></trkpt>
      <trkpt lat="49.273349" lon="-123.143995"><ele>14.2</ele><time>2026-06-11T04:55:46.000Z</time><extensions><gpxtpx:TrackPointExtension><gpxtpx:hr>141</gpxtpx:hr></gpxtpx:TrackPointExtension></extensions></trkpt>
      <trkpt lat="49.273363" lon="-123.143965"><ele>14.2</ele><time>2026-06-11T04:55:47.000Z</time><extensions><gpxtpx:TrackPointExtension><gpxtpx:hr>141</gpxtpx:hr></gpxtpx:TrackPointExtension></extensions></trkpt>
      <trkpt lat="49.273371" lon="-123.143939"><ele>14.4</ele><time>2026-06-11T04:55:48.000Z</time><extensions><gpxtpx:TrackPointExtension><gpxtpx:hr>141</gpxtpx:hr></gpxtpx:TrackPointExtension></extensions></trkpt>
      <trkpt lat="49.27338" lon="-123.143905"><ele>14.4</ele><time>2026-06-11T04:55:49.000Z</time><extensions><gpxtpx:TrackPointExtension><gpxtpx:hr>141</gpxtpx:hr></gpxtpx:TrackPointExtension></extensions></trkpt>
      <trkpt lat="49.273393" lon="-123.143872"><ele>14.4</ele><time>2026-06-11T04:55:50.000Z</time><extensions><gpxtpx:TrackPointExtension><gpxtpx:hr>141</gpxtpx:hr></gpxtpx:TrackPointExtension></extensions></trkpt>
      <trkpt lat="49.273402" lon="-123.143844"><ele>14.4</ele><time>2026-06-11T04:55:51.000Z</time><extensions><gpxtpx:TrackPointExtension><gpxtpx:hr>141</gpxtpx:hr></gpxtpx:TrackPointExtension></extensions></trkpt>
      <trkpt lat="49.273418" lon="-123.143804"><ele>14.6</ele><time>2026-06-11T04:55:52.000Z</time><extensions><gpxtpx:TrackPointExtension><gpxtpx:hr>141</gpxtpx:hr></gpxtpx:TrackPointExtension></extensions></trkpt>
      <trkpt lat="49.273429" lon="-123.143774"><ele>14.6</ele><time>2026-06-11T04:55:53.000Z</time><extensions><gpxtpx:TrackPointExtension><gpxtpx:hr>142</gpxtpx:hr></gpxtpx:TrackPointExtension></extensions></trkpt>
      <trkpt lat="49.273443" lon="-123.143742"><ele>14.8</ele><time>2026-06-11T04:55:54.000Z</time><extensions><gpxtpx:TrackPointExtension><gpxtpx:hr>142</gpxtpx:hr></gpxtpx:TrackPointExtension></extensions></trkpt>
      <trkpt lat="49.273453" lon="-123.143717"><ele>14.8</ele><time>2026-06-11T04:55:55.000Z</time><extensions><gpxtpx:TrackPointExtension><gpxtpx:hr>142</gpxtpx:hr></gpxtpx:TrackPointExtension></extensions></trkpt>
      <trkpt lat="49.273467" lon="-123.143687"><ele>14.8</ele><time>2026-06-11T04:55:56.000Z</time><extensions><gpxtpx:TrackPointExtension><gpxtpx:hr>142</gpxtpx:hr></gpxtpx:TrackPointExtension></extensions></trkpt>
      <trkpt lat="49.273477" lon="-123.143665"><ele>14.8</ele><time>2026-06-11T04:55:57.000Z</time><extensions><gpxtpx:TrackPointExtension><gpxtpx:hr>142</gpxtpx:hr></gpxtpx:TrackPointExtension></extensions></trkpt>
      <trkpt lat="49.273487" lon="-123.143634"><ele>15</ele><time>2026-06-11T04:55:58.000Z</time><extensions><gpxtpx:TrackPointExtension><gpxtpx:hr>142</gpxtpx:hr></gpxtpx:TrackPointExtension></extensions></trkpt>
      <trkpt lat="49.2735" lon="-123.143614"><ele>15</ele><time>2026-06-11T04:55:59.000Z</time><extensions><gpxtpx:TrackPointExtension><gpxtpx:hr>142</gpxtpx:hr></gpxtpx:TrackPointExtension></extensions></trkpt>
      <trkpt lat="49.273511" lon="-123.143582"><ele>15.2</ele><time>2026-06-11T04:56:00.000Z</time><extensions><gpxtpx:TrackPointExtension><gpxtpx:hr>142</gpxtpx:hr></gpxtpx:TrackPointExtension></extensions></trkpt>
      <trkpt lat="49.273522" lon="-123.143555"><ele>15.4</ele><time>2026-06-11T04:56:01.000Z</time><extensions><gpxtpx:TrackPointExtension><gpxtpx:hr>142</gpxtpx:hr></gpxtpx:TrackPointExtension></extensions></trkpt>
      <trkpt lat="49.273532" lon="-123.143515"><ele>15.6</ele><time>2026-06-11T04:56:02.000Z</time><extensions><gpxtpx:TrackPointExtension><gpxtpx:hr>143</gpxtpx:hr></gpxtpx:TrackPointExtension></extensions></trkpt>
      <trkpt lat="49.273539" lon="-123.143481"><ele>15.6</ele><time>2026-06-11T04:56:03.000Z</time><extensions><gpxtpx:TrackPointExtension><gpxtpx:hr>142</gpxtpx:hr></gpxtpx:TrackPointExtension></extensions></trkpt>
      <trkpt lat="49.273547" lon="-123.143441"><ele>15.6</ele><time>2026-06-11T04:56:04.000Z</time><extensions><gpxtpx:TrackPointExtension><gpxtpx:hr>142</gpxtpx:hr></gpxtpx:TrackPointExtension></extensions></trkpt>
      <trkpt lat="49.273554" lon="-123.14341"><ele>15.6</ele><time>2026-06-11T04:56:05.000Z</time><extensions><gpxtpx:TrackPointExtension><gpxtpx:hr>143</gpxtpx:hr></gpxtpx:TrackPointExtension></extensions></trkpt>
      <trkpt lat="49.273566" lon="-123.143374"><ele>15.6</ele><time>2026-06-11T04:56:06.000Z</time><extensions><gpxtpx:TrackPointExtension><gpxtpx:hr>143</gpxtpx:hr></gpxtpx:TrackPointExtension></extensions></trkpt>
      <trkpt lat="49.273581" lon="-123.143329"><ele>15.8</ele><time>2026-06-11T04:56:07.000Z</time><extensions><gpxtpx:TrackPointExtension><gpxtpx:hr>143</gpxtpx:hr></gpxtpx:TrackPointExtension></extensions></trkpt>
      <trkpt lat="49.273595" lon="-123.143293"><ele>16</ele><time>2026-06-11T04:56:08.000Z</time><extensions><gpxtpx:TrackPointExtension><gpxtpx:hr>143</gpxtpx:hr></gpxtpx:TrackPointExtension></extensions></trkpt>
      <trkpt lat="49.273611" lon="-123.143247"><ele>16.2</ele><time>2026-06-11T04:56:09.000Z</time><extensions><gpxtpx:TrackPointExtension><gpxtpx:hr>143</gpxtpx:hr></gpxtpx:TrackPointExtension></extensions></trkpt>
      <trkpt lat="49.273622" lon="-123.143212"><ele>16.4</ele><time>2026-06-11T04:56:10.000Z</time><extensions><gpxtpx:TrackPointExtension><gpxtpx:hr>143</gpxtpx:hr></gpxtpx:TrackPointExtension></extensions></trkpt>
      <trkpt lat="49.273638" lon="-123.143168"><ele>16.4</ele><time>2026-06-11T04:56:11.000Z</time><extensions><gpxtpx:TrackPointExtension><gpxtpx:hr>143</gpxtpx:hr></gpxtpx:TrackPointExtension></extensions></trkpt>
      <trkpt lat="49.273647" lon="-123.143139"><ele>16.6</ele><time>2026-06-11T04:56:12.000Z</time><extensions><gpxtpx:TrackPointExtension><gpxtpx:hr>143</gpxtpx:hr></gpxtpx:TrackPointExtension></extensions></trkpt>
      <trkpt lat="49.273654" lon="-123.143104"><ele>16.6</ele><time>2026-06-11T04:56:13.000Z</time><extensions><gpxtpx:TrackPointExtension><gpxtpx:hr>144</gpxtpx:hr></gpxtpx:TrackPointExtension></extensions></trkpt>
      <trkpt lat="49.273661" lon="-123.143068"><ele>16.6</ele><time>2026-06-11T04:56:14.000Z</time><extensions><gpxtpx:TrackPointExtension><gpxtpx:hr>144</gpxtpx:hr></gpxtpx:TrackPointExtension></extensions></trkpt>
      <trkpt lat="49.273667" lon="-123.143036"><ele>16.6</ele><time>2026-06-11T04:56:15.000Z</time><extensions><gpxtpx:TrackPointExtension><gpxtpx:hr>144</gpxtpx:hr></gpxtpx:TrackPointExtension></extensions></trkpt>
      <trkpt lat="49.273677" lon="-123.142999"><ele>16.8</ele><time>2026-06-11T04:56:16.000Z</time><extensions><gpxtpx:TrackPointExtension><gpxtpx:hr>144</gpxtpx:hr></gpxtpx:TrackPointExtension></extensions></trkpt>
      <trkpt lat="49.273688" lon="-123.142972"><ele>16.8</ele><time>2026-06-11T04:56:17.000Z</time><extensions><gpxtpx:TrackPointExtension><gpxtpx:hr>144</gpxtpx:hr></gpxtpx:TrackPointExtension></extensions></trkpt>
      <trkpt lat="49.273697" lon="-123.142936"><ele>17</ele><time>2026-06-11T04:56:18.000Z</time><extensions><gpxtpx:TrackPointExtension><gpxtpx:hr>144</gpxtpx:hr></gpxtpx:TrackPointExtension></extensions></trkpt>
      <trkpt lat="49.273703" lon="-123.142904"><ele>17.2</ele><time>2026-06-11T04:56:19.000Z</time><extensions><gpxtpx:TrackPointExtension><gpxtpx:hr>144</gpxtpx:hr></gpxtpx:TrackPointExtension></extensions></trkpt>
      <trkpt lat="49.273713" lon="-123.142867"><ele>17.2</ele><time>2026-06-11T04:56:20.000Z</time><extensions><gpxtpx:TrackPointExtension><gpxtpx:hr>145</gpxtpx:hr></gpxtpx:TrackPointExtension></extensions></trkpt>
      <trkpt lat="49.273722" lon="-123.142836"><ele>17.2</ele><time>2026-06-11T04:56:21.000Z</time><extensions><gpxtpx:TrackPointExtension><gpxtpx:hr>145</gpxtpx:hr></gpxtpx:TrackPointExtension></extensions></trkpt>
      <trkpt lat="49.273731" lon="-123.142804"><ele>17.2</ele><time>2026-06-11T04:56:22.000Z</time><extensions><gpxtpx:TrackPointExtension><gpxtpx:hr>145</gpxtpx:hr></gpxtpx:TrackPointExtension></extensions></trkpt>
      <trkpt lat="49.273743" lon="-123.142772"><ele>17.2</ele><time>2026-06-11T04:56:23.000Z</time><extensions><gpxtpx:TrackPointExtension><gpxtpx:hr>145</gpxtpx:hr></gpxtpx:TrackPointExtension></extensions></trkpt>
      <trkpt lat="49.273755" lon="-123.14275"><ele>17.2</ele><time>2026-06-11T04:56:24.000Z</time><extensions><gpxtpx:TrackPointExtension><gpxtpx:hr>145</gpxtpx:hr></gpxtpx:TrackPointExtension></extensions></trkpt>
      <trkpt lat="49.273767" lon="-123.142719"><ele>17.4</ele><time>2026-06-11T04:56:25.000Z</time><extensions><gpxtpx:TrackPointExtension><gpxtpx:hr>145</gpxtpx:hr></gpxtpx:TrackPointExtension></extensions></trkpt>
      <trkpt lat="49.273775" lon="-123.142695"><ele>17.4</ele><time>2026-06-11T04:56:26.000Z</time><extensions><gpxtpx:TrackPointExtension><gpxtpx:hr>145</gpxtpx:hr></gpxtpx:TrackPointExtension></extensions></trkpt>
      <trkpt lat="49.273784" lon="-123.142656"><ele>17.4</ele><time>2026-06-11T04:56:27.000Z</time><extensions><gpxtpx:TrackPointExtension><gpxtpx:hr>145</gpxtpx:hr></gpxtpx:TrackPointExtension></extensions></trkpt>
      <trkpt lat="49.273791" lon="-123.142632"><ele>17.4</ele><time>2026-06-11T04:56:28.000Z</time><extensions><gpxtpx:TrackPointExtension><gpxtpx:hr>145</gpxtpx:hr></gpxtpx:TrackPointExtension></extensions></trkpt>
      <trkpt lat="49.273802" lon="-123.142594"><ele>17.4</ele><time>2026-06-11T04:56:29.000Z</time><extensions><gpxtpx:TrackPointExtension><gpxtpx:hr>145</gpxtpx:hr></gpxtpx:TrackPointExtension></extensions></trkpt>
      <trkpt lat="49.273808" lon="-123.142568"><ele>17.4</ele><time>2026-06-11T04:56:30.000Z</time><extensions><gpxtpx:TrackPointExtension><gpxtpx:hr>145</gpxtpx:hr></gpxtpx:TrackPointExtension></extensions></trkpt>
      <trkpt lat="49.273816" lon="-123.142533"><ele>17.6</ele><time>2026-06-11T04:56:31.000Z</time><extensions><gpxtpx:TrackPointExtension><gpxtpx:hr>145</gpxtpx:hr></gpxtpx:TrackPointExtension></extensions></trkpt>
      <trkpt lat="49.273824" lon="-123.142504"><ele>17.8</ele><time>2026-06-11T04:56:32.000Z</time><extensions><gpxtpx:TrackPointExtension><gpxtpx:hr>145</gpxtpx:hr></gpxtpx:TrackPointExtension></extensions></trkpt>
      <trkpt lat="49.273832" lon="-123.142475"><ele>17.8</ele><time>2026-06-11T04:56:33.000Z</time><extensions><gpxtpx:TrackPointExtension><gpxtpx:hr>144</gpxtpx:hr></gpxtpx:TrackPointExtension></extensions></trkpt>
      <trkpt lat="49.273842" lon="-123.142439"><ele>17.8</ele><time>2026-06-11T04:56:34.000Z</time><extensions><gpxtpx:TrackPointExtension><gpxtpx:hr>145</gpxtpx:hr></gpxtpx:TrackPointExtension></extensions></trkpt>
      <trkpt lat="49.27385" lon="-123.142411"><ele>18</ele><time>2026-06-11T04:56:35.000Z</time><extensions><gpxtpx:TrackPointExtension><gpxtpx:hr>145</gpxtpx:hr></gpxtpx:TrackPointExtension></extensions></trkpt>
      <trkpt lat="49.27386" lon="-123.142376"><ele>18</ele><time>2026-06-11T04:56:36.000Z</time><extensions><gpxtpx:TrackPointExtension><gpxtpx:hr>144</gpxtpx:hr></gpxtpx:TrackPointExtension></extensions></trkpt>
      <trkpt lat="49.273868" lon="-123.142355"><ele>18.2</ele><time>2026-06-11T04:56:37.000Z</time><extensions><gpxtpx:TrackPointExtension><gpxtpx:hr>145</gpxtpx:hr></gpxtpx:TrackPointExtension></extensions></trkpt>
      <trkpt lat="49.273876" lon="-123.142319"><ele>18.2</ele><time>2026-06-11T04:56:38.000Z</time><extensions><gpxtpx:TrackPointExtension><gpxtpx:hr>144</gpxtpx:hr></gpxtpx:TrackPointExtension></extensions></trkpt>
      <trkpt lat="49.273885" lon="-123.142294"><ele>18.4</ele><time>2026-06-11T04:56:39.000Z</time><extensions><gpxtpx:TrackPointExtension><gpxtpx:hr>144</gpxtpx:hr></gpxtpx:TrackPointExtension></extensions></trkpt>
      <trkpt lat="49.273895" lon="-123.142258"><ele>18.4</ele><time>2026-06-11T04:56:40.000Z</time><extensions><gpxtpx:TrackPointExtension><gpxtpx:hr>144</gpxtpx:hr></gpxtpx:TrackPointExtension></extensions></trkpt>
      <trkpt lat="49.273902" lon="-123.142232"><ele>18.6</ele><time>2026-06-11T04:56:41.000Z</time><extensions><gpxtpx:TrackPointExtension><gpxtpx:hr>144</gpxtpx:hr></gpxtpx:TrackPointExtension></extensions></trkpt>
      <trkpt lat="49.273911" lon="-123.142197"><ele>18.6</ele><time>2026-06-11T04:56:42.000Z</time><extensions><gpxtpx:TrackPointExtension><gpxtpx:hr>145</gpxtpx:hr></gpxtpx:TrackPointExtension></extensions></trkpt>
      <trkpt lat="49.27392" lon="-123.14217"><ele>18.6</ele><time>2026-06-11T04:56:43.000Z</time><extensions><gpxtpx:TrackPointExtension><gpxtpx:hr>144</gpxtpx:hr></gpxtpx:TrackPointExtension></extensions></trkpt>
      <trkpt lat="49.273932" lon="-123.142137"><ele>18.8</ele><time>2026-06-11T04:56:44.000Z</time><extensions><gpxtpx:TrackPointExtension><gpxtpx:hr>144</gpxtpx:hr></gpxtpx:TrackPointExtension></extensions></trkpt>
      <trkpt lat="49.273938" lon="-123.142103"><ele>18.8</ele><time>2026-06-11T04:56:45.000Z</time><extensions><gpxtpx:TrackPointExtension><gpxtpx:hr>144</gpxtpx:hr></gpxtpx:TrackPointExtension></extensions></trkpt>
      <trkpt lat="49.27395" lon="-123.142072"><ele>18.8</ele><time>2026-06-11T04:56:46.000Z</time><extensions><gpxtpx:TrackPointExtension><gpxtpx:hr>144</gpxtpx:hr></gpxtpx:TrackPointExtension></extensions></trkpt>
      <trkpt lat="49.273959" lon="-123.142037"><ele>18.8</ele><time>2026-06-11T04:56:47.000Z</time><extensions><gpxtpx:TrackPointExtension><gpxtpx:hr>144</gpxtpx:hr></gpxtpx:TrackPointExtension></extensions></trkpt>
      <trkpt lat="49.273967" lon="-123.142011"><ele>18.8</ele><time>2026-06-11T04:56:48.000Z</time><extensions><gpxtpx:TrackPointExtension><gpxtpx:hr>144</gpxtpx:hr></gpxtpx:TrackPointExtension></extensions></trkpt>
      <trkpt lat="49.273976" lon="-123.141974"><ele>19</ele><time>2026-06-11T04:56:49.000Z</time><extensions><gpxtpx:TrackPointExtension><gpxtpx:hr>144</gpxtpx:hr></gpxtpx:TrackPointExtension></extensions></trkpt>
      <trkpt lat="49.273985" lon="-123.141951"><ele>19</ele><time>2026-06-11T04:56:50.000Z</time><extensions><gpxtpx:TrackPointExtension><gpxtpx:hr>144</gpxtpx:hr></gpxtpx:TrackPointExtension></extensions></trkpt>
      <trkpt lat="49.273996" lon="-123.141915"><ele>19</ele><time>2026-06-11T04:56:51.000Z</time><extensions><gpxtpx:TrackPointExtension><gpxtpx:hr>143</gpxtpx:hr></gpxtpx:TrackPointExtension></extensions></trkpt>
      <trkpt lat="49.274005" lon="-123.141892"><ele>19</ele><time>2026-06-11T04:56:52.000Z</time><extensions><gpxtpx:TrackPointExtension><gpxtpx:hr>144</gpxtpx:hr></gpxtpx:TrackPointExtension></extensions></trkpt>
      <trkpt lat="49.274016" lon="-123.141854"><ele>19.2</ele><time>2026-06-11T04:56:53.000Z</time><extensions><gpxtpx:TrackPointExtension><gpxtpx:hr>143</gpxtpx:hr></gpxtpx:TrackPointExtension></extensions></trkpt>
      <trkpt lat="49.274025" lon="-123.14183"><ele>19.2</ele><time>2026-06-11T04:56:54.000Z</time><extensions><gpxtpx:TrackPointExtension><gpxtpx:hr>143</gpxtpx:hr></gpxtpx:TrackPointExtension></extensions></trkpt>
      <trkpt lat="49.274035" lon="-123.141796"><ele>19.2</ele><time>2026-06-11T04:56:55.000Z</time><extensions><gpxtpx:TrackPointExtension><gpxtpx:hr>143</gpxtpx:hr></gpxtpx:TrackPointExtension></extensions></trkpt>
      <trkpt lat="49.274045" lon="-123.141772"><ele>19.4</ele><time>2026-06-11T04:56:56.000Z</time><extensions><gpxtpx:TrackPointExtension><gpxtpx:hr>143</gpxtpx:hr></gpxtpx:TrackPointExtension></extensions></trkpt>
      <trkpt lat="49.274054" lon="-123.141735"><ele>19.4</ele><time>2026-06-11T04:56:57.000Z</time><extensions><gpxtpx:TrackPointExtension><gpxtpx:hr>142</gpxtpx:hr></gpxtpx:TrackPointExtension></extensions></trkpt>
      <trkpt lat="49.274063" lon="-123.141711"><ele>19.4</ele><time>2026-06-11T04:56:58.000Z</time><extensions><gpxtpx:TrackPointExtension><gpxtpx:hr>142</gpxtpx:hr></gpxtpx:TrackPointExtension></extensions></trkpt>
      <trkpt lat="49.274074" lon="-123.141677"><ele>19.4</ele><time>2026-06-11T04:56:59.000Z</time><extensions><gpxtpx:TrackPointExtension><gpxtpx:hr>142</gpxtpx:hr></gpxtpx:TrackPointExtension></extensions></trkpt>
      <trkpt lat="49.274083" lon="-123.141655"><ele>19.6</ele><time>2026-06-11T04:57:00.000Z</time><extensions><gpxtpx:TrackPointExtension><gpxtpx:hr>142</gpxtpx:hr></gpxtpx:TrackPointExtension></extensions></trkpt>
      <trkpt lat="49.274095" lon="-123.14162"><ele>19.6</ele><time>2026-06-11T04:57:01.000Z</time><extensions><gpxtpx:TrackPointExtension><gpxtpx:hr>142</gpxtpx:hr></gpxtpx:TrackPointExtension></extensions></trkpt>
      <trkpt lat="49.274103" lon="-123.141598"><ele>19.6</ele><time>2026-06-11T04:57:02.000Z</time><extensions><gpxtpx:TrackPointExtension><gpxtpx:hr>141</gpxtpx:hr></gpxtpx:TrackPointExtension></extensions></trkpt>
      <trkpt lat="49.27411" lon="-123.141564"><ele>19.8</ele><time>2026-06-11T04:57:03.000Z</time><extensions><gpxtpx:TrackPointExtension><gpxtpx:hr>141</gpxtpx:hr></gpxtpx:TrackPointExtension></extensions></trkpt>
      <trkpt lat="49.274117" lon="-123.141536"><ele>19.8</ele><time>2026-06-11T04:57:04.000Z</time><extensions><gpxtpx:TrackPointExtension><gpxtpx:hr>141</gpxtpx:hr></gpxtpx:TrackPointExtension></extensions></trkpt>
      <trkpt lat="49.274126" lon="-123.141506"><ele>20</ele><time>2026-06-11T04:57:05.000Z</time><extensions><gpxtpx:TrackPointExtension><gpxtpx:hr>141</gpxtpx:hr></gpxtpx:TrackPointExtension></extensions></trkpt>
      <trkpt lat="49.274134" lon="-123.141474"><ele>20</ele><time>2026-06-11T04:57:06.000Z</time><extensions><gpxtpx:TrackPointExtension><gpxtpx:hr>141</gpxtpx:hr></gpxtpx:TrackPointExtension></extensions></trkpt>
      <trkpt lat="49.274148" lon="-123.141442"><ele>19.8</ele><time>2026-06-11T04:57:07.000Z</time><extensions><gpxtpx:TrackPointExtension><gpxtpx:hr>141</gpxtpx:hr></gpxtpx:TrackPointExtension></extensions></trkpt>
      <trkpt lat="49.274154" lon="-123.141408"><ele>19.8</ele><time>2026-06-11T04:57:08.000Z</time><extensions><gpxtpx:TrackPointExtension><gpxtpx:hr>141</gpxtpx:hr></gpxtpx:TrackPointExtension></extensions></trkpt>
      <trkpt lat="49.274164" lon="-123.141378"><ele>19.8</ele><time>2026-06-11T04:57:09.000Z</time><extensions><gpxtpx:TrackPointExtension><gpxtpx:hr>141</gpxtpx:hr></gpxtpx:TrackPointExtension></extensions></trkpt>
      <trkpt lat="49.274171" lon="-123.141342"><ele>19.8</ele><time>2026-06-11T04:57:10.000Z</time><extensions><gpxtpx:TrackPointExtension><gpxtpx:hr>140</gpxtpx:hr></gpxtpx:TrackPointExtension></extensions></trkpt>
      <trkpt lat="49.274181" lon="-123.14131"><ele>19.8</ele><time>2026-06-11T04:57:11.000Z</time><extensions><gpxtpx:TrackPointExtension><gpxtpx:hr>140</gpxtpx:hr></gpxtpx:TrackPointExtension></extensions></trkpt>
      <trkpt lat="49.274188" lon="-123.141278"><ele>20</ele><time>2026-06-11T04:57:12.000Z</time><extensions><gpxtpx:TrackPointExtension><gpxtpx:hr>140</gpxtpx:hr></gpxtpx:TrackPointExtension></extensions></trkpt>
      <trkpt lat="49.274197" lon="-123.141253"><ele>20</ele><time>2026-06-11T04:57:13.000Z</time><extensions><gpxtpx:TrackPointExtension><gpxtpx:hr>140</gpxtpx:hr></gpxtpx:TrackPointExtension></extensions></trkpt>
      <trkpt lat="49.274205" lon="-123.141219"><ele>20.2</ele><time>2026-06-11T04:57:14.000Z</time><extensions><gpxtpx:TrackPointExtension><gpxtpx:hr>140</gpxtpx:hr></gpxtpx:TrackPointExtension></extensions></trkpt>
      <trkpt lat="49.274214" lon="-123.14119"><ele>20.2</ele><time>2026-06-11T04:57:15.000Z</time><extensions><gpxtpx:TrackPointExtension><gpxtpx:hr>140</gpxtpx:hr></gpxtpx:TrackPointExtension></extensions></trkpt>
      <trkpt lat="49.274224" lon="-123.141159"><ele>20.4</ele><time>2026-06-11T04:57:16.000Z</time><extensions><gpxtpx:TrackPointExtension><gpxtpx:hr>140</gpxtpx:hr></gpxtpx:TrackPointExtension></extensions></trkpt>
      <trkpt lat="49.274238" lon="-123.141125"><ele>20.4</ele><time>2026-06-11T04:57:17.000Z</time><extensions><gpxtpx:TrackPointExtension><gpxtpx:hr>140</gpxtpx:hr></gpxtpx:TrackPointExtension></extensions></trkpt>
      <trkpt lat="49.274249" lon="-123.1411"><ele>20.4</ele><time>2026-06-11T04:57:18.000Z</time><extensions><gpxtpx:TrackPointExtension><gpxtpx:hr>139</gpxtpx:hr></gpxtpx:TrackPointExtension></extensions></trkpt>
      <trkpt lat="49.274257" lon="-123.141066"><ele>20.6</ele><time>2026-06-11T04:57:19.000Z</time><extensions><gpxtpx:TrackPointExtension><gpxtpx:hr>140</gpxtpx:hr></gpxtpx:TrackPointExtension></extensions></trkpt>
      <trkpt lat="49.274267" lon="-123.141039"><ele>20.6</ele><time>2026-06-11T04:57:20.000Z</time><extensions><gpxtpx:TrackPointExtension><gpxtpx:hr>140</gpxtpx:hr></gpxtpx:TrackPointExtension></extensions></trkpt>
      <trkpt lat="49.274281" lon="-123.141009"><ele>20.8</ele><time>2026-06-11T04:57:21.000Z</time><extensions><gpxtpx:TrackPointExtension><gpxtpx:hr>140</gpxtpx:hr></gpxtpx:TrackPointExtension></extensions></trkpt>
      <trkpt lat="49.27429" lon="-123.140986"><ele>20.8</ele><time>2026-06-11T04:57:22.000Z</time><extensions><gpxtpx:TrackPointExtension><gpxtpx:hr>140</gpxtpx:hr></gpxtpx:TrackPointExtension></extensions></trkpt>
      <trkpt lat="49.274301" lon="-123.140952"><ele>20.8</ele><time>2026-06-11T04:57:23.000Z</time><extensions><gpxtpx:TrackPointExtension><gpxtpx:hr>140</gpxtpx:hr></gpxtpx:TrackPointExtension></extensions></trkpt>
      <trkpt lat="49.27431" lon="-123.140925"><ele>20.8</ele><time>2026-06-11T04:57:24.000Z</time><extensions><gpxtpx:TrackPointExtension><gpxtpx:hr>140</gpxtpx:hr></gpxtpx:TrackPointExtension></extensions></trkpt>
      <trkpt lat="49.274319" lon="-123.140892"><ele>20.8</ele><time>2026-06-11T04:57:25.000Z</time><extensions><gpxtpx:TrackPointExtension><gpxtpx:hr>140</gpxtpx:hr></gpxtpx:TrackPointExtension></extensions></trkpt>
      <trkpt lat="49.274327" lon="-123.140866"><ele>20.8</ele><time>2026-06-11T04:57:26.000Z</time><extensions><gpxtpx:TrackPointExtension><gpxtpx:hr>140</gpxtpx:hr></gpxtpx:TrackPointExtension></extensions></trkpt>
      <trkpt lat="49.274338" lon="-123.140834"><ele>20.8</ele><time>2026-06-11T04:57:27.000Z</time><extensions><gpxtpx:TrackPointExtension><gpxtpx:hr>140</gpxtpx:hr></gpxtpx:TrackPointExtension></extensions></trkpt>
      <trkpt lat="49.274347" lon="-123.140805"><ele>21</ele><time>2026-06-11T04:57:28.000Z</time><extensions><gpxtpx:TrackPointExtension><gpxtpx:hr>140</gpxtpx:hr></gpxtpx:TrackPointExtension></extensions></trkpt>
      <trkpt lat="49.27436" lon="-123.140776"><ele>21.2</ele><time>2026-06-11T04:57:29.000Z</time><extensions><gpxtpx:TrackPointExtension><gpxtpx:hr>140</gpxtpx:hr></gpxtpx:TrackPointExtension></extensions></trkpt>
      <trkpt lat="49.274372" lon="-123.140741"><ele>21.2</ele><time>2026-06-11T04:57:30.000Z</time><extensions><gpxtpx:TrackPointExtension><gpxtpx:hr>140</gpxtpx:hr></gpxtpx:TrackPointExtension></extensions></trkpt>
      <trkpt lat="49.274383" lon="-123.140715"><ele>21.2</ele><time>2026-06-11T04:57:31.000Z</time><extensions><gpxtpx:TrackPointExtension><gpxtpx:hr>140</gpxtpx:hr></gpxtpx:TrackPointExtension></extensions></trkpt>
      <trkpt lat="49.274395" lon="-123.140675"><ele>21.4</ele><time>2026-06-11T04:57:32.000Z</time><extensions><gpxtpx:TrackPointExtension><gpxtpx:hr>141</gpxtpx:hr></gpxtpx:TrackPointExtension></extensions></trkpt>
      <trkpt lat="49.274404" lon="-123.140651"><ele>21.4</ele><time>2026-06-11T04:57:33.000Z</time><extensions><gpxtpx:TrackPointExtension><gpxtpx:hr>141</gpxtpx:hr></gpxtpx:TrackPointExtension></extensions></trkpt>
      <trkpt lat="49.274413" lon="-123.140614"><ele>21.4</ele><time>2026-06-11T04:57:34.000Z</time><extensions><gpxtpx:TrackPointExtension><gpxtpx:hr>141</gpxtpx:hr></gpxtpx:TrackPointExtension></extensions></trkpt>
      <trkpt lat="49.274418" lon="-123.140588"><ele>21.4</ele><time>2026-06-11T04:57:35.000Z</time><extensions><gpxtpx:TrackPointExtension><gpxtpx:hr>141</gpxtpx:hr></gpxtpx:TrackPointExtension></extensions></trkpt>
      <trkpt lat="49.27443" lon="-123.140552"><ele>21.6</ele><time>2026-06-11T04:57:36.000Z</time><extensions><gpxtpx:TrackPointExtension><gpxtpx:hr>141</gpxtpx:hr></gpxtpx:TrackPointExtension></extensions></trkpt>
      <trkpt lat="49.27444" lon="-123.140526"><ele>21.6</ele><time>2026-06-11T04:57:37.000Z</time><extensions><gpxtpx:TrackPointExtension><gpxtpx:hr>141</gpxtpx:hr></gpxtpx:TrackPointExtension></extensions></trkpt>
      <trkpt lat="49.274452" lon="-123.140495"><ele>21.6</ele><time>2026-06-11T04:57:38.000Z</time><extensions><gpxtpx:TrackPointExtension><gpxtpx:hr>141</gpxtpx:hr></gpxtpx:TrackPointExtension></extensions></trkpt>
      <trkpt lat="49.274462" lon="-123.140463"><ele>21.6</ele><time>2026-06-11T04:57:39.000Z</time><extensions><gpxtpx:TrackPointExtension><gpxtpx:hr>142</gpxtpx:hr></gpxtpx:TrackPointExtension></extensions></trkpt>
      <trkpt lat="49.274473" lon="-123.140436"><ele>21.6</ele><time>2026-06-11T04:57:40.000Z</time><extensions><gpxtpx:TrackPointExtension><gpxtpx:hr>142</gpxtpx:hr></gpxtpx:TrackPointExtension></extensions></trkpt>
      <trkpt lat="49.274483" lon="-123.140398"><ele>21.6</ele><time>2026-06-11T04:57:41.000Z</time><extensions><gpxtpx:TrackPointExtension><gpxtpx:hr>142</gpxtpx:hr></gpxtpx:TrackPointExtension></extensions></trkpt>
      <trkpt lat="49.27449" lon="-123.140375"><ele>21.8</ele><time>2026-06-11T04:57:42.000Z</time><extensions><gpxtpx:TrackPointExtension><gpxtpx:hr>141</gpxtpx:hr></gpxtpx:TrackPointExtension></extensions></trkpt>
      <trkpt lat="49.274498" lon="-123.14034"><ele>21.8</ele><time>2026-06-11T04:57:43.000Z</time><extensions><gpxtpx:TrackPointExtension><gpxtpx:hr>142</gpxtpx:hr></gpxtpx:TrackPointExtension></extensions></trkpt>
      <trkpt lat="49.27451" lon="-123.140316"><ele>21.8</ele><time>2026-06-11T04:57:44.000Z</time><extensions><gpxtpx:TrackPointExtension><gpxtpx:hr>142</gpxtpx:hr></gpxtpx:TrackPointExtension></extensions></trkpt>
      <trkpt lat="49.27452" lon="-123.140281"><ele>21.8</ele><time>2026-06-11T04:57:45.000Z</time><extensions><gpxtpx:TrackPointExtension><gpxtpx:hr>141</gpxtpx:hr></gpxtpx:TrackPointExtension></extensions></trkpt>
      <trkpt lat="49.274529" lon="-123.140257"><ele>21.8</ele><time>2026-06-11T04:57:46.000Z</time><extensions><gpxtpx:TrackPointExtension><gpxtpx:hr>141</gpxtpx:hr></gpxtpx:TrackPointExtension></extensions></trkpt>
      <trkpt lat="49.274539" lon="-123.140221"><ele>21.8</ele><time>2026-06-11T04:57:47.000Z</time><extensions><gpxtpx:TrackPointExtension><gpxtpx:hr>141</gpxtpx:hr></gpxtpx:TrackPointExtension></extensions></trkpt>
      <trkpt lat="49.274547" lon="-123.140202"><ele>21.8</ele><time>2026-06-11T04:57:48.000Z</time><extensions><gpxtpx:TrackPointExtension><gpxtpx:hr>141</gpxtpx:hr></gpxtpx:TrackPointExtension></extensions></trkpt>
      <trkpt lat="49.274558" lon="-123.140167"><ele>21.8</ele><time>2026-06-11T04:57:49.000Z</time><extensions><gpxtpx:TrackPointExtension><gpxtpx:hr>141</gpxtpx:hr></gpxtpx:TrackPointExtension></extensions></trkpt>
      <trkpt lat="49.274565" lon="-123.140142"><ele>22</ele><time>2026-06-11T04:57:50.000Z</time><extensions><gpxtpx:TrackPointExtension><gpxtpx:hr>141</gpxtpx:hr></gpxtpx:TrackPointExtension></extensions></trkpt>
      <trkpt lat="49.274574" lon="-123.140105"><ele>22</ele><time>2026-06-11T04:57:51.000Z</time><extensions><gpxtpx:TrackPointExtension><gpxtpx:hr>141</gpxtpx:hr></gpxtpx:TrackPointExtension></extensions></trkpt>
      <trkpt lat="49.274582" lon="-123.140082"><ele>22.2</ele><time>2026-06-11T04:57:52.000Z</time><extensions><gpxtpx:TrackPointExtension><gpxtpx:hr>141</gpxtpx:hr></gpxtpx:TrackPointExtension></extensions></trkpt>
      <trkpt lat="49.274593" lon="-123.140048"><ele>22.2</ele><time>2026-06-11T04:57:53.000Z</time><extensions><gpxtpx:TrackPointExtension><gpxtpx:hr>140</gpxtpx:hr></gpxtpx:TrackPointExtension></extensions></trkpt>
      <trkpt lat="49.274601" lon="-123.140026"><ele>22.2</ele><time>2026-06-11T04:57:54.000Z</time><extensions><gpxtpx:TrackPointExtension><gpxtpx:hr>140</gpxtpx:hr></gpxtpx:TrackPointExtension></extensions></trkpt>
      <trkpt lat="49.274611" lon="-123.139988"><ele>22.2</ele><time>2026-06-11T04:57:55.000Z</time><extensions><gpxtpx:TrackPointExtension><gpxtpx:hr>140</gpxtpx:hr></gpxtpx:TrackPointExtension></extensions></trkpt>
      <trkpt lat="49.27462" lon="-123.139963"><ele>22.4</ele><time>2026-06-11T04:57:56.000Z</time><extensions><gpxtpx:TrackPointExtension><gpxtpx:hr>140</gpxtpx:hr></gpxtpx:TrackPointExtension></extensions></trkpt>
      <trkpt lat="49.27463" lon="-123.139931"><ele>22.4</ele><time>2026-06-11T04:57:57.000Z</time><extensions><gpxtpx:TrackPointExtension><gpxtpx:hr>140</gpxtpx:hr></gpxtpx:TrackPointExtension></extensions></trkpt>
      <trkpt lat="49.274638" lon="-123.139907"><ele>22.4</ele><time>2026-06-11T04:57:58.000Z</time><extensions><gpxtpx:TrackPointExtension><gpxtpx:hr>139</gpxtpx:hr></gpxtpx:TrackPointExtension></extensions></trkpt>
      <trkpt lat="49.274648" lon="-123.139874"><ele>22.4</ele><time>2026-06-11T04:57:59.000Z</time><extensions><gpxtpx:TrackPointExtension><gpxtpx:hr>139</gpxtpx:hr></gpxtpx:TrackPointExtension></extensions></trkpt>
      <trkpt lat="49.274655" lon="-123.139845"><ele>22.6</ele><time>2026-06-11T04:58:00.000Z</time><extensions><gpxtpx:TrackPointExtension><gpxtpx:hr>139</gpxtpx:hr></gpxtpx:TrackPointExtension></extensions></trkpt>
      <trkpt lat="49.274667" lon="-123.139815"><ele>22.6</ele><time>2026-06-11T04:58:01.000Z</time><extensions><gpxtpx:TrackPointExtension><gpxtpx:hr>138</gpxtpx:hr></gpxtpx:TrackPointExtension></extensions></trkpt>
      <trkpt lat="49.274676" lon="-123.139788"><ele>22.6</ele><time>2026-06-11T04:58:02.000Z</time><extensions><gpxtpx:TrackPointExtension><gpxtpx:hr>138</gpxtpx:hr></gpxtpx:TrackPointExtension></extensions></trkpt>
      <trkpt lat="49.274686" lon="-123.139763"><ele>22.6</ele><time>2026-06-11T04:58:03.000Z</time><extensions><gpxtpx:TrackPointExtension><gpxtpx:hr>138</gpxtpx:hr></gpxtpx:TrackPointExtension></extensions></trkpt>
      <trkpt lat="49.274693" lon="-123.139732"><ele>22.6</ele><time>2026-06-11T04:58:04.000Z</time><extensions><gpxtpx:TrackPointExtension><gpxtpx:hr>138</gpxtpx:hr></gpxtpx:TrackPointExtension></extensions></trkpt>
      <trkpt lat="49.274704" lon="-123.139703"><ele>22.8</ele><time>2026-06-11T04:58:05.000Z</time><extensions><gpxtpx:TrackPointExtension><gpxtpx:hr>139</gpxtpx:hr></gpxtpx:TrackPointExtension></extensions></trkpt>
      <trkpt lat="49.274711" lon="-123.139669"><ele>22.8</ele><time>2026-06-11T04:58:06.000Z</time><extensions><gpxtpx:TrackPointExtension><gpxtpx:hr>138</gpxtpx:hr></gpxtpx:TrackPointExtension></extensions></trkpt>
      <trkpt lat="49.274723" lon="-123.139639"><ele>22.8</ele><time>2026-06-11T04:58:07.000Z</time><extensions><gpxtpx:TrackPointExtension><gpxtpx:hr>138</gpxtpx:hr></gpxtpx:TrackPointExtension></extensions></trkpt>
      <trkpt lat="49.274732" lon="-123.139603"><ele>23</ele><time>2026-06-11T04:58:08.000Z</time><extensions><gpxtpx:TrackPointExtension><gpxtpx:hr>138</gpxtpx:hr></gpxtpx:TrackPointExtension></extensions></trkpt>
      <trkpt lat="49.274744" lon="-123.139576"><ele>23</ele><time>2026-06-11T04:58:09.000Z</time><extensions><gpxtpx:TrackPointExtension><gpxtpx:hr>139</gpxtpx:hr></gpxtpx:TrackPointExtension></extensions></trkpt>
      <trkpt lat="49.27475" lon="-123.13954"><ele>23</ele><time>2026-06-11T04:58:10.000Z</time><extensions><gpxtpx:TrackPointExtension><gpxtpx:hr>138</gpxtpx:hr></gpxtpx:TrackPointExtension></extensions></trkpt>
      <trkpt lat="49.27476" lon="-123.139516"><ele>23</ele><time>2026-06-11T04:58:11.000Z</time><extensions><gpxtpx:TrackPointExtension><gpxtpx:hr>138</gpxtpx:hr></gpxtpx:TrackPointExtension></extensions></trkpt>
      <trkpt lat="49.274771" lon="-123.139481"><ele>23</ele><time>2026-06-11T04:58:12.000Z</time><extensions><gpxtpx:TrackPointExtension><gpxtpx:hr>138</gpxtpx:hr></gpxtpx:TrackPointExtension></extensions></trkpt>
      <trkpt lat="49.274778" lon="-123.139458"><ele>23.2</ele><time>2026-06-11T04:58:13.000Z</time><extensions><gpxtpx:TrackPointExtension><gpxtpx:hr>138</gpxtpx:hr></gpxtpx:TrackPointExtension></extensions></trkpt>
      <trkpt lat="49.274789" lon="-123.139426"><ele>23.2</ele><time>2026-06-11T04:58:14.000Z</time><extensions><gpxtpx:TrackPointExtension><gpxtpx:hr>138</gpxtpx:hr></gpxtpx:TrackPointExtension></extensions></trkpt>
      <trkpt lat="49.274799" lon="-123.139398"><ele>23.2</ele><time>2026-06-11T04:58:15.000Z</time><extensions><gpxtpx:TrackPointExtension><gpxtpx:hr>138</gpxtpx:hr></gpxtpx:TrackPointExtension></extensions></trkpt>
      <trkpt lat="49.274808" lon="-123.139371"><ele>23.2</ele><time>2026-06-11T04:58:16.000Z</time><extensions><gpxtpx:TrackPointExtension><gpxtpx:hr>138</gpxtpx:hr></gpxtpx:TrackPointExtension></extensions></trkpt>
      <trkpt lat="49.274818" lon="-123.139343"><ele>23.2</ele><time>2026-06-11T04:58:17.000Z</time><extensions><gpxtpx:TrackPointExtension><gpxtpx:hr>138</gpxtpx:hr></gpxtpx:TrackPointExtension></extensions></trkpt>
      <trkpt lat="49.274827" lon="-123.139326"><ele>23.2</ele><time>2026-06-11T04:58:18.000Z</time><extensions><gpxtpx:TrackPointExtension><gpxtpx:hr>138</gpxtpx:hr></gpxtpx:TrackPointExtension></extensions></trkpt>
      <trkpt lat="49.274831" lon="-123.139295"><ele>22.4</ele><time>2026-06-11T04:58:57.000Z</time><extensions><gpxtpx:TrackPointExtension><gpxtpx:hr>115</gpxtpx:hr></gpxtpx:TrackPointExtension></extensions></trkpt>
      <trkpt lat="49.274843" lon="-123.139267"><ele>22.4</ele><time>2026-06-11T04:58:58.000Z</time><extensions><gpxtpx:TrackPointExtension><gpxtpx:hr>115</gpxtpx:hr></gpxtpx:TrackPointExtension></extensions></trkpt>
      <trkpt lat="49.274863" lon="-123.139193"><ele>22.2</ele><time>2026-06-11T04:59:00.000Z</time><extensions><gpxtpx:TrackPointExtension><gpxtpx:hr>115</gpxtpx:hr></gpxtpx:TrackPointExtension></extensions></trkpt>
      <trkpt lat="49.274875" lon="-123.139147"><ele>22</ele><time>2026-06-11T04:59:01.000Z</time><extensions><gpxtpx:TrackPointExtension><gpxtpx:hr>115</gpxtpx:hr></gpxtpx:TrackPointExtension></extensions></trkpt>
      <trkpt lat="49.274885" lon="-123.139114"><ele>22</ele><time>2026-06-11T04:59:02.000Z</time><extensions><gpxtpx:TrackPointExtension><gpxtpx:hr>116</gpxtpx:hr></gpxtpx:TrackPointExtension></extensions></trkpt>
      <trkpt lat="49.274899" lon="-123.139083"><ele>22</ele><time>2026-06-11T04:59:03.000Z</time><extensions><gpxtpx:TrackPointExtension><gpxtpx:hr>115</gpxtpx:hr></gpxtpx:TrackPointExtension></extensions></trkpt>
      <trkpt lat="49.27491" lon="-123.139047"><ele>22</ele><time>2026-06-11T04:59:04.000Z</time><extensions><gpxtpx:TrackPointExtension><gpxtpx:hr>115</gpxtpx:hr></gpxtpx:TrackPointExtension></extensions></trkpt>
      <trkpt lat="49.274919" lon="-123.139017"><ele>22</ele><time>2026-06-11T04:59:05.000Z</time><extensions><gpxtpx:TrackPointExtension><gpxtpx:hr>116</gpxtpx:hr></gpxtpx:TrackPointExtension></extensions></trkpt>
      <trkpt lat="49.274929" lon="-123.138986"><ele>22</ele><time>2026-06-11T04:59:06.000Z</time><extensions><gpxtpx:TrackPointExtension><gpxtpx:hr>116</gpxtpx:hr></gpxtpx:TrackPointExtension></extensions></trkpt>
      <trkpt lat="49.274939" lon="-123.138963"><ele>22.2</ele><time>2026-06-11T04:59:07.000Z</time><extensions><gpxtpx:TrackPointExtension><gpxtpx:hr>117</gpxtpx:hr></gpxtpx:TrackPointExtension></extensions></trkpt>
      <trkpt lat="49.274948" lon="-123.138928"><ele>22.2</ele><time>2026-06-11T04:59:08.000Z</time><extensions><gpxtpx:TrackPointExtension><gpxtpx:hr>117</gpxtpx:hr></gpxtpx:TrackPointExtension></extensions></trkpt>
      <trkpt lat="49.274955" lon="-123.138905"><ele>22.2</ele><time>2026-06-11T04:59:09.000Z</time><extensions><gpxtpx:TrackPointExtension><gpxtpx:hr>117</gpxtpx:hr></gpxtpx:TrackPointExtension></extensions></trkpt>
      <trkpt lat="49.274964" lon="-123.13887"><ele>22.2</ele><time>2026-06-11T04:59:10.000Z</time><extensions><gpxtpx:TrackPointExtension><gpxtpx:hr>117</gpxtpx:hr></gpxtpx:TrackPointExtension></extensions></trkpt>
      <trkpt lat="49.274973" lon="-123.138847"><ele>22.2</ele><time>2026-06-11T04:59:11.000Z</time><extensions><gpxtpx:TrackPointExtension><gpxtpx:hr>118</gpxtpx:hr></gpxtpx:TrackPointExtension></extensions></trkpt>
      <trkpt lat="49.274985" lon="-123.138812"><ele>22.4</ele><time>2026-06-11T04:59:12.000Z</time><extensions><gpxtpx:TrackPointExtension><gpxtpx:hr>118</gpxtpx:hr></gpxtpx:TrackPointExtension></extensions></trkpt>
      <trkpt lat="49.274997" lon="-123.138789"><ele>22.4</ele><time>2026-06-11T04:59:13.000Z</time><extensions><gpxtpx:TrackPointExtension><gpxtpx:hr>118</gpxtpx:hr></gpxtpx:TrackPointExtension></extensions></trkpt>
      <trkpt lat="49.275007" lon="-123.138752"><ele>22.4</ele><time>2026-06-11T04:59:14.000Z</time><extensions><gpxtpx:TrackPointExtension><gpxtpx:hr>118</gpxtpx:hr></gpxtpx:TrackPointExtension></extensions></trkpt>
      <trkpt lat="49.275014" lon="-123.138727"><ele>22.4</ele><time>2026-06-11T04:59:15.000Z</time><extensions><gpxtpx:TrackPointExtension><gpxtpx:hr>119</gpxtpx:hr></gpxtpx:TrackPointExtension></extensions></trkpt>
      <trkpt lat="49.275026" lon="-123.138691"><ele>22.4</ele><time>2026-06-11T04:59:16.000Z</time><extensions><gpxtpx:TrackPointExtension><gpxtpx:hr>119</gpxtpx:hr></gpxtpx:TrackPointExtension></extensions></trkpt>
      <trkpt lat="49.275035" lon="-123.138669"><ele>22.6</ele><time>2026-06-11T04:59:17.000Z</time><extensions><gpxtpx:TrackPointExtension><gpxtpx:hr>119</gpxtpx:hr></gpxtpx:TrackPointExtension></extensions></trkpt>
      <trkpt lat="49.275043" lon="-123.138636"><ele>22.6</ele><time>2026-06-11T04:59:18.000Z</time><extensions><gpxtpx:TrackPointExtension><gpxtpx:hr>119</gpxtpx:hr></gpxtpx:TrackPointExtension></extensions></trkpt>
      <trkpt lat="49.275049" lon="-123.138615"><ele>22.8</ele><time>2026-06-11T04:59:19.000Z</time><extensions><gpxtpx:TrackPointExtension><gpxtpx:hr>120</gpxtpx:hr></gpxtpx:TrackPointExtension></extensions></trkpt>
      <trkpt lat="49.275059" lon="-123.138582"><ele>22.8</ele><time>2026-06-11T04:59:20.000Z</time><extensions><gpxtpx:TrackPointExtension><gpxtpx:hr>120</gpxtpx:hr></gpxtpx:TrackPointExtension></extensions></trkpt>
      <trkpt lat="49.275067" lon="-123.138558"><ele>22.8</ele><time>2026-06-11T04:59:21.000Z</time><extensions><gpxtpx:TrackPointExtension><gpxtpx:hr>120</gpxtpx:hr></gpxtpx:TrackPointExtension></extensions></trkpt>
      <trkpt lat="49.275078" lon="-123.138529"><ele>22.8</ele><time>2026-06-11T04:59:22.000Z</time><extensions><gpxtpx:TrackPointExtension><gpxtpx:hr>120</gpxtpx:hr></gpxtpx:TrackPointExtension></extensions></trkpt>
      <trkpt lat="49.275085" lon="-123.138501"><ele>22.8</ele><time>2026-06-11T04:59:23.000Z</time><extensions><gpxtpx:TrackPointExtension><gpxtpx:hr>120</gpxtpx:hr></gpxtpx:TrackPointExtension></extensions></trkpt>
      <trkpt lat="49.275095" lon="-123.138471"><ele>22.8</ele><time>2026-06-11T04:59:24.000Z</time><extensions><gpxtpx:TrackPointExtension><gpxtpx:hr>120</gpxtpx:hr></gpxtpx:TrackPointExtension></extensions></trkpt>
      <trkpt lat="49.275105" lon="-123.138438"><ele>22.8</ele><time>2026-06-11T04:59:25.000Z</time><extensions><gpxtpx:TrackPointExtension><gpxtpx:hr>120</gpxtpx:hr></gpxtpx:TrackPointExtension></extensions></trkpt>
      <trkpt lat="49.275117" lon="-123.138411"><ele>22.8</ele><time>2026-06-11T04:59:26.000Z</time><extensions><gpxtpx:TrackPointExtension><gpxtpx:hr>120</gpxtpx:hr></gpxtpx:TrackPointExtension></extensions></trkpt>
      <trkpt lat="49.275127" lon="-123.138376"><ele>23</ele><time>2026-06-11T04:59:27.000Z</time><extensions><gpxtpx:TrackPointExtension><gpxtpx:hr>120</gpxtpx:hr></gpxtpx:TrackPointExtension></extensions></trkpt>
      <trkpt lat="49.275137" lon="-123.138352"><ele>23</ele><time>2026-06-11T04:59:28.000Z</time><extensions><gpxtpx:TrackPointExtension><gpxtpx:hr>120</gpxtpx:hr></gpxtpx:TrackPointExtension></extensions></trkpt>
      <trkpt lat="49.275149" lon="-123.138312"><ele>23.2</ele><time>2026-06-11T04:59:29.000Z</time><extensions><gpxtpx:TrackPointExtension><gpxtpx:hr>121</gpxtpx:hr></gpxtpx:TrackPointExtension></extensions></trkpt>
      <trkpt lat="49.275159" lon="-123.138288"><ele>23.2</ele><time>2026-06-11T04:59:30.000Z</time><extensions><gpxtpx:TrackPointExtension><gpxtpx:hr>120</gpxtpx:hr></gpxtpx:TrackPointExtension></extensions></trkpt>
      <trkpt lat="49.275173" lon="-123.138246"><ele>23.2</ele><time>2026-06-11T04:59:31.000Z</time><extensions><gpxtpx:TrackPointExtension><gpxtpx:hr>121</gpxtpx:hr></gpxtpx:TrackPointExtension></extensions></trkpt>
      <trkpt lat="49.275181" lon="-123.138224"><ele>23.4</ele><time>2026-06-11T04:59:32.000Z</time><extensions><gpxtpx:TrackPointExtension><gpxtpx:hr>121</gpxtpx:hr></gpxtpx:TrackPointExtension></extensions></trkpt>
      <trkpt lat="49.275193" lon="-123.138185"><ele>23.4</ele><time>2026-06-11T04:59:33.000Z</time><extensions><gpxtpx:TrackPointExtension><gpxtpx:hr>121</gpxtpx:hr></gpxtpx:TrackPointExtension></extensions></trkpt>
      <trkpt lat="49.275202" lon="-123.138161"><ele>23.4</ele><time>2026-06-11T04:59:34.000Z</time><extensions><gpxtpx:TrackPointExtension><gpxtpx:hr>121</gpxtpx:hr></gpxtpx:TrackPointExtension></extensions></trkpt>
      <trkpt lat="49.275214" lon="-123.138128"><ele>23.4</ele><time>2026-06-11T04:59:35.000Z</time><extensions><gpxtpx:TrackPointExtension><gpxtpx:hr>121</gpxtpx:hr></gpxtpx:TrackPointExtension></extensions></trkpt>
      <trkpt lat="49.275222" lon="-123.138106"><ele>23.6</ele><time>2026-06-11T04:59:36.000Z</time><extensions><gpxtpx:TrackPointExtension><gpxtpx:hr>122</gpxtpx:hr></gpxtpx:TrackPointExtension></extensions></trkpt>
      <trkpt lat="49.275231" lon="-123.138075"><ele>23.6</ele><time>2026-06-11T04:59:37.000Z</time><extensions><gpxtpx:TrackPointExtension><gpxtpx:hr>122</gpxtpx:hr></gpxtpx:TrackPointExtension></extensions></trkpt>
      <trkpt lat="49.27524" lon="-123.138049"><ele>23.6</ele><time>2026-06-11T04:59:38.000Z</time><extensions><gpxtpx:TrackPointExtension><gpxtpx:hr>123</gpxtpx:hr></gpxtpx:TrackPointExtension></extensions></trkpt>
      <trkpt lat="49.275249" lon="-123.138015"><ele>23.6</ele><time>2026-06-11T04:59:39.000Z</time><extensions><gpxtpx:TrackPointExtension><gpxtpx:hr>123</gpxtpx:hr></gpxtpx:TrackPointExtension></extensions></trkpt>
      <trkpt lat="49.275258" lon="-123.137987"><ele>23.6</ele><time>2026-06-11T04:59:40.000Z</time><extensions><gpxtpx:TrackPointExtension><gpxtpx:hr>124</gpxtpx:hr></gpxtpx:TrackPointExtension></extensions></trkpt>
      <trkpt lat="49.27527" lon="-123.137953"><ele>23.6</ele><time>2026-06-11T04:59:41.000Z</time><extensions><gpxtpx:TrackPointExtension><gpxtpx:hr>125</gpxtpx:hr></gpxtpx:TrackPointExtension></extensions></trkpt>
      <trkpt lat="49.27528" lon="-123.137924"><ele>23.8</ele><time>2026-06-11T04:59:42.000Z</time><extensions><gpxtpx:TrackPointExtension><gpxtpx:hr>125</gpxtpx:hr></gpxtpx:TrackPointExtension></extensions></trkpt>
      <trkpt lat="49.275292" lon="-123.137892"><ele>23.8</ele><time>2026-06-11T04:59:43.000Z</time><extensions><gpxtpx:TrackPointExtension><gpxtpx:hr>126</gpxtpx:hr></gpxtpx:TrackPointExtension></extensions></trkpt>
      <trkpt lat="49.275302" lon="-123.13786"><ele>23.8</ele><time>2026-06-11T04:59:44.000Z</time><extensions><gpxtpx:TrackPointExtension><gpxtpx:hr>126</gpxtpx:hr></gpxtpx:TrackPointExtension></extensions></trkpt>
      <trkpt lat="49.275313" lon="-123.137832"><ele>23.8</ele><time>2026-06-11T04:59:45.000Z</time><extensions><gpxtpx:TrackPointExtension><gpxtpx:hr>126</gpxtpx:hr></gpxtpx:TrackPointExtension></extensions></trkpt>
      <trkpt lat="49.275321" lon="-123.137797"><ele>24</ele><time>2026-06-11T04:59:46.000Z</time><extensions><gpxtpx:TrackPointExtension><gpxtpx:hr>126</gpxtpx:hr></gpxtpx:TrackPointExtension></extensions></trkpt>
      <trkpt lat="49.275332" lon="-123.137772"><ele>24</ele><time>2026-06-11T04:59:47.000Z</time><extensions><gpxtpx:TrackPointExtension><gpxtpx:hr>127</gpxtpx:hr></gpxtpx:TrackPointExtension></extensions></trkpt>
      <trkpt lat="49.275344" lon="-123.137736"><ele>24</ele><time>2026-06-11T04:59:48.000Z</time><extensions><gpxtpx:TrackPointExtension><gpxtpx:hr>127</gpxtpx:hr></gpxtpx:TrackPointExtension></extensions></trkpt>
      <trkpt lat="49.275353" lon="-123.137709"><ele>24</ele><time>2026-06-11T04:59:49.000Z</time><extensions><gpxtpx:TrackPointExtension><gpxtpx:hr>127</gpxtpx:hr></gpxtpx:TrackPointExtension></extensions></trkpt>
      <trkpt lat="49.275361" lon="-123.137675"><ele>24</ele><time>2026-06-11T04:59:50.000Z</time><extensions><gpxtpx:TrackPointExtension><gpxtpx:hr>127</gpxtpx:hr></gpxtpx:TrackPointExtension></extensions></trkpt>
      <trkpt lat="49.275371" lon="-123.137652"><ele>24.2</ele><time>2026-06-11T04:59:51.000Z</time><extensions><gpxtpx:TrackPointExtension><gpxtpx:hr>127</gpxtpx:hr></gpxtpx:TrackPointExtension></extensions></trkpt>
      <trkpt lat="49.27538" lon="-123.13762"><ele>24.2</ele><time>2026-06-11T04:59:52.000Z</time><extensions><gpxtpx:TrackPointExtension><gpxtpx:hr>127</gpxtpx:hr></gpxtpx:TrackPointExtension></extensions></trkpt>
      <trkpt lat="49.275389" lon="-123.137598"><ele>24.4</ele><time>2026-06-11T04:59:53.000Z</time><extensions><gpxtpx:TrackPointExtension><gpxtpx:hr>127</gpxtpx:hr></gpxtpx:TrackPointExtension></extensions></trkpt>
      <trkpt lat="49.275399" lon="-123.137566"><ele>24.4</ele><time>2026-06-11T04:59:54.000Z</time><extensions><gpxtpx:TrackPointExtension><gpxtpx:hr>128</gpxtpx:hr></gpxtpx:TrackPointExtension></extensions></trkpt>
      <trkpt lat="49.275407" lon="-123.137546"><ele>24.6</ele><time>2026-06-11T04:59:55.000Z</time><extensions><gpxtpx:TrackPointExtension><gpxtpx:hr>128</gpxtpx:hr></gpxtpx:TrackPointExtension></extensions></trkpt>
      <trkpt lat="49.275417" lon="-123.137519"><ele>24.6</ele><time>2026-06-11T04:59:56.000Z</time><extensions><gpxtpx:TrackPointExtension><gpxtpx:hr>128</gpxtpx:hr></gpxtpx:TrackPointExtension></extensions></trkpt>
      <trkpt lat="49.275427" lon="-123.137487"><ele>24.8</ele><time>2026-06-11T04:59:57.000Z</time><extensions><gpxtpx:TrackPointExtension><gpxtpx:hr>128</gpxtpx:hr></gpxtpx:TrackPointExtension></extensions></trkpt>
      <trkpt lat="49.275436" lon="-123.137461"><ele>24.6</ele><time>2026-06-11T04:59:58.000Z</time><extensions><gpxtpx:TrackPointExtension><gpxtpx:hr>128</gpxtpx:hr></gpxtpx:TrackPointExtension></extensions></trkpt>
      <trkpt lat="49.275444" lon="-123.137422"><ele>24.6</ele><time>2026-06-11T04:59:59.000Z</time><extensions><gpxtpx:TrackPointExtension><gpxtpx:hr>128</gpxtpx:hr></gpxtpx:TrackPointExtension></extensions></trkpt>
      <trkpt lat="49.275451" lon="-123.137395"><ele>24.6</ele><time>2026-06-11T05:00:00.000Z</time><extensions><gpxtpx:TrackPointExtension><gpxtpx:hr>128</gpxtpx:hr></gpxtpx:TrackPointExtension></extensions></trkpt>
      <trkpt lat="49.275462" lon="-123.137356"><ele>24.6</ele><time>2026-06-11T05:00:01.000Z</time><extensions><gpxtpx:TrackPointExtension><gpxtpx:hr>129</gpxtpx:hr></gpxtpx:TrackPointExtension></extensions></trkpt>
      <trkpt lat="49.275471" lon="-123.137329"><ele>24.4</ele><time>2026-06-11T05:00:02.000Z</time><extensions><gpxtpx:TrackPointExtension><gpxtpx:hr>128</gpxtpx:hr></gpxtpx:TrackPointExtension></extensions></trkpt>
      <trkpt lat="49.27548" lon="-123.137295"><ele>24.4</ele><time>2026-06-11T05:00:03.000Z</time><extensions><gpxtpx:TrackPointExtension><gpxtpx:hr>128</gpxtpx:hr></gpxtpx:TrackPointExtension></extensions></trkpt>
      <trkpt lat="49.275491" lon="-123.137273"><ele>24.6</ele><time>2026-06-11T05:00:04.000Z</time><extensions><gpxtpx:TrackPointExtension><gpxtpx:hr>128</gpxtpx:hr></gpxtpx:TrackPointExtension></extensions></trkpt>
      <trkpt lat="49.275503" lon="-123.137235"><ele>24.6</ele><time>2026-06-11T05:00:05.000Z</time><extensions><gpxtpx:TrackPointExtension><gpxtpx:hr>128</gpxtpx:hr></gpxtpx:TrackPointExtension></extensions></trkpt>
      <trkpt lat="49.275514" lon="-123.137213"><ele>24.6</ele><time>2026-06-11T05:00:06.000Z</time><extensions><gpxtpx:TrackPointExtension><gpxtpx:hr>128</gpxtpx:hr></gpxtpx:TrackPointExtension></extensions></trkpt>
      <trkpt lat="49.275523" lon="-123.137177"><ele>24.6</ele><time>2026-06-11T05:00:07.000Z</time><extensions><gpxtpx:TrackPointExtension><gpxtpx:hr>128</gpxtpx:hr></gpxtpx:TrackPointExtension></extensions></trkpt>
      <trkpt lat="49.275533" lon="-123.13715"><ele>24.6</ele><time>2026-06-11T05:00:08.000Z</time><extensions><gpxtpx:TrackPointExtension><gpxtpx:hr>128</gpxtpx:hr></gpxtpx:TrackPointExtension></extensions></trkpt>
      <trkpt lat="49.27554" lon="-123.137118"><ele>24.8</ele><time>2026-06-11T05:00:09.000Z</time><extensions><gpxtpx:TrackPointExtension><gpxtpx:hr>129</gpxtpx:hr></gpxtpx:TrackPointExtension></extensions></trkpt>
      <trkpt lat="49.275549" lon="-123.137085"><ele>24.8</ele><time>2026-06-11T05:00:10.000Z</time><extensions><gpxtpx:TrackPointExtension><gpxtpx:hr>129</gpxtpx:hr></gpxtpx:TrackPointExtension></extensions></trkpt>
      <trkpt lat="49.275563" lon="-123.137048"><ele>24.8</ele><time>2026-06-11T05:00:11.000Z</time><extensions><gpxtpx:TrackPointExtension><gpxtpx:hr>129</gpxtpx:hr></gpxtpx:TrackPointExtension></extensions></trkpt>
      <trkpt lat="49.275574" lon="-123.137014"><ele>24.8</ele><time>2026-06-11T05:00:12.000Z</time><extensions><gpxtpx:TrackPointExtension><gpxtpx:hr>129</gpxtpx:hr></gpxtpx:TrackPointExtension></extensions></trkpt>
      <trkpt lat="49.275587" lon="-123.136984"><ele>24.8</ele><time>2026-06-11T05:00:13.000Z</time><extensions><gpxtpx:TrackPointExtension><gpxtpx:hr>130</gpxtpx:hr></gpxtpx:TrackPointExtension></extensions></trkpt>
      <trkpt lat="49.275596" lon="-123.136942"><ele>24.8</ele><time>2026-06-11T05:00:14.000Z</time><extensions><gpxtpx:TrackPointExtension><gpxtpx:hr>129</gpxtpx:hr></gpxtpx:TrackPointExtension></extensions></trkpt>
      <trkpt lat="49.275609" lon="-123.136912"><ele>24.8</ele><time>2026-06-11T05:00:15.000Z</time><extensions><gpxtpx:TrackPointExtension><gpxtpx:hr>129</gpxtpx:hr></gpxtpx:TrackPointExtension></extensions></trkpt>
      <trkpt lat="49.275623" lon="-123.136873"><ele>24.8</ele><time>2026-06-11T05:00:16.000Z</time><extensions><gpxtpx:TrackPointExtension><gpxtpx:hr>129</gpxtpx:hr></gpxtpx:TrackPointExtension></extensions></trkpt>
      <trkpt lat="49.275634" lon="-123.136844"><ele>25</ele><time>2026-06-11T05:00:17.000Z</time><extensions><gpxtpx:TrackPointExtension><gpxtpx:hr>129</gpxtpx:hr></gpxtpx:TrackPointExtension></extensions></trkpt>
      <trkpt lat="49.275645" lon="-123.136798"><ele>25</ele><time>2026-06-11T05:00:18.000Z</time><extensions><gpxtpx:TrackPointExtension><gpxtpx:hr>129</gpxtpx:hr></gpxtpx:TrackPointExtension></extensions></trkpt>
      <trkpt lat="49.275657" lon="-123.136768"><ele>25</ele><time>2026-06-11T05:00:19.000Z</time><extensions><gpxtpx:TrackPointExtension><gpxtpx:hr>129</gpxtpx:hr></gpxtpx:TrackPointExtension></extensions></trkpt>
      <trkpt lat="49.27567" lon="-123.136725"><ele>25</ele><time>2026-06-11T05:00:20.000Z</time><extensions><gpxtpx:TrackPointExtension><gpxtpx:hr>130</gpxtpx:hr></gpxtpx:TrackPointExtension></extensions></trkpt>
      <trkpt lat="49.275681" lon="-123.136697"><ele>24.8</ele><time>2026-06-11T05:00:21.000Z</time><extensions><gpxtpx:TrackPointExtension><gpxtpx:hr>130</gpxtpx:hr></gpxtpx:TrackPointExtension></extensions></trkpt>
      <trkpt lat="49.275695" lon="-123.136655"><ele>24.8</ele><time>2026-06-11T05:00:22.000Z</time><extensions><gpxtpx:TrackPointExtension><gpxtpx:hr>130</gpxtpx:hr></gpxtpx:TrackPointExtension></extensions></trkpt>
      <trkpt lat="49.275706" lon="-123.136617"><ele>24.8</ele><time>2026-06-11T05:00:23.000Z</time><extensions><gpxtpx:TrackPointExtension><gpxtpx:hr>130</gpxtpx:hr></gpxtpx:TrackPointExtension></extensions></trkpt>
      <trkpt lat="49.275718" lon="-123.136582"><ele>24.8</ele><time>2026-06-11T05:00:24.000Z</time><extensions><gpxtpx:TrackPointExtension><gpxtpx:hr>130</gpxtpx:hr></gpxtpx:TrackPointExtension></extensions></trkpt>
      <trkpt lat="49.275727" lon="-123.136544"><ele>24.6</ele><time>2026-06-11T05:00:25.000Z</time><extensions><gpxtpx:TrackPointExtension><gpxtpx:hr>130</gpxtpx:hr></gpxtpx:TrackPointExtension></extensions></trkpt>
      <trkpt lat="49.27574" lon="-123.136512"><ele>24.6</ele><time>2026-06-11T05:00:26.000Z</time><extensions><gpxtpx:TrackPointExtension><gpxtpx:hr>131</gpxtpx:hr></gpxtpx:TrackPointExtension></extensions></trkpt>
      <trkpt lat="49.275751" lon="-123.136475"><ele>24.6</ele><time>2026-06-11T05:00:27.000Z</time><extensions><gpxtpx:TrackPointExtension><gpxtpx:hr>131</gpxtpx:hr></gpxtpx:TrackPointExtension></extensions></trkpt>
      <trkpt lat="49.275763" lon="-123.136444"><ele>24.6</ele><time>2026-06-11T05:00:28.000Z</time><extensions><gpxtpx:TrackPointExtension><gpxtpx:hr>131</gpxtpx:hr></gpxtpx:TrackPointExtension></extensions></trkpt>
      <trkpt lat="49.275768" lon="-123.136407"><ele>24.6</ele><time>2026-06-11T05:00:29.000Z</time><extensions><gpxtpx:TrackPointExtension><gpxtpx:hr>131</gpxtpx:hr></gpxtpx:TrackPointExtension></extensions></trkpt>
      <trkpt lat="49.275778" lon="-123.136386"><ele>24.4</ele><time>2026-06-11T05:00:30.000Z</time><extensions><gpxtpx:TrackPointExtension><gpxtpx:hr>131</gpxtpx:hr></gpxtpx:TrackPointExtension></extensions></trkpt>
      <trkpt lat="49.275789" lon="-123.136347"><ele>24.4</ele><time>2026-06-11T05:00:31.000Z</time><extensions><gpxtpx:TrackPointExtension><gpxtpx:hr>130</gpxtpx:hr></gpxtpx:TrackPointExtension></extensions></trkpt>
      <trkpt lat="49.275799" lon="-123.136318"><ele>24.2</ele><time>2026-06-11T05:00:32.000Z</time><extensions><gpxtpx:TrackPointExtension><gpxtpx:hr>131</gpxtpx:hr></gpxtpx:TrackPointExtension></extensions></trkpt>
      <trkpt lat="49.275809" lon="-123.136298"><ele>24.2</ele><time>2026-06-11T05:00:33.000Z</time><extensions><gpxtpx:TrackPointExtension><gpxtpx:hr>131</gpxtpx:hr></gpxtpx:TrackPointExtension></extensions></trkpt>
      <trkpt lat="49.275821" lon="-123.136264"><ele>24</ele><time>2026-06-11T05:00:34.000Z</time><extensions><gpxtpx:TrackPointExtension><gpxtpx:hr>130</gpxtpx:hr></gpxtpx:TrackPointExtension></extensions></trkpt>
      <trkpt lat="49.275831" lon="-123.13623"><ele>24</ele><time>2026-06-11T05:00:35.000Z</time><extensions><gpxtpx:TrackPointExtension><gpxtpx:hr>130</gpxtpx:hr></gpxtpx:TrackPointExtension></extensions></trkpt>
      <trkpt lat="49.275838" lon="-123.136181"><ele>24</ele><time>2026-06-11T05:00:36.000Z</time><extensions><gpxtpx:TrackPointExtension><gpxtpx:hr>130</gpxtpx:hr></gpxtpx:TrackPointExtension></extensions></trkpt>
      <trkpt lat="49.275847" lon="-123.136152"><ele>24</ele><time>2026-06-11T05:00:37.000Z</time><extensions><gpxtpx:TrackPointExtension><gpxtpx:hr>130</gpxtpx:hr></gpxtpx:TrackPointExtension></extensions></trkpt>
      <trkpt lat="49.275862" lon="-123.136107"><ele>23.8</ele><time>2026-06-11T05:00:38.000Z</time><extensions><gpxtpx:TrackPointExtension><gpxtpx:hr>130</gpxtpx:hr></gpxtpx:TrackPointExtension></extensions></trkpt>
      <trkpt lat="49.275873" lon="-123.136083"><ele>23.6</ele><time>2026-06-11T05:00:39.000Z</time><extensions><gpxtpx:TrackPointExtension><gpxtpx:hr>131</gpxtpx:hr></gpxtpx:TrackPointExtension></extensions></trkpt>
      <trkpt lat="49.275882" lon="-123.136049"><ele>23.6</ele><time>2026-06-11T05:00:40.000Z</time><extensions><gpxtpx:TrackPointExtension><gpxtpx:hr>130</gpxtpx:hr></gpxtpx:TrackPointExtension></extensions></trkpt>
      <trkpt lat="49.275892" lon="-123.136015"><ele>23.4</ele><time>2026-06-11T05:00:41.000Z</time><extensions><gpxtpx:TrackPointExtension><gpxtpx:hr>130</gpxtpx:hr></gpxtpx:TrackPointExtension></extensions></trkpt>
      <trkpt lat="49.275905" lon="-123.135984"><ele>23.2</ele><time>2026-06-11T05:00:42.000Z</time><extensions><gpxtpx:TrackPointExtension><gpxtpx:hr>130</gpxtpx:hr></gpxtpx:TrackPointExtension></extensions></trkpt>
      <trkpt lat="49.275916" lon="-123.135944"><ele>23.2</ele><time>2026-06-11T05:00:43.000Z</time><extensions><gpxtpx:TrackPointExtension><gpxtpx:hr>130</gpxtpx:hr></gpxtpx:TrackPointExtension></extensions></trkpt>
      <trkpt lat="49.275929" lon="-123.135915"><ele>23</ele><time>2026-06-11T05:00:44.000Z</time><extensions><gpxtpx:TrackPointExtension><gpxtpx:hr>130</gpxtpx:hr></gpxtpx:TrackPointExtension></extensions></trkpt>
      <trkpt lat="49.275942" lon="-123.135872"><ele>23</ele><time>2026-06-11T05:00:45.000Z</time><extensions><gpxtpx:TrackPointExtension><gpxtpx:hr>131</gpxtpx:hr></gpxtpx:TrackPointExtension></extensions></trkpt>
      <trkpt lat="49.275954" lon="-123.135843"><ele>23</ele><time>2026-06-11T05:00:46.000Z</time><extensions><gpxtpx:TrackPointExtension><gpxtpx:hr>130</gpxtpx:hr></gpxtpx:TrackPointExtension></extensions></trkpt>
      <trkpt lat="49.275965" lon="-123.135801"><ele>22.8</ele><time>2026-06-11T05:00:47.000Z</time><extensions><gpxtpx:TrackPointExtension><gpxtpx:hr>130</gpxtpx:hr></gpxtpx:TrackPointExtension></extensions></trkpt>
      <trkpt lat="49.275977" lon="-123.135773"><ele>22.6</ele><time>2026-06-11T05:00:48.000Z</time><extensions><gpxtpx:TrackPointExtension><gpxtpx:hr>130</gpxtpx:hr></gpxtpx:TrackPointExtension></extensions></trkpt>
      <trkpt lat="49.275991" lon="-123.135736"><ele>22.6</ele><time>2026-06-11T05:00:49.000Z</time><extensions><gpxtpx:TrackPointExtension><gpxtpx:hr>130</gpxtpx:hr></gpxtpx:TrackPointExtension></extensions></trkpt>
      <trkpt lat="49.276002" lon="-123.135704"><ele>22.4</ele><time>2026-06-11T05:00:50.000Z</time><extensions><gpxtpx:TrackPointExtension><gpxtpx:hr>130</gpxtpx:hr></gpxtpx:TrackPointExtension></extensions></trkpt>
      <trkpt lat="49.276015" lon="-123.135669"><ele>22.4</ele><time>2026-06-11T05:00:51.000Z</time><extensions><gpxtpx:TrackPointExtension><gpxtpx:hr>129</gpxtpx:hr></gpxtpx:TrackPointExtension></extensions></trkpt>
      <trkpt lat="49.276024" lon="-123.135628"><ele>22.2</ele><time>2026-06-11T05:00:52.000Z</time><extensions><gpxtpx:TrackPointExtension><gpxtpx:hr>129</gpxtpx:hr></gpxtpx:TrackPointExtension></extensions></trkpt>
      <trkpt lat="49.276035" lon="-123.135595"><ele>22.2</ele><time>2026-06-11T05:00:53.000Z</time><extensions><gpxtpx:TrackPointExtension><gpxtpx:hr>127</gpxtpx:hr></gpxtpx:TrackPointExtension></extensions></trkpt>
      <trkpt lat="49.276047" lon="-123.135556"><ele>22</ele><time>2026-06-11T05:00:54.000Z</time><extensions><gpxtpx:TrackPointExtension><gpxtpx:hr>126</gpxtpx:hr></gpxtpx:TrackPointExtension></extensions></trkpt>
      <trkpt lat="49.276057" lon="-123.135529"><ele>22</ele><time>2026-06-11T05:00:55.000Z</time><extensions><gpxtpx:TrackPointExtension><gpxtpx:hr>126</gpxtpx:hr></gpxtpx:TrackPointExtension></extensions></trkpt>
      <trkpt lat="49.276069" lon="-123.135484"><ele>21.8</ele><time>2026-06-11T05:00:56.000Z</time><extensions><gpxtpx:TrackPointExtension><gpxtpx:hr>126</gpxtpx:hr></gpxtpx:TrackPointExtension></extensions></trkpt>
      <trkpt lat="49.276081" lon="-123.135454"><ele>21.6</ele><time>2026-06-11T05:00:57.000Z</time><extensions><gpxtpx:TrackPointExtension><gpxtpx:hr>126</gpxtpx:hr></gpxtpx:TrackPointExtension></extensions></trkpt>
      <trkpt lat="49.276095" lon="-123.135413"><ele>21.6</ele><time>2026-06-11T05:00:58.000Z</time><extensions><gpxtpx:TrackPointExtension><gpxtpx:hr>127</gpxtpx:hr></gpxtpx:TrackPointExtension></extensions></trkpt>
      <trkpt lat="49.276111" lon="-123.135382"><ele>21.4</ele><time>2026-06-11T05:00:59.000Z</time><extensions><gpxtpx:TrackPointExtension><gpxtpx:hr>127</gpxtpx:hr></gpxtpx:TrackPointExtension></extensions></trkpt>
      <trkpt lat="49.276122" lon="-123.135341"><ele>21.4</ele><time>2026-06-11T05:01:00.000Z</time><extensions><gpxtpx:TrackPointExtension><gpxtpx:hr>127</gpxtpx:hr></gpxtpx:TrackPointExtension></extensions></trkpt>
      <trkpt lat="49.276133" lon="-123.135311"><ele>21.2</ele><time>2026-06-11T05:01:01.000Z</time><extensions><gpxtpx:TrackPointExtension><gpxtpx:hr>126</gpxtpx:hr></gpxtpx:TrackPointExtension></extensions></trkpt>
      <trkpt lat="49.276145" lon="-123.135272"><ele>21.2</ele><time>2026-06-11T05:01:02.000Z</time><extensions><gpxtpx:TrackPointExtension><gpxtpx:hr>127</gpxtpx:hr></gpxtpx:TrackPointExtension></extensions></trkpt>
      <trkpt lat="49.276152" lon="-123.13524"><ele>21.2</ele><time>2026-06-11T05:01:03.000Z</time><extensions><gpxtpx:TrackPointExtension><gpxtpx:hr>127</gpxtpx:hr></gpxtpx:TrackPointExtension></extensions></trkpt>
      <trkpt lat="49.276165" lon="-123.135206"><ele>21.2</ele><time>2026-06-11T05:01:04.000Z</time><extensions><gpxtpx:TrackPointExtension><gpxtpx:hr>126</gpxtpx:hr></gpxtpx:TrackPointExtension></extensions></trkpt>
      <trkpt lat="49.276178" lon="-123.135169"><ele>21</ele><time>2026-06-11T05:01:05.000Z</time><extensions><gpxtpx:TrackPointExtension><gpxtpx:hr>127</gpxtpx:hr></gpxtpx:TrackPointExtension></extensions></trkpt>
      <trkpt lat="49.27619" lon="-123.135139"><ele>21</ele><time>2026-06-11T05:01:06.000Z</time><extensions><gpxtpx:TrackPointExtension><gpxtpx:hr>127</gpxtpx:hr></gpxtpx:TrackPointExtension></extensions></trkpt>
      <trkpt lat="49.276199" lon="-123.135096"><ele>21</ele><time>2026-06-11T05:01:07.000Z</time><extensions><gpxtpx:TrackPointExtension><gpxtpx:hr>126</gpxtpx:hr></gpxtpx:TrackPointExtension></extensions></trkpt>
      <trkpt lat="49.276209" lon="-123.135071"><ele>20.8</ele><time>2026-06-11T05:01:08.000Z</time><extensions><gpxtpx:TrackPointExtension><gpxtpx:hr>127</gpxtpx:hr></gpxtpx:TrackPointExtension></extensions></trkpt>
      <trkpt lat="49.276221" lon="-123.135033"><ele>20.8</ele><time>2026-06-11T05:01:09.000Z</time><extensions><gpxtpx:TrackPointExtension><gpxtpx:hr>127</gpxtpx:hr></gpxtpx:TrackPointExtension></extensions></trkpt>
      <trkpt lat="49.27623" lon="-123.135002"><ele>20.8</ele><time>2026-06-11T05:01:10.000Z</time><extensions><gpxtpx:TrackPointExtension><gpxtpx:hr>127</gpxtpx:hr></gpxtpx:TrackPointExtension></extensions></trkpt>
      <trkpt lat="49.276241" lon="-123.134963"><ele>20.8</ele><time>2026-06-11T05:01:11.000Z</time><extensions><gpxtpx:TrackPointExtension><gpxtpx:hr>127</gpxtpx:hr></gpxtpx:TrackPointExtension></extensions></trkpt>
      <trkpt lat="49.276254" lon="-123.134931"><ele>20.6</ele><time>2026-06-11T05:01:12.000Z</time><extensions><gpxtpx:TrackPointExtension><gpxtpx:hr>127</gpxtpx:hr></gpxtpx:TrackPointExtension></extensions></trkpt>
      <trkpt lat="49.276265" lon="-123.134895"><ele>20.6</ele><time>2026-06-11T05:01:13.000Z</time><extensions><gpxtpx:TrackPointExtension><gpxtpx:hr>127</gpxtpx:hr></gpxtpx:TrackPointExtension></extensions></trkpt>
      <trkpt lat="49.276275" lon="-123.134865"><ele>20.4</ele><time>2026-06-11T05:01:14.000Z</time><extensions><gpxtpx:TrackPointExtension><gpxtpx:hr>127</gpxtpx:hr></gpxtpx:TrackPointExtension></extensions></trkpt>
      <trkpt lat="49.276285" lon="-123.13483"><ele>20.2</ele><time>2026-06-11T05:01:15.000Z</time><extensions><gpxtpx:TrackPointExtension><gpxtpx:hr>127</gpxtpx:hr></gpxtpx:TrackPointExtension></extensions></trkpt>
      <trkpt lat="49.276294" lon="-123.134796"><ele>20.2</ele><time>2026-06-11T05:01:16.000Z</time><extensions><gpxtpx:TrackPointExtension><gpxtpx:hr>128</gpxtpx:hr></gpxtpx:TrackPointExtension></extensions></trkpt>
      <trkpt lat="49.276301" lon="-123.134762"><ele>20</ele><time>2026-06-11T05:01:17.000Z</time><extensions><gpxtpx:TrackPointExtension><gpxtpx:hr>127</gpxtpx:hr></gpxtpx:TrackPointExtension></extensions></trkpt>
      <trkpt lat="49.27631" lon="-123.134721"><ele>20</ele><time>2026-06-11T05:01:18.000Z</time><extensions><gpxtpx:TrackPointExtension><gpxtpx:hr>127</gpxtpx:hr></gpxtpx:TrackPointExtension></extensions></trkpt>
      <trkpt lat="49.276321" lon="-123.134695"><ele>20</ele><time>2026-06-11T05:01:19.000Z</time><extensions><gpxtpx:TrackPointExtension><gpxtpx:hr>128</gpxtpx:hr></gpxtpx:TrackPointExtension></extensions></trkpt>
      <trkpt lat="49.276331" lon="-123.134649"><ele>19.8</ele><time>2026-06-11T05:01:20.000Z</time><extensions><gpxtpx:TrackPointExtension><gpxtpx:hr>127</gpxtpx:hr></gpxtpx:TrackPointExtension></extensions></trkpt>
      <trkpt lat="49.276337" lon="-123.134626"><ele>19.8</ele><time>2026-06-11T05:01:21.000Z</time><extensions><gpxtpx:TrackPointExtension><gpxtpx:hr>127</gpxtpx:hr></gpxtpx:TrackPointExtension></extensions></trkpt>
      <trkpt lat="49.276348" lon="-123.134583"><ele>19.6</ele><time>2026-06-11T05:01:22.000Z</time><extensions><gpxtpx:TrackPointExtension><gpxtpx:hr>128</gpxtpx:hr></gpxtpx:TrackPointExtension></extensions></trkpt>
      <trkpt lat="49.276357" lon="-123.134556"><ele>19.6</ele><time>2026-06-11T05:01:23.000Z</time><extensions><gpxtpx:TrackPointExtension><gpxtpx:hr>127</gpxtpx:hr></gpxtpx:TrackPointExtension></extensions></trkpt>
      <trkpt lat="49.276378" lon="-123.134532"><ele>19.6</ele><time>2026-06-11T05:01:24.000Z</time><extensions><gpxtpx:TrackPointExtension><gpxtpx:hr>127</gpxtpx:hr></gpxtpx:TrackPointExtension></extensions></trkpt>
      <trkpt lat="49.276396" lon="-123.134502"><ele>19.4</ele><time>2026-06-11T05:01:25.000Z</time><extensions><gpxtpx:TrackPointExtension><gpxtpx:hr>128</gpxtpx:hr></gpxtpx:TrackPointExtension></extensions></trkpt>
      <trkpt lat="49.276411" lon="-123.134476"><ele>19.4</ele><time>2026-06-11T05:01:26.000Z</time><extensions><gpxtpx:TrackPointExtension><gpxtpx:hr>127</gpxtpx:hr></gpxtpx:TrackPointExtension></extensions></trkpt>
      <trkpt lat="49.276421" lon="-123.134437"><ele>19.4</ele><time>2026-06-11T05:01:27.000Z</time><extensions><gpxtpx:TrackPointExtension><gpxtpx:hr>127</gpxtpx:hr></gpxtpx:TrackPointExtension></extensions></trkpt>
      <trkpt lat="49.276431" lon="-123.134405"><ele>19.2</ele><time>2026-06-11T05:01:28.000Z</time><extensions><gpxtpx:TrackPointExtension><gpxtpx:hr>128</gpxtpx:hr></gpxtpx:TrackPointExtension></extensions></trkpt>
      <trkpt lat="49.276449" lon="-123.134366"><ele>19</ele><time>2026-06-11T05:01:29.000Z</time><extensions><gpxtpx:TrackPointExtension><gpxtpx:hr>127</gpxtpx:hr></gpxtpx:TrackPointExtension></extensions></trkpt>
      <trkpt lat="49.276463" lon="-123.134331"><ele>19</ele><time>2026-06-11T05:01:30.000Z</time><extensions><gpxtpx:TrackPointExtension><gpxtpx:hr>127</gpxtpx:hr></gpxtpx:TrackPointExtension></extensions></trkpt>
      <trkpt lat="49.276468" lon="-123.134316"><ele>19</ele><time>2026-06-11T05:01:31.000Z</time><extensions><gpxtpx:TrackPointExtension><gpxtpx:hr>127</gpxtpx:hr></gpxtpx:TrackPointExtension></extensions></trkpt>
      <trkpt lat="49.276486" lon="-123.134255"><ele>19</ele><time>2026-06-11T05:02:19.000Z</time><extensions><gpxtpx:TrackPointExtension><gpxtpx:hr>103</gpxtpx:hr></gpxtpx:TrackPointExtension></extensions></trkpt>
      <trkpt lat="49.276493" lon="-123.134226"><ele>18.8</ele><time>2026-06-11T05:02:20.000Z</time><extensions><gpxtpx:TrackPointExtension><gpxtpx:hr>103</gpxtpx:hr></gpxtpx:TrackPointExtension></extensions></trkpt>
      <trkpt lat="49.276519" lon="-123.134158"><ele>18.6</ele><time>2026-06-11T05:02:22.000Z</time><extensions><gpxtpx:TrackPointExtension><gpxtpx:hr>104</gpxtpx:hr></gpxtpx:TrackPointExtension></extensions></trkpt>
      <trkpt lat="49.276528" lon="-123.134115"><ele>18.4</ele><time>2026-06-11T05:02:23.000Z</time><extensions><gpxtpx:TrackPointExtension><gpxtpx:hr>104</gpxtpx:hr></gpxtpx:TrackPointExtension></extensions></trkpt>
      <trkpt lat="49.276538" lon="-123.134084"><ele>18.2</ele><time>2026-06-11T05:02:24.000Z</time><extensions><gpxtpx:TrackPointExtension><gpxtpx:hr>103</gpxtpx:hr></gpxtpx:TrackPointExtension></extensions></trkpt>
      <trkpt lat="49.276548" lon="-123.134045"><ele>18.2</ele><time>2026-06-11T05:02:25.000Z</time><extensions><gpxtpx:TrackPointExtension><gpxtpx:hr>103</gpxtpx:hr></gpxtpx:TrackPointExtension></extensions></trkpt>
      <trkpt lat="49.276557" lon="-123.134001"><ele>18</ele><time>2026-06-11T05:02:26.000Z</time><extensions><gpxtpx:TrackPointExtension><gpxtpx:hr>102</gpxtpx:hr></gpxtpx:TrackPointExtension></extensions></trkpt>
      <trkpt lat="49.276575" lon="-123.13397"><ele>17.8</ele><time>2026-06-11T05:02:27.000Z</time><extensions><gpxtpx:TrackPointExtension><gpxtpx:hr>102</gpxtpx:hr></gpxtpx:TrackPointExtension></extensions></trkpt>
      <trkpt lat="49.276591" lon="-123.133926"><ele>17.8</ele><time>2026-06-11T05:02:28.000Z</time><extensions><gpxtpx:TrackPointExtension><gpxtpx:hr>103</gpxtpx:hr></gpxtpx:TrackPointExtension></extensions></trkpt>
      <trkpt lat="49.276601" lon="-123.133891"><ele>17.6</ele><time>2026-06-11T05:02:29.000Z</time><extensions><gpxtpx:TrackPointExtension><gpxtpx:hr>102</gpxtpx:hr></gpxtpx:TrackPointExtension></extensions></trkpt>
      <trkpt lat="49.276613" lon="-123.133854"><ele>17.4</ele><time>2026-06-11T05:02:30.000Z</time><extensions><gpxtpx:TrackPointExtension><gpxtpx:hr>102</gpxtpx:hr></gpxtpx:TrackPointExtension></extensions></trkpt>
      <trkpt lat="49.276627" lon="-123.133816"><ele>17.2</ele><time>2026-06-11T05:02:31.000Z</time><extensions><gpxtpx:TrackPointExtension><gpxtpx:hr>103</gpxtpx:hr></gpxtpx:TrackPointExtension></extensions></trkpt>
      <trkpt lat="49.276637" lon="-123.133781"><ele>17.2</ele><time>2026-06-11T05:02:32.000Z</time><extensions><gpxtpx:TrackPointExtension><gpxtpx:hr>103</gpxtpx:hr></gpxtpx:TrackPointExtension></extensions></trkpt>
      <trkpt lat="49.276656" lon="-123.133741"><ele>17.2</ele><time>2026-06-11T05:02:33.000Z</time><extensions><gpxtpx:TrackPointExtension><gpxtpx:hr>104</gpxtpx:hr></gpxtpx:TrackPointExtension></extensions></trkpt>
      <trkpt lat="49.276667" lon="-123.133712"><ele>17</ele><time>2026-06-11T05:02:34.000Z</time><extensions><gpxtpx:TrackPointExtension><gpxtpx:hr>104</gpxtpx:hr></gpxtpx:TrackPointExtension></extensions></trkpt>
      <trkpt lat="49.276679" lon="-123.133671"><ele>17</ele><time>2026-06-11T05:02:35.000Z</time><extensions><gpxtpx:TrackPointExtension><gpxtpx:hr>105</gpxtpx:hr></gpxtpx:TrackPointExtension></extensions></trkpt>
      <trkpt lat="49.276687" lon="-123.133642"><ele>17</ele><time>2026-06-11T05:02:36.000Z</time><extensions><gpxtpx:TrackPointExtension><gpxtpx:hr>105</gpxtpx:hr></gpxtpx:TrackPointExtension></extensions></trkpt>
      <trkpt lat="49.276701" lon="-123.133601"><ele>17</ele><time>2026-06-11T05:02:37.000Z</time><extensions><gpxtpx:TrackPointExtension><gpxtpx:hr>105</gpxtpx:hr></gpxtpx:TrackPointExtension></extensions></trkpt>
      <trkpt lat="49.276709" lon="-123.133572"><ele>16.8</ele><time>2026-06-11T05:02:38.000Z</time><extensions><gpxtpx:TrackPointExtension><gpxtpx:hr>106</gpxtpx:hr></gpxtpx:TrackPointExtension></extensions></trkpt>
      <trkpt lat="49.276717" lon="-123.133535"><ele>16.8</ele><time>2026-06-11T05:02:39.000Z</time><extensions><gpxtpx:TrackPointExtension><gpxtpx:hr>106</gpxtpx:hr></gpxtpx:TrackPointExtension></extensions></trkpt>
      <trkpt lat="49.276728" lon="-123.133503"><ele>16.6</ele><time>2026-06-11T05:02:40.000Z</time><extensions><gpxtpx:TrackPointExtension><gpxtpx:hr>106</gpxtpx:hr></gpxtpx:TrackPointExtension></extensions></trkpt>
      <trkpt lat="49.276739" lon="-123.133464"><ele>16.6</ele><time>2026-06-11T05:02:41.000Z</time><extensions><gpxtpx:TrackPointExtension><gpxtpx:hr>106</gpxtpx:hr></gpxtpx:TrackPointExtension></extensions></trkpt>
      <trkpt lat="49.27675" lon="-123.13343"><ele>16.4</ele><time>2026-06-11T05:02:42.000Z</time><extensions><gpxtpx:TrackPointExtension><gpxtpx:hr>107</gpxtpx:hr></gpxtpx:TrackPointExtension></extensions></trkpt>
      <trkpt lat="49.276763" lon="-123.133414"><ele>16.4</ele><time>2026-06-11T05:02:43.000Z</time><extensions><gpxtpx:TrackPointExtension><gpxtpx:hr>107</gpxtpx:hr></gpxtpx:TrackPointExtension></extensions></trkpt>
      <trkpt lat="49.276779" lon="-123.133377"><ele>16.2</ele><time>2026-06-11T05:02:44.000Z</time><extensions><gpxtpx:TrackPointExtension><gpxtpx:hr>107</gpxtpx:hr></gpxtpx:TrackPointExtension></extensions></trkpt>
      <trkpt lat="49.276788" lon="-123.133355"><ele>16.2</ele><time>2026-06-11T05:02:45.000Z</time><extensions><gpxtpx:TrackPointExtension><gpxtpx:hr>107</gpxtpx:hr></gpxtpx:TrackPointExtension></extensions></trkpt>
      <trkpt lat="49.276793" lon="-123.133307"><ele>16.2</ele><time>2026-06-11T05:02:46.000Z</time><extensions><gpxtpx:TrackPointExtension><gpxtpx:hr>108</gpxtpx:hr></gpxtpx:TrackPointExtension></extensions></trkpt>
      <trkpt lat="49.2768" lon="-123.133277"><ele>16</ele><time>2026-06-11T05:02:47.000Z</time><extensions><gpxtpx:TrackPointExtension><gpxtpx:hr>108</gpxtpx:hr></gpxtpx:TrackPointExtension></extensions></trkpt>
      <trkpt lat="49.276814" lon="-123.133246"><ele>16</ele><time>2026-06-11T05:02:48.000Z</time><extensions><gpxtpx:TrackPointExtension><gpxtpx:hr>108</gpxtpx:hr></gpxtpx:TrackPointExtension></extensions></trkpt>
      <trkpt lat="49.276829" lon="-123.133214"><ele>16</ele><time>2026-06-11T05:02:49.000Z</time><extensions><gpxtpx:TrackPointExtension><gpxtpx:hr>108</gpxtpx:hr></gpxtpx:TrackPointExtension></extensions></trkpt>
      <trkpt lat="49.276844" lon="-123.133198"><ele>15.8</ele><time>2026-06-11T05:02:50.000Z</time><extensions><gpxtpx:TrackPointExtension><gpxtpx:hr>108</gpxtpx:hr></gpxtpx:TrackPointExtension></extensions></trkpt>
      <trkpt lat="49.276865" lon="-123.133163"><ele>15.8</ele><time>2026-06-11T05:02:51.000Z</time><extensions><gpxtpx:TrackPointExtension><gpxtpx:hr>109</gpxtpx:hr></gpxtpx:TrackPointExtension></extensions></trkpt>
      <trkpt lat="49.27688" lon="-123.133141"><ele>15.6</ele><time>2026-06-11T05:02:52.000Z</time><extensions><gpxtpx:TrackPointExtension><gpxtpx:hr>109</gpxtpx:hr></gpxtpx:TrackPointExtension></extensions></trkpt>
      <trkpt lat="49.276896" lon="-123.133103"><ele>15.6</ele><time>2026-06-11T05:02:53.000Z</time><extensions><gpxtpx:TrackPointExtension><gpxtpx:hr>109</gpxtpx:hr></gpxtpx:TrackPointExtension></extensions></trkpt>
      <trkpt lat="49.276905" lon="-123.13307"><ele>15.4</ele><time>2026-06-11T05:02:54.000Z</time><extensions><gpxtpx:TrackPointExtension><gpxtpx:hr>109</gpxtpx:hr></gpxtpx:TrackPointExtension></extensions></trkpt>
      <trkpt lat="49.276918" lon="-123.133037"><ele>15.4</ele><time>2026-06-11T05:02:55.000Z</time><extensions><gpxtpx:TrackPointExtension><gpxtpx:hr>109</gpxtpx:hr></gpxtpx:TrackPointExtension></extensions></trkpt>
      <trkpt lat="49.276931" lon="-123.133005"><ele>15.4</ele><time>2026-06-11T05:02:56.000Z</time><extensions><gpxtpx:TrackPointExtension><gpxtpx:hr>109</gpxtpx:hr></gpxtpx:TrackPointExtension></extensions></trkpt>
      <trkpt lat="49.276948" lon="-123.132976"><ele>15.2</ele><time>2026-06-11T05:02:57.000Z</time><extensions><gpxtpx:TrackPointExtension><gpxtpx:hr>110</gpxtpx:hr></gpxtpx:TrackPointExtension></extensions></trkpt>
      <trkpt lat="49.276962" lon="-123.132941"><ele>15.2</ele><time>2026-06-11T05:02:58.000Z</time><extensions><gpxtpx:TrackPointExtension><gpxtpx:hr>110</gpxtpx:hr></gpxtpx:TrackPointExtension></extensions></trkpt>
      <trkpt lat="49.276977" lon="-123.13292"><ele>15.2</ele><time>2026-06-11T05:02:59.000Z</time><extensions><gpxtpx:TrackPointExtension><gpxtpx:hr>110</gpxtpx:hr></gpxtpx:TrackPointExtension></extensions></trkpt>
      <trkpt lat="49.276993" lon="-123.132893"><ele>15.2</ele><time>2026-06-11T05:03:00.000Z</time><extensions><gpxtpx:TrackPointExtension><gpxtpx:hr>111</gpxtpx:hr></gpxtpx:TrackPointExtension></extensions></trkpt>
      <trkpt lat="49.277006" lon="-123.132859"><ele>15.2</ele><time>2026-06-11T05:03:01.000Z</time><extensions><gpxtpx:TrackPointExtension><gpxtpx:hr>111</gpxtpx:hr></gpxtpx:TrackPointExtension></extensions></trkpt>
      <trkpt lat="49.277019" lon="-123.132836"><ele>15.2</ele><time>2026-06-11T05:03:02.000Z</time><extensions><gpxtpx:TrackPointExtension><gpxtpx:hr>112</gpxtpx:hr></gpxtpx:TrackPointExtension></extensions></trkpt>
      <trkpt lat="49.277029" lon="-123.13281"><ele>15.2</ele><time>2026-06-11T05:03:03.000Z</time><extensions><gpxtpx:TrackPointExtension><gpxtpx:hr>113</gpxtpx:hr></gpxtpx:TrackPointExtension></extensions></trkpt>
      <trkpt lat="49.277026" lon="-123.132797"><ele>15.2</ele><time>2026-06-11T05:03:04.000Z</time><extensions><gpxtpx:TrackPointExtension><gpxtpx:hr>113</gpxtpx:hr></gpxtpx:TrackPointExtension></extensions></trkpt>
      <trkpt lat="49.277031" lon="-123.132782"><ele>16</ele><time>2026-06-11T05:03:19.000Z</time><extensions><gpxtpx:TrackPointExtension><gpxtpx:hr>112</gpxtpx:hr></gpxtpx:TrackPointExtension></extensions></trkpt>
      <trkpt lat="49.277043" lon="-123.132768"><ele>16</ele><time>2026-06-11T05:03:20.000Z</time><extensions><gpxtpx:TrackPointExtension><gpxtpx:hr>112</gpxtpx:hr></gpxtpx:TrackPointExtension></extensions></trkpt>
      <trkpt lat="49.277091" lon="-123.132628"><ele>15.4</ele><time>2026-06-11T05:03:24.000Z</time><extensions><gpxtpx:TrackPointExtension><gpxtpx:hr>116</gpxtpx:hr></gpxtpx:TrackPointExtension></extensions></trkpt>
      <trkpt lat="49.277101" lon="-123.132603"><ele>15.4</ele><time>2026-06-11T05:03:25.000Z</time><extensions><gpxtpx:TrackPointExtension><gpxtpx:hr>116</gpxtpx:hr></gpxtpx:TrackPointExtension></extensions></trkpt>
      <trkpt lat="49.277114" lon="-123.132566"><ele>15.6</ele><time>2026-06-11T05:03:26.000Z</time><extensions><gpxtpx:TrackPointExtension><gpxtpx:hr>116</gpxtpx:hr></gpxtpx:TrackPointExtension></extensions></trkpt>
      <trkpt lat="49.277125" lon="-123.132534"><ele>15.6</ele><time>2026-06-11T05:03:27.000Z</time><extensions><gpxtpx:TrackPointExtension><gpxtpx:hr>117</gpxtpx:hr></gpxtpx:TrackPointExtension></extensions></trkpt>
      <trkpt lat="49.277137" lon="-123.132504"><ele>15.8</ele><time>2026-06-11T05:03:28.000Z</time><extensions><gpxtpx:TrackPointExtension><gpxtpx:hr>118</gpxtpx:hr></gpxtpx:TrackPointExtension></extensions></trkpt>
      <trkpt lat="49.277146" lon="-123.132472"><ele>15.8</ele><time>2026-06-11T05:03:29.000Z</time><extensions><gpxtpx:TrackPointExtension><gpxtpx:hr>118</gpxtpx:hr></gpxtpx:TrackPointExtension></extensions></trkpt>
      <trkpt lat="49.277153" lon="-123.132452"><ele>16</ele><time>2026-06-11T05:03:30.000Z</time><extensions><gpxtpx:TrackPointExtension><gpxtpx:hr>118</gpxtpx:hr></gpxtpx:TrackPointExtension></extensions></trkpt>
      <trkpt lat="49.277161" lon="-123.132423"><ele>16</ele><time>2026-06-11T05:03:31.000Z</time><extensions><gpxtpx:TrackPointExtension><gpxtpx:hr>118</gpxtpx:hr></gpxtpx:TrackPointExtension></extensions></trkpt>
      <trkpt lat="49.277161" lon="-123.132396"><ele>16.2</ele><time>2026-06-11T05:03:32.000Z</time><extensions><gpxtpx:TrackPointExtension><gpxtpx:hr>118</gpxtpx:hr></gpxtpx:TrackPointExtension></extensions></trkpt>
      <trkpt lat="49.277151" lon="-123.132366"><ele>17.4</ele><time>2026-06-11T05:03:58.000Z</time><extensions><gpxtpx:TrackPointExtension><gpxtpx:hr>113</gpxtpx:hr></gpxtpx:TrackPointExtension></extensions></trkpt>
      <trkpt lat="49.27715" lon="-123.132364"><ele>17.4</ele><time>2026-06-11T05:03:59.000Z</time><extensions><gpxtpx:TrackPointExtension><gpxtpx:hr>114</gpxtpx:hr></gpxtpx:TrackPointExtension></extensions></trkpt>
      <trkpt lat="49.277065" lon="-123.132228"><ele>17</ele><time>2026-06-11T05:04:03.000Z</time><extensions><gpxtpx:TrackPointExtension><gpxtpx:hr>112</gpxtpx:hr></gpxtpx:TrackPointExtension></extensions></trkpt>
      <trkpt lat="49.277051" lon="-123.132193"><ele>17</ele><time>2026-06-11T05:04:04.000Z</time><extensions><gpxtpx:TrackPointExtension><gpxtpx:hr>112</gpxtpx:hr></gpxtpx:TrackPointExtension></extensions></trkpt>
      <trkpt lat="49.277028" lon="-123.132151"><ele>17.2</ele><time>2026-06-11T05:04:05.000Z</time><extensions><gpxtpx:TrackPointExtension><gpxtpx:hr>113</gpxtpx:hr></gpxtpx:TrackPointExtension></extensions></trkpt>
      <trkpt lat="49.277018" lon="-123.132123"><ele>17.2</ele><time>2026-06-11T05:04:06.000Z</time><extensions><gpxtpx:TrackPointExtension><gpxtpx:hr>113</gpxtpx:hr></gpxtpx:TrackPointExtension></extensions></trkpt>
      <trkpt lat="49.277004" lon="-123.132091"><ele>17.2</ele><time>2026-06-11T05:04:07.000Z</time><extensions><gpxtpx:TrackPointExtension><gpxtpx:hr>113</gpxtpx:hr></gpxtpx:TrackPointExtension></extensions></trkpt>
      <trkpt lat="49.27699" lon="-123.132056"><ele>17.4</ele><time>2026-06-11T05:04:08.000Z</time><extensions><gpxtpx:TrackPointExtension><gpxtpx:hr>114</gpxtpx:hr></gpxtpx:TrackPointExtension></extensions></trkpt>
      <trkpt lat="49.276969" lon="-123.132037"><ele>17.2</ele><time>2026-06-11T05:04:09.000Z</time><extensions><gpxtpx:TrackPointExtension><gpxtpx:hr>115</gpxtpx:hr></gpxtpx:TrackPointExtension></extensions></trkpt>
      <trkpt lat="49.276949" lon="-123.132015"><ele>17.2</ele><time>2026-06-11T05:04:10.000Z</time><extensions><gpxtpx:TrackPointExtension><gpxtpx:hr>115</gpxtpx:hr></gpxtpx:TrackPointExtension></extensions></trkpt>
      <trkpt lat="49.276928" lon="-123.132001"><ele>17.2</ele><time>2026-06-11T05:04:11.000Z</time><extensions><gpxtpx:TrackPointExtension><gpxtpx:hr>114</gpxtpx:hr></gpxtpx:TrackPointExtension></extensions></trkpt>
      <trkpt lat="49.276914" lon="-123.131989"><ele>17</ele><time>2026-06-11T05:04:12.000Z</time><extensions><gpxtpx:TrackPointExtension><gpxtpx:hr>114</gpxtpx:hr></gpxtpx:TrackPointExtension></extensions></trkpt>
      <trkpt lat="49.276896" lon="-123.131961"><ele>17</ele><time>2026-06-11T05:04:13.000Z</time><extensions><gpxtpx:TrackPointExtension><gpxtpx:hr>113</gpxtpx:hr></gpxtpx:TrackPointExtension></extensions></trkpt>
      <trkpt lat="49.276883" lon="-123.131934"><ele>17</ele><time>2026-06-11T05:04:14.000Z</time><extensions><gpxtpx:TrackPointExtension><gpxtpx:hr>112</gpxtpx:hr></gpxtpx:TrackPointExtension></extensions></trkpt>
      <trkpt lat="49.276867" lon="-123.131909"><ele>16.8</ele><time>2026-06-11T05:04:15.000Z</time><extensions><gpxtpx:TrackPointExtension><gpxtpx:hr>112</gpxtpx:hr></gpxtpx:TrackPointExtension></extensions></trkpt>
      <trkpt lat="49.27685" lon="-123.131876"><ele>16.8</ele><time>2026-06-11T05:04:16.000Z</time><extensions><gpxtpx:TrackPointExtension><gpxtpx:hr>112</gpxtpx:hr></gpxtpx:TrackPointExtension></extensions></trkpt>
      <trkpt lat="49.276835" lon="-123.13185"><ele>16.8</ele><time>2026-06-11T05:04:17.000Z</time><extensions><gpxtpx:TrackPointExtension><gpxtpx:hr>113</gpxtpx:hr></gpxtpx:TrackPointExtension></extensions></trkpt>
      <trkpt lat="49.276811" lon="-123.131815"><ele>16.6</ele><time>2026-06-11T05:04:18.000Z</time><extensions><gpxtpx:TrackPointExtension><gpxtpx:hr>113</gpxtpx:hr></gpxtpx:TrackPointExtension></extensions></trkpt>
      <trkpt lat="49.276795" lon="-123.131796"><ele>16.6</ele><time>2026-06-11T05:04:19.000Z</time><extensions><gpxtpx:TrackPointExtension><gpxtpx:hr>113</gpxtpx:hr></gpxtpx:TrackPointExtension></extensions></trkpt>
      <trkpt lat="49.276771" lon="-123.131759"><ele>16.6</ele><time>2026-06-11T05:04:20.000Z</time><extensions><gpxtpx:TrackPointExtension><gpxtpx:hr>113</gpxtpx:hr></gpxtpx:TrackPointExtension></extensions></trkpt>
      <trkpt lat="49.27675" lon="-123.13172"><ele>16.6</ele><time>2026-06-11T05:04:21.000Z</time><extensions><gpxtpx:TrackPointExtension><gpxtpx:hr>113</gpxtpx:hr></gpxtpx:TrackPointExtension></extensions></trkpt>
      <trkpt lat="49.276729" lon="-123.131691"><ele>16.6</ele><time>2026-06-11T05:04:22.000Z</time><extensions><gpxtpx:TrackPointExtension><gpxtpx:hr>113</gpxtpx:hr></gpxtpx:TrackPointExtension></extensions></trkpt>
      <trkpt lat="49.276708" lon="-123.131652"><ele>16.6</ele><time>2026-06-11T05:04:23.000Z</time><extensions><gpxtpx:TrackPointExtension><gpxtpx:hr>113</gpxtpx:hr></gpxtpx:TrackPointExtension></extensions></trkpt>
      <trkpt lat="49.27669" lon="-123.131622"><ele>16.6</ele><time>2026-06-11T05:04:24.000Z</time><extensions><gpxtpx:TrackPointExtension><gpxtpx:hr>113</gpxtpx:hr></gpxtpx:TrackPointExtension></extensions></trkpt>
      <trkpt lat="49.276664" lon="-123.131596"><ele>16.6</ele><time>2026-06-11T05:04:25.000Z</time><extensions><gpxtpx:TrackPointExtension><gpxtpx:hr>114</gpxtpx:hr></gpxtpx:TrackPointExtension></extensions></trkpt>
      <trkpt lat="49.276644" lon="-123.131577"><ele>16.4</ele><time>2026-06-11T05:04:26.000Z</time><extensions><gpxtpx:TrackPointExtension><gpxtpx:hr>114</gpxtpx:hr></gpxtpx:TrackPointExtension></extensions></trkpt>
      <trkpt lat="49.276623" lon="-123.131549"><ele>16.4</ele><time>2026-06-11T05:04:27.000Z</time><extensions><gpxtpx:TrackPointExtension><gpxtpx:hr>114</gpxtpx:hr></gpxtpx:TrackPointExtension></extensions></trkpt>
      <trkpt lat="49.276602" lon="-123.131517"><ele>16.6</ele><time>2026-06-11T05:04:28.000Z</time><extensions><gpxtpx:TrackPointExtension><gpxtpx:hr>115</gpxtpx:hr></gpxtpx:TrackPointExtension></extensions></trkpt>
      <trkpt lat="49.27659" lon="-123.131491"><ele>16.6</ele><time>2026-06-11T05:04:29.000Z</time><extensions><gpxtpx:TrackPointExtension><gpxtpx:hr>115</gpxtpx:hr></gpxtpx:TrackPointExtension></extensions></trkpt>
      <trkpt lat="49.276574" lon="-123.131452"><ele>16.6</ele><time>2026-06-11T05:04:30.000Z</time><extensions><gpxtpx:TrackPointExtension><gpxtpx:hr>115</gpxtpx:hr></gpxtpx:TrackPointExtension></extensions></trkpt>
      <trkpt lat="49.276566" lon="-123.131427"><ele>16.6</ele><time>2026-06-11T05:04:31.000Z</time><extensions><gpxtpx:TrackPointExtension><gpxtpx:hr>116</gpxtpx:hr></gpxtpx:TrackPointExtension></extensions></trkpt>
      <trkpt lat="49.276552" lon="-123.131398"><ele>16.6</ele><time>2026-06-11T05:04:32.000Z</time><extensions><gpxtpx:TrackPointExtension><gpxtpx:hr>116</gpxtpx:hr></gpxtpx:TrackPointExtension></extensions></trkpt>
      <trkpt lat="49.276532" lon="-123.13137"><ele>16.6</ele><time>2026-06-11T05:04:33.000Z</time><extensions><gpxtpx:TrackPointExtension><gpxtpx:hr>116</gpxtpx:hr></gpxtpx:TrackPointExtension></extensions></trkpt>
      <trkpt lat="49.276516" lon="-123.131351"><ele>16.6</ele><time>2026-06-11T05:04:34.000Z</time><extensions><gpxtpx:TrackPointExtension><gpxtpx:hr>117</gpxtpx:hr></gpxtpx:TrackPointExtension></extensions></trkpt>
      <trkpt lat="49.276495" lon="-123.131338"><ele>16.6</ele><time>2026-06-11T05:04:35.000Z</time><extensions><gpxtpx:TrackPointExtension><gpxtpx:hr>117</gpxtpx:hr></gpxtpx:TrackPointExtension></extensions></trkpt>
      <trkpt lat="49.276476" lon="-123.131331"><ele>16.8</ele><time>2026-06-11T05:04:36.000Z</time><extensions><gpxtpx:TrackPointExtension><gpxtpx:hr>117</gpxtpx:hr></gpxtpx:TrackPointExtension></extensions></trkpt>
      <trkpt lat="49.276457" lon="-123.131309"><ele>17</ele><time>2026-06-11T05:04:50.000Z</time><extensions><gpxtpx:TrackPointExtension><gpxtpx:hr>115</gpxtpx:hr></gpxtpx:TrackPointExtension></extensions></trkpt>
      <trkpt lat="49.276465" lon="-123.131321"><ele>17</ele><time>2026-06-11T05:04:51.000Z</time><extensions><gpxtpx:TrackPointExtension><gpxtpx:hr>116</gpxtpx:hr></gpxtpx:TrackPointExtension></extensions></trkpt>
      <trkpt lat="49.276367" lon="-123.131122"><ele>17</ele><time>2026-06-11T05:04:56.000Z</time><extensions><gpxtpx:TrackPointExtension><gpxtpx:hr>116</gpxtpx:hr></gpxtpx:TrackPointExtension></extensions></trkpt>
      <trkpt lat="49.276348" lon="-123.131093"><ele>17</ele><time>2026-06-11T05:04:57.000Z</time><extensions><gpxtpx:TrackPointExtension><gpxtpx:hr>116</gpxtpx:hr></gpxtpx:TrackPointExtension></extensions></trkpt>
      <trkpt lat="49.276328" lon="-123.131069"><ele>17.2</ele><time>2026-06-11T05:04:58.000Z</time><extensions><gpxtpx:TrackPointExtension><gpxtpx:hr>117</gpxtpx:hr></gpxtpx:TrackPointExtension></extensions></trkpt>
      <trkpt lat="49.276308" lon="-123.131043"><ele>17.2</ele><time>2026-06-11T05:04:59.000Z</time><extensions><gpxtpx:TrackPointExtension><gpxtpx:hr>117</gpxtpx:hr></gpxtpx:TrackPointExtension></extensions></trkpt>
      <trkpt lat="49.27629" lon="-123.131023"><ele>17</ele><time>2026-06-11T05:05:00.000Z</time><extensions><gpxtpx:TrackPointExtension><gpxtpx:hr>118</gpxtpx:hr></gpxtpx:TrackPointExtension></extensions></trkpt>
      <trkpt lat="49.276281" lon="-123.131"><ele>17</ele><time>2026-06-11T05:05:01.000Z</time><extensions><gpxtpx:TrackPointExtension><gpxtpx:hr>118</gpxtpx:hr></gpxtpx:TrackPointExtension></extensions></trkpt>
      <trkpt lat="49.276266" lon="-123.130962"><ele>17</ele><time>2026-06-11T05:05:02.000Z</time><extensions><gpxtpx:TrackPointExtension><gpxtpx:hr>119</gpxtpx:hr></gpxtpx:TrackPointExtension></extensions></trkpt>
      <trkpt lat="49.276254" lon="-123.130939"><ele>16.8</ele><time>2026-06-11T05:05:03.000Z</time><extensions><gpxtpx:TrackPointExtension><gpxtpx:hr>119</gpxtpx:hr></gpxtpx:TrackPointExtension></extensions></trkpt>
      <trkpt lat="49.276234" lon="-123.130909"><ele>16.8</ele><time>2026-06-11T05:05:04.000Z</time><extensions><gpxtpx:TrackPointExtension><gpxtpx:hr>119</gpxtpx:hr></gpxtpx:TrackPointExtension></extensions></trkpt>
      <trkpt lat="49.276222" lon="-123.130886"><ele>16.8</ele><time>2026-06-11T05:05:05.000Z</time><extensions><gpxtpx:TrackPointExtension><gpxtpx:hr>119</gpxtpx:hr></gpxtpx:TrackPointExtension></extensions></trkpt>
      <trkpt lat="49.276196" lon="-123.130866"><ele>16.8</ele><time>2026-06-11T05:05:06.000Z</time><extensions><gpxtpx:TrackPointExtension><gpxtpx:hr>120</gpxtpx:hr></gpxtpx:TrackPointExtension></extensions></trkpt>
      <trkpt lat="49.276182" lon="-123.130846"><ele>16.8</ele><time>2026-06-11T05:05:07.000Z</time><extensions><gpxtpx:TrackPointExtension><gpxtpx:hr>120</gpxtpx:hr></gpxtpx:TrackPointExtension></extensions></trkpt>
      <trkpt lat="49.276162" lon="-123.130813"><ele>16.8</ele><time>2026-06-11T05:05:08.000Z</time><extensions><gpxtpx:TrackPointExtension><gpxtpx:hr>120</gpxtpx:hr></gpxtpx:TrackPointExtension></extensions></trkpt>
      <trkpt lat="49.27615" lon="-123.130787"><ele>16.8</ele><time>2026-06-11T05:05:09.000Z</time><extensions><gpxtpx:TrackPointExtension><gpxtpx:hr>120</gpxtpx:hr></gpxtpx:TrackPointExtension></extensions></trkpt>
      <trkpt lat="49.276135" lon="-123.130754"><ele>16.8</ele><time>2026-06-11T05:05:10.000Z</time><extensions><gpxtpx:TrackPointExtension><gpxtpx:hr>120</gpxtpx:hr></gpxtpx:TrackPointExtension></extensions></trkpt>
      <trkpt lat="49.276127" lon="-123.130724"><ele>16.8</ele><time>2026-06-11T05:05:11.000Z</time><extensions><gpxtpx:TrackPointExtension><gpxtpx:hr>120</gpxtpx:hr></gpxtpx:TrackPointExtension></extensions></trkpt>
      <trkpt lat="49.276113" lon="-123.130687"><ele>16.8</ele><time>2026-06-11T05:05:12.000Z</time><extensions><gpxtpx:TrackPointExtension><gpxtpx:hr>121</gpxtpx:hr></gpxtpx:TrackPointExtension></extensions></trkpt>
      <trkpt lat="49.276099" lon="-123.130656"><ele>16.8</ele><time>2026-06-11T05:05:13.000Z</time><extensions><gpxtpx:TrackPointExtension><gpxtpx:hr>121</gpxtpx:hr></gpxtpx:TrackPointExtension></extensions></trkpt>
      <trkpt lat="49.27608" lon="-123.130635"><ele>16.6</ele><time>2026-06-11T05:05:14.000Z</time><extensions><gpxtpx:TrackPointExtension><gpxtpx:hr>121</gpxtpx:hr></gpxtpx:TrackPointExtension></extensions></trkpt>
      <trkpt lat="49.276058" lon="-123.1306"><ele>16.6</ele><time>2026-06-11T05:05:15.000Z</time><extensions><gpxtpx:TrackPointExtension><gpxtpx:hr>121</gpxtpx:hr></gpxtpx:TrackPointExtension></extensions></trkpt>
      <trkpt lat="49.276039" lon="-123.130579"><ele>16.6</ele><time>2026-06-11T05:05:16.000Z</time><extensions><gpxtpx:TrackPointExtension><gpxtpx:hr>120</gpxtpx:hr></gpxtpx:TrackPointExtension></extensions></trkpt>
      <trkpt lat="49.276014" lon="-123.130549"><ele>16.6</ele><time>2026-06-11T05:05:17.000Z</time><extensions><gpxtpx:TrackPointExtension><gpxtpx:hr>121</gpxtpx:hr></gpxtpx:TrackPointExtension></extensions></trkpt>
      <trkpt lat="49.275991" lon="-123.13053"><ele>16.6</ele><time>2026-06-11T05:05:18.000Z</time><extensions><gpxtpx:TrackPointExtension><gpxtpx:hr>121</gpxtpx:hr></gpxtpx:TrackPointExtension></extensions></trkpt>
      <trkpt lat="49.275971" lon="-123.130496"><ele>16.6</ele><time>2026-06-11T05:05:19.000Z</time><extensions><gpxtpx:TrackPointExtension><gpxtpx:hr>120</gpxtpx:hr></gpxtpx:TrackPointExtension></extensions></trkpt>
      <trkpt lat="49.27595" lon="-123.130476"><ele>16.6</ele><time>2026-06-11T05:05:20.000Z</time><extensions><gpxtpx:TrackPointExtension><gpxtpx:hr>121</gpxtpx:hr></gpxtpx:TrackPointExtension></extensions></trkpt>
      <trkpt lat="49.27593" lon="-123.130453"><ele>16.6</ele><time>2026-06-11T05:05:21.000Z</time><extensions><gpxtpx:TrackPointExtension><gpxtpx:hr>121</gpxtpx:hr></gpxtpx:TrackPointExtension></extensions></trkpt>
      <trkpt lat="49.275908" lon="-123.130425"><ele>16.6</ele><time>2026-06-11T05:05:22.000Z</time><extensions><gpxtpx:TrackPointExtension><gpxtpx:hr>120</gpxtpx:hr></gpxtpx:TrackPointExtension></extensions></trkpt>
      <trkpt lat="49.275888" lon="-123.130413"><ele>16.8</ele><time>2026-06-11T05:05:23.000Z</time><extensions><gpxtpx:TrackPointExtension><gpxtpx:hr>120</gpxtpx:hr></gpxtpx:TrackPointExtension></extensions></trkpt>
      <trkpt lat="49.275867" lon="-123.130391"><ele>16.6</ele><time>2026-06-11T05:05:24.000Z</time><extensions><gpxtpx:TrackPointExtension><gpxtpx:hr>120</gpxtpx:hr></gpxtpx:TrackPointExtension></extensions></trkpt>
      <trkpt lat="49.275852" lon="-123.130368"><ele>16.6</ele><time>2026-06-11T05:05:25.000Z</time><extensions><gpxtpx:TrackPointExtension><gpxtpx:hr>119</gpxtpx:hr></gpxtpx:TrackPointExtension></extensions></trkpt>
      <trkpt lat="49.275845" lon="-123.130344"><ele>16.8</ele><time>2026-06-11T05:05:26.000Z</time><extensions><gpxtpx:TrackPointExtension><gpxtpx:hr>120</gpxtpx:hr></gpxtpx:TrackPointExtension></extensions></trkpt>
      <trkpt lat="49.275838" lon="-123.130326"><ele>16.8</ele><time>2026-06-11T05:05:27.000Z</time><extensions><gpxtpx:TrackPointExtension><gpxtpx:hr>120</gpxtpx:hr></gpxtpx:TrackPointExtension></extensions></trkpt>
      <trkpt lat="49.27583" lon="-123.130321"><ele>16.8</ele><time>2026-06-11T05:05:28.000Z</time><extensions><gpxtpx:TrackPointExtension><gpxtpx:hr>120</gpxtpx:hr></gpxtpx:TrackPointExtension></extensions></trkpt>
      <trkpt lat="49.275813" lon="-123.130311"><ele>16.8</ele><time>2026-06-11T05:05:29.000Z</time><extensions><gpxtpx:TrackPointExtension><gpxtpx:hr>120</gpxtpx:hr></gpxtpx:TrackPointExtension></extensions></trkpt>
      <trkpt lat="49.275793" lon="-123.130294"><ele>16.8</ele><time>2026-06-11T05:05:30.000Z</time><extensions><gpxtpx:TrackPointExtension><gpxtpx:hr>120</gpxtpx:hr></gpxtpx:TrackPointExtension></extensions></trkpt>
      <trkpt lat="49.275779" lon="-123.130283"><ele>16.8</ele><time>2026-06-11T05:05:31.000Z</time><extensions><gpxtpx:TrackPointExtension><gpxtpx:hr>119</gpxtpx:hr></gpxtpx:TrackPointExtension></extensions></trkpt>
      <trkpt lat="49.275759" lon="-123.130267"><ele>16.8</ele><time>2026-06-11T05:05:32.000Z</time><extensions><gpxtpx:TrackPointExtension><gpxtpx:hr>120</gpxtpx:hr></gpxtpx:TrackPointExtension></extensions></trkpt>
      <trkpt lat="49.275744" lon="-123.130248"><ele>16.8</ele><time>2026-06-11T05:05:33.000Z</time><extensions><gpxtpx:TrackPointExtension><gpxtpx:hr>120</gpxtpx:hr></gpxtpx:TrackPointExtension></extensions></trkpt>
      <trkpt lat="49.275732" lon="-123.130233"><ele>16.8</ele><time>2026-06-11T05:05:34.000Z</time><extensions><gpxtpx:TrackPointExtension><gpxtpx:hr>120</gpxtpx:hr></gpxtpx:TrackPointExtension></extensions></trkpt>
      <trkpt lat="49.275719" lon="-123.130218"><ele>16.8</ele><time>2026-06-11T05:05:35.000Z</time><extensions><gpxtpx:TrackPointExtension><gpxtpx:hr>120</gpxtpx:hr></gpxtpx:TrackPointExtension></extensions></trkpt>
      <trkpt lat="49.275708" lon="-123.130185"><ele>16.8</ele><time>2026-06-11T05:05:36.000Z</time><extensions><gpxtpx:TrackPointExtension><gpxtpx:hr>119</gpxtpx:hr></gpxtpx:TrackPointExtension></extensions></trkpt>
      <trkpt lat="49.275711" lon="-123.130158"><ele>16.8</ele><time>2026-06-11T05:05:37.000Z</time><extensions><gpxtpx:TrackPointExtension><gpxtpx:hr>120</gpxtpx:hr></gpxtpx:TrackPointExtension></extensions></trkpt>
      <trkpt lat="49.275694" lon="-123.130117"><ele>16.6</ele><time>2026-06-11T05:05:38.000Z</time><extensions><gpxtpx:TrackPointExtension><gpxtpx:hr>120</gpxtpx:hr></gpxtpx:TrackPointExtension></extensions></trkpt>
      <trkpt lat="49.275676" lon="-123.130082"><ele>16.6</ele><time>2026-06-11T05:05:39.000Z</time><extensions><gpxtpx:TrackPointExtension><gpxtpx:hr>119</gpxtpx:hr></gpxtpx:TrackPointExtension></extensions></trkpt>
      <trkpt lat="49.275655" lon="-123.130044"><ele>16.6</ele><time>2026-06-11T05:05:40.000Z</time><extensions><gpxtpx:TrackPointExtension><gpxtpx:hr>119</gpxtpx:hr></gpxtpx:TrackPointExtension></extensions></trkpt>
      <trkpt lat="49.275635" lon="-123.130009"><ele>16.6</ele><time>2026-06-11T05:05:41.000Z</time><extensions><gpxtpx:TrackPointExtension><gpxtpx:hr>119</gpxtpx:hr></gpxtpx:TrackPointExtension></extensions></trkpt>
      <trkpt lat="49.275616" lon="-123.129971"><ele>16.6</ele><time>2026-06-11T05:05:42.000Z</time><extensions><gpxtpx:TrackPointExtension><gpxtpx:hr>119</gpxtpx:hr></gpxtpx:TrackPointExtension></extensions></trkpt>
      <trkpt lat="49.275592" lon="-123.12993"><ele>16.6</ele><time>2026-06-11T05:05:43.000Z</time><extensions><gpxtpx:TrackPointExtension><gpxtpx:hr>120</gpxtpx:hr></gpxtpx:TrackPointExtension></extensions></trkpt>
      <trkpt lat="49.275577" lon="-123.129895"><ele>16.6</ele><time>2026-06-11T05:05:44.000Z</time><extensions><gpxtpx:TrackPointExtension><gpxtpx:hr>119</gpxtpx:hr></gpxtpx:TrackPointExtension></extensions></trkpt>
      <trkpt lat="49.275557" lon="-123.129859"><ele>16.6</ele><time>2026-06-11T05:05:45.000Z</time><extensions><gpxtpx:TrackPointExtension><gpxtpx:hr>120</gpxtpx:hr></gpxtpx:TrackPointExtension></extensions></trkpt>
      <trkpt lat="49.275539" lon="-123.129823"><ele>16.4</ele><time>2026-06-11T05:05:46.000Z</time><extensions><gpxtpx:TrackPointExtension><gpxtpx:hr>120</gpxtpx:hr></gpxtpx:TrackPointExtension></extensions></trkpt>
      <trkpt lat="49.275524" lon="-123.129792"><ele>16.4</ele><time>2026-06-11T05:05:47.000Z</time><extensions><gpxtpx:TrackPointExtension><gpxtpx:hr>120</gpxtpx:hr></gpxtpx:TrackPointExtension></extensions></trkpt>
      <trkpt lat="49.275497" lon="-123.129757"><ele>16.4</ele><time>2026-06-11T05:05:48.000Z</time><extensions><gpxtpx:TrackPointExtension><gpxtpx:hr>121</gpxtpx:hr></gpxtpx:TrackPointExtension></extensions></trkpt>
      <trkpt lat="49.275478" lon="-123.129733"><ele>16.2</ele><time>2026-06-11T05:05:49.000Z</time><extensions><gpxtpx:TrackPointExtension><gpxtpx:hr>121</gpxtpx:hr></gpxtpx:TrackPointExtension></extensions></trkpt>
      <trkpt lat="49.27545" lon="-123.129702"><ele>16.4</ele><time>2026-06-11T05:05:50.000Z</time><extensions><gpxtpx:TrackPointExtension><gpxtpx:hr>121</gpxtpx:hr></gpxtpx:TrackPointExtension></extensions></trkpt>
      <trkpt lat="49.275429" lon="-123.129676"><ele>16.4</ele><time>2026-06-11T05:05:51.000Z</time><extensions><gpxtpx:TrackPointExtension><gpxtpx:hr>121</gpxtpx:hr></gpxtpx:TrackPointExtension></extensions></trkpt>
      <trkpt lat="49.275414" lon="-123.129649"><ele>16.4</ele><time>2026-06-11T05:05:52.000Z</time><extensions><gpxtpx:TrackPointExtension><gpxtpx:hr>121</gpxtpx:hr></gpxtpx:TrackPointExtension></extensions></trkpt>
      <trkpt lat="49.275398" lon="-123.129624"><ele>16.4</ele><time>2026-06-11T05:05:53.000Z</time><extensions><gpxtpx:TrackPointExtension><gpxtpx:hr>122</gpxtpx:hr></gpxtpx:TrackPointExtension></extensions></trkpt>
      <trkpt lat="49.275382" lon="-123.129599"><ele>16.4</ele><time>2026-06-11T05:05:54.000Z</time><extensions><gpxtpx:TrackPointExtension><gpxtpx:hr>122</gpxtpx:hr></gpxtpx:TrackPointExtension></extensions></trkpt>
      <trkpt lat="49.275361" lon="-123.129571"><ele>16.4</ele><time>2026-06-11T05:05:55.000Z</time><extensions><gpxtpx:TrackPointExtension><gpxtpx:hr>122</gpxtpx:hr></gpxtpx:TrackPointExtension></extensions></trkpt>
      <trkpt lat="49.275346" lon="-123.129547"><ele>16.4</ele><time>2026-06-11T05:05:56.000Z</time><extensions><gpxtpx:TrackPointExtension><gpxtpx:hr>122</gpxtpx:hr></gpxtpx:TrackPointExtension></extensions></trkpt>
      <trkpt lat="49.275325" lon="-123.129516"><ele>16.4</ele><time>2026-06-11T05:05:57.000Z</time><extensions><gpxtpx:TrackPointExtension><gpxtpx:hr>122</gpxtpx:hr></gpxtpx:TrackPointExtension></extensions></trkpt>
      <trkpt lat="49.275312" lon="-123.129487"><ele>16.4</ele><time>2026-06-11T05:05:58.000Z</time><extensions><gpxtpx:TrackPointExtension><gpxtpx:hr>123</gpxtpx:hr></gpxtpx:TrackPointExtension></extensions></trkpt>
      <trkpt lat="49.275286" lon="-123.129465"><ele>16.2</ele><time>2026-06-11T05:05:59.000Z</time><extensions><gpxtpx:TrackPointExtension><gpxtpx:hr>122</gpxtpx:hr></gpxtpx:TrackPointExtension></extensions></trkpt>
      <trkpt lat="49.275265" lon="-123.12944"><ele>16.2</ele><time>2026-06-11T05:06:00.000Z</time><extensions><gpxtpx:TrackPointExtension><gpxtpx:hr>123</gpxtpx:hr></gpxtpx:TrackPointExtension></extensions></trkpt>
      <trkpt lat="49.275245" lon="-123.129412"><ele>16.2</ele><time>2026-06-11T05:06:01.000Z</time><extensions><gpxtpx:TrackPointExtension><gpxtpx:hr>123</gpxtpx:hr></gpxtpx:TrackPointExtension></extensions></trkpt>
      <trkpt lat="49.275222" lon="-123.129387"><ele>16.2</ele><time>2026-06-11T05:06:02.000Z</time><extensions><gpxtpx:TrackPointExtension><gpxtpx:hr>123</gpxtpx:hr></gpxtpx:TrackPointExtension></extensions></trkpt>
      <trkpt lat="49.275202" lon="-123.129368"><ele>16.2</ele><time>2026-06-11T05:06:03.000Z</time><extensions><gpxtpx:TrackPointExtension><gpxtpx:hr>123</gpxtpx:hr></gpxtpx:TrackPointExtension></extensions></trkpt>
      <trkpt lat="49.27518" lon="-123.129344"><ele>16.2</ele><time>2026-06-11T05:06:04.000Z</time><extensions><gpxtpx:TrackPointExtension><gpxtpx:hr>123</gpxtpx:hr></gpxtpx:TrackPointExtension></extensions></trkpt>
      <trkpt lat="49.275159" lon="-123.129325"><ele>16.2</ele><time>2026-06-11T05:06:05.000Z</time><extensions><gpxtpx:TrackPointExtension><gpxtpx:hr>123</gpxtpx:hr></gpxtpx:TrackPointExtension></extensions></trkpt>
      <trkpt lat="49.27514" lon="-123.129304"><ele>16</ele><time>2026-06-11T05:06:06.000Z</time><extensions><gpxtpx:TrackPointExtension><gpxtpx:hr>124</gpxtpx:hr></gpxtpx:TrackPointExtension></extensions></trkpt>
      <trkpt lat="49.275127" lon="-123.129286"><ele>16</ele><time>2026-06-11T05:06:07.000Z</time><extensions><gpxtpx:TrackPointExtension><gpxtpx:hr>124</gpxtpx:hr></gpxtpx:TrackPointExtension></extensions></trkpt>
      <trkpt lat="49.275123" lon="-123.129271"><ele>16</ele><time>2026-06-11T05:06:08.000Z</time><extensions><gpxtpx:TrackPointExtension><gpxtpx:hr>124</gpxtpx:hr></gpxtpx:TrackPointExtension></extensions></trkpt>
      <trkpt lat="49.27511" lon="-123.129252"><ele>16</ele><time>2026-06-11T05:06:09.000Z</time><extensions><gpxtpx:TrackPointExtension><gpxtpx:hr>124</gpxtpx:hr></gpxtpx:TrackPointExtension></extensions></trkpt>
      <trkpt lat="49.275103" lon="-123.12921"><ele>16</ele><time>2026-06-11T05:06:10.000Z</time><extensions><gpxtpx:TrackPointExtension><gpxtpx:hr>124</gpxtpx:hr></gpxtpx:TrackPointExtension></extensions></trkpt>
      <trkpt lat="49.275095" lon="-123.129189"><ele>16</ele><time>2026-06-11T05:06:11.000Z</time><extensions><gpxtpx:TrackPointExtension><gpxtpx:hr>125</gpxtpx:hr></gpxtpx:TrackPointExtension></extensions></trkpt>
      <trkpt lat="49.27508" lon="-123.129164"><ele>16</ele><time>2026-06-11T05:06:12.000Z</time><extensions><gpxtpx:TrackPointExtension><gpxtpx:hr>125</gpxtpx:hr></gpxtpx:TrackPointExtension></extensions></trkpt>
      <trkpt lat="49.275082" lon="-123.129135"><ele>16</ele><time>2026-06-11T05:06:13.000Z</time><extensions><gpxtpx:TrackPointExtension><gpxtpx:hr>125</gpxtpx:hr></gpxtpx:TrackPointExtension></extensions></trkpt>
      <trkpt lat="49.275075" lon="-123.129108"><ele>16</ele><time>2026-06-11T05:06:14.000Z</time><extensions><gpxtpx:TrackPointExtension><gpxtpx:hr>124</gpxtpx:hr></gpxtpx:TrackPointExtension></extensions></trkpt>
      <trkpt lat="49.275055" lon="-123.129065"><ele>16</ele><time>2026-06-11T05:06:15.000Z</time><extensions><gpxtpx:TrackPointExtension><gpxtpx:hr>125</gpxtpx:hr></gpxtpx:TrackPointExtension></extensions></trkpt>
      <trkpt lat="49.275038" lon="-123.12903"><ele>16.2</ele><time>2026-06-11T05:06:16.000Z</time><extensions><gpxtpx:TrackPointExtension><gpxtpx:hr>125</gpxtpx:hr></gpxtpx:TrackPointExtension></extensions></trkpt>
      <trkpt lat="49.27502" lon="-123.128998"><ele>16.2</ele><time>2026-06-11T05:06:17.000Z</time><extensions><gpxtpx:TrackPointExtension><gpxtpx:hr>125</gpxtpx:hr></gpxtpx:TrackPointExtension></extensions></trkpt>
      <trkpt lat="49.274996" lon="-123.12897"><ele>16.2</ele><time>2026-06-11T05:06:18.000Z</time><extensions><gpxtpx:TrackPointExtension><gpxtpx:hr>125</gpxtpx:hr></gpxtpx:TrackPointExtension></extensions></trkpt>
      <trkpt lat="49.274977" lon="-123.128943"><ele>16</ele><time>2026-06-11T05:06:19.000Z</time><extensions><gpxtpx:TrackPointExtension><gpxtpx:hr>125</gpxtpx:hr></gpxtpx:TrackPointExtension></extensions></trkpt>
      <trkpt lat="49.27495" lon="-123.128913"><ele>16</ele><time>2026-06-11T05:06:20.000Z</time><extensions><gpxtpx:TrackPointExtension><gpxtpx:hr>125</gpxtpx:hr></gpxtpx:TrackPointExtension></extensions></trkpt>
      <trkpt lat="49.274936" lon="-123.128891"><ele>16</ele><time>2026-06-11T05:06:21.000Z</time><extensions><gpxtpx:TrackPointExtension><gpxtpx:hr>126</gpxtpx:hr></gpxtpx:TrackPointExtension></extensions></trkpt>
      <trkpt lat="49.274914" lon="-123.128857"><ele>16</ele><time>2026-06-11T05:06:22.000Z</time><extensions><gpxtpx:TrackPointExtension><gpxtpx:hr>126</gpxtpx:hr></gpxtpx:TrackPointExtension></extensions></trkpt>
      <trkpt lat="49.274902" lon="-123.128822"><ele>16</ele><time>2026-06-11T05:06:23.000Z</time><extensions><gpxtpx:TrackPointExtension><gpxtpx:hr>126</gpxtpx:hr></gpxtpx:TrackPointExtension></extensions></trkpt>
      <trkpt lat="49.274889" lon="-123.128793"><ele>15.8</ele><time>2026-06-11T05:06:24.000Z</time><extensions><gpxtpx:TrackPointExtension><gpxtpx:hr>126</gpxtpx:hr></gpxtpx:TrackPointExtension></extensions></trkpt>
      <trkpt lat="49.274884" lon="-123.12878"><ele>15.8</ele><time>2026-06-11T05:06:25.000Z</time><extensions><gpxtpx:TrackPointExtension><gpxtpx:hr>126</gpxtpx:hr></gpxtpx:TrackPointExtension></extensions></trkpt>
      <trkpt lat="49.274867" lon="-123.128767"><ele>15.8</ele><time>2026-06-11T05:06:26.000Z</time><extensions><gpxtpx:TrackPointExtension><gpxtpx:hr>127</gpxtpx:hr></gpxtpx:TrackPointExtension></extensions></trkpt>
      <trkpt lat="49.274845" lon="-123.128753"><ele>15.6</ele><time>2026-06-11T05:06:27.000Z</time><extensions><gpxtpx:TrackPointExtension><gpxtpx:hr>127</gpxtpx:hr></gpxtpx:TrackPointExtension></extensions></trkpt>
      <trkpt lat="49.274824" lon="-123.128731"><ele>15.6</ele><time>2026-06-11T05:06:28.000Z</time><extensions><gpxtpx:TrackPointExtension><gpxtpx:hr>127</gpxtpx:hr></gpxtpx:TrackPointExtension></extensions></trkpt>
      <trkpt lat="49.274806" lon="-123.128699"><ele>15.4</ele><time>2026-06-11T05:06:29.000Z</time><extensions><gpxtpx:TrackPointExtension><gpxtpx:hr>127</gpxtpx:hr></gpxtpx:TrackPointExtension></extensions></trkpt>
      <trkpt lat="49.274781" lon="-123.128669"><ele>15.2</ele><time>2026-06-11T05:06:30.000Z</time><extensions><gpxtpx:TrackPointExtension><gpxtpx:hr>127</gpxtpx:hr></gpxtpx:TrackPointExtension></extensions></trkpt>
      <trkpt lat="49.274765" lon="-123.128648"><ele>15.4</ele><time>2026-06-11T05:06:31.000Z</time><extensions><gpxtpx:TrackPointExtension><gpxtpx:hr>127</gpxtpx:hr></gpxtpx:TrackPointExtension></extensions></trkpt>
      <trkpt lat="49.274742" lon="-123.128623"><ele>15.4</ele><time>2026-06-11T05:06:32.000Z</time><extensions><gpxtpx:TrackPointExtension><gpxtpx:hr>127</gpxtpx:hr></gpxtpx:TrackPointExtension></extensions></trkpt>
      <trkpt lat="49.27472" lon="-123.128594"><ele>15.6</ele><time>2026-06-11T05:06:33.000Z</time><extensions><gpxtpx:TrackPointExtension><gpxtpx:hr>127</gpxtpx:hr></gpxtpx:TrackPointExtension></extensions></trkpt>
      <trkpt lat="49.274706" lon="-123.128561"><ele>15.6</ele><time>2026-06-11T05:06:34.000Z</time><extensions><gpxtpx:TrackPointExtension><gpxtpx:hr>127</gpxtpx:hr></gpxtpx:TrackPointExtension></extensions></trkpt>
      <trkpt lat="49.274681" lon="-123.12853"><ele>15.6</ele><time>2026-06-11T05:06:35.000Z</time><extensions><gpxtpx:TrackPointExtension><gpxtpx:hr>128</gpxtpx:hr></gpxtpx:TrackPointExtension></extensions></trkpt>
      <trkpt lat="49.274661" lon="-123.128513"><ele>15.6</ele><time>2026-06-11T05:06:36.000Z</time><extensions><gpxtpx:TrackPointExtension><gpxtpx:hr>128</gpxtpx:hr></gpxtpx:TrackPointExtension></extensions></trkpt>
      <trkpt lat="49.274645" lon="-123.128502"><ele>15.4</ele><time>2026-06-11T05:06:37.000Z</time><extensions><gpxtpx:TrackPointExtension><gpxtpx:hr>128</gpxtpx:hr></gpxtpx:TrackPointExtension></extensions></trkpt>
      <trkpt lat="49.274624" lon="-123.128491"><ele>15.4</ele><time>2026-06-11T05:06:38.000Z</time><extensions><gpxtpx:TrackPointExtension><gpxtpx:hr>127</gpxtpx:hr></gpxtpx:TrackPointExtension></extensions></trkpt>
      <trkpt lat="49.274599" lon="-123.128481"><ele>15.4</ele><time>2026-06-11T05:06:39.000Z</time><extensions><gpxtpx:TrackPointExtension><gpxtpx:hr>128</gpxtpx:hr></gpxtpx:TrackPointExtension></extensions></trkpt>
      <trkpt lat="49.274581" lon="-123.128462"><ele>15.2</ele><time>2026-06-11T05:06:40.000Z</time><extensions><gpxtpx:TrackPointExtension><gpxtpx:hr>128</gpxtpx:hr></gpxtpx:TrackPointExtension></extensions></trkpt>
      <trkpt lat="49.274566" lon="-123.128438"><ele>15.2</ele><time>2026-06-11T05:06:41.000Z</time><extensions><gpxtpx:TrackPointExtension><gpxtpx:hr>127</gpxtpx:hr></gpxtpx:TrackPointExtension></extensions></trkpt>
      <trkpt lat="49.27455" lon="-123.128404"><ele>15.2</ele><time>2026-06-11T05:06:42.000Z</time><extensions><gpxtpx:TrackPointExtension><gpxtpx:hr>127</gpxtpx:hr></gpxtpx:TrackPointExtension></extensions></trkpt>
      <trkpt lat="49.274532" lon="-123.128376"><ele>15</ele><time>2026-06-11T05:06:43.000Z</time><extensions><gpxtpx:TrackPointExtension><gpxtpx:hr>127</gpxtpx:hr></gpxtpx:TrackPointExtension></extensions></trkpt>
      <trkpt lat="49.274508" lon="-123.128344"><ele>15</ele><time>2026-06-11T05:06:44.000Z</time><extensions><gpxtpx:TrackPointExtension><gpxtpx:hr>126</gpxtpx:hr></gpxtpx:TrackPointExtension></extensions></trkpt>
      <trkpt lat="49.274486" lon="-123.128319"><ele>15</ele><time>2026-06-11T05:06:45.000Z</time><extensions><gpxtpx:TrackPointExtension><gpxtpx:hr>126</gpxtpx:hr></gpxtpx:TrackPointExtension></extensions></trkpt>
      <trkpt lat="49.27444" lon="-123.128255"><ele>15</ele><time>2026-06-11T05:06:46.000Z</time><extensions><gpxtpx:TrackPointExtension><gpxtpx:hr>126</gpxtpx:hr></gpxtpx:TrackPointExtension></extensions></trkpt>
      <trkpt lat="49.274432" lon="-123.128222"><ele>15</ele><time>2026-06-11T05:06:47.000Z</time><extensions><gpxtpx:TrackPointExtension><gpxtpx:hr>126</gpxtpx:hr></gpxtpx:TrackPointExtension></extensions></trkpt>
      <trkpt lat="49.274413" lon="-123.128182"><ele>15</ele><time>2026-06-11T05:06:48.000Z</time><extensions><gpxtpx:TrackPointExtension><gpxtpx:hr>126</gpxtpx:hr></gpxtpx:TrackPointExtension></extensions></trkpt>
      <trkpt lat="49.274401" lon="-123.128151"><ele>15</ele><time>2026-06-11T05:06:49.000Z</time><extensions><gpxtpx:TrackPointExtension><gpxtpx:hr>126</gpxtpx:hr></gpxtpx:TrackPointExtension></extensions></trkpt>
      <trkpt lat="49.274393" lon="-123.128126"><ele>15</ele><time>2026-06-11T05:06:50.000Z</time><extensions><gpxtpx:TrackPointExtension><gpxtpx:hr>126</gpxtpx:hr></gpxtpx:TrackPointExtension></extensions></trkpt>
      <trkpt lat="49.274376" lon="-123.128093"><ele>15</ele><time>2026-06-11T05:06:51.000Z</time><extensions><gpxtpx:TrackPointExtension><gpxtpx:hr>126</gpxtpx:hr></gpxtpx:TrackPointExtension></extensions></trkpt>
      <trkpt lat="49.274361" lon="-123.128069"><ele>14.8</ele><time>2026-06-11T05:06:52.000Z</time><extensions><gpxtpx:TrackPointExtension><gpxtpx:hr>127</gpxtpx:hr></gpxtpx:TrackPointExtension></extensions></trkpt>
      <trkpt lat="49.274342" lon="-123.12804"><ele>14.8</ele><time>2026-06-11T05:06:53.000Z</time><extensions><gpxtpx:TrackPointExtension><gpxtpx:hr>127</gpxtpx:hr></gpxtpx:TrackPointExtension></extensions></trkpt>
      <trkpt lat="49.274322" lon="-123.128007"><ele>14.6</ele><time>2026-06-11T05:06:54.000Z</time><extensions><gpxtpx:TrackPointExtension><gpxtpx:hr>127</gpxtpx:hr></gpxtpx:TrackPointExtension></extensions></trkpt>
    </trkseg>
  </trk>
</gpx>
